# file_a: LQ2/data/c2pt/S64T64_gpt_lq2.c2pt.1050.ex.x33y37z39t1.1HYP_GSRC_W90_k3_T5.h5
# file_b: Aurora/data/c2pt/S64T64_pyquda_aurora.c2pt.1050.ex.x33y37z39t1.1HYP_GSRC_W90_k3_T5.h5
# dataset_path	abs_diff=max(abs(abs(a)-abs(b)))	rel_diff=max(abs(abs(a)-abs(b))/abs(a))	abs(a)_at_max_rel
/SS/5/PX-1PY-1PZ5	4.3004980468750000e+02	1.3178247448873558e-09	3.3132978412763038e+09
/SS/5/PX-1PY-1PZ6	1.5165898437500000e+03	2.2022965905174164e-09	2.0606959021242423e+09
/SS/5/PX-1PY-1PZ7	3.0691093750000000e+03	3.5480615873892845e-09	4.8292446921147118e+09
/SS/5/PX-1PY-1PZ8	3.5236953125000000e+03	1.7958750134882174e-09	3.9832709037099028e+09
/SS/5/PX-1PY-1PZ9	2.1398144531250000e+02	1.2617011905686555e-09	8.7309530689045582e+09
/SS/5/PX-1PY-2PZ5	9.7473144531250000e+01	3.7114742404050684e-09	8.2708846339745164e+08
/SS/5/PX-1PY-2PZ6	3.3095507812500000e+02	1.1671797521809603e-09	4.1843517416137424e+09
/SS/5/PX-1PY-2PZ7	6.0199609375000000e+02	1.0059448294910155e-09	2.5271731372456689e+09
/SS/5/PX-1PY-2PZ8	8.3503125000000000e+02	1.2096002089016795e-09	1.4072080230524342e+10
/SS/5/PX-1PY-2PZ9	2.1580664062500000e+02	4.1115406343471751e-09	1.7286362001258192e+09
/SS/5/PX-1PY0PZ5	7.9427539062500000e+02	1.4373718970113513e-09	2.3925103731086402e+09
/SS/5/PX-1PY0PZ6	2.6247851562500000e+03	2.1922092445081204e-09	5.4322581721568947e+09
/SS/5/PX-1PY0PZ7	4.8750781250000000e+03	1.6400534634226910e-09	3.7310244612840889e+10
/SS/5/PX-1PY0PZ8	4.6478828125000000e+03	1.5601696451901787e-09	1.7903439956395428e+10
/SS/5/PX-1PY0PZ9	1.1512500000000000e+03	7.9008056076802566e-10	2.3494497521015846e+10
/SS/5/PX-1PY1PZ5	6.9082714843750000e+02	1.4748588905622533e-09	3.6218752502442231e+09
/SS/5/PX-1PY1PZ6	2.0997656250000000e+03	8.5676066362607307e-10	7.5387943069116402e+09
/SS/5/PX-1PY1PZ7	3.6186093750000000e+03	6.6890686039945202e-10	1.2297299592983107e+10
/SS/5/PX-1PY1PZ8	3.4463281250000000e+03	6.8698939463002405e-10	2.8770269009153648e+10
/SS/5/PX-1PY1PZ9	1.7268906250000000e+03	7.8209835236103176e-10	1.8484634732346966e+10
/SS/5/PX-1PY2PZ5	3.2909472656250000e+02	1.5730370830548026e-09	1.8391610618606257e+09
/SS/5/PX-1PY2PZ6	9.7688281250000000e+02	1.5742019367183768e-09	2.6687614802279296e+09
/SS/5/PX-1PY2PZ7	1.6185546875000000e+03	9.6038402517889475e-10	1.1200892556928116e+10
/SS/5/PX-1PY2PZ8	1.5561406250000000e+03	1.3274809681134962e-09	7.9203087044736719e+09
/SS/5/PX-1PY2PZ9	1.0630468750000000e+03	8.1543713945732775e-10	1.0984293330547522e+10
/SS/5/PX-2PY-1PZ5	1.4097460937500000e+02	1.8042493081409867e-09	1.8957246287953336e+09
/SS/5/PX-2PY-1PZ6	5.3885742187500000e+02	1.6761929924458329e-09	5.4481231388554754e+09
/SS/5/PX-2PY-1PZ7	1.1785312500000000e+03	3.2242944054591137e-09	2.9475233632881341e+09
/SS/5/PX-2PY-1PZ8	1.6519179687500000e+03	1.8024701589304567e-09	1.1734137445704006e+10
/SS/5/PX-2PY-1PZ9	7.0728320312500000e+02	3.2005097375394019e-08	1.3281869865153506e+08
/SS/5/PX-2PY-2PZ5	4.1165710449218750e+01	1.1609032562112661e-09	2.6207482431820273e+09
/SS/5/PX-2PY-2PZ6	8.8477050781250000e+01	1.9687768915602797e-09	2.6008773856333733e+09
/SS/5/PX-2PY-2PZ7	2.4027734375000000e+02	1.4471001214713494e-09	3.3798518746630912e+09
/SS/5/PX-2PY-2PZ8	4.8225195312500000e+02	1.7070072316704763e-09	3.2302421259283738e+09
/SS/5/PX-2PY-2PZ9	4.8717236328125000e+02	2.0132073756671823e-09	5.8864810438173704e+09
/SS/5/PX-2PY0PZ5	3.3169921875000000e+02	1.7307259106431617e-09	1.9690265441547391e+09
/SS/5/PX-2PY0PZ6	1.1101699218750000e+03	6.7713733940329645e-10	2.7274785592951503e+09
/SS/5/PX-2PY0PZ7	2.1252851562500000e+03	2.1486017840966582e-09	9.5841810134865952e+09
/SS/5/PX-2PY0PZ8	2.2701875000000000e+03	6.1352181815958394e-09	3.3534077669097443e+09
/SS/5/PX-2PY0PZ9	8.5424218750000000e+02	1.2008383406014757e-09	2.6521341838476267e+09
/SS/5/PX-2PY1PZ5	3.2197558593750000e+02	1.0613887602140326e-09	2.4586305900903878e+09
/SS/5/PX-2PY1PZ6	9.1895703125000000e+02	2.4032399654595644e-09	3.7351163238192062e+09
/SS/5/PX-2PY1PZ7	1.4920468750000000e+03	2.8607307280459678e-09	7.7894322691743731e+08
/SS/5/PX-2PY1PZ8	1.3589453125000000e+03	1.2119096306516806e-09	9.5369915891588631e+09
/SS/5/PX-2PY1PZ9	6.6672265625000000e+02	4.7235540598533084e-09	5.3822929674814308e+08
/SS/5/PX-2PY2PZ5	1.5349365234375000e+02	7.6805540836308242e-10	1.4154606957036016e+09
/SS/5/PX-2PY2PZ6	4.1277343750000000e+02	1.0551355694329479e-09	8.1776307183771276e+08
/SS/5/PX-2PY2PZ7	5.9415234375000000e+02	1.6728231332826004e-09	2.1379297514086459e+09
/SS/5/PX-2PY2PZ8	4.5772265625000000e+02	1.1737593666592675e-09	4.9998273379660301e+09
/SS/5/PX-2PY2PZ9	2.4669921875000000e+02	7.8454435937187445e-10	6.7448117864104090e+09
/SS/5/PX0PY-1PZ5	6.5465039062500000e+02	6.3613007072402846e-10	3.5446187278103577e+10
/SS/5/PX0PY-1PZ6	2.2504414062500000e+03	4.1351597241822570e-09	1.1463744180435739e+09
/SS/5/PX0PY-1PZ7	4.5106640625000000e+03	1.6211010482658641e-09	1.9352891681836655e+09
/SS/5/PX0PY-1PZ8	4.1481093750000000e+03	9.4251919639268450e-10	1.0653912722544489e+10
/SS/5/PX0PY-1PZ9	3.1580566406250000e+02	1.5164109689814242e-09	6.8099180355968246e+09
/SS/5/PX0PY-2PZ5	1.8764550781250000e+02	1.8189465519956975e-09	2.6217675773251352e+09
/SS/5/PX0PY-2PZ6	6.3734765625000000e+02	2.4225198140327741e-09	4.0591330140864272e+09
/SS/5/PX0PY-2PZ7	1.3223515625000000e+03	1.6640700565822180e-09	8.0930450144522963e+09
/SS/5/PX0PY-2PZ8	1.6823085937500000e+03	1.9057663798785630e-09	4.9974366546920795e+09
/SS/5/PX0PY-2PZ9	2.5922656250000000e+02	1.0656332781190565e-09	9.9475166148063602e+09
/SS/5/PX0PY0PZ5	1.0643125000000000e+03	1.6355789977525477e-09	4.5032407768122311e+09
/SS/5/PX0PY0PZ6	3.4722382812500000e+03	1.5020571082678210e-09	4.3529513894968863e+09
/SS/5/PX0PY0PZ7	6.3039453125000000e+03	1.5305503833349739e-09	9.4561250804192982e+09
/SS/5/PX0PY0PZ8	5.5948906250000000e+03	1.2502621423296738e-09	1.1072391100847036e+10
/SS/5/PX0PY0PZ9	7.3417187500000000e+02	1.3793972743867295e-09	1.1749386203134874e+10
/SS/5/PX0PY1PZ5	8.6864453125000000e+02	3.3839122956156885e-09	1.8866024121179652e+09
/SS/5/PX0PY1PZ6	2.7323593750000000e+03	3.5937541017012499e-09	1.7409503471752548e+09
/SS/5/PX0PY1PZ7	4.6470234375000000e+03	1.2778298234143008e-09	6.9842736264514580e+09
/SS/5/PX0PY1PZ8	4.3723281250000000e+03	1.8625337204857143e-09	9.4197199945158806e+09
/SS/5/PX0PY1PZ9	1.9037968750000000e+03	1.2446154058697373e-09	1.2818997238473442e+10
/SS/5/PX0PY2PZ5	4.0520117187500000e+02	9.9178230458936200e-10	7.0912864220224924e+09
/SS/5/PX0PY2PZ6	1.2590234375000000e+03	8.5338414203065441e-10	6.4619240121828041e+09
/SS/5/PX0PY2PZ7	2.1076640625000000e+03	4.8671847170792208e-09	1.7594477394559817e+09
/SS/5/PX0PY2PZ8	2.0325625000000000e+03	1.9095400536022244e-09	2.6639033465489130e+09
/SS/5/PX0PY2PZ9	1.5485546875000000e+03	1.6463518898274654e-09	4.5693792524457912e+09
/SS/5/PX1PY-1PZ5	4.7522070312500000e+02	8.9191428838643238e-10	7.7621387508567486e+09
/SS/5/PX1PY-1PZ6	1.6218046875000000e+03	7.2876079978930068e-10	1.6457880748895945e+10
/SS/5/PX1PY-1PZ7	3.4245625000000000e+03	2.2885486361894333e-09	5.7061324326597166e+09
/SS/5/PX1PY-1PZ8	3.6326171875000000e+03	3.9431747128887201e-09	4.3581113385095205e+09
/SS/5/PX1PY-1PZ9	1.0456250000000000e+03	5.6001637981032201e-09	6.8472490059292543e+08
/SS/5/PX1PY-2PZ5	1.4741113281250000e+02	1.8333051902354686e-09	2.0147267454023378e+09
/SS/5/PX1PY-2PZ6	5.3534960937500000e+02	3.3453373376139869e-09	2.3305475634417219e+09
/SS/5/PX1PY-2PZ7	1.3234140625000000e+03	4.2934153214523204e-09	2.1799816667565174e+09
/SS/5/PX1PY-2PZ8	1.7252343750000000e+03	1.1682611952551806e-09	6.3074741376442833e+09
/SS/5/PX1PY-2PZ9	7.7899218750000000e+02	2.8297677099258294e-09	2.1551669502247629e+09
/SS/5/PX1PY0PZ5	7.6976269531250000e+02	1.7542450559458227e-09	5.2941156087197027e+09
/SS/5/PX1PY0PZ6	2.4429492187500000e+03	1.6755200265595585e-09	7.3563434423381767e+09
/SS/5/PX1PY0PZ7	4.5358046875000000e+03	2.7146466850831891e-09	7.6522862275244293e+09
/SS/5/PX1PY0PZ8	4.4168125000000000e+03	1.1102278836899564e-09	1.5445674178091585e+10
/SS/5/PX1PY0PZ9	9.0064062500000000e+02	1.7690279125215491e-09	6.2302586992128305e+09
/SS/5/PX1PY1PZ5	6.2695117187500000e+02	9.1878951005832924e-10	5.5736931893472013e+09
/SS/5/PX1PY1PZ6	1.9075742187500000e+03	1.3796460976604173e-09	3.8579734642431884e+09
/SS/5/PX1PY1PZ7	3.0609140625000000e+03	3.7320391286811452e-09	5.4321864335283680e+09
/SS/5/PX1PY1PZ8	2.7363046875000000e+03	2.0579666376291527e-09	5.3911916252504206e+09
/SS/5/PX1PY1PZ9	1.1085859375000000e+03	1.7415116475245893e-09	6.1985070059543819e+09
/SS/5/PX1PY2PZ5	2.9176367187500000e+02	5.3716772799245860e-09	7.1620996425576925e+08
/SS/5/PX1PY2PZ6	8.5113281250000000e+02	2.8341319699251793e-09	2.3765762938164454e+09
/SS/5/PX1PY2PZ7	1.2377421875000000e+03	7.5854860378538910e-10	1.6034068856943911e+10
/SS/5/PX1PY2PZ8	8.4447265625000000e+02	1.8270913698016519e-09	4.1952804236645637e+09
/SS/5/PX1PY2PZ9	7.9799804687500000e+02	4.0420670467150248e-09	4.9122291240581721e+08
/SS/5/PX2PY-1PZ5	1.8602197265625000e+02	2.5105582863367158e-09	1.4663990984597614e+09
/SS/5/PX2PY-1PZ6	6.3229882812500000e+02	1.9955330459639209e-09	2.1505520622906957e+09
/SS/5/PX2PY-1PZ7	1.5234804687500000e+03	6.9193595763229694e-09	9.1322464204110146e+08
/SS/5/PX2PY-1PZ8	2.1066757812500000e+03	3.2860314386003685e-09	3.7226641474276233e+09
/SS/5/PX2PY-1PZ9	1.2158671875000000e+03	8.8859856311412708e-10	3.0393438183945541e+09
/SS/5/PX2PY-2PZ5	5.2843261718750000e+01	5.7030534043943692e-09	4.1305834788843834e+08
/SS/5/PX2PY-2PZ6	2.1877929687500000e+02	1.1239892936886278e-09	3.3773242495062542e+09
/SS/5/PX2PY-2PZ7	6.5883007812500000e+02	1.5980480298249034e-09	1.9335507276724467e+09
/SS/5/PX2PY-2PZ8	1.0166171875000000e+03	3.7265545866951211e-09	8.8837405580092537e+08
/SS/5/PX2PY-2PZ9	7.0391406250000000e+02	1.4052974438697445e-09	3.2305326638821893e+09
/SS/5/PX2PY0PZ5	3.1168750000000000e+02	1.5665845909501507e-09	8.8878202392621803e+08
/SS/5/PX2PY0PZ6	9.5179101562500000e+02	7.0570104584327791e-10	5.1016635325574560e+09
/SS/5/PX2PY0PZ7	1.8049492187500000e+03	1.3060267822614498e-09	1.0352144400726353e+10
/SS/5/PX2PY0PZ8	2.1948828125000000e+03	1.9140959297225828e-09	7.1588045370769939e+09
/SS/5/PX2PY0PZ9	1.0327812500000000e+03	7.6813594212609820e-10	9.3059930592314491e+09
/SS/5/PX2PY1PZ5	2.5949365234375000e+02	1.7199227067704018e-09	1.6975796972003667e+09
/SS/5/PX2PY1PZ6	7.1538183593750000e+02	1.0578518668398517e-09	6.6884559227020674e+09
/SS/5/PX2PY1PZ7	9.2023437500000000e+02	8.2230094330445150e-10	8.0115404881410789e+09
/SS/5/PX2PY1PZ8	7.0235937500000000e+02	1.0053741843400124e-09	1.0699942823899273e+10
/SS/5/PX2PY1PZ9	6.5323120117187500e+02	1.1874435875651993e-09	6.3115967986668768e+09
/SS/5/PX2PY2PZ5	1.1305273437500000e+02	9.0248055143329022e-10	1.3384573828819566e+09
/SS/5/PX2PY2PZ6	3.0308398437500000e+02	8.6359337908830787e-10	3.6768065456732635e+09
/SS/5/PX2PY2PZ7	2.8836596679687500e+02	2.5134776344206309e-09	1.6746199524958785e+09
/SS/5/PX2PY2PZ8	4.5642968750000000e+02	1.4390494567826721e-09	1.0690542024298818e+09
/SS/5/PX2PY2PZ9	6.2635693359375000e+02	1.8804725418930896e-09	9.8738911433748722e+08
/SS/I/PX-1PY-1PZ5	1.2704062500000000e+03	8.5984838683492558e-10	2.8269351030839176e+09
/SS/I/PX-1PY-1PZ6	3.2765000000000000e+03	9.3229099677435337e-10	4.2513084910398216e+09
/SS/I/PX-1PY-1PZ7	4.1915000000000000e+03	2.8624222793017644e-09	2.7699762010011477e+09
/SS/I/PX-1PY-1PZ8	2.5665000000000000e+03	2.6313190031013396e-09	4.1101074629001217e+09
/SS/I/PX-1PY-1PZ9	8.2100000000000000e+02	1.5355481623554326e-09	9.4141378301763706e+09
/SS/I/PX-1PY-2PZ5	5.7124218750000000e+02	3.0276008509251974e-09	6.2050177797779322e+08
/SS/I/PX-1PY-2PZ6	1.4117812500000000e+03	9.8466092686059004e-10	8.7174773302207317e+09
/SS/I/PX-1PY-2PZ7	1.7637500000000000e+03	3.9526509452109703e-09	2.3200492420587025e+09
/SS/I/PX-1PY-2PZ8	1.3907500000000000e+03	1.4524370150433805e-09	5.8401056620845137e+09
/SS/I/PX-1PY-2PZ9	1.5070000000000000e+03	1.9921504932373102e-09	4.3207987065406370e+09
/SS/I/PX-1PY0PZ5	1.4583906250000000e+03	1.6001232103565038e-09	1.6551453845454926e+09
/SS/I/PX-1PY0PZ6	3.7988750000000000e+03	7.9861387936903191e-10	1.9685607077184185e+10
/SS/I/PX-1PY0PZ7	5.0210000000000000e+03	7.6090195503791708e-10	2.0295766661191696e+10
/SS/I/PX-1PY0PZ8	2.3090000000000000e+03	2.0183443911462587e-09	7.3736464075416851e+09
/SS/I/PX-1PY0PZ9	2.0720000000000000e+03	1.6547174790597967e-09	1.1483388879340340e+10
/SS/I/PX-1PY1PZ5	8.5198437500000000e+02	1.0439900672296438e-09	3.0279118772698679e+09
/SS/I/PX-1PY1PZ6	2.2312500000000000e+03	1.3373542595298135e-09	2.2283229879420266e+09
/SS/I/PX-1PY1PZ7	3.0342500000000000e+03	1.8425113928123496e-09	7.0765452401593494e+09
/SS/I/PX-1PY1PZ8	5.2500000000000000e+02	1.0186420896376921e-09	2.0934759797138504e+10
/SS/I/PX-1PY1PZ9	4.1180000000000000e+03	1.8100422330245482e-09	2.9070146909489369e+09
/SS/I/PX-1PY2PZ5	2.2814843750000000e+02	2.0666971549776175e-09	2.1461416318326213e+09
/SS/I/PX-1PY2PZ6	5.3971875000000000e+02	1.2396832296268068e-09	1.1753654532400923e+10
/SS/I/PX-1PY2PZ7	5.3037500000000000e+02	1.8656187659071791e-09	3.5382287766953955e+09
/SS/I/PX-1PY2PZ8	1.1230000000000000e+03	1.1971245372216100e-09	7.0028277356072178e+09
/SS/I/PX-1PY2PZ9	3.6400000000000000e+03	9.7723026813851265e-10	4.4605475580334749e+09
/SS/I/PX-2PY-1PZ5	5.4371093750000000e+02	2.6224047700386834e-09	6.8975517741726255e+08
/SS/I/PX-2PY-1PZ6	1.1893125000000000e+03	7.2247273819600818e-09	1.1444791591409702e+09
/SS/I/PX-2PY-1PZ7	7.8250000000000000e+02	3.5724337704181322e-09	1.7820707335904653e+09
/SS/I/PX-2PY-1PZ8	1.3262500000000000e+03	7.9820320617063883e-10	4.2804894001249628e+09
/SS/I/PX-2PY-1PZ9	2.5675000000000000e+03	2.4190100424749886e-09	4.0301947658136277e+09
/SS/I/PX-2PY-2PZ5	2.4481250000000000e+02	5.9294612742358951e-09	1.6320221715210682e+08
/SS/I/PX-2PY-2PZ6	4.7320312500000000e+02	7.7463297174168703e-10	1.0675157620068945e+10
/SS/I/PX-2PY-2PZ7	3.4502099609375000e+02	1.0881317647770154e-09	3.7398450364775810e+09
/SS/I/PX-2PY-2PZ8	3.8384472656250000e+02	2.3167758803722228e-09	1.6702168191551721e+09
/SS/I/PX-2PY-2PZ9	3.4775000000000000e+02	1.2656200013855644e-09	3.0560559067671728e+09
/SS/I/PX-2PY0PZ5	6.2424218750000000e+02	1.2775998568492684e-09	4.7544708336057215e+09
/SS/I/PX-2PY0PZ6	1.4593750000000000e+03	9.1911640134962935e-10	1.0600035240586195e+10
/SS/I/PX-2PY0PZ7	1.0772500000000000e+03	1.6097778524517473e-09	3.2645829404150338e+09
/SS/I/PX-2PY0PZ8	2.0505000000000000e+03	1.0331389198762839e-09	9.2785361787077286e+10
/SS/I/PX-2PY0PZ9	4.7500000000000000e+03	2.4670000763470081e-09	4.6189631071372709e+09
/SS/I/PX-2PY1PZ5	3.0065625000000000e+02	1.2544232878306331e-09	1.6742459034496553e+09
/SS/I/PX-2PY1PZ6	7.0540625000000000e+02	1.4154152445386800e-09	3.2263615559739003e+09
/SS/I/PX-2PY1PZ7	4.4587500000000000e+02	7.0819675755952275e-10	7.4501432561555161e+10
/SS/I/PX-2PY1PZ8	2.0080000000000000e+03	9.8797208041438317e-10	1.0806215302353443e+10
/SS/I/PX-2PY1PZ9	4.7765000000000000e+03	4.3974100733794705e-09	1.2987116155742121e+09
/SS/I/PX-2PY2PZ5	3.0656250000000000e+01	7.2446539993170018e-10	3.2438882269164071e+09
/SS/I/PX-2PY2PZ6	6.2550781250000000e+01	1.4691678080490345e-09	4.1012879790683770e+09
/SS/I/PX-2PY2PZ7	2.8825000000000000e+02	9.4341105758970356e-10	5.0961770734748087e+09
/SS/I/PX-2PY2PZ8	1.5962500000000000e+03	7.0837114580947661e-10	5.1564325013458395e+09
/SS/I/PX-2PY2PZ9	3.1015000000000000e+03	1.0546825144489474e-09	4.1679993029980292e+09
/SS/I/PX0PY-1PZ5	1.5597343750000000e+03	4.5400202051830759e-09	1.4848142030966744e+09
/SS/I/PX0PY-1PZ6	4.1940000000000000e+03	1.4068274475138874e-09	4.8277817041991634e+09
/SS/I/PX0PY-1PZ7	5.9815000000000000e+03	2.3401507798021771e-09	5.8518918322762003e+09
/SS/I/PX0PY-1PZ8	5.7190000000000000e+03	3.7009999885890173e-09	7.9910937712575045e+09
/SS/I/PX0PY-1PZ9	4.7200000000000000e+03	2.4604987734339034e-09	5.5504411639200315e+09
/SS/I/PX0PY-2PZ5	7.2594531250000000e+02	1.5309448185391244e-09	9.1866783869499755e+08
/SS/I/PX0PY-2PZ6	1.8775625000000000e+03	1.1392972870293917e-09	9.2420243101965389e+09
/SS/I/PX0PY-2PZ7	2.3472500000000000e+03	9.8184037403308264e-10	1.5961063915460503e+10
/SS/I/PX0PY-2PZ8	1.9330000000000000e+03	2.8578694831706684e-09	2.3616440424913874e+09
/SS/I/PX0PY-2PZ9	2.1385000000000000e+03	1.8207361465478238e-09	5.5978481531920977e+09
/SS/I/PX0PY0PZ5	1.8023750000000000e+03	1.4511606641454275e-09	7.4455375993114958e+09
/SS/I/PX0PY0PZ6	4.7571250000000000e+03	2.2548018952950437e-09	3.3912561244527230e+09
/SS/I/PX0PY0PZ7	7.1095000000000000e+03	1.5016282676529884e-09	1.1153233457407368e+10
/SS/I/PX0PY0PZ8	6.7870000000000000e+03	7.9622051789062389e-09	1.9865962007201927e+09
/SS/I/PX0PY0PZ9	3.6040000000000000e+03	2.5918581093658017e-09	5.1736919077793312e+09
/SS/I/PX0PY1PZ5	1.1576406250000000e+03	1.2346285434407486e-09	3.6312554050962052e+09
/SS/I/PX0PY1PZ6	3.1121250000000000e+03	1.8009570999220749e-09	6.9423562721302071e+09
/SS/I/PX0PY1PZ7	4.9610000000000000e+03	2.7439899109978432e-09	8.2004399595579252e+09
/SS/I/PX0PY1PZ8	4.3380000000000000e+03	1.1331191000440999e-09	3.4282578777905922e+10
/SS/I/PX0PY1PZ9	3.6100000000000000e+02	4.2623508769974163e-09	5.5349472990077248e+09
/SS/I/PX0PY2PZ5	4.1285156250000000e+02	1.2877491420839369e-09	1.0754937353588629e+09
/SS/I/PX0PY2PZ6	1.1129375000000000e+03	3.3030468846020109e-09	1.9878660509792504e+09
/SS/I/PX0PY2PZ7	1.7657500000000000e+03	8.1707283095822147e-10	1.1093724209531858e+10
/SS/I/PX0PY2PZ8	1.0200000000000000e+03	9.2606707982741736e-10	6.5857378199769955e+09
/SS/I/PX0PY2PZ9	1.3515000000000000e+03	1.2454768079894928e-09	1.1718781381427319e+10
/SS/I/PX1PY-1PZ5	9.1662500000000000e+02	1.3290280171466845e-09	2.2073266758566456e+09
/SS/I/PX1PY-1PZ6	2.4267500000000000e+03	5.0427477315874086e-09	1.9555731126606610e+09
/SS/I/PX1PY-1PZ7	3.1725000000000000e+03	1.1733034595477131e-09	2.4196882111714977e+10
/SS/I/PX1PY-1PZ8	3.0015000000000000e+03	1.7902462344719643e-09	6.8126342859168644e+09
/SS/I/PX1PY-1PZ9	2.8370000000000000e+03	4.2330518981296426e-09	3.7863519719513245e+09
/SS/I/PX1PY-2PZ5	4.6228906250000000e+02	1.3567643966745645e-09	2.3220150448986521e+09
/SS/I/PX1PY-2PZ6	1.0879687500000000e+03	9.3184325827855857e-09	7.3641627811527753e+08
/SS/I/PX1PY-2PZ7	8.7175000000000000e+02	9.5750772033582862e-10	1.2323299077755207e+10
/SS/I/PX1PY-2PZ8	6.0376953125000000e+02	1.7337178836075528e-09	4.0962595744208102e+09
/SS/I/PX1PY-2PZ9	5.1849804687500000e+02	2.3994672770934690e-09	5.0871438506709652e+09
/SS/I/PX1PY0PZ5	1.0433281250000000e+03	2.6563460009760589e-09	7.7110362418802738e+08
/SS/I/PX1PY0PZ6	2.7875000000000000e+03	1.1017271135014386e-09	4.6479948528680172e+09
/SS/I/PX1PY0PZ7	4.2230000000000000e+03	1.2308449080749450e-09	1.0686197172407604e+10
/SS/I/PX1PY0PZ8	4.7470000000000000e+03	1.9460740927958712e-09	8.7346106326659832e+09
/SS/I/PX1PY0PZ9	3.7120000000000000e+03	1.4971641756991369e-09	4.1426884997638550e+09
/SS/I/PX1PY1PZ5	6.9517187500000000e+02	8.4772476783532861e-10	3.2392463059375477e+09
/SS/I/PX1PY1PZ6	2.0610000000000000e+03	1.2891161540939398e-09	4.5335367405238609e+09
/SS/I/PX1PY1PZ7	3.6020000000000000e+03	1.3749003970208025e-09	9.8263413001292171e+09
/SS/I/PX1PY1PZ8	3.8580000000000000e+03	2.2756717404095741e-09	5.9898443235177002e+09
/SS/I/PX1PY1PZ9	1.7750000000000000e+03	8.0456016674293532e-09	5.7111519170885146e+08
/SS/I/PX1PY2PZ5	3.1627343750000000e+02	2.1409040789681992e-09	1.5496416389104619e+09
/SS/I/PX1PY2PZ6	1.0255625000000000e+03	2.5933796873447883e-09	1.4981043125186977e+09
/SS/I/PX1PY2PZ7	1.9200000000000000e+03	1.6422704051043718e-09	4.7533777691289310e+09
/SS/I/PX1PY2PZ8	1.8487500000000000e+03	1.4401124959020423e-09	3.5484081692083559e+09
/SS/I/PX1PY2PZ9	3.2750000000000000e+02	1.6491042880299923e-09	4.3420624940721903e+09
/SS/I/PX2PY-1PZ5	2.1559375000000000e+02	1.8003124877475046e-09	1.7509991619803462e+09
/SS/I/PX2PY-1PZ6	5.1290625000000000e+02	1.0231859724387054e-09	7.0229047342551870e+09
/SS/I/PX2PY-1PZ7	3.4562500000000000e+02	1.5778966192601117e-09	5.1773801600993357e+09
/SS/I/PX2PY-1PZ8	4.8799218750000000e+02	1.4657017956358230e-09	2.7940095421883125e+09
/SS/I/PX2PY-1PZ9	4.0365234375000000e+02	1.6687609930426261e-09	3.4149573597698116e+09
/SS/I/PX2PY-2PZ5	1.2639453125000000e+02	1.9461673200950498e-09	8.7497639253494310e+08
/SS/I/PX2PY-2PZ6	1.8032812500000000e+02	2.5456537164057586e-09	1.7765429186702330e+09
/SS/I/PX2PY-2PZ7	3.5150000000000000e+02	2.4541972292041103e-09	2.6776707964835467e+09
/SS/I/PX2PY-2PZ8	1.2780000000000000e+03	1.1689511556781066e-09	3.3191582173723803e+09
/SS/I/PX2PY-2PZ9	1.4642500000000000e+03	5.4021853684953628e-09	7.2786634959039378e+08
/SS/I/PX2PY0PZ5	2.1164843750000000e+02	3.6746380909402541e-09	4.2191493745214021e+08
/SS/I/PX2PY0PZ6	6.5268750000000000e+02	7.3380655019000532e-09	1.5318416174660556e+09
/SS/I/PX2PY0PZ7	9.5100000000000000e+02	8.0464705925960743e-09	1.0113422266799161e+09
/SS/I/PX2PY0PZ8	9.1250000000000000e+02	4.9728992919244915e-10	2.5338617582149593e+10
/SS/I/PX2PY0PZ9	6.3800000000000000e+02	1.8084183532207077e-09	3.4769239467210526e+09
/SS/I/PX2PY1PZ5	1.6760937500000000e+02	1.4503568880580119e-09	3.1632737299514852e+09
/SS/I/PX2PY1PZ6	6.6540625000000000e+02	3.4568562201352619e-09	1.2099098492987902e+09
/SS/I/PX2PY1PZ7	1.2381250000000000e+03	1.7024758909753115e-09	4.9185022365038519e+09
/SS/I/PX2PY1PZ8	1.1125000000000000e+03	1.4765372958370553e-09	6.2422165464677277e+09
/SS/I/PX2PY1PZ9	2.4250000000000000e+02	1.4043000138091504e-09	8.1715721875735817e+09
/SS/I/PX2PY2PZ5	1.1686718750000000e+02	1.5447225708018311e-09	7.6898661401217473e+08
/SS/I/PX2PY2PZ6	4.7864062500000000e+02	5.1733121083894499e-09	2.9485444198023272e+08
/SS/I/PX2PY2PZ7	9.3387500000000000e+02	1.9799849360666661e-09	4.6779362318149290e+09
/SS/I/PX2PY2PZ8	8.0112500000000000e+02	1.5262438115542003e-09	9.4746646563225198e+08
/SS/I/PX2PY2PZ9	1.0425000000000000e+02	5.0360424503269298e-09	4.7630209855626571e+08
/SS/SXT/PX-1PY-1PZ5	1.2520532226562500e+02	1.2426463675215723e-09	4.1923519636695356e+09
/SS/SXT/PX-1PY-1PZ6	8.6241796875000000e+02	9.6159717470770311e-10	7.7774709562491388e+09
/SS/SXT/PX-1PY-1PZ7	2.5400937500000000e+03	3.9146560266767007e-09	2.3239204427861829e+09
/SS/SXT/PX-1PY-1PZ8	3.9454375000000000e+03	9.2072141944635129e-10	1.2790763128788536e+10
/SS/SXT/PX-1PY-1PZ9	3.7100781250000000e+03	3.1196129158007729e-09	2.4258768351748357e+09
/SS/SXT/PX-1PY-2PZ5	3.9731689453125000e+01	1.0446232137937310e-08	3.2027192517879027e+08
/SS/SXT/PX-1PY-2PZ6	1.6352148437500000e+02	1.1694021198882012e-09	4.8479237300589952e+09
/SS/SXT/PX-1PY-2PZ7	4.7333593750000000e+02	8.2084086884729588e-10	9.0110788085027485e+09
/SS/SXT/PX-1PY-2PZ8	9.7965625000000000e+02	3.3542035103712597e-09	3.8652265578736591e+08
/SS/SXT/PX-1PY-2PZ9	1.5090234375000000e+03	8.6611687993860548e-10	6.2573447408976603e+09
/SS/SXT/PX-1PY0PZ5	1.8142675781250000e+02	1.9730890637316212e-09	2.2377419300516858e+09
/SS/SXT/PX-1PY0PZ6	1.4791171875000000e+03	2.0261801226694167e-09	3.5273027515070481e+09
/SS/SXT/PX-1PY0PZ7	4.2004062500000000e+03	3.2956206458752159e-09	2.3346681294209113e+09
/SS/SXT/PX-1PY0PZ8	6.0257031250000000e+03	1.0303993170379189e-09	5.9264576621672440e+09
/SS/SXT/PX-1PY0PZ9	4.8846562500000000e+03	1.3701367183178669e-09	1.2298222654838860e+10
/SS/SXT/PX-1PY1PZ5	1.0440917968750000e+02	2.2546819820804284e-09	2.0497663702219985e+09
/SS/SXT/PX-1PY1PZ6	1.1811015625000000e+03	1.6756904744540587e-09	8.9702329591848183e+09
/SS/SXT/PX-1PY1PZ7	3.6673281250000000e+03	1.0364592694044078e-09	7.2031095999846258e+09
/SS/SXT/PX-1PY1PZ8	5.5898281250000000e+03	1.2836780414171273e-09	8.4782673536183043e+09
/SS/SXT/PX-1PY1PZ9	4.6451250000000000e+03	1.5220261445345056e-09	2.2967040535244938e+10
/SS/SXT/PX-1PY2PZ5	6.7423339843750000e+01	7.3070319240007174e-09	8.5418105977172840e+08
/SS/SXT/PX-1PY2PZ6	5.2369726562500000e+02	3.3859987251981901e-09	3.1956648366745973e+09
/SS/SXT/PX-1PY2PZ7	1.6717617187500000e+03	1.0493408104854945e-09	2.5819375736201205e+09
/SS/SXT/PX-1PY2PZ8	2.7545703125000000e+03	2.2263872193600242e-09	1.2771129844578233e+09
/SS/SXT/PX-1PY2PZ9	2.5080468750000000e+03	1.9435096300590651e-09	1.9145042166359620e+09
/SS/SXT/PX-2PY-1PZ5	9.6494018554687500e+01	1.1816437191399432e-09	5.7818587302275505e+09
/SS/SXT/PX-2PY-1PZ6	3.6253222656250000e+02	5.3702397804827427e-09	1.0170295989218624e+09
/SS/SXT/PX-2PY-1PZ7	1.2186074218750000e+03	6.2834199703749352e-10	3.8657335866344776e+09
/SS/SXT/PX-2PY-1PZ8	1.8907109375000000e+03	1.5877953435071062e-09	3.3142652165147476e+09
/SS/SXT/PX-2PY-1PZ9	1.4107265625000000e+03	2.3980287069171277e-09	2.3706284002042441e+09
/SS/SXT/PX-2PY-2PZ5	2.4524444580078125e+01	7.5029779594758894e-10	3.5084882527052984e+09
/SS/SXT/PX-2PY-2PZ6	1.3533886718750000e+02	9.9112229338901672e-10	2.5583434019421577e+09
/SS/SXT/PX-2PY-2PZ7	3.4561914062500000e+02	1.0277331537568955e-08	2.9551273143122488e+08
/SS/SXT/PX-2PY-2PZ8	4.5460156250000000e+02	2.5926437063536076e-09	2.0373751803016756e+09
/SS/SXT/PX-2PY-2PZ9	4.7155859375000000e+02	1.6647729481564009e-09	1.4108781862976296e+09
/SS/SXT/PX-2PY0PZ5	8.6374755859375000e+01	3.1458613646887955e-09	2.5579672747432022e+09
/SS/SXT/PX-2PY0PZ6	4.7193554687500000e+02	3.1441018568829253e-09	4.3194286892397909e+09
/SS/SXT/PX-2PY0PZ7	1.6188671875000000e+03	8.0531630062383961e-09	1.8514946511981823e+09
/SS/SXT/PX-2PY0PZ8	2.6702656250000000e+03	1.1978628294633614e-09	1.1772101013194407e+10
/SS/SXT/PX-2PY0PZ9	2.2148828125000000e+03	1.4578148338115093e-09	4.4965005177583790e+09
/SS/SXT/PX-2PY1PZ5	5.6344841003417969e+01	1.8582331890926228e-09	1.0145781596657228e+09
/SS/SXT/PX-2PY1PZ6	3.5772949218750000e+02	3.2887646564271644e-09	2.9047025695573440e+09
/SS/SXT/PX-2PY1PZ7	1.4905312500000000e+03	9.8078551675868344e-10	6.9740515873267956e+09
/SS/SXT/PX-2PY1PZ8	2.7721992187500000e+03	3.4287621690201152e-09	9.0219554361707270e+08
/SS/SXT/PX-2PY1PZ9	2.7106171875000000e+03	1.0581412062710463e-09	2.4918933325324535e+09
/SS/SXT/PX-2PY2PZ5	2.0601196289062500e+01	1.5414694377194250e-09	1.4713144757270470e+09
/SS/SXT/PX-2PY2PZ6	1.9254101562500000e+02	1.4840525598779326e-09	3.1431153607173324e+09
/SS/SXT/PX-2PY2PZ7	8.2866992187500000e+02	2.5564719025380930e-09	1.0528760840188391e+09
/SS/SXT/PX-2PY2PZ8	1.6673046875000000e+03	1.1022829635639653e-08	3.6173513818392140e+08
/SS/SXT/PX-2PY2PZ9	1.7901445312500000e+03	1.9693992715720167e-09	1.4861292654182153e+09
/SS/SXT/PX0PY-1PZ5	1.2607226562500000e+02	7.7753223881451892e-10	1.2470505933918274e+10
/SS/SXT/PX0PY-1PZ6	1.1442226562500000e+03	9.7747572530551099e-10	4.7076787032537451e+09
/SS/SXT/PX0PY-1PZ7	3.3183593750000000e+03	5.6029487470254659e-09	1.4874699311168017e+09
/SS/SXT/PX0PY-1PZ8	5.2271250000000000e+03	9.9892133387407293e-10	1.8918436003465034e+10
/SS/SXT/PX0PY-1PZ9	5.0138125000000000e+03	2.0662754637909758e-09	3.0006712759084597e+09
/SS/SXT/PX0PY-2PZ5	2.1351562500000000e+01	1.9961076245928916e-09	1.6164941274050612e+09
/SS/SXT/PX0PY-2PZ6	9.2750000000000000e+01	8.2092308549897467e-10	8.1609270424293518e+09
/SS/SXT/PX0PY-2PZ7	3.2624218750000000e+02	2.2735644630800303e-09	4.9456378467737665e+09
/SS/SXT/PX0PY-2PZ8	1.2065078125000000e+03	1.8359027756943533e-09	4.6684274135917597e+09
/SS/SXT/PX0PY-2PZ9	2.1423750000000000e+03	4.5370435792033354e-09	2.1956633106286011e+09
/SS/SXT/PX0PY0PZ5	2.1510058593750000e+02	1.7266530669128586e-09	1.1936901743182192e+09
/SS/SXT/PX0PY0PZ6	2.2481406250000000e+03	7.8198460919869534e-10	1.6756438748644825e+10
/SS/SXT/PX0PY0PZ7	6.2709531250000000e+03	2.2248067433075436e-09	1.2107026783943377e+10
/SS/SXT/PX0PY0PZ8	8.4730000000000000e+03	1.4929470088313828e-09	6.6662872158806887e+09
/SS/SXT/PX0PY0PZ9	6.2702500000000000e+03	1.5526851491710317e-09	6.9300312669406948e+09
/SS/SXT/PX0PY1PZ5	1.5968066406250000e+02	2.0248821618352940e-09	2.4942184689836774e+09
/SS/SXT/PX0PY1PZ6	1.7659843750000000e+03	3.5341470707366343e-09	3.4608333039646354e+09
/SS/SXT/PX0PY1PZ7	5.1824687500000000e+03	8.3365127015805941e-10	7.6964231407269688e+09
/SS/SXT/PX0PY1PZ8	6.8952500000000000e+03	8.6764327086728471e-10	1.2438177067838242e+10
/SS/SXT/PX0PY1PZ9	4.5837812500000000e+03	8.9854254061365807e-09	1.2469426778083682e+09
/SS/SXT/PX0PY2PZ5	1.0933349609375000e+02	6.7449822302658947e-10	3.2962662516643448e+09
/SS/SXT/PX0PY2PZ6	7.5107617187500000e+02	2.2328305988719658e-09	3.5654245344160933e+09
/SS/SXT/PX0PY2PZ7	2.1131093750000000e+03	1.2529499514568666e-09	8.1789706519657774e+09
/SS/SXT/PX0PY2PZ8	2.7505937500000000e+03	8.7908332272921567e-10	1.2184719630814234e+10
/SS/SXT/PX0PY2PZ9	1.7144218750000000e+03	6.9311938576863243e-09	1.3839692405313048e+09
/SS/SXT/PX1PY-1PZ5	9.0755859375000000e+01	2.0953821917558504e-09	1.6032167719163530e+09
/SS/SXT/PX1PY-1PZ6	2.9100781250000000e+02	2.1292034891271107e-09	5.6336780154932995e+09
/SS/SXT/PX1PY-1PZ7	1.8721562500000000e+03	2.0088156803608992e-09	4.4822471176321249e+09
/SS/SXT/PX1PY-1PZ8	3.3285781250000000e+03	7.5645163790452804e-10	1.2434572488039057e+10
/SS/SXT/PX1PY-1PZ9	3.0066718750000000e+03	1.4218014502820955e-09	1.0043448027229156e+10
/SS/SXT/PX1PY-2PZ5	7.2671875000000000e+01	1.6265835085181482e-09	1.6457835231279323e+09
/SS/SXT/PX1PY-2PZ6	2.7822851562500000e+02	1.4803282229286066e-09	2.3311497043484921e+09
/SS/SXT/PX1PY-2PZ7	3.2001562500000000e+02	1.9103202042719322e-09	3.4611698883313074e+09
/SS/SXT/PX1PY-2PZ8	2.9347656250000000e+02	3.0470168832796527e-09	2.2768095411237965e+09
/SS/SXT/PX1PY-2PZ9	1.0544062500000000e+03	1.6469983251568457e-09	1.9391676871890607e+09
/SS/SXT/PX1PY0PZ5	1.7460058593750000e+02	1.8760189157004753e-09	4.1844084848181300e+09
/SS/SXT/PX1PY0PZ6	1.1393906250000000e+03	1.4182357897137276e-09	7.1390148785890341e+09
/SS/SXT/PX1PY0PZ7	4.7488984375000000e+03	6.5064721033551451e-09	2.9457412499418211e+09
/SS/SXT/PX1PY0PZ8	6.6868593750000000e+03	1.1511755574411766e-09	1.6094790396013968e+10
/SS/SXT/PX1PY0PZ9	4.4170312500000000e+03	2.0794612261555524e-09	5.6490611161889133e+09
/SS/SXT/PX1PY1PZ5	7.8318359375000000e+01	1.5558844938974736e-09	2.8906405465461612e+09
/SS/SXT/PX1PY1PZ6	1.0076718750000000e+03	3.5351029388975690e-09	1.8163739550923755e+09
/SS/SXT/PX1PY1PZ7	4.0206250000000000e+03	1.1822965280661212e-09	5.5346223566697292e+09
/SS/SXT/PX1PY1PZ8	5.3116562500000000e+03	1.9094998583507742e-09	3.0714241082762861e+09
/SS/SXT/PX1PY1PZ9	2.9195312500000000e+03	1.9102831325703995e-09	4.5732754105540504e+09
/SS/SXT/PX1PY2PZ5	2.5383789062500000e+01	9.1572973864881937e-10	1.5694501783189771e+09
/SS/SXT/PX1PY2PZ6	4.8806445312500000e+02	1.6755384083309542e-09	3.7442222448313022e+09
/SS/SXT/PX1PY2PZ7	1.6028125000000000e+03	1.2124846860776091e-08	3.5902920180113494e+08
/SS/SXT/PX1PY2PZ8	1.8665468750000000e+03	3.8354360953277284e-09	2.0217651777629251e+09
/SS/SXT/PX1PY2PZ9	7.0420312500000000e+02	1.5626042764005949e-09	5.3103090586030436e+09
/SS/SXT/PX2PY-1PZ5	1.4144262695312500e+02	8.1718257218178496e-10	3.4582809764522085e+09
/SS/SXT/PX2PY-1PZ6	4.8364453125000000e+02	1.5685362762588391e-09	1.8825791782267880e+09
/SS/SXT/PX2PY-1PZ7	2.7007812500000000e+02	1.5631948050269800e-09	4.4480702711591902e+09
/SS/SXT/PX2PY-1PZ8	3.5249218750000000e+02	1.9883108422823887e-09	4.3194553545696754e+09
/SS/SXT/PX2PY-1PZ9	5.1754687500000000e+02	2.8606560576718321e-09	1.2009207535437722e+09
/SS/SXT/PX2PY-2PZ5	6.5079101562500000e+01	9.4319314477053614e-10	3.1583145907299489e+08
/SS/SXT/PX2PY-2PZ6	3.7128125000000000e+02	1.5468298871232919e-09	1.3907389248338110e+09
/SS/SXT/PX2PY-2PZ7	6.9716796875000000e+02	4.1347842023505298e-09	5.6481818211648834e+08
/SS/SXT/PX2PY-2PZ8	5.0617578125000000e+02	8.1708299329118748e-10	8.3615214798281479e+09
/SS/SXT/PX2PY-2PZ9	9.2785644531250000e+01	3.3773204513247006e-09	1.3287918723928823e+10
/SS/SXT/PX2PY0PZ5	2.1788647460937500e+02	8.1960977993802409e-10	2.6061102892694731e+09
/SS/SXT/PX2PY0PZ6	2.7494921875000000e+02	2.0111735438068422e-09	2.7964795015395226e+09
/SS/SXT/PX2PY0PZ7	1.1682734375000000e+03	2.0430358166596536e-09	1.5012371236898277e+09
/SS/SXT/PX2PY0PZ8	2.2453125000000000e+03	1.1604869865507290e-09	1.5633879594190763e+10
/SS/SXT/PX2PY0PZ9	1.2919375000000000e+03	1.3403061730088837e-09	4.7465716787026024e+09
/SS/SXT/PX2PY1PZ5	1.5746118164062500e+02	6.0360714351962942e-09	3.5697238715464169e+08
/SS/SXT/PX2PY1PZ6	5.3733917236328125e+01	1.0655681064585717e-09	4.9365507340012703e+09
/SS/SXT/PX2PY1PZ7	1.4463710937500000e+03	2.5444335491593773e-09	3.9727586422325191e+09
/SS/SXT/PX2PY1PZ8	2.2479765625000000e+03	4.3807728879496072e-09	2.1599438664907384e+09
/SS/SXT/PX2PY1PZ9	1.0232421875000000e+03	2.3334656378553595e-09	2.8289312792728305e+09
/SS/SXT/PX2PY2PZ5	5.4348388671875000e+01	2.0777715898049911e-09	1.0362746251646048e+09
/SS/SXT/PX2PY2PZ6	4.3846679687500000e+01	5.0180804391121639e-09	8.3085354990717387e+08
/SS/SXT/PX2PY2PZ7	7.2241992187500000e+02	1.9011952062915925e-09	4.0345634281501131e+09
/SS/SXT/PX2PY2PZ8	9.5908203125000000e+02	1.4775137494060055e-09	1.3946766490467157e+09
/SS/SXT/PX2PY2PZ9	2.9215625000000000e+02	1.6077153785657364e-09	1.9308690481937699e+09
/SS/SXY/PX-1PY-1PZ5	1.0192822265625000e+02	8.6643254091423726e-09	6.7270845983434331e+08
/SS/SXY/PX-1PY-1PZ6	7.5585546875000000e+02	1.4881159822439070e-09	2.6264043820072627e+09
/SS/SXY/PX-1PY-1PZ7	2.4665156250000000e+03	5.0048056291106448e-09	2.9500380629567609e+09
/SS/SXY/PX-1PY-1PZ8	4.1234296875000000e+03	3.1548818148060920e-09	4.2612704786001806e+09
/SS/SXY/PX-1PY-1PZ9	3.7259687500000000e+03	6.3505774816307669e-10	2.4759615083623714e+10
/SS/SXY/PX-1PY-2PZ5	7.1175781250000000e+01	1.2495931636060327e-09	4.2893305386336522e+09
/SS/SXY/PX-1PY-2PZ6	1.9897851562500000e+02	2.8055336925584692e-09	3.5282439417084370e+09
/SS/SXY/PX-1PY-2PZ7	9.2902343750000000e+02	1.8398564887121885e-09	2.8317921240101743e+09
/SS/SXY/PX-1PY-2PZ8	2.0158164062500000e+03	2.3887637755206249e-09	5.6421905710652218e+09
/SS/SXY/PX-1PY-2PZ9	1.5473554687500000e+03	1.4947051943365893e-09	5.8675815894004583e+09
/SS/SXY/PX-1PY0PZ5	9.4284423828125000e+01	1.2937061682704458e-09	2.0113956584499288e+09
/SS/SXY/PX-1PY0PZ6	7.7599218750000000e+02	1.7538044858281371e-09	6.0460986240457935e+09
/SS/SXY/PX-1PY0PZ7	2.5522187500000000e+03	2.0502035614308413e-09	6.7881565887086496e+09
/SS/SXY/PX-1PY0PZ8	4.3516562500000000e+03	1.8895740691307095e-09	8.1225494608028793e+09
/SS/SXY/PX-1PY0PZ9	4.4833046875000000e+03	1.3941539258034471e-09	1.0879531660588745e+10
/SS/SXY/PX-1PY1PZ5	6.4796386718750000e+01	1.4169769498234539e-09	3.6997151839910789e+09
/SS/SXY/PX-1PY1PZ6	4.1565625000000000e+02	9.0147590163809680e-10	7.3573343762721815e+09
/SS/SXY/PX-1PY1PZ7	1.7024609375000000e+03	1.2553985044473452e-09	5.6551564158878269e+09
/SS/SXY/PX-1PY1PZ8	3.1964218750000000e+03	4.5535805498470114e-09	5.1844358227199335e+09
/SS/SXY/PX-1PY1PZ9	2.8162500000000000e+03	6.6598288728267029e-10	4.5910259357072735e+09
/SS/SXY/PX-1PY2PZ5	2.6569580078125000e+01	1.2537843020168505e-09	3.0775823657274737e+09
/SS/SXY/PX-1PY2PZ6	1.7837500000000000e+02	1.7105607651668272e-09	5.3600006178228235e+09
/SS/SXY/PX-1PY2PZ7	8.5293359375000000e+02	2.5285047517566532e-09	1.7062742194260542e+09
/SS/SXY/PX-1PY2PZ8	1.7731171875000000e+03	1.6494403969475201e-09	3.8464474202743616e+09
/SS/SXY/PX-1PY2PZ9	1.0698437500000000e+03	2.9884172998445114e-09	2.1383508846037369e+09
/SS/SXY/PX-2PY-1PZ5	8.5051757812500000e+01	2.6048410947110665e-09	1.2078881999553144e+09
/SS/SXY/PX-2PY-1PZ6	3.6658593750000000e+02	6.8662378177721568e-10	3.7759305846970897e+09
/SS/SXY/PX-2PY-1PZ7	9.1343750000000000e+02	1.7662436353274742e-09	3.5455244310128779e+09
/SS/SXY/PX-2PY-1PZ8	1.1450937500000000e+03	1.2425022780806500e-09	7.4275987785481548e+09
/SS/SXY/PX-2PY-1PZ9	6.9395312500000000e+02	1.3274284343942953e-09	1.7712303324159529e+09
/SS/SXY/PX-2PY-2PZ5	6.2944702148437500e+01	4.7184948813574147e-09	1.7497791690801821e+09
/SS/SXY/PX-2PY-2PZ6	1.4778125000000000e+02	2.6811688759962255e-09	3.5293375373538580e+09
/SS/SXY/PX-2PY-2PZ7	3.9438476562500000e+02	1.0763356928070306e-09	2.2316005397485499e+09
/SS/SXY/PX-2PY-2PZ8	5.6149218750000000e+02	2.5179620223667058e-09	2.0020022193822598e+09
/SS/SXY/PX-2PY-2PZ9	2.7151562500000000e+02	1.2020400764288746e-09	8.7668975752896709e+09
/SS/SXY/PX-2PY0PZ5	7.5123779296875000e+01	5.4327712487695809e-09	5.4938780944793856e+08
/SS/SXY/PX-2PY0PZ6	3.3140234375000000e+02	1.5567748750357984e-09	2.4354030035690198e+09
/SS/SXY/PX-2PY0PZ7	9.3249218750000000e+02	1.1576593196043915e-09	7.5954751244969893e+09
/SS/SXY/PX-2PY0PZ8	1.2081015625000000e+03	1.8586291381334028e-09	3.8652420573190436e+09
/SS/SXY/PX-2PY0PZ9	6.4557812500000000e+02	1.5262416141755554e-09	3.9696126561369033e+09
/SS/SXY/PX-2PY1PZ5	3.1585937500000000e+01	2.4959642970980129e-09	1.1147953129815564e+09
/SS/SXY/PX-2PY1PZ6	2.4238476562500000e+02	8.0738691998778896e-09	4.4352978378772539e+08
/SS/SXY/PX-2PY1PZ7	7.4510156250000000e+02	1.5437042807798043e-09	5.4540116565651655e+09
/SS/SXY/PX-2PY1PZ8	1.0465781250000000e+03	1.8042335668295177e-09	4.6468568357509089e+09
/SS/SXY/PX-2PY1PZ9	2.5674218750000000e+02	4.5913253809884711e-09	1.2600116756284387e+09
/SS/SXY/PX-2PY2PZ5	2.5934448242187500e+01	4.9304914339998343e-09	4.7011007875821573e+08
/SS/SXY/PX-2PY2PZ6	1.3986523437500000e+02	4.2264195706348085e-09	1.4006705116289392e+09
/SS/SXY/PX-2PY2PZ7	4.8321679687500000e+02	3.4557198629738954e-09	8.2426387081533813e+08
/SS/SXY/PX-2PY2PZ8	7.7637109375000000e+02	9.4609787435448129e-10	6.8847608122251577e+09
/SS/SXY/PX-2PY2PZ9	9.4605834960937500e+01	3.3461501686837888e-09	7.8431022999188173e+08
/SS/SXY/PX0PY-1PZ5	3.1374755859375000e+02	1.6551526861036464e-09	6.0530733903089380e+09
/SS/SXY/PX0PY-1PZ6	1.1030673828125000e+03	2.3650456914632021e-09	9.8031640086613255e+09
/SS/SXY/PX0PY-1PZ7	4.2072226562500000e+03	4.9751452530621604e-09	4.5588857835233831e+09
/SS/SXY/PX0PY-1PZ8	6.5953710937500000e+03	1.1237493845691669e-09	8.4411531537859945e+09
/SS/SXY/PX0PY-1PZ9	3.8945585937500000e+03	1.4796126420002286e-09	4.0622962489922776e+09
/SS/SXY/PX0PY-2PZ5	2.0987500000000000e+02	1.0716644879297313e-09	6.0931040407572756e+09
/SS/SXY/PX0PY-2PZ6	4.5551171875000000e+02	1.5951280311642896e-09	2.3547375093257108e+09
/SS/SXY/PX0PY-2PZ7	2.6542675781250000e+02	1.3212238370133540e-09	7.5009101709376020e+09
/SS/SXY/PX0PY-2PZ8	2.8017500000000000e+03	1.5158962900380167e-09	1.1153534988700739e+10
/SS/SXY/PX0PY-2PZ9	9.7918945312500000e+02	4.7162180689513959e-09	1.2751717435688972e+09
/SS/SXY/PX0PY0PZ5	4.4903039550781250e+02	2.7057856855841079e-09	4.3227341033113747e+09
/SS/SXY/PX0PY0PZ6	1.7924843750000000e+03	1.1383552938079409e-09	2.0833625843201420e+10
/SS/SXY/PX0PY0PZ7	4.6877890625000000e+03	2.4822943230821287e-09	4.9037382384505358e+09
/SS/SXY/PX0PY0PZ8	7.4594218750000000e+03	2.6724440418975798e-09	9.7372368527107048e+09
/SS/SXY/PX0PY0PZ9	6.2520078125000000e+03	1.1064408313062565e-09	7.8865584816396666e+09
/SS/SXY/PX0PY1PZ5	3.2894165039062500e+02	4.0323940223534030e-09	2.5948117936828918e+09
/SS/SXY/PX0PY1PZ6	1.0737363281250000e+03	1.8698220518363214e-09	5.9190216896358595e+09
/SS/SXY/PX0PY1PZ7	3.0639531250000000e+03	8.3091767654535134e-09	2.0457047878413260e+09
/SS/SXY/PX0PY1PZ8	5.6412734375000000e+03	2.2523510901557065e-09	1.0906647524400862e+10
/SS/SXY/PX0PY1PZ9	6.0327617187500000e+03	9.2498976073139961e-10	1.6844124509957306e+10
/SS/SXY/PX0PY2PZ5	1.2471154785156250e+02	1.7604309014388531e-09	2.4011810082763133e+09
/SS/SXY/PX0PY2PZ6	3.9521289062500000e+02	2.5378493652190675e-09	3.0238888146595807e+09
/SS/SXY/PX0PY2PZ7	1.1999492187500000e+03	1.4227624545452314e-09	2.3305903760140448e+09
/SS/SXY/PX0PY2PZ8	2.4933945312500000e+03	6.0032996040474249e-09	8.2894646168752289e+08
/SS/SXY/PX0PY2PZ9	2.9426074218750000e+03	1.3521065569372821e-09	1.6488113863790953e+09
/SS/SXY/PX1PY-1PZ5	1.4909033203125000e+02	4.6392974338722593e-09	6.9872952737406158e+08
/SS/SXY/PX1PY-1PZ6	4.7852734375000000e+02	3.2568682148231328e-09	1.0212940577771894e+09
/SS/SXY/PX1PY-1PZ7	6.1825781250000000e+02	1.4102958966610527e-09	5.8483180874927692e+09
/SS/SXY/PX1PY-1PZ8	1.2162851562500000e+03	9.8660452051023784e-10	9.3860242559827156e+09
/SS/SXY/PX1PY-1PZ9	2.5818203125000000e+03	5.8777012986532810e-09	1.7036105207640398e+09
/SS/SXY/PX1PY-2PZ5	1.6094140625000000e+02	1.0996595916946174e-09	3.1788285547721291e+09
/SS/SXY/PX1PY-2PZ6	6.6542871093750000e+02	1.5434000375640929e-09	2.6762304115632038e+09
/SS/SXY/PX1PY-2PZ7	1.4489746093750000e+03	1.4155566585017419e-09	1.0486208112658409e+11
/SS/SXY/PX1PY-2PZ8	1.6349296875000000e+03	3.5521236883549189e-09	1.9486061281802471e+09
/SS/SXY/PX1PY-2PZ9	1.2793906250000000e+03	1.5589642108079136e-09	6.3693002067735863e+09
/SS/SXY/PX1PY0PZ5	6.3759521484375000e+01	7.3633312055629563e-10	1.3554305422590338e+10
/SS/SXY/PX1PY0PZ6	9.6698242187500000e+01	9.9000333068058212e-10	7.2910391068237906e+09
/SS/SXY/PX1PY0PZ7	7.6933203125000000e+02	1.4485388479945396e-09	6.1552709834109383e+09
/SS/SXY/PX1PY0PZ8	6.6349414062500000e+02	2.7656095770988899e-09	7.8000971541155033e+09
/SS/SXY/PX1PY0PZ9	2.3344843750000000e+03	2.1003001391231659e-09	4.2934037642839484e+11
/SS/SXY/PX1PY1PZ5	8.1469726562500000e+01	5.1681675205445988e-09	1.6828695046589032e+08
/SS/SXY/PX1PY1PZ6	2.7353320312500000e+02	3.5529409807147917e-09	2.2233211166540318e+09
/SS/SXY/PX1PY1PZ7	7.5441015625000000e+02	2.0696977836481184e-09	5.4876507280085773e+09
/SS/SXY/PX1PY1PZ8	1.1392656250000000e+03	1.1853734032438877e-09	1.5033370882115438e+10
/SS/SXY/PX1PY1PZ9	7.7337597656250000e+02	1.8511401980091404e-09	2.5242697343663039e+09
/SS/SXY/PX1PY2PZ5	8.3093994140625000e+01	1.2675272577500206e-09	2.7018035629318910e+09
/SS/SXY/PX1PY2PZ6	1.6401562500000000e+02	8.2008197803565306e-09	1.3689832099222583e+08
/SS/SXY/PX1PY2PZ7	3.2314843750000000e+02	4.8922943888743931e-09	2.6495338982949715e+09
/SS/SXY/PX1PY2PZ8	8.5380859375000000e+02	2.0862307514437366e-09	9.6709890554733391e+09
/SS/SXY/PX1PY2PZ9	6.0439257812500000e+02	8.4340411556194601e-10	1.2403336722002007e+10
/SS/SXY/PX2PY-1PZ5	2.6240234375000000e+01	1.2885217657145659e-09	1.3764398324701900e+09
/SS/SXY/PX2PY-1PZ6	1.5836132812500000e+02	1.2012019193565327e-09	4.7414782023792820e+09
/SS/SXY/PX2PY-1PZ7	5.5717578125000000e+02	3.9324534763879564e-09	1.0024690728677177e+09
/SS/SXY/PX2PY-1PZ8	1.1419843750000000e+03	1.3177243374064109e-09	1.4463400581666599e+10
/SS/SXY/PX2PY-1PZ9	1.6199804687500000e+03	2.7284455970043888e-09	1.2898821154235368e+09
/SS/SXY/PX2PY-2PZ5	2.1691097259521484e+01	1.8674970652909687e-09	1.4377804259191918e+09
/SS/SXY/PX2PY-2PZ6	8.4608398437500000e+01	1.0765393245854529e-09	1.7709426202220314e+09
/SS/SXY/PX2PY-2PZ7	3.0532617187500000e+02	1.4293610711899059e-09	3.6407265035231647e+09
/SS/SXY/PX2PY-2PZ8	4.2643554687500000e+02	6.9794534590350229e-10	7.1456049879364796e+09
/SS/SXY/PX2PY-2PZ9	3.5701953125000000e+02	4.9872111102626890e-09	1.2193970229864709e+09
/SS/SXY/PX2PY0PZ5	6.7534667968750000e+01	2.3091201861004433e-09	1.8177772470620294e+09
/SS/SXY/PX2PY0PZ6	2.2690429687500000e+02	1.9380448584514618e-09	1.1142225776099609e+10
/SS/SXY/PX2PY0PZ7	7.1501171875000000e+02	2.9439671320385948e-09	4.1498263316050544e+09
/SS/SXY/PX2PY0PZ8	1.7076328125000000e+03	5.1520997978126838e-09	1.8020195762185638e+09
/SS/SXY/PX2PY0PZ9	2.6317031250000000e+03	3.1749009524218981e-09	1.4841026057697792e+09
/SS/SXY/PX2PY1PZ5	2.9107116699218750e+01	1.7987122513661465e-09	1.4938406872924440e+09
/SS/SXY/PX2PY1PZ6	1.4250195312500000e+02	2.5691009041613137e-09	3.0849955674748955e+09
/SS/SXY/PX2PY1PZ7	6.5904687500000000e+02	1.1500918420289268e-09	7.8852584036298132e+09
/SS/SXY/PX2PY1PZ8	1.4010859375000000e+03	1.0916361282988622e-09	5.6059499661448412e+09
/SS/SXY/PX2PY1PZ9	2.0270273437500000e+03	4.4152541444877066e-09	7.2512462194255352e+08
/SS/SXY/PX2PY2PZ5	1.4319091796875000e+01	4.3509575390973080e-09	6.1959891815777564e+08
/SS/SXY/PX2PY2PZ6	6.1778808593750000e+01	4.1492812518716590e-09	1.1817744056302545e+09
/SS/SXY/PX2PY2PZ7	2.7626757812500000e+02	6.9682521738270621e-10	3.2915470435704417e+09
/SS/SXY/PX2PY2PZ8	3.5466406250000000e+02	1.1240541063118438e-09	7.5305999424743948e+09
/SS/SXY/PX2PY2PZ9	5.2129101562500000e+02	2.6427345832686933e-09	1.6459689243072424e+09
/SS/SXZ/PX-1PY-1PZ5	3.0001562500000000e+02	5.5712221064853809e-09	1.1187230899835131e+09
/SS/SXZ/PX-1PY-1PZ6	1.0706796875000000e+03	4.4439383125586102e-09	6.6157926933148849e+08
/SS/SXZ/PX-1PY-1PZ7	1.7027382812500000e+03	3.3300497546110154e-09	2.6481837024367399e+09
/SS/SXZ/PX-1PY-1PZ8	7.7964062500000000e+02	2.3280277706735600e-09	5.0181248236776915e+09
/SS/SXZ/PX-1PY-1PZ9	4.7528906250000000e+02	2.2482817956304922e-09	1.9651001221302765e+10
/SS/SXZ/PX-1PY-2PZ5	1.0437890625000000e+02	2.3525402097642210e-09	2.3500365138384109e+09
/SS/SXZ/PX-1PY-2PZ6	2.8863281250000000e+02	2.8251764204437892e-09	2.6375740437924562e+09
/SS/SXZ/PX-1PY-2PZ7	1.6714355468750000e+02	5.8780507650907682e-10	4.4778321608293715e+09
/SS/SXZ/PX-1PY-2PZ8	1.2056445312500000e+03	1.0328220023992402e-09	6.7224582943431625e+09
/SS/SXZ/PX-1PY-2PZ9	1.4762929687500000e+03	1.3745279477177872e-09	3.7023201574187551e+09
/SS/SXZ/PX-1PY0PZ5	4.1238183593750000e+02	1.8229304052108594e-09	2.6434666670252228e+09
/SS/SXZ/PX-1PY0PZ6	1.6701660156250000e+03	1.6586713228615036e-09	4.4991270715275698e+09
/SS/SXZ/PX-1PY0PZ7	3.9135546875000000e+03	5.8425630823170448e-10	2.7194635845375401e+10
/SS/SXZ/PX-1PY0PZ8	4.6944531250000000e+03	1.7015296810952209e-09	2.9371737378334637e+09
/SS/SXZ/PX-1PY0PZ9	2.5583515625000000e+03	7.8407561381029699e-10	1.8074516044560570e+10
/SS/SXZ/PX-1PY1PZ5	2.7035644531250000e+02	5.6945029394447267e-10	7.8331698137665081e+09
/SS/SXZ/PX-1PY1PZ6	1.1198320312500000e+03	1.6878139132972431e-09	7.5269602520351295e+09
/SS/SXZ/PX-1PY1PZ7	3.2082851562500000e+03	4.3237274569083101e-09	1.9775341538456879e+09
/SS/SXZ/PX-1PY1PZ8	5.6098515625000000e+03	1.4622197942715709e-09	1.0850462334991470e+10
/SS/SXZ/PX-1PY1PZ9	4.1771015625000000e+03	1.1206192403509050e-09	1.8972775413862442e+10
/SS/SXZ/PX-1PY2PZ5	1.1052465820312500e+02	1.6339464901696957e-09	3.3233142209894199e+09
/SS/SXZ/PX-1PY2PZ6	3.5092382812500000e+02	1.2904812591675057e-09	7.6987606033697805e+09
/SS/SXZ/PX-1PY2PZ7	7.7813085937500000e+02	2.1464013441216141e-09	5.4104712817226553e+09
/SS/SXZ/PX-1PY2PZ8	1.4538417968750000e+03	2.1625328393719178e-09	5.1082289592303247e+09
/SS/SXZ/PX-1PY2PZ9	2.1886523437500000e+03	2.7214453028117326e-09	3.2614270642182746e+09
/SS/SXZ/PX-2PY-1PZ5	1.1709472656250000e+02	1.2102577729450675e-09	1.1737500275820062e+09
/SS/SXZ/PX-2PY-1PZ6	3.7940429687500000e+02	1.1203871702204533e-09	7.4630815280822058e+09
/SS/SXZ/PX-2PY-1PZ7	5.8886718750000000e+02	1.5855618469561104e-09	6.2966941631479187e+09
/SS/SXZ/PX-2PY-1PZ8	1.8891748046875000e+02	1.3394194195773285e-09	5.7900420782699814e+09
/SS/SXZ/PX-2PY-1PZ9	6.9047265625000000e+02	2.0395331352566864e-09	4.1314999484835086e+09
/SS/SXZ/PX-2PY-2PZ5	3.7546875000000000e+01	2.4539853024803617e-09	8.8687311972081161e+08
/SS/SXZ/PX-2PY-2PZ6	8.5770507812500000e+01	2.0117792821873732e-09	2.0635744650550218e+09
/SS/SXZ/PX-2PY-2PZ7	1.7193725585937500e+02	7.7242274684042230e-10	1.1680348314285612e+09
/SS/SXZ/PX-2PY-2PZ8	6.9216796875000000e+02	5.9535124543431002e-10	8.7772421886333694e+09
/SS/SXZ/PX-2PY-2PZ9	1.0317851562500000e+03	8.3178404550469518e-10	2.1374575403256357e+09
/SS/SXZ/PX-2PY0PZ5	1.5997558593750000e+02	1.3648558071726178e-09	2.5519904487054210e+09
/SS/SXZ/PX-2PY0PZ6	6.1596679687500000e+02	1.0073577138860108e-09	6.7547448331936674e+09
/SS/SXZ/PX-2PY0PZ7	1.4513242187500000e+03	2.6188569020121864e-09	2.6039555478713951e+09
/SS/SXZ/PX-2PY0PZ8	1.7485625000000000e+03	1.0205147897455502e-09	9.6796736522880802e+09
/SS/SXZ/PX-2PY0PZ9	6.3824218750000000e+02	9.9486757759103465e-10	6.5181025508596375e+10
/SS/SXZ/PX-2PY1PZ5	9.7658691406250000e+01	1.1929413351618218e-09	1.8308055739911973e+09
/SS/SXZ/PX-2PY1PZ6	4.0776562500000000e+02	1.0130202208385283e-09	3.7617855114747214e+09
/SS/SXZ/PX-2PY1PZ7	1.1778125000000000e+03	1.3547528106580813e-09	1.6384240705024055e+10
/SS/SXZ/PX-2PY1PZ8	2.0055976562500000e+03	2.3469612530375482e-09	8.2332192997461443e+09
/SS/SXZ/PX-2PY1PZ9	1.3091015625000000e+03	1.0324052087429999e-09	6.0361912727674189e+09
/SS/SXZ/PX-2PY2PZ5	2.9478790283203125e+01	6.6129130997073481e-10	2.5239936079630942e+09
/SS/SXZ/PX-2PY2PZ6	8.8741210937500000e+01	2.2607768658829402e-09	1.7726461432783730e+09
/SS/SXZ/PX-2PY2PZ7	2.9394140625000000e+02	2.3064124189241004e-09	1.4180880652232316e+09
/SS/SXZ/PX-2PY2PZ8	7.3188574218750000e+02	3.2157370380379420e-09	2.1572019085266070e+09
/SS/SXZ/PX-2PY2PZ9	9.2746191406250000e+02	1.1705072470136758e-09	4.7548831542346153e+09
/SS/SXZ/PX0PY-1PZ5	3.9722460937500000e+02	1.5831693281762499e-09	1.9080938370162532e+09
/SS/SXZ/PX0PY-1PZ6	1.7177324218750000e+03	2.7003810678826395e-09	2.8342785598043962e+09
/SS/SXZ/PX0PY-1PZ7	3.0631992187500000e+03	8.5906080251535944e-10	1.3020036821479429e+10
/SS/SXZ/PX0PY-1PZ8	2.1870781250000000e+03	2.1197686518888123e-09	5.9154182101634922e+09
/SS/SXZ/PX0PY-1PZ9	7.2231250000000000e+02	1.3114079568143655e-09	8.6143160644202538e+09
/SS/SXZ/PX0PY-2PZ5	1.6791650390625000e+02	1.0596562057327356e-09	6.2951091115815248e+09
/SS/SXZ/PX0PY-2PZ6	6.0500195312500000e+02	1.6091685751059605e-09	3.3371044705999541e+09
/SS/SXZ/PX0PY-2PZ7	5.0486718750000000e+02	4.6391692702347754e-09	2.3488856749435263e+09
/SS/SXZ/PX0PY-2PZ8	8.7321875000000000e+02	1.0889369159025814e-09	1.8146203432182133e+10
/SS/SXZ/PX0PY-2PZ9	1.0009335937500000e+03	2.8029543254095643e-09	1.4275482523300021e+09
/SS/SXZ/PX0PY0PZ5	4.6580029296875000e+02	1.6211358108868824e-09	1.9646980591614747e+09
/SS/SXZ/PX0PY0PZ6	2.3720039062500000e+03	4.6536429507293584e-09	1.2250656432769444e+09
/SS/SXZ/PX0PY0PZ7	6.1217031250000000e+03	8.9040603439968023e-10	2.3785183156188942e+10
/SS/SXZ/PX0PY0PZ8	7.7024687500000000e+03	1.8035315296094528e-08	1.4233634869976640e+09
/SS/SXZ/PX0PY0PZ9	5.0413281250000000e+03	1.0219925425107006e-09	4.6557040190416431e+09
/SS/SXZ/PX0PY1PZ5	2.9093457031250000e+02	2.7939275393767900e-09	1.3098076810829277e+09
/SS/SXZ/PX0PY1PZ6	1.2174726562500000e+03	9.6894677916684857e-10	3.7612431807357798e+09
/SS/SXZ/PX0PY1PZ7	4.0635664062500000e+03	7.3950757945879469e-10	1.9509028484780964e+10
/SS/SXZ/PX0PY1PZ8	8.4962851562500000e+03	1.8817336686942903e-09	1.2774654737131147e+10
/SS/SXZ/PX0PY1PZ9	6.9313945312500000e+03	1.4972326604452923e-09	2.9643783135285397e+09
/SS/SXZ/PX0PY2PZ5	1.4242187500000000e+02	9.1000882769999836e-10	5.3764073227352591e+09
/SS/SXZ/PX0PY2PZ6	3.2572167968750000e+02	1.3897136111861136e-09	5.7035334838188772e+09
/SS/SXZ/PX0PY2PZ7	3.0627734375000000e+02	1.9863366393759558e-09	5.8628508983229485e+09
/SS/SXZ/PX0PY2PZ8	4.1009765625000000e+02	1.2737091487077057e-09	6.0032262622860699e+09
/SS/SXZ/PX0PY2PZ9	1.2141093750000000e+03	2.8373390240039630e-09	2.9164825269115696e+09
/SS/SXZ/PX1PY-1PZ5	2.3633093261718750e+02	1.5271958149641086e-09	5.0712657476723318e+09
/SS/SXZ/PX1PY-1PZ6	1.1036201171875000e+03	7.9691473608771778e-10	2.1576637395142235e+10
/SS/SXZ/PX1PY-1PZ7	1.8192734375000000e+03	3.0147214689849061e-09	1.3853061555241702e+09
/SS/SXZ/PX1PY-1PZ8	1.7220664062500000e+03	8.8525674083457081e-10	1.0710002592928960e+11
/SS/SXZ/PX1PY-1PZ9	1.8045000000000000e+03	1.1945486149482358e-09	2.5811731657926478e+09
/SS/SXZ/PX1PY-2PZ5	1.2835754394531250e+02	2.9255799572042759e-09	6.2862782211369777e+08
/SS/SXZ/PX1PY-2PZ6	5.2524121093750000e+02	5.7859410098458894e-09	9.7503635927296042e+08
/SS/SXZ/PX1PY-2PZ7	5.0222656250000000e+02	1.9287384136981478e-09	3.2558102735534811e+09
/SS/SXZ/PX1PY-2PZ8	4.2455273437500000e+02	2.0475439276289522e-09	3.9795157430017251e+08
/SS/SXZ/PX1PY-2PZ9	3.1650292968750000e+02	2.1151945260979448e-09	5.0712597117789516e+09
/SS/SXZ/PX1PY0PZ5	2.1508581542968750e+02	6.7390100671006186e-10	1.1896137445144499e+10
/SS/SXZ/PX1PY0PZ6	1.2187058105468750e+03	2.0052175940820979e-09	6.0776736357370032e+11
/SS/SXZ/PX1PY0PZ7	2.8656259765625000e+03	3.1334730856839836e-09	2.2066680825230241e+09
/SS/SXZ/PX1PY0PZ8	5.9478437500000000e+03	2.9917164191213459e-09	3.4168231975688300e+09
/SS/SXZ/PX1PY0PZ9	5.9497109375000000e+03	1.1418996236456825e-09	1.0482795883776134e+10
/SS/SXZ/PX1PY1PZ5	6.6918701171875000e+01	8.1147778888136318e-09	3.5701571746287870e+08
/SS/SXZ/PX1PY1PZ6	5.6746777343750000e+02	9.6324471292408322e-10	3.9500426836657376e+09
/SS/SXZ/PX1PY1PZ7	1.7814433593750000e+03	8.5236854209261551e-10	8.0239036356647997e+09
/SS/SXZ/PX1PY1PZ8	3.5815937500000000e+03	2.9803908264387927e-09	1.1218165925586721e+10
/SS/SXZ/PX1PY1PZ9	6.1726230468750000e+03	1.5849576249876776e-09	3.4817769067197790e+09
/SS/SXZ/PX1PY2PZ5	3.1014404296875000e+01	1.1792950281860794e-09	2.8792234756758075e+09
/SS/SXZ/PX1PY2PZ6	9.7260742187500000e+01	3.1287106035221204e-09	2.1709055580280485e+09
/SS/SXZ/PX1PY2PZ7	8.6727343750000000e+02	5.9319898579017932e-09	1.1015341824566457e+09
/SS/SXZ/PX1PY2PZ8	1.3624980468750000e+03	3.1395967259872338e-09	7.7555356610582495e+08
/SS/SXZ/PX1PY2PZ9	2.1356445312500000e+02	2.6513561238468939e-09	2.9766750951920915e+09
/SS/SXZ/PX2PY-1PZ5	2.0042480468750000e+01	3.5019237832594718e-09	7.2452210566160274e+08
/SS/SXZ/PX2PY-1PZ6	2.8511523437500000e+02	2.0469660498313346e-09	1.7329008636853242e+09
/SS/SXZ/PX2PY-1PZ7	1.2939189453125000e+03	1.1920859734369282e-09	3.5632894907888885e+09
/SS/SXZ/PX2PY-1PZ8	2.1067431640625000e+03	1.6867215066631040e-09	2.9578722008418341e+09
/SS/SXZ/PX2PY-1PZ9	1.0311269531250000e+03	5.0743357215036593e-09	1.6425013102489417e+09
/SS/SXZ/PX2PY-2PZ5	1.4203338623046875e+01	1.2184071512700736e-09	1.4278790022734182e+09
/SS/SXZ/PX2PY-2PZ6	1.1954327392578125e+02	2.1106800877373163e-09	3.4617859349893889e+09
/SS/SXZ/PX2PY-2PZ7	5.1892114257812500e+02	1.0078254546809876e-09	5.5707329587422600e+09
/SS/SXZ/PX2PY-2PZ8	5.1381762695312500e+02	6.9374173194373731e-10	5.4490527475344706e+09
/SS/SXZ/PX2PY-2PZ9	1.7556054687500000e+02	2.0872653188949059e-09	9.5203675053364110e+08
/SS/SXZ/PX2PY0PZ5	2.4828857421875000e+01	3.2861522756660936e-09	5.3420403920723379e+08
/SS/SXZ/PX2PY0PZ6	3.4451464843750000e+02	8.6095600890469727e-10	3.2207919537403321e+09
/SS/SXZ/PX2PY0PZ7	1.7817031250000000e+03	4.6050268745251491e-09	3.0365183725609021e+09
/SS/SXZ/PX2PY0PZ8	3.4742460937500000e+03	9.7632151262706245e-10	8.0294326035491724e+09
/SS/SXZ/PX2PY0PZ9	2.7007871093750000e+03	1.2760596441129692e-09	7.3810867206510162e+09
/SS/SXZ/PX2PY1PZ5	2.0512695312500000e+01	2.2905745929931057e-09	2.5884488568521476e+09
/SS/SXZ/PX2PY1PZ6	2.6020898437500000e+02	9.1451371903672357e-10	9.6483175368279381e+09
/SS/SXZ/PX2PY1PZ7	1.3933066406250000e+03	2.0577443867402651e-09	1.9382492139573712e+09
/SS/SXZ/PX2PY1PZ8	2.5372548828125000e+03	2.3138445868334144e-09	3.9756742697842078e+09
/SS/SXZ/PX2PY1PZ9	1.6983388671875000e+03	2.5579628776373002e-09	2.2197308083247237e+09
/SS/SXZ/PX2PY2PZ5	9.1474609375000000e+00	8.7070015418242923e-10	1.5697414036491272e+09
/SS/SXZ/PX2PY2PZ6	9.5539550781250000e+01	9.5192550566200399e-10	5.3643349080109177e+09
/SS/SXZ/PX2PY2PZ7	6.0254296875000000e+02	1.0183799597060924e-09	4.5509889320981331e+09
/SS/SXZ/PX2PY2PZ8	1.1076220703125000e+03	1.9295551540022044e-09	2.5675334527199211e+09
/SS/SXZ/PX2PY2PZ9	1.1382153320312500e+02	1.8284537669959832e-09	1.4954683777618711e+09
/SS/SYT/PX-1PY-1PZ5	1.4623779296875000e+02	2.4671640094876310e-09	1.0785568523607426e+09
/SS/SYT/PX-1PY-1PZ6	7.8404882812500000e+02	3.1324857703077494e-09	1.9743435180035100e+09
/SS/SYT/PX-1PY-1PZ7	2.7409179687500000e+02	9.7251109263519610e-10	8.9380926576767063e+09
/SS/SYT/PX-1PY-1PZ8	2.0511171875000000e+03	1.1843830065067933e-09	8.8077692560137482e+09
/SS/SYT/PX-1PY-1PZ9	4.0596250000000000e+03	1.6787430094091597e-09	6.8502863367635965e+09
/SS/SYT/PX-1PY-2PZ5	9.8653564453125000e+01	2.0564641845396418e-09	2.1684021651106524e+09
/SS/SYT/PX-1PY-2PZ6	3.3846191406250000e+02	1.3623156078755270e-09	1.5060793669638960e+09
/SS/SYT/PX-1PY-2PZ7	8.7301562500000000e+02	4.2564780849110043e-09	6.9739790307812250e+08
/SS/SYT/PX-1PY-2PZ8	3.9419921875000000e+02	1.2116663702924666e-09	7.4256440266347179e+09
/SS/SYT/PX-1PY-2PZ9	1.5716054687500000e+03	3.0853190252817319e-09	1.5570518090294580e+09
/SS/SYT/PX-1PY0PZ5	1.3868945312500000e+02	2.4075072967293924e-09	4.4210979320667210e+09
/SS/SYT/PX-1PY0PZ6	9.0961621093750000e+02	2.9619020702527415e-09	4.8571308308362427e+09
/SS/SYT/PX-1PY0PZ7	6.3239062500000000e+02	8.1895872263885145e-10	8.6561310813107681e+09
/SS/SYT/PX-1PY0PZ8	3.4723437500000000e+03	1.0581673286818604e-09	1.7961978414810265e+10
/SS/SYT/PX-1PY0PZ9	4.5805312500000000e+03	5.2589213040165102e-09	3.1063401771537452e+09
/SS/SYT/PX-1PY1PZ5	7.0810180664062500e+01	1.4183179452541123e-09	3.7574329633912435e+09
/SS/SYT/PX-1PY1PZ6	5.3582275390625000e+02	1.9022359689334245e-09	3.8323037721453624e+09
/SS/SYT/PX-1PY1PZ7	1.2278554687500000e+03	1.8951723973290856e-09	7.0235961131889839e+09
/SS/SYT/PX-1PY1PZ8	3.8176953125000000e+03	1.1285924551119070e-09	9.6177962620406494e+09
/SS/SYT/PX-1PY1PZ9	4.0209296875000000e+03	1.2530130014217043e-08	4.7484339584666276e+08
/SS/SYT/PX-1PY2PZ5	4.7994140625000000e+01	1.3768054918515446e-09	2.4306552502743301e+09
/SS/SYT/PX-1PY2PZ6	1.3927026367187500e+02	1.2127674204251128e-09	3.4132423719607363e+09
/SS/SYT/PX-1PY2PZ7	1.1577265625000000e+03	5.8310948562457094e-10	9.7006873402462559e+09
/SS/SYT/PX-1PY2PZ8	2.0095039062500000e+03	1.2099088383430216e-09	1.4523870559335026e+10
/SS/SYT/PX-1PY2PZ9	2.2429453125000000e+03	7.2353282863602609e-10	1.4136848057899971e+10
/SS/SYT/PX-2PY-1PZ5	1.2942041015625000e+02	1.2985340421846068e-09	1.8810323297405465e+09
/SS/SYT/PX-2PY-1PZ6	5.3915673828125000e+02	2.6428603942997911e-09	1.5848732987429786e+09
/SS/SYT/PX-2PY-1PZ7	1.2380957031250000e+02	1.5305502052359353e-09	3.8602015091402326e+09
/SS/SYT/PX-2PY-1PZ8	7.9836328125000000e+02	3.9454327142948470e-09	2.0210057009258482e+09
/SS/SYT/PX-2PY-1PZ9	1.6099062500000000e+03	1.2397003307113021e-09	4.9140315798832369e+09
/SS/SYT/PX-2PY-2PZ5	8.7776733398437500e+01	2.0961096995170738e-09	7.9860163473304927e+08
/SS/SYT/PX-2PY-2PZ6	4.2898229980468750e+02	6.9280219367000254e-10	4.7205173690182371e+09
/SS/SYT/PX-2PY-2PZ7	3.0635449218750000e+02	2.7944845153664365e-09	6.9390034901063242e+09
/SS/SYT/PX-2PY-2PZ8	1.5735058593750000e+02	1.5004585021429991e-09	2.9395375224931164e+09
/SS/SYT/PX-2PY-2PZ9	6.4260546875000000e+02	1.1909282383322907e-09	4.8901736275039320e+09
/SS/SYT/PX-2PY0PZ5	9.5410156250000000e+01	1.1001317466830406e-09	4.9261383331251392e+09
/SS/SYT/PX-2PY0PZ6	2.9831347656250000e+02	1.0240087029907013e-09	5.4806014387094316e+09
/SS/SYT/PX-2PY0PZ7	6.1200878906250000e+02	3.1809530269034162e-09	2.6233251606786361e+09
/SS/SYT/PX-2PY0PZ8	1.5921015625000000e+03	1.6132640435930983e-09	2.3544531602168002e+09
/SS/SYT/PX-2PY0PZ9	1.9885273437500000e+03	1.7883447812703617e-09	6.1770737872208958e+09
/SS/SYT/PX-2PY1PZ5	6.6189697265625000e+01	1.6551196448506727e-09	2.8948151890875378e+09
/SS/SYT/PX-2PY1PZ6	4.4687548828125000e+02	1.9195716805270491e-09	2.8634846528533978e+09
/SS/SYT/PX-2PY1PZ7	1.2177890625000000e+03	9.1070799415832678e-10	8.6095541548071136e+09
/SS/SYT/PX-2PY1PZ8	1.5070625000000000e+03	9.9995948689654793e-10	4.4166055890295067e+09
/SS/SYT/PX-2PY1PZ9	1.3699375000000000e+03	9.1114019231766135e-09	4.5553817167101049e+08
/SS/SYT/PX-2PY2PZ5	2.1177795410156250e+01	1.9606175638489774e-09	5.2973823830201966e+08
/SS/SYT/PX-2PY2PZ6	9.9313964843750000e+01	1.6855569264048775e-09	3.7738271773707967e+09
/SS/SYT/PX-2PY2PZ7	2.5840527343750000e+02	2.6708003136281579e-09	2.1184772840642748e+09
/SS/SYT/PX-2PY2PZ8	2.7664648437500000e+02	1.5819072980182220e-09	2.4677057625035062e+09
/SS/SYT/PX-2PY2PZ9	1.3413891601562500e+02	1.3225251647159853e-09	5.0778307928677359e+09
/SS/SYT/PX0PY-1PZ5	1.7022192382812500e+02	4.5595955719362666e-09	2.5826296733059855e+09
/SS/SYT/PX0PY-1PZ6	6.1057226562500000e+02	1.2799414079221948e-09	6.5189320681660032e+09
/SS/SYT/PX0PY-1PZ7	2.6319238281250000e+02	1.1612296687959442e-09	1.1891050721103619e+10
/SS/SYT/PX0PY-1PZ8	3.3844609375000000e+03	1.0076021577344634e-09	1.5218188402159201e+10
/SS/SYT/PX0PY-1PZ9	6.5032148437500000e+03	2.0591567212751568e-09	4.3806879671125755e+09
/SS/SYT/PX0PY-2PZ5	7.0018066406250000e+01	1.4595812783451162e-09	2.7499965886982861e+09
/SS/SYT/PX0PY-2PZ6	4.1753320312500000e+02	1.1884314245202539e-09	3.1794206776842084e+09
/SS/SYT/PX0PY-2PZ7	9.3353125000000000e+02	1.7032366037898752e-09	5.5416223320013695e+09
/SS/SYT/PX0PY-2PZ8	5.9898022460937500e+02	2.0368099403745675e-09	1.0266956242195318e+10
/SS/SYT/PX0PY-2PZ9	1.6630898437500000e+03	1.4091851676469670e-09	3.2300819411171012e+09
/SS/SYT/PX0PY0PZ5	4.7345361328125000e+02	2.3898060598371053e-09	3.0087454494508600e+09
/SS/SYT/PX0PY0PZ6	2.1548164062500000e+03	1.3693247888623568e-09	1.0710426031802628e+10
/SS/SYT/PX0PY0PZ7	2.2646640625000000e+03	1.0800532702998979e-09	1.5986701307923716e+10
/SS/SYT/PX0PY0PZ8	3.0606093750000000e+03	2.3806662853367966e-09	3.4533509941739202e+09
/SS/SYT/PX0PY0PZ9	5.5060312500000000e+03	1.8806609088391266e-09	1.2479221940107788e+10
/SS/SYT/PX0PY1PZ5	3.4911035156250000e+02	3.0348963464225522e-09	1.9490431604517250e+09
/SS/SYT/PX0PY1PZ6	1.9909238281250000e+03	9.3585950337264444e-10	3.9818644664369726e+09
/SS/SYT/PX0PY1PZ7	3.0560546875000000e+03	1.1979925864649335e-09	1.3156047265853544e+10
/SS/SYT/PX0PY1PZ8	1.7613515625000000e+03	9.1745593469628434e-10	8.0142240017996817e+09
/SS/SYT/PX0PY1PZ9	2.9144296875000000e+03	1.3794575625455416e-09	1.3362402404142355e+10
/SS/SYT/PX0PY2PZ5	1.2011328125000000e+02	4.4260066770240029e-09	9.1675015881232429e+08
/SS/SYT/PX0PY2PZ6	8.1975488281250000e+02	1.6563696440972675e-09	3.3533685072636761e+10
/SS/SYT/PX0PY2PZ7	1.9859106445312500e+03	2.5468198328566455e-09	3.6996506817515721e+09
/SS/SYT/PX0PY2PZ8	3.1470585937500000e+03	2.6726377234222991e-09	9.0241915843353009e+08
/SS/SYT/PX0PY2PZ9	3.0984101562500000e+03	4.1033611409055277e-09	2.2310195245314116e+09
/SS/SYT/PX1PY-1PZ5	1.3878710937500000e+02	2.0966914344359476e-09	1.7699894875375462e+09
/SS/SYT/PX1PY-1PZ6	1.7300585937500000e+02	1.4454439375571676e-09	3.4948759028431730e+09
/SS/SYT/PX1PY-1PZ7	5.0558593750000000e+02	1.5277786892560896e-09	2.0036658522789719e+10
/SS/SYT/PX1PY-1PZ8	2.9379062500000000e+03	7.3107751354043166e-09	1.8515170821970093e+09
/SS/SYT/PX1PY-1PZ9	3.1118554687500000e+02	1.8265370362701289e-09	1.0916746733391813e+10
/SS/SYT/PX1PY-2PZ5	1.7214270019531250e+02	1.3537624406795944e-09	1.7263475735448804e+09
/SS/SYT/PX1PY-2PZ6	2.0322363281250000e+02	1.0646564010793839e-09	7.8157236195902233e+09
/SS/SYT/PX1PY-2PZ7	2.8891406250000000e+02	9.6732160872820532e-10	5.6508619049035635e+09
/SS/SYT/PX1PY-2PZ8	5.1846899414062500e+02	1.2106000260314083e-09	5.7137072305248899e+09
/SS/SYT/PX1PY-2PZ9	1.5491582031250000e+03	1.0431800131644596e-09	3.0406753943847342e+09
/SS/SYT/PX1PY0PZ5	1.5224218750000000e+02	1.4949138271794176e-09	2.6437439713778410e+09
/SS/SYT/PX1PY0PZ6	9.9992578125000000e+02	3.2581432123833953e-09	1.9452838618262753e+09
/SS/SYT/PX1PY0PZ7	2.4460156250000000e+03	1.8366063562398874e-09	1.3467639688272200e+10
/SS/SYT/PX1PY0PZ8	1.5783320312500000e+03	1.5120120537125595e-09	1.4499676123627209e+10
/SS/SYT/PX1PY0PZ9	2.6739179687500000e+03	1.1856821069088137e-09	1.6379497795827515e+10
/SS/SYT/PX1PY1PZ5	2.7579541015625000e+02	4.1499848933204910e-09	7.1012723848541403e+08
/SS/SYT/PX1PY1PZ6	1.5603613281250000e+03	1.3792859532373379e-09	1.1821118543634920e+10
/SS/SYT/PX1PY1PZ7	4.3644375000000000e+03	2.7692643402272148e-09	4.5917125471010246e+09
/SS/SYT/PX1PY1PZ8	5.9231992187500000e+03	2.4011559650396196e-09	7.1909994546153860e+09
/SS/SYT/PX1PY1PZ9	5.5532773437500000e+03	1.4301739162320142e-09	4.0566669200178771e+09
/SS/SYT/PX1PY2PZ5	1.8628393554687500e+02	2.6200048143105777e-09	8.5889430051727343e+08
/SS/SYT/PX1PY2PZ6	1.0251015625000000e+03	1.1534178078829401e-09	5.5048821746634588e+09
/SS/SYT/PX1PY2PZ7	3.0237519531250000e+03	4.0915498729412057e-09	6.8659244428206444e+08
/SS/SYT/PX1PY2PZ8	4.7381484375000000e+03	3.7011497458976276e-09	1.4555772348286514e+09
/SS/SYT/PX1PY2PZ9	4.2645449218750000e+03	6.2836849779427224e-10	2.5257202726742645e+10
/SS/SYT/PX2PY-1PZ5	1.8318994140625000e+02	2.1177871016596476e-09	8.5539411812262189e+08
/SS/SYT/PX2PY-1PZ6	3.4922753906250000e+02	2.1250827606818584e-09	1.9049869688072331e+09
/SS/SYT/PX2PY-1PZ7	4.4845898437500000e+02	1.0338078397844573e-09	9.7975095837243404e+09
/SS/SYT/PX2PY-1PZ8	7.7010595703125000e+02	3.1592926629526419e-09	1.5375091653534157e+09
/SS/SYT/PX2PY-1PZ9	2.6339375000000000e+03	1.1408097473083750e-09	5.8062745806426620e+09
/SS/SYT/PX2PY-2PZ5	1.3592883300781250e+02	1.2704751681158982e-09	2.7433797966508231e+09
/SS/SYT/PX2PY-2PZ6	3.2589794921875000e+02	9.0010878971002997e-10	3.5864441966630597e+09
/SS/SYT/PX2PY-2PZ7	3.4332421875000000e+02	8.0584089056755655e-10	9.4669491718320293e+09
/SS/SYT/PX2PY-2PZ8	8.1152929687500000e+02	9.9577959786750349e-10	4.9514486333015966e+09
/SS/SYT/PX2PY-2PZ9	1.8291601562500000e+03	2.0605891680353121e-09	1.6894338380745568e+09
/SS/SYT/PX2PY0PZ5	9.2802612304687500e+01	1.8604044856522147e-09	1.5083653957770889e+09
/SS/SYT/PX2PY0PZ6	2.4390039062500000e+02	1.6388557643422857e-09	3.5686628097732153e+09
/SS/SYT/PX2PY0PZ7	1.5011445312500000e+03	1.5658729072553668e-09	7.2177963023850250e+09
/SS/SYT/PX2PY0PZ8	2.8974921875000000e+03	1.0390699400792331e-09	4.3951918164810448e+09
/SS/SYT/PX2PY0PZ9	3.0344687500000000e+03	8.1645345473704052e-10	9.0918786123769855e+09
/SS/SYT/PX2PY1PZ5	6.5050781250000000e+01	1.2495833391294641e-09	3.6955185502862682e+09
/SS/SYT/PX2PY1PZ6	7.3755468750000000e+02	1.1125488081187253e-08	6.2277594743034053e+08
/SS/SYT/PX2PY1PZ7	2.7478300781250000e+03	1.2608288982285116e-09	1.1104125603586937e+10
/SS/SYT/PX2PY1PZ8	4.2052187500000000e+03	1.1783768732542017e-09	4.7304226549820890e+09
/SS/SYT/PX2PY1PZ9	3.2152734375000000e+03	9.5076476006875984e-10	6.1804950162878561e+09
/SS/SYT/PX2PY2PZ5	9.1611206054687500e+01	9.3194894618792900e-10	4.4531621592254715e+09
/SS/SYT/PX2PY2PZ6	6.0250195312500000e+02	1.9936928399650667e-09	6.5961032249281394e+08
/SS/SYT/PX2PY2PZ7	1.8091738281250000e+03	1.1227658891427372e-09	1.5788641632848322e+09
/SS/SYT/PX2PY2PZ8	2.3605898437500000e+03	1.3480467526903350e-09	3.1865575426783605e+09
/SS/SYT/PX2PY2PZ9	1.8707695312500000e+03	1.3639898148352759e-09	3.4988956842418969e+08
/SS/SYZ/PX-1PY-1PZ5	1.3567596435546875e+02	2.9507400420547194e-09	1.3825438093291118e+09
/SS/SYZ/PX-1PY-1PZ6	7.0766406250000000e+02	3.6000550999250320e-09	1.7129742517506790e+09
/SS/SYZ/PX-1PY-1PZ7	1.8207812500000000e+03	1.4823361250837296e-09	1.8965346361170757e+10
/SS/SYZ/PX-1PY-1PZ8	2.2210312500000000e+03	5.2012200084044573e-09	9.8756302113538563e+08
/SS/SYZ/PX-1PY-1PZ9	7.5190429687500000e+02	1.3496328931728178e-09	1.0037470088392084e+10
/SS/SYZ/PX-1PY-2PZ5	1.5065673828125000e+02	7.8230274035867151e-09	3.8019721503218204e+08
/SS/SYZ/PX-1PY-2PZ6	4.5712695312500000e+02	2.1291158262938231e-09	1.5581132383441181e+09
/SS/SYZ/PX-1PY-2PZ7	7.5937500000000000e+02	9.1588820034413358e-10	4.1489787357717009e+09
/SS/SYZ/PX-1PY-2PZ8	5.0911718750000000e+02	9.8150527700942374e-10	1.6245579253246973e+10
/SS/SYZ/PX-1PY-2PZ9	4.6237207031250000e+02	3.6786214182620199e-09	1.1184803342565415e+09
/SS/SYZ/PX-1PY0PZ5	6.9194580078125000e+01	1.2744226473025200e-09	2.0224972640145712e+09
/SS/SYZ/PX-1PY0PZ6	3.8897656250000000e+02	7.4244469446526481e-09	1.1395179324528303e+09
/SS/SYZ/PX-1PY0PZ7	1.4727031250000000e+03	2.4197621262600725e-09	5.8085251693296919e+09
/SS/SYZ/PX-1PY0PZ8	2.1944375000000000e+03	9.4424142096548186e-10	1.2591748339838268e+10
/SS/SYZ/PX-1PY0PZ9	1.0940937500000000e+03	5.4004783516170908e-09	2.1772772124648261e+09
/SS/SYZ/PX-1PY1PZ5	4.2764404296875000e+01	1.6603592603134903e-09	4.3579091936330357e+09
/SS/SYZ/PX-1PY1PZ6	1.5757812500000000e+02	7.8362419931347134e-10	1.3411374514166023e+10
/SS/SYZ/PX-1PY1PZ7	4.9612988281250000e+02	1.3809284290829282e-09	9.3895587350322704e+09
/SS/SYZ/PX-1PY1PZ8	6.7230664062500000e+02	1.0299325287363276e-09	5.9862678684823027e+09
/SS/SYZ/PX-1PY1PZ9	5.7869921875000000e+02	3.6807761959591406e-09	4.0117162368435721e+09
/SS/SYZ/PX-1PY2PZ5	7.5295898437500000e+01	1.2622081184260536e-09	2.7114916351362662e+09
/SS/SYZ/PX-1PY2PZ6	8.5220214843750000e+01	1.6446301996590632e-09	3.2606982202788553e+09
/SS/SYZ/PX-1PY2PZ7	4.1324218750000000e+02	1.1446671403789947e-09	7.8178894401817570e+09
/SS/SYZ/PX-1PY2PZ8	1.1167812500000000e+03	1.0059080995605224e-09	1.5704601818332525e+10
/SS/SYZ/PX-1PY2PZ9	1.0776484375000000e+03	1.5245991992171658e-09	4.9490862692476645e+09
/SS/SYZ/PX-2PY-1PZ5	1.0929589843750000e+02	1.2105741899932528e-09	2.9044673643242865e+09
/SS/SYZ/PX-2PY-1PZ6	4.4868554687500000e+02	1.1252496992631336e-09	6.9752008163071718e+09
/SS/SYZ/PX-2PY-1PZ7	1.1278984375000000e+03	1.3153269298336451e-09	3.9067048913786874e+09
/SS/SYZ/PX-2PY-1PZ8	1.4689218750000000e+03	4.1546272382709628e-09	6.7026686560321159e+09
/SS/SYZ/PX-2PY-1PZ9	5.1326562500000000e+02	3.3309109820908953e-09	2.4741582612773614e+09
/SS/SYZ/PX-2PY-2PZ5	8.6059326171875000e+01	1.0582854466565162e-09	6.4881069028457129e+08
/SS/SYZ/PX-2PY-2PZ6	2.8810351562500000e+02	2.8257394626181857e-09	8.1211218444608223e+08
/SS/SYZ/PX-2PY-2PZ7	5.8793945312500000e+02	1.8361631787248906e-09	2.1498396251495261e+09
/SS/SYZ/PX-2PY-2PZ8	6.0831640625000000e+02	2.1668217458058414e-09	1.0158813242861551e+09
/SS/SYZ/PX-2PY-2PZ9	2.3092919921875000e+02	1.4398798097181866e-09	3.8185836546444864e+09
/SS/SYZ/PX-2PY0PZ5	4.1093750000000000e+01	2.5593602540094766e-09	1.3266731843150845e+09
/SS/SYZ/PX-2PY0PZ6	2.7726367187500000e+02	1.6258902621495963e-09	2.2715357292211962e+09
/SS/SYZ/PX-2PY0PZ7	8.2910156250000000e+02	4.6175283246808102e-09	2.7778670917122307e+09
/SS/SYZ/PX-2PY0PZ8	1.0792421875000000e+03	8.6926738347003482e-10	6.1348880529073219e+09
/SS/SYZ/PX-2PY0PZ9	3.0098437500000000e+02	1.4129526016688447e-09	2.0812699686332364e+09
/SS/SYZ/PX-2PY1PZ5	3.7619079589843750e+01	7.9852042029075456e-10	3.2203587666975722e+09
/SS/SYZ/PX-2PY1PZ6	9.1181884765625000e+01	2.1260992391968836e-09	3.4930988666548967e+09
/SS/SYZ/PX-2PY1PZ7	1.7298144531250000e+02	1.9228439409338841e-09	6.0600079703763037e+09
/SS/SYZ/PX-2PY1PZ8	3.7285937500000000e+02	8.4953246652141767e-10	1.0598835686718699e+10
/SS/SYZ/PX-2PY1PZ9	7.0850781250000000e+02	1.4840570300721994e-09	7.0550037575541267e+09
/SS/SYZ/PX-2PY2PZ5	3.8580810546875000e+01	2.4441598678780902e-09	6.3598429616269600e+08
/SS/SYZ/PX-2PY2PZ6	4.5348083496093750e+01	1.9589846790387081e-09	7.8561921634439969e+08
/SS/SYZ/PX-2PY2PZ7	2.7886914062500000e+02	1.1832421798835445e-09	3.9601860743333273e+09
/SS/SYZ/PX-2PY2PZ8	7.9648046875000000e+02	4.5998287092317888e-09	1.3918643401367416e+09
/SS/SYZ/PX-2PY2PZ9	9.4002734375000000e+02	1.4808251996424426e-09	2.6986318121813622e+09
/SS/SYZ/PX0PY-1PZ5	7.6165649414062500e+01	1.8453959646434673e-09	3.1168735458415918e+09
/SS/SYZ/PX0PY-1PZ6	4.4065625000000000e+02	3.7421749844868067e-09	2.7301735970686960e+09
/SS/SYZ/PX0PY-1PZ7	1.2947343750000000e+03	1.0151797850999323e-09	1.6050665864897537e+10
/SS/SYZ/PX0PY-1PZ8	1.2827187500000000e+03	1.3970010766504904e-09	1.9560884160826508e+10
/SS/SYZ/PX0PY-1PZ9	8.7602539062500000e+02	1.8337899265116018e-09	1.4623987944114212e+10
/SS/SYZ/PX0PY-2PZ5	9.6239257812500000e+01	1.0722259882210034e-09	4.2463641174021096e+09
/SS/SYZ/PX0PY-2PZ6	2.7022851562500000e+02	3.2307781831791107e-09	9.5286708144192946e+08
/SS/SYZ/PX0PY-2PZ7	1.9624121093750000e+02	1.1335917296052742e-08	5.7452398227393949e+08
/SS/SYZ/PX0PY-2PZ8	6.2382812500000000e+02	1.6566849781320541e-09	5.7492795028703260e+09
/SS/SYZ/PX0PY-2PZ9	1.4620937500000000e+03	1.7400403175722717e-09	4.0784797876899610e+09
/SS/SYZ/PX0PY0PZ5	1.2244140625000000e+02	2.0935397811921898e-09	1.8501243357375963e+09
/SS/SYZ/PX0PY0PZ6	3.6135937500000000e+02	2.0994560665052994e-09	4.2168908470442286e+09
/SS/SYZ/PX0PY0PZ7	1.4987343750000000e+03	3.6794591151986899e-09	2.5299025246719165e+09
/SS/SYZ/PX0PY0PZ8	2.5081562500000000e+03	1.7249702894702493e-09	1.6584079386524467e+10
/SS/SYZ/PX0PY0PZ9	1.6632500000000000e+03	1.2836733823084836e-09	2.0289778273959404e+10
/SS/SYZ/PX0PY1PZ5	3.6382568359375000e+01	2.1808630457894137e-09	3.5152876151044703e+09
/SS/SYZ/PX0PY1PZ6	2.7923535156250000e+02	3.8921761704493177e-09	3.9046020719174924e+09
/SS/SYZ/PX0PY1PZ7	7.6679882812500000e+02	9.3572689631754750e-10	2.2083294689522820e+10
/SS/SYZ/PX0PY1PZ8	1.1591562500000000e+03	1.1421273537500362e-09	1.7333935292334019e+10
/SS/SYZ/PX0PY1PZ9	1.4078437500000000e+03	9.8258992265300280e-10	1.3397976528230806e+10
/SS/SYZ/PX0PY2PZ5	8.5306640625000000e+01	1.4816885330005205e-09	2.6755717976643443e+09
/SS/SYZ/PX0PY2PZ6	1.3535546875000000e+02	2.0014107232366414e-09	5.0701679951253881e+09
/SS/SYZ/PX0PY2PZ7	3.2296777343750000e+02	4.9595636813787583e-09	9.0361507493752754e+08
/SS/SYZ/PX0PY2PZ8	5.5357031250000000e+02	1.7729799089881123e-09	1.1721552897442327e+10
/SS/SYZ/PX0PY2PZ9	5.0214453125000000e+02	1.8485266237640652e-09	1.2920510319446518e+10
/SS/SYZ/PX1PY-1PZ5	9.4325195312500000e+01	1.0920091529235834e-09	3.4910532096289406e+09
/SS/SYZ/PX1PY-1PZ6	2.2188427734375000e+02	7.6041785746077123e-10	1.4697760153344236e+10
/SS/SYZ/PX1PY-1PZ7	6.7900390625000000e+02	1.8858300914833847e-09	2.8576055067045574e+09
/SS/SYZ/PX1PY-1PZ8	9.7071289062500000e+02	5.8324902929203798e-10	3.2591591541459198e+10
/SS/SYZ/PX1PY-1PZ9	9.2214062500000000e+02	1.6883541874439111e-09	4.7908545177625751e+09
/SS/SYZ/PX1PY-2PZ5	4.0737243652343750e+01	6.6531257927291474e-09	7.6804607480184793e+08
/SS/SYZ/PX1PY-2PZ6	5.7672363281250000e+01	1.3767439577800925e-09	1.5021205304474840e+09
/SS/SYZ/PX1PY-2PZ7	3.3054394531250000e+02	9.7058609699478361e-10	1.2034550361604512e+09
/SS/SYZ/PX1PY-2PZ8	1.1585312500000000e+03	6.6680926361188488e-10	1.0745652108146544e+10
/SS/SYZ/PX1PY-2PZ9	1.7838125000000000e+03	6.7448352470839185e-09	1.0960838517246537e+09
/SS/SYZ/PX1PY0PZ5	1.5592773437500000e+02	2.5302544729351345e-09	2.8993491050151024e+09
/SS/SYZ/PX1PY0PZ6	4.1264843750000000e+02	7.9893268171063845e-10	2.2820377054552811e+10
/SS/SYZ/PX1PY0PZ7	1.1479531250000000e+03	1.2881999370046544e-09	3.9148713865358806e+09
/SS/SYZ/PX1PY0PZ8	2.1714062500000000e+03	1.8395271404653094e-09	8.6074600166160221e+09
/SS/SYZ/PX1PY0PZ9	1.6545312500000000e+03	1.0755680742346446e-09	2.3097599363003098e+10
/SS/SYZ/PX1PY1PZ5	8.3162109375000000e+01	1.4527310464936148e-09	1.1600630307170832e+09
/SS/SYZ/PX1PY1PZ6	3.0416699218750000e+02	9.1796951246749846e-10	7.4599703246712236e+09
/SS/SYZ/PX1PY1PZ7	7.0778125000000000e+02	1.5543304546838625e-09	3.5935475014184909e+09
/SS/SYZ/PX1PY1PZ8	1.7237031250000000e+03	8.5462530192183631e-10	8.8536698655739746e+09
/SS/SYZ/PX1PY1PZ9	2.4208281250000000e+03	2.5629334406684620e-09	3.7248049826134214e+09
/SS/SYZ/PX1PY2PZ5	3.4373046875000000e+01	1.1274011264806010e-09	1.6504521278450069e+09
/SS/SYZ/PX1PY2PZ6	1.0508251953125000e+02	7.4390378783400173e-10	8.4760280201484766e+09
/SS/SYZ/PX1PY2PZ7	2.6855664062500000e+02	1.7590131212850989e-09	4.0772794265268397e+09
/SS/SYZ/PX1PY2PZ8	4.3559472656250000e+02	1.3231426881220990e-09	9.9682930830040932e+09
/SS/SYZ/PX1PY2PZ9	1.0238203125000000e+03	7.0031983092102676e-09	2.0782469333959523e+08
/SS/SYZ/PX2PY-1PZ5	8.4708984375000000e+01	1.2942675889222245e-09	6.4193152729255188e+08
/SS/SYZ/PX2PY-1PZ6	1.2308032226562500e+02	7.9287509217850950e-10	8.5440584702218971e+09
/SS/SYZ/PX2PY-1PZ7	3.3614843750000000e+02	9.0288285942229573e-10	8.7988218372037678e+09
/SS/SYZ/PX2PY-1PZ8	4.9847656250000000e+02	1.2860258843866368e-09	3.8746225229335270e+09
/SS/SYZ/PX2PY-1PZ9	5.7282031250000000e+02	1.8621495276745664e-09	4.0827654658201156e+09
/SS/SYZ/PX2PY-2PZ5	3.2207641601562500e+01	2.3284961944234105e-09	6.0434037802295411e+08
/SS/SYZ/PX2PY-2PZ6	4.3678466796875000e+01	1.4886019027653150e-09	3.9150481284404950e+09
/SS/SYZ/PX2PY-2PZ7	1.6873535156250000e+02	1.5466067596069638e-09	3.2836837633978910e+09
/SS/SYZ/PX2PY-2PZ8	6.2183203125000000e+02	1.2359210937142625e-09	4.8528608936398582e+09
/SS/SYZ/PX2PY-2PZ9	1.0281757812500000e+03	6.6452237759693811e-10	2.9064022067116036e+09
/SS/SYZ/PX2PY0PZ5	9.9484375000000000e+01	4.3625672587080084e-09	6.9806255100837505e+08
/SS/SYZ/PX2PY0PZ6	1.9232958984375000e+02	3.6691171342723280e-09	1.3098159510671570e+09
/SS/SYZ/PX2PY0PZ7	8.3859375000000000e+02	2.4924375260302859e-09	3.1293126729820132e+09
/SS/SYZ/PX2PY0PZ8	1.5671562500000000e+03	2.8065310563288198e-09	3.2134200867764106e+09
/SS/SYZ/PX2PY0PZ9	1.2377500000000000e+03	3.2193793373726656e-09	2.0789458152667463e+09
/SS/SYZ/PX2PY1PZ5	5.5534057617187500e+01	3.5113979934321912e-09	1.4869468588676009e+09
/SS/SYZ/PX2PY1PZ6	1.5606835937500000e+02	1.7421095723350685e-09	2.2609736016735921e+09
/SS/SYZ/PX2PY1PZ7	5.9291406250000000e+02	9.8677960555657341e-10	1.0986272983150013e+10
/SS/SYZ/PX2PY1PZ8	1.4347343750000000e+03	1.2863301887684365e-09	1.2835510030542850e+10
/SS/SYZ/PX2PY1PZ9	1.9134609375000000e+03	4.4613709042117706e-09	1.2872281337728307e+09
/SS/SYZ/PX2PY2PZ5	2.5520385742187500e+01	2.4099151294000921e-09	3.6502917679181629e+08
/SS/SYZ/PX2PY2PZ6	6.5462646484375000e+01	6.9800326799704393e-10	1.7764612221423611e+10
/SS/SYZ/PX2PY2PZ7	1.2174951171875000e+02	8.1443464877077971e-10	2.8253530819437389e+09
/SS/SYZ/PX2PY2PZ8	3.6273046875000000e+02	1.1487571093598532e-09	6.0037708333650312e+09
/SS/SYZ/PX2PY2PZ9	9.8171875000000000e+02	3.9057894369787654e-09	6.9708646183615029e+08
/SS/SZT/PX-1PY-1PZ5	1.5854882812500000e+02	2.2789088177472514e-09	7.7017262187071908e+08
/SS/SZT/PX-1PY-1PZ6	6.5961718750000000e+02	1.0993314891107159e-09	7.1408094896713419e+09
/SS/SZT/PX-1PY-1PZ7	1.2932109375000000e+03	9.4120151555492367e-10	1.0141748681852081e+10
/SS/SZT/PX-1PY-1PZ8	6.7903125000000000e+02	1.9828157545633200e-09	3.3157784797952952e+09
/SS/SZT/PX-1PY-1PZ9	5.4425000000000000e+02	5.3609405076842424e-09	7.0611498850254548e+08
/SS/SZT/PX-1PY-2PZ5	1.5586425781250000e+02	1.5199761791688430e-09	1.1100640278903060e+09
/SS/SZT/PX-1PY-2PZ6	4.5185937500000000e+02	8.1560239756864858e-10	7.1630307094027948e+09
/SS/SZT/PX-1PY-2PZ7	7.0286718750000000e+02	1.5037540310615495e-09	8.3261858059436207e+09
/SS/SZT/PX-1PY-2PZ8	5.7367187500000000e+02	6.3288680497812712e-09	6.8040364469833922e+08
/SS/SZT/PX-1PY-2PZ9	8.2026562500000000e+02	1.2271696029732204e-09	9.1072526724605675e+09
/SS/SZT/PX-1PY0PZ5	1.4660656738281250e+02	5.5774720573615584e-09	2.4141256474885726e+09
/SS/SZT/PX-1PY0PZ6	3.1938720703125000e+02	5.6202609700548456e-10	5.1799673232849321e+09
/SS/SZT/PX-1PY0PZ7	1.0074062500000000e+03	1.4488032253943505e-09	1.7761581138291210e+10
/SS/SZT/PX-1PY0PZ8	3.5770898437500000e+02	1.7636103733260664e-09	1.5499248130034674e+10
/SS/SZT/PX-1PY0PZ9	7.1809375000000000e+02	1.8543828874579363e-09	5.8897672411337938e+09
/SS/SZT/PX-1PY1PZ5	1.5524722290039062e+02	1.0069951788633953e-09	8.3929461818200531e+09
/SS/SZT/PX-1PY1PZ6	3.4043060302734375e+02	1.6425057577772669e-09	2.7586397521156178e+09
/SS/SZT/PX-1PY1PZ7	7.2135937500000000e+02	5.3674300668838843e-10	1.0032095134970331e+10
/SS/SZT/PX-1PY1PZ8	5.2745312500000000e+02	7.5277928127948872e-10	1.3351633072751181e+10
/SS/SZT/PX-1PY1PZ9	7.8010937500000000e+02	8.3774200155233280e-10	1.2637335008684704e+10
/SS/SZT/PX-1PY2PZ5	1.2191357421875000e+02	4.2536517923985181e-09	3.9639823443893993e+08
/SS/SZT/PX-1PY2PZ6	1.4696325683593750e+02	2.5804413681783787e-09	1.8698240917058058e+09
/SS/SZT/PX-1PY2PZ7	6.0157812500000000e+02	3.4863775653840210e-09	1.5304861630493257e+09
/SS/SZT/PX-1PY2PZ8	2.9355761718750000e+02	1.9572966917063526e-09	1.2710826453497465e+10
/SS/SZT/PX-1PY2PZ9	3.4182812500000000e+02	2.4501865053044788e-09	2.4093971666127744e+09
/SS/SZT/PX-2PY-1PZ5	7.6882629394531250e+01	1.6345781932221174e-09	4.6899161693665247e+09
/SS/SZT/PX-2PY-1PZ6	1.0364990234375000e+02	2.0574698185621528e-09	3.0895380440788107e+09
/SS/SZT/PX-2PY-1PZ7	1.8453723144531250e+02	7.5032825480039854e-10	5.7479229791052637e+09
/SS/SZT/PX-2PY-1PZ8	1.7001342773437500e+02	9.7196137927080820e-10	1.1319217752286802e+10
/SS/SZT/PX-2PY-1PZ9	5.4918750000000000e+02	7.6832634589234758e-10	9.8170720201864166e+09
/SS/SZT/PX-2PY-2PZ5	2.9022857666015625e+01	9.3079988978555938e-10	3.5503717060094528e+09
/SS/SZT/PX-2PY-2PZ6	7.2258132934570312e+01	9.6707336363412799e-10	7.4718357108952148e+10
/SS/SZT/PX-2PY-2PZ7	1.2073956298828125e+02	1.0420919202128736e-09	6.0719745865993690e+09
/SS/SZT/PX-2PY-2PZ8	1.4648803710937500e+02	2.7321278381729839e-09	1.5278520362195718e+09
/SS/SZT/PX-2PY-2PZ9	4.2568750000000000e+02	6.8124207775074398e-09	8.1007984322142589e+08
/SS/SZT/PX-2PY0PZ5	1.0998358154296875e+02	3.9487967446783096e-09	8.6389574371503472e+08
/SS/SZT/PX-2PY0PZ6	2.5682238769531250e+02	4.0928726889939275e-09	2.5378109535021181e+09
/SS/SZT/PX-2PY0PZ7	2.5679541015625000e+02	1.1993132103798143e-09	6.5288263492270432e+09
/SS/SZT/PX-2PY0PZ8	8.1490478515625000e+01	8.1647480837105927e-10	2.6873476868191444e+10
/SS/SZT/PX-2PY0PZ9	4.3701232910156250e+02	1.5523322538564360e-09	4.3021877685102310e+09
/SS/SZT/PX-2PY1PZ5	8.4163085937500000e+01	7.6038194586495970e-09	5.2620256418754381e+08
/SS/SZT/PX-2PY1PZ6	1.3256158447265625e+02	1.6784371340058652e-09	1.5354414818311322e+09
/SS/SZT/PX-2PY1PZ7	2.9183593750000000e+02	2.2034551731159107e-09	3.1370795096181750e+09
/SS/SZT/PX-2PY1PZ8	1.5947656250000000e+02	1.1017041808701789e-09	1.3106527431074881e+10
/SS/SZT/PX-2PY1PZ9	3.4706250000000000e+02	2.3306333415453043e-09	7.7706552699618256e+08
/SS/SZT/PX-2PY2PZ5	8.1358886718750000e+01	1.8679237351542143e-09	7.8976200625648367e+08
/SS/SZT/PX-2PY2PZ6	1.3270458984375000e+02	1.3715352640644257e-09	6.0742089272330818e+09
/SS/SZT/PX-2PY2PZ7	3.1951171875000000e+02	2.0956142391763471e-09	2.0080911849124887e+09
/SS/SZT/PX-2PY2PZ8	2.7893750000000000e+02	1.5829936184999351e-08	2.3910166599498025e+08
/SS/SZT/PX-2PY2PZ9	2.5371093750000000e+02	1.6296110683461104e-09	2.3651623702017570e+09
/SS/SZT/PX0PY-1PZ5	2.4529882812500000e+02	2.5689855424407881e-09	1.9129245091516140e+09
/SS/SZT/PX0PY-1PZ6	1.2863593750000000e+03	1.2945602917101043e-09	4.1460844540996752e+09
/SS/SZT/PX0PY-1PZ7	3.0706171875000000e+03	1.1831991595257041e-09	1.1231330134390211e+10
/SS/SZT/PX0PY-1PZ8	3.2056562500000000e+03	1.5082614560858676e-09	1.3863517514272673e+10
/SS/SZT/PX0PY-1PZ9	3.0909687500000000e+03	1.8996835467650440e-09	3.0585140390087562e+09
/SS/SZT/PX0PY-2PZ5	2.9443945312500000e+02	9.5229595975686836e-10	1.1906123058982384e+09
/SS/SZT/PX0PY-2PZ6	9.0275976562500000e+02	1.9194498944727944e-09	2.2875587277984715e+09
/SS/SZT/PX0PY-2PZ7	1.3881015625000000e+03	4.1002875834838404e-09	3.6059768272883773e+09
/SS/SZT/PX0PY-2PZ8	1.3310000000000000e+03	1.6359415435614448e-09	3.6252825740425854e+09
/SS/SZT/PX0PY-2PZ9	1.5501562500000000e+03	1.8672607604104070e-09	2.6548280894892859e+09
/SS/SZT/PX0PY0PZ5	1.5275366210937500e+02	2.1265451724919271e-09	2.0805048558726182e+09
/SS/SZT/PX0PY0PZ6	5.8449609375000000e+02	2.1754649489238105e-09	2.8346945178334374e+09
/SS/SZT/PX0PY0PZ7	3.0108750000000000e+03	5.2553236530519022e-09	2.3314393926723604e+09
/SS/SZT/PX0PY0PZ8	2.8885000000000000e+03	9.0491867065317147e-10	5.7768037130318581e+10
/SS/SZT/PX0PY0PZ9	2.6126250000000000e+03	3.0743323039586775e-09	3.7366746602237110e+09
/SS/SZT/PX0PY1PZ5	2.1831640625000000e+02	2.3994709809820830e-09	2.5327759873867478e+09
/SS/SZT/PX0PY1PZ6	4.0678039550781250e+02	8.7901944930400994e-09	1.5889805675650582e+09
/SS/SZT/PX0PY1PZ7	1.8681328125000000e+03	1.6860660136453593e-09	2.1587937286023049e+09
/SS/SZT/PX0PY1PZ8	1.0253281250000000e+03	1.0517186518970890e-09	1.6459551884223621e+10
/SS/SZT/PX0PY1PZ9	1.0136250000000000e+03	1.2630405179939514e-09	6.9237864099816275e+09
/SS/SZT/PX0PY2PZ5	1.5974511718750000e+02	1.5459840083662579e-09	3.2444965053843503e+09
/SS/SZT/PX0PY2PZ6	1.6561657714843750e+02	1.9182007525891428e-09	3.9748174846564116e+09
/SS/SZT/PX0PY2PZ7	8.1067578125000000e+02	1.7212010842991803e-09	2.2467404696894665e+09
/SS/SZT/PX0PY2PZ8	2.8997265625000000e+02	1.3661186774036969e-09	4.9491837030339708e+09
/SS/SZT/PX0PY2PZ9	3.8465625000000000e+02	1.7171322203240969e-08	6.3069149110794342e+08
/SS/SZT/PX1PY-1PZ5	6.3473754882812500e+01	3.3973230287258102e-09	1.7235636168562400e+09
/SS/SZT/PX1PY-1PZ6	7.0222265625000000e+02	4.1424829913763006e-09	1.8845080719016640e+09
/SS/SZT/PX1PY-1PZ7	2.8525390625000000e+03	1.4603134790779466e-09	1.3764825200767122e+10
/SS/SZT/PX1PY-1PZ8	4.6049843750000000e+03	8.6612103884335830e-10	1.7342696170383743e+10
/SS/SZT/PX1PY-1PZ9	6.0666718750000000e+03	9.5511305719528739e-10	6.6860182785185995e+09
/SS/SZT/PX1PY-2PZ5	1.6229931640625000e+02	3.4141739093967006e-09	1.9073709598353276e+09
/SS/SZT/PX1PY-2PZ6	6.2067968750000000e+02	2.6302841465107204e-09	2.7539519618886876e+09
/SS/SZT/PX1PY-2PZ7	1.0004882812500000e+03	1.0702751265785791e-09	4.5917611858683252e+09
/SS/SZT/PX1PY-2PZ8	1.3382578125000000e+03	5.4596159409077312e-10	2.7035319767202137e+10
/SS/SZT/PX1PY-2PZ9	2.0699921875000000e+03	1.2099484255066871e-09	6.5227136114533224e+09
/SS/SZT/PX1PY0PZ5	2.8796679687500000e+02	1.0364622477257675e-09	6.6537920522331543e+09
/SS/SZT/PX1PY0PZ6	3.1351171875000000e+02	9.4980757979015423e-10	7.0805475559773445e+09
/SS/SZT/PX1PY0PZ7	3.3367578125000000e+03	1.7603170553374849e-09	3.5250507016436667e+09
/SS/SZT/PX1PY0PZ8	6.3547187500000000e+03	1.1926084550949501e-09	3.2991840398871994e+10
/SS/SZT/PX1PY0PZ9	8.1965000000000000e+03	8.2001259206867687e-10	2.3149586117977661e+10
/SS/SZT/PX1PY1PZ5	3.4893750000000000e+02	7.7290004962431949e-10	4.3927206031597853e+09
/SS/SZT/PX1PY1PZ6	4.4726367187500000e+02	1.7553231126295185e-09	3.5149870944390717e+09
/SS/SZT/PX1PY1PZ7	2.0855390625000000e+03	9.3494514307100214e-10	1.2540424924277727e+10
/SS/SZT/PX1PY1PZ8	4.2989375000000000e+03	1.1181886088590911e-09	7.7728421269184437e+09
/SS/SZT/PX1PY1PZ9	5.6743437500000000e+03	5.2329093031832446e-09	3.9107939266735234e+09
/SS/SZT/PX1PY2PZ5	1.9158837890625000e+02	7.3022630411422031e-10	2.2514274582495580e+09
/SS/SZT/PX1PY2PZ6	2.7520019531250000e+02	1.2380023159461713e-09	5.6498387939702673e+09
/SS/SZT/PX1PY2PZ7	5.7795898437500000e+02	4.8849696914124398e-09	2.2152544220121288e+09
/SS/SZT/PX1PY2PZ8	1.4274375000000000e+03	5.8898797768415159e-10	1.2499784291788765e+10
/SS/SZT/PX1PY2PZ9	2.1953984375000000e+03	1.9133736007759412e-09	2.1568827989203262e+09
/SS/SZT/PX2PY-1PZ5	1.5472753906250000e+02	2.1686130120799915e-09	2.8987371707951388e+09
/SS/SZT/PX2PY-1PZ6	3.0189160156250000e+02	2.1431373769791596e-09	1.1659584336677296e+09
/SS/SZT/PX2PY-1PZ7	9.6502539062500000e+02	2.1511500384780900e-09	3.0412153155731015e+09
/SS/SZT/PX2PY-1PZ8	2.7285742187500000e+03	1.5215263323816757e-09	6.7165690320397701e+09
/SS/SZT/PX2PY-1PZ9	4.2851171875000000e+03	3.6551484675830574e-09	2.0439420744506185e+09
/SS/SZT/PX2PY-2PZ5	1.5936950683593750e+01	1.6250214190644748e-09	1.4041542425149705e+09
/SS/SZT/PX2PY-2PZ6	8.5390625000000000e+01	4.3624283234835539e-09	9.0255080590050578e+08
/SS/SZT/PX2PY-2PZ7	2.0012695312500000e+02	1.2197846269473334e-09	1.1369355466367180e+09
/SS/SZT/PX2PY-2PZ8	5.4443945312500000e+02	7.5812861032042801e-10	5.8302863493691339e+09
/SS/SZT/PX2PY-2PZ9	1.2541796875000000e+03	7.9042627512074018e-09	4.1189774130694085e+08
/SS/SZT/PX2PY0PZ5	3.5760205078125000e+02	2.7961297209954535e-09	7.9226783208390510e+08
/SS/SZT/PX2PY0PZ6	9.1332617187500000e+02	2.5469769782368989e-09	2.2585495983394437e+09
/SS/SZT/PX2PY0PZ7	8.8581640625000000e+02	2.0670735596919440e-09	1.0484227511678174e+09
/SS/SZT/PX2PY0PZ8	4.3898203125000000e+03	2.0066637875645568e-09	3.9626222732396927e+09
/SS/SZT/PX2PY0PZ9	6.3718515625000000e+03	6.6606761600875687e-09	3.8415093106578135e+09
/SS/SZT/PX2PY1PZ5	3.2781860351562500e+02	1.7253412819248444e-09	3.2889230843518376e+08
/SS/SZT/PX2PY1PZ6	8.4353125000000000e+02	1.9809170594483702e-09	1.9977320169444246e+09
/SS/SZT/PX2PY1PZ7	2.3235253906250000e+02	1.6592460456972850e-09	8.5435415401742811e+09
/SS/SZT/PX2PY1PZ8	3.3894296875000000e+03	2.3895729412779514e-09	5.1573471956220102e+09
/SS/SZT/PX2PY1PZ9	4.8714960937500000e+03	1.2042901816377074e-09	9.0434402996406364e+09
/SS/SZT/PX2PY2PZ5	1.5552490234375000e+02	3.8595771105224690e-09	8.1795335594078374e+08
/SS/SZT/PX2PY2PZ6	4.0816699218750000e+02	1.3334760224948304e-09	2.7786571427270727e+09
/SS/SZT/PX2PY2PZ7	5.0304687500000000e+02	6.7340537076534355e-09	2.2635733261064630e+09
/SS/SZT/PX2PY2PZ8	1.3170166015625000e+03	1.1305130446716710e-09	2.3330261521499505e+09
/SS/SZT/PX2PY2PZ9	2.1127304687500000e+03	8.9885758027913076e-10	6.8403404436180935e+09
/SS/T/PX-1PY-1PZ5	1.2473925781250000e+02	1.0640998776954855e-09	5.0813487003002195e+09
/SS/T/PX-1PY-1PZ6	8.2524804687500000e+02	5.5362415881171423e-10	1.8749480012536659e+10
/SS/T/PX-1PY-1PZ7	1.7626171875000000e+03	1.7032684356036704e-09	4.1118256838965383e+09
/SS/T/PX-1PY-1PZ8	3.1440000000000000e+03	1.9403214263949646e-09	7.9349137417530270e+09
/SS/T/PX-1PY-1PZ9	4.0510000000000000e+03	5.4001625611628091e-09	1.5005860882328081e+09
/SS/T/PX-1PY-2PZ5	4.5055664062500000e+01	1.1048130098804910e-09	3.6629350618682671e+09
/SS/T/PX-1PY-2PZ6	4.6594824218750000e+02	2.3371545372952359e-09	2.6555353874566755e+09
/SS/T/PX-1PY-2PZ7	1.1282109375000000e+03	9.3991434397505615e-10	1.2754847750027426e+10
/SS/T/PX-1PY-2PZ8	2.3084843750000000e+03	1.3205127493327987e-09	8.3365099502579594e+09
/SS/T/PX-1PY-2PZ9	3.0480781250000000e+03	1.8702214508270481e-09	2.1899671972998676e+09
/SS/T/PX-1PY0PZ5	1.8977783203125000e+02	2.9657236480674413e-09	1.6923202808559330e+09
/SS/T/PX-1PY0PZ6	1.2415000000000000e+03	1.5152336842680944e-09	6.5032615716073761e+09
/SS/T/PX-1PY0PZ7	2.1476406250000000e+03	1.1899808518248904e-09	8.8576355672993240e+09
/SS/T/PX-1PY0PZ8	2.5069375000000000e+03	1.5033299000473939e-09	1.2423237078098444e+10
/SS/T/PX-1PY0PZ9	2.7084062500000000e+03	9.2251580897277577e-10	1.4240471586100439e+10
/SS/T/PX-1PY1PZ5	2.6788867187500000e+02	4.5440347066886862e-09	1.2346309504392891e+09
/SS/T/PX-1PY1PZ6	9.4436328125000000e+02	1.3178689842253864e-09	1.2349395404565435e+10
/SS/T/PX-1PY1PZ7	1.3507812500000000e+03	3.0110233397550795e-09	4.8153930628728285e+09
/SS/T/PX-1PY1PZ8	1.3445625000000000e+03	1.5168037240438858e-09	8.1678332816424389e+09
/SS/T/PX-1PY1PZ9	1.7160625000000000e+03	1.2569526118403618e-09	3.9275317767887645e+09
/SS/T/PX-1PY2PZ5	1.0673474121093750e+02	3.4265942022157103e-09	1.2033333624378095e+09
/SS/T/PX-1PY2PZ6	2.9432617187500000e+02	1.2641374837368950e-09	2.4259469707377625e+09
/SS/T/PX-1PY2PZ7	3.4900781250000000e+02	2.4167366676815975e-09	1.7184302684545538e+09
/SS/T/PX-1PY2PZ8	7.3650000000000000e+02	1.7785883060931607e-09	1.6083339980015936e+10
/SS/T/PX-1PY2PZ9	9.6993750000000000e+02	3.5749271727697897e-09	1.0420249589818504e+09
/SS/T/PX-2PY-1PZ5	1.5779931640625000e+02	1.1025397077967281e-09	5.0279930021775274e+09
/SS/T/PX-2PY-1PZ6	1.7730859375000000e+02	1.1287250320179237e-09	2.7266056781409206e+09
/SS/T/PX-2PY-1PZ7	2.4406445312500000e+02	4.2970971815087322e-09	1.4679354045913618e+09
/SS/T/PX-2PY-1PZ8	3.9528906250000000e+02	2.7933102508345713e-09	7.3730724089011755e+09
/SS/T/PX-2PY-1PZ9	9.8929687500000000e+02	1.5870383389612156e-09	4.5636233768697081e+09
/SS/T/PX-2PY-2PZ5	8.5440979003906250e+01	2.2393196383603908e-09	1.1401252140912996e+10
/SS/T/PX-2PY-2PZ6	1.3068359375000000e+02	1.5235845791288082e-09	2.1727942231044760e+09
/SS/T/PX-2PY-2PZ7	9.8650390625000000e+01	2.4060470361571327e-09	2.4346585564049058e+09
/SS/T/PX-2PY-2PZ8	1.6231250000000000e+02	1.2967839045498329e-09	2.5438449275714264e+09
/SS/T/PX-2PY-2PZ9	6.7096093750000000e+02	1.3563385937596685e-09	5.1598682753178844e+09
/SS/T/PX-2PY0PZ5	1.7648120117187500e+02	8.1926483350981278e-10	3.9351545005723858e+09
/SS/T/PX-2PY0PZ6	3.3996582031250000e+02	1.4915422240453385e-09	5.2240640279859552e+09
/SS/T/PX-2PY0PZ7	5.9267578125000000e+02	2.9440866614987557e-09	2.6765260945676317e+09
/SS/T/PX-2PY0PZ8	6.1562500000000000e+02	6.1362901062146681e-10	1.2485891123906082e+10
/SS/T/PX-2PY0PZ9	1.2273750000000000e+03	1.5039368827333898e-09	1.0808727434797680e+10
/SS/T/PX-2PY1PZ5	1.3527221679687500e+02	1.0561711340120877e-09	3.2680166166513515e+09
/SS/T/PX-2PY1PZ6	3.6603906250000000e+02	1.5067377250734391e-08	2.8339694472793341e+08
/SS/T/PX-2PY1PZ7	5.8169140625000000e+02	8.3487453261898301e-10	3.5831159057133183e+09
/SS/T/PX-2PY1PZ8	7.0106250000000000e+02	8.4988409430855291e-10	1.3253432743100878e+10
/SS/T/PX-2PY1PZ9	1.0328437500000000e+03	9.8790696860634760e-10	1.2204894742909178e+10
/SS/T/PX-2PY2PZ5	5.7678100585937500e+01	1.4728594466269746e-09	3.4889810418039951e+09
/SS/T/PX-2PY2PZ6	2.1706250000000000e+02	1.4554899848640212e-09	4.0249290638767586e+09
/SS/T/PX-2PY2PZ7	4.2828906250000000e+02	3.9634380627540765e-09	3.0904670314931726e+09
/SS/T/PX-2PY2PZ8	6.0983984375000000e+02	2.3486125471096794e-09	1.4988617668738844e+09
/SS/T/PX-2PY2PZ9	8.4446875000000000e+02	3.1407424734997827e-09	1.1472331743203251e+09
/SS/T/PX0PY-1PZ5	3.2101171875000000e+02	1.4276843075676454e-09	6.6452873006219139e+09
/SS/T/PX0PY-1PZ6	1.3364794921875000e+03	9.4287813936577596e-10	1.4063956597746138e+10
/SS/T/PX0PY-1PZ7	3.7393593750000000e+03	1.9597169998367917e-09	7.4921200545427446e+09
/SS/T/PX0PY-1PZ8	6.3341718750000000e+03	1.1268528913695877e-09	1.6555442363935364e+10
/SS/T/PX0PY-1PZ9	7.4865937500000000e+03	9.4048504137359147e-10	1.4629168778912607e+10
/SS/T/PX0PY-2PZ5	1.3201416015625000e+02	4.0839863543824361e-09	1.4106298949999671e+09
/SS/T/PX0PY-2PZ6	8.5292041015625000e+02	8.4885054618072243e-10	5.7708420882056818e+09
/SS/T/PX0PY-2PZ7	2.1983359375000000e+03	1.1861428121456353e-09	6.3246296715171070e+09
/SS/T/PX0PY-2PZ8	4.2902812500000000e+03	1.9898186785872251e-09	1.0420794126665064e+10
/SS/T/PX0PY-2PZ9	5.3623281250000000e+03	1.3998338343617842e-09	3.5625796551439185e+09
/SS/T/PX0PY0PZ5	3.9367675781250000e+02	1.3727483874910048e-09	3.5738937489613886e+09
/SS/T/PX0PY0PZ6	1.7320517578125000e+03	1.7781546074417675e-09	6.4152373113216810e+09
/SS/T/PX0PY0PZ7	4.4337187500000000e+03	6.3237039141278916e-10	4.2441507557969513e+10
/SS/T/PX0PY0PZ8	4.8004843750000000e+03	1.0969528174785053e-09	3.7520734912247939e+09
/SS/T/PX0PY0PZ9	4.0611250000000000e+03	1.2193259748981074e-09	2.5680471715985672e+10
/SS/T/PX0PY1PZ5	1.1449804687500000e+02	2.1784985376867786e-09	2.0345903333708441e+09
/SS/T/PX0PY1PZ6	1.5909755859375000e+03	2.4152599782894055e-09	9.8403549393412209e+09
/SS/T/PX0PY1PZ7	2.5157812500000000e+03	1.2053394348053590e-09	6.4015001143898945e+09
/SS/T/PX0PY1PZ8	2.7103750000000000e+03	1.2586942644343511e-09	8.3156831874123755e+09
/SS/T/PX0PY1PZ9	2.7165625000000000e+03	1.1316389700005838e-09	8.2480211829750853e+09
/SS/T/PX0PY2PZ5	5.5125976562500000e+01	7.5162271451477649e-09	7.2272284321885550e+08
/SS/T/PX0PY2PZ6	6.3514892578125000e+02	1.1878768718871428e-09	6.8762019674589348e+09
/SS/T/PX0PY2PZ7	8.3184375000000000e+02	2.2511371433849073e-09	5.4606597949483643e+09
/SS/T/PX0PY2PZ8	1.7021015625000000e+03	2.0094853632131577e-09	9.2217992967101879e+09
/SS/T/PX0PY2PZ9	2.0980781250000000e+03	1.5603494612320307e-09	3.8589568851695189e+09
/SS/T/PX1PY-1PZ5	2.6719824218750000e+02	1.1945710051875824e-09	4.1088569530820694e+09
/SS/T/PX1PY-1PZ6	2.5204492187500000e+02	8.5421265715181796e-10	1.6930790808058245e+10
/SS/T/PX1PY-1PZ7	3.1951914062500000e+03	2.4360900234350756e-09	1.6879972405874326e+09
/SS/T/PX1PY-1PZ8	5.7197343750000000e+03	2.0313357830253059e-09	5.4846386984632835e+09
/SS/T/PX1PY-1PZ9	6.5522500000000000e+03	1.4979382424161624e-09	1.0100280693682777e+10
/SS/T/PX1PY-2PZ5	4.7813476562500000e+01	2.4588795957741828e-09	1.7227520551302722e+09
/SS/T/PX1PY-2PZ6	8.2509814453125000e+02	1.0655771135297963e-09	6.8497705944556675e+09
/SS/T/PX1PY-2PZ7	1.6076835937500000e+03	3.0124422982320941e-09	2.7381625263869562e+09
/SS/T/PX1PY-2PZ8	3.4085390625000000e+03	1.0216520405743407e-09	1.3940092830316582e+10
/SS/T/PX1PY-2PZ9	4.2492265625000000e+03	1.0708537254523371e-09	8.5153046128480310e+09
/SS/T/PX1PY0PZ5	4.2323242187500000e+02	1.2885012183675188e-09	3.3804325295643673e+09
/SS/T/PX1PY0PZ6	7.7588671875000000e+02	9.3828007325114354e-10	1.5276244659317462e+09
/SS/T/PX1PY0PZ7	4.5452500000000000e+03	1.6244994509562784e-09	1.4050960152923645e+10
/SS/T/PX1PY0PZ8	4.9000000000000000e+03	1.3424179008498391e-09	1.4607325082344618e+10
/SS/T/PX1PY0PZ9	3.8429062500000000e+03	1.5248733263224212e-09	8.4217782188486700e+09
/SS/T/PX1PY1PZ5	2.5440332031250000e+02	1.2866886569700125e-09	9.3225417627303562e+09
/SS/T/PX1PY1PZ6	4.9795312500000000e+02	1.4799183253742635e-09	4.5139928686384201e+09
/SS/T/PX1PY1PZ7	2.8321914062500000e+03	4.7592353398206761e-09	3.2284516419579473e+09
/SS/T/PX1PY1PZ8	2.0607500000000000e+03	1.4631340121757515e-09	6.6536840224631023e+09
/SS/T/PX1PY1PZ9	1.9470000000000000e+03	2.2966581254442047e-09	9.2649220289838028e+09
/SS/T/PX1PY2PZ5	8.0404785156250000e+01	3.8361352190507054e-09	2.0969848001015081e+09
/SS/T/PX1PY2PZ6	1.9459765625000000e+02	5.6057838116971038e-10	8.5571668461914320e+09
/SS/T/PX1PY2PZ7	7.3784375000000000e+02	1.5164822067622321e-09	1.1608990730228607e+10
/SS/T/PX1PY2PZ8	1.3506250000000000e+03	6.3279323290391862e-10	1.5074701838620697e+10
/SS/T/PX1PY2PZ9	1.9876093750000000e+03	1.1154634482404173e-09	8.0321373506668797e+09
/SS/T/PX2PY-1PZ5	1.2811132812500000e+02	2.0537190199004372e-09	5.8298618890125608e+08
/SS/T/PX2PY-1PZ6	8.8436511230468750e+02	1.0360760180166406e-09	8.5357164621726013e+11
/SS/T/PX2PY-1PZ7	1.2956171875000000e+03	2.8962551842496707e-09	1.6587602660128028e+09
/SS/T/PX2PY-1PZ8	2.6812500000000000e+03	1.7528725184083867e-09	8.6086046595348454e+09
/SS/T/PX2PY-1PZ9	2.7192500000000000e+03	7.5442710848062328e-10	1.3403393183758934e+10
/SS/T/PX2PY-2PZ5	2.9713378906250000e+01	1.8870599034962863e-09	3.4409490348804837e+08
/SS/T/PX2PY-2PZ6	1.4113085937500000e+02	1.7535460639240693e-08	2.0444547479254687e+08
/SS/T/PX2PY-2PZ7	5.0138281250000000e+02	4.6131269241018390e-09	2.4595974176988325e+09
/SS/T/PX2PY-2PZ8	1.3039023437500000e+03	3.6557860791894765e-09	4.5583849405776129e+09
/SS/T/PX2PY-2PZ9	1.4357460937500000e+03	1.3716070460212386e-09	3.9058957736212878e+09
/SS/T/PX2PY0PZ5	2.1047412109375000e+02	8.5147168888751439e-10	2.3026568372840757e+09
/SS/T/PX2PY0PZ6	6.2740917968750000e+02	1.0397013123083843e-09	1.1987655433013702e+10
/SS/T/PX2PY0PZ7	2.0976425781250000e+03	2.4241038550185866e-09	4.1225196733342547e+09
/SS/T/PX2PY0PZ8	2.8060000000000000e+03	2.9532018000687423e-09	3.7642602220826812e+09
/SS/T/PX2PY0PZ9	2.0560468750000000e+03	9.9871614143491994e-10	7.0462081617872505e+09
/SS/T/PX2PY1PZ5	1.5143066406250000e+02	4.0699833011149880e-09	2.7686178780627460e+09
/SS/T/PX2PY1PZ6	4.1565136718750000e+02	4.2344251237079806e-09	1.5560839245867300e+09
/SS/T/PX2PY1PZ7	1.3204746093750000e+03	3.8059976707302971e-09	2.6329979244752035e+09
/SS/T/PX2PY1PZ8	8.5482812500000000e+02	1.8227809198136076e-09	2.6914008944638853e+09
/SS/T/PX2PY1PZ9	5.3328125000000000e+02	7.0988117306072396e-10	8.6685208732940502e+09
/SS/T/PX2PY2PZ5	7.8919677734375000e+01	2.9792871151786640e-09	1.0407156830518944e+09
/SS/T/PX2PY2PZ6	1.0127343750000000e+02	8.5499348487366406e-10	7.6350944473871861e+09
/SS/T/PX2PY2PZ7	5.1299023437500000e+02	1.8344140595918258e-09	1.8479342689046328e+09
/SS/T/PX2PY2PZ8	4.2451562500000000e+02	1.5176552604329762e-09	3.5963460720247931e+09
/SS/T/PX2PY2PZ9	8.8891406250000000e+02	1.8920361132437857e-09	8.8357121011129141e+08
/SS/T5/PX-1PY-1PZ5	3.0420825195312500e+02	2.6901648884440288e-09	8.6852953174282336e+08
/SS/T5/PX-1PY-1PZ6	1.0507929687500000e+03	3.5436238628175207e-09	3.1244353310543475e+09
/SS/T5/PX-1PY-1PZ7	1.2737421875000000e+03	1.2831671405045799e-09	9.4182239441607742e+09
/SS/T5/PX-1PY-1PZ8	1.5869804687500000e+03	1.8728943851219452e-09	1.0265869132478785e+10
/SS/T5/PX-1PY-1PZ9	1.4369296875000000e+03	1.5165265802151038e-09	1.3379945061696699e+10
/SS/T5/PX-1PY-2PZ5	1.5746337890625000e+02	3.5659077651449779e-09	8.1753384926448309e+08
/SS/T5/PX-1PY-2PZ6	3.2650390625000000e+02	6.5770076204154336e-10	7.7490871221602306e+09
/SS/T5/PX-1PY-2PZ7	4.6428906250000000e+02	1.8651087732021081e-09	1.0604174473329899e+10
/SS/T5/PX-1PY-2PZ8	3.0391503906250000e+02	3.9797257511782553e-09	3.1843626869408836e+09
/SS/T5/PX-1PY-2PZ9	4.4495312500000000e+02	6.4800188275904010e-09	1.0651225804076080e+09
/SS/T5/PX-1PY0PZ5	2.8343847656250000e+02	3.1909515726563319e-09	8.5672380459368706e+08
/SS/T5/PX-1PY0PZ6	1.8209941406250000e+03	3.1196555786805246e-09	3.1960992560671449e+09
/SS/T5/PX-1PY0PZ7	3.7185742187500000e+03	4.3453793304834249e-09	1.9074789618334954e+09
/SS/T5/PX-1PY0PZ8	2.9394970703125000e+03	1.3841115486666880e-09	5.3324067406726627e+09
/SS/T5/PX-1PY0PZ9	4.4870312500000000e+02	1.9811165965684181e-09	8.2389020408749170e+09
/SS/T5/PX-1PY1PZ5	9.4104492187500000e+01	5.2602131460137305e-10	7.2010189995083008e+09
/SS/T5/PX-1PY1PZ6	1.1165214843750000e+03	2.0559494468366532e-09	4.9548110371688118e+09
/SS/T5/PX-1PY1PZ7	3.5251464843750000e+03	1.1220992851958171e-09	1.0642022865130075e+10
/SS/T5/PX-1PY1PZ8	6.8890625000000000e+02	3.2265706267635641e-09	1.5827393649979889e+09
/SS/T5/PX-1PY1PZ9	4.9859375000000000e+02	3.3912091958436226e-09	1.6965912041812284e+09
/SS/T5/PX-1PY2PZ5	3.7269775390625000e+01	1.1782933713430872e-09	3.8678364096756001e+09
/SS/T5/PX-1PY2PZ6	2.6419042968750000e+02	2.8544695981728894e-09	5.4949314823932667e+09
/SS/T5/PX-1PY2PZ7	1.6282919921875000e+03	1.2219851891323176e-09	1.2275474662323792e+10
/SS/T5/PX-1PY2PZ8	1.1997773437500000e+03	2.7553785521964731e-09	2.5122413320408392e+09
/SS/T5/PX-1PY2PZ9	1.3966718750000000e+03	8.0904057532853981e-10	1.0770839861440615e+10
/SS/T5/PX-2PY-1PZ5	4.3008789062500000e+01	2.8486512562381545e-09	2.2578132816035738e+09
/SS/T5/PX-2PY-1PZ6	5.5136718750000000e+02	3.6926909608920044e-09	2.0353257735080521e+09
/SS/T5/PX-2PY-1PZ7	1.5164824218750000e+03	2.8188766255796607e-09	1.9896803108181586e+09
/SS/T5/PX-2PY-1PZ8	1.0001406250000000e+03	1.1385424091900697e-09	1.0302631049503941e+10
/SS/T5/PX-2PY-1PZ9	8.5096093750000000e+02	3.4263211881740972e-09	4.2292340026952705e+09
/SS/T5/PX-2PY-2PZ5	1.0121032714843750e+02	1.2570087153803752e-09	2.4426931237573833e+09
/SS/T5/PX-2PY-2PZ6	3.2788903808593750e+02	1.6399578399762004e-09	2.0037965564125082e+09
/SS/T5/PX-2PY-2PZ7	4.5432031250000000e+02	1.4719023746784331e-09	4.6236581858404551e+09
/SS/T5/PX-2PY-2PZ8	3.1427539062500000e+02	2.1450400975959252e-09	4.6560528604037676e+09
/SS/T5/PX-2PY-2PZ9	7.3325390625000000e+02	4.1173256228076799e-09	2.2563544215597687e+09
/SS/T5/PX-2PY0PZ5	1.5377246093750000e+02	3.1361007274586742e-09	3.3961778299400121e+08
/SS/T5/PX-2PY0PZ6	1.0155224609375000e+03	1.8365825382104651e-09	9.1329209357217350e+09
/SS/T5/PX-2PY0PZ7	2.4138945312500000e+03	2.6338153982724462e-09	2.1780813867818093e+09
/SS/T5/PX-2PY0PZ8	2.0487089843750000e+03	9.7724724853735945e-10	4.1551299526138773e+09
/SS/T5/PX-2PY0PZ9	5.9667382812500000e+02	1.1256001443859657e-09	6.0646256758441000e+09
/SS/T5/PX-2PY1PZ5	1.0045605468750000e+02	2.3043197899784084e-09	2.4293586104773445e+09
/SS/T5/PX-2PY1PZ6	8.0164453125000000e+02	6.3772986019270685e-10	1.6846438497374668e+10
/SS/T5/PX-2PY1PZ7	2.4939414062500000e+03	1.7087120661200726e-09	7.2150575684654074e+09
/SS/T5/PX-2PY1PZ8	1.7286113281250000e+03	2.3175115812004266e-09	5.0514981068298616e+09
/SS/T5/PX-2PY1PZ9	7.4250000000000000e+02	1.5004211326896029e-09	6.6997658112123795e+09
/SS/T5/PX-2PY2PZ5	1.6692016601562500e+01	1.0625597810806525e-09	5.2746705288552696e+08
/SS/T5/PX-2PY2PZ6	1.9693896484375000e+02	2.7020683840184572e-09	1.2743978190592198e+09
/SS/T5/PX-2PY2PZ7	1.4874609375000000e+03	1.3396511294263096e-09	5.5770804224167747e+09
/SS/T5/PX-2PY2PZ8	6.5982421875000000e+02	2.4419180316342410e-08	4.4767949957239884e+08
/SS/T5/PX-2PY2PZ9	5.4161328125000000e+02	1.5719656172690465e-09	1.3650185357436147e+09
/SS/T5/PX0PY-1PZ5	3.4539257812500000e+02	4.5343628777526235e-09	8.4420627686817944e+08
/SS/T5/PX0PY-1PZ6	1.1862890625000000e+03	2.3484470693707278e-09	3.8395945627837420e+09
/SS/T5/PX0PY-1PZ7	3.0986953125000000e+03	4.3012161824779061e-09	4.1690942457955880e+09
/SS/T5/PX0PY-1PZ8	5.7035625000000000e+03	3.5214914289301465e-09	4.0011460676421428e+09
/SS/T5/PX0PY-1PZ9	6.7005097656250000e+03	1.2662093011221347e-09	5.2917868789045400e+12
/SS/T5/PX0PY-2PZ5	2.9377099609375000e+02	2.7675110731848411e-09	1.1781989961129885e+09
/SS/T5/PX0PY-2PZ6	1.1693554687500000e+03	3.0775844213677939e-09	2.1688718529734054e+09
/SS/T5/PX0PY-2PZ7	2.6546289062500000e+03	6.3119843457296980e-09	5.3235873198549881e+09
/SS/T5/PX0PY-2PZ8	3.5956523437500000e+03	9.5007755603446510e-10	2.9106791583463028e+10
/SS/T5/PX0PY-2PZ9	1.3271542968750000e+03	5.2770922522039040e-09	9.4284430636681867e+08
/SS/T5/PX0PY0PZ5	1.4541503906250000e+02	1.8950702799705410e-09	5.4596489059488287e+09
/SS/T5/PX0PY0PZ6	2.7014111328125000e+02	8.4535078796692425e-10	1.1276883963966883e+10
/SS/T5/PX0PY0PZ7	1.2121015625000000e+03	2.7373000759366175e-09	5.4162536479814558e+09
/SS/T5/PX0PY0PZ8	8.5942265625000000e+03	1.7713487100290230e-09	1.0334747843321173e+10
/SS/T5/PX0PY0PZ9	5.2550703125000000e+03	3.6701476872241014e-09	9.0974857506306896e+09
/SS/T5/PX0PY1PZ5	1.2415527343750000e+02	2.5973808070346994e-09	5.1989820749348050e+08
/SS/T5/PX0PY1PZ6	4.5715234375000000e+02	2.9899108680507518e-09	6.1379039274686928e+09
/SS/T5/PX0PY1PZ7	4.9921875000000000e+02	2.8265077395996866e-09	6.0851883480147238e+09
/SS/T5/PX0PY1PZ8	5.6271914062500000e+03	2.3006560600023624e-09	8.4162770979601240e+09
/SS/T5/PX0PY1PZ9	7.3698437500000000e+02	1.1847386195522999e-09	2.9314125105471603e+10
/SS/T5/PX0PY2PZ5	8.4153320312500000e+01	3.2864292032976957e-09	1.5821698348587739e+09
/SS/T5/PX0PY2PZ6	1.0888183593750000e+02	2.7174274336081256e-09	2.0369896445136032e+09
/SS/T5/PX0PY2PZ7	2.3345019531250000e+02	1.2677356356657374e-09	6.7118151000336161e+09
/SS/T5/PX0PY2PZ8	6.9639843750000000e+02	2.1576067362052559e-09	2.8017702348024650e+09
/SS/T5/PX0PY2PZ9	1.7832734375000000e+03	1.7027151734210677e-09	2.4231818379459705e+09
/SS/T5/PX1PY-1PZ5	4.5636816406250000e+02	3.3208797655315553e-09	1.1398009600264425e+09
/SS/T5/PX1PY-1PZ6	1.9154609375000000e+03	1.2677450370831903e-09	7.4811448577687159e+09
/SS/T5/PX1PY-1PZ7	4.5068984375000000e+03	1.8245537361168438e-09	6.1234395338491859e+09
/SS/T5/PX1PY-1PZ8	7.0786015625000000e+03	1.4527929727858989e-09	1.8694320537952793e+10
/SS/T5/PX1PY-1PZ9	4.8659453125000000e+03	7.7404748422116414e-09	1.7426427111757443e+09
/SS/T5/PX1PY-2PZ5	2.8866406250000000e+02	1.2032113705507550e-09	2.7392965837975368e+09
/SS/T5/PX1PY-2PZ6	1.2574648437500000e+03	1.4661252928903089e-09	2.4014566629302535e+09
/SS/T5/PX1PY-2PZ7	2.9994101562500000e+03	1.8878006995407595e-09	1.5472070584498360e+09
/SS/T5/PX1PY-2PZ8	4.0987578125000000e+03	1.4736723196112550e-09	1.1676075257096550e+10
/SS/T5/PX1PY-2PZ9	2.8835322265625000e+03	9.4586214376819355e-09	1.6644560526355522e+09
/SS/T5/PX1PY0PZ5	4.0887695312500000e+02	8.0272532259209506e-10	1.0649389215362383e+10
/SS/T5/PX1PY0PZ6	1.1872421875000000e+03	9.7174249659699733e-10	1.1852612069768009e+10
/SS/T5/PX1PY0PZ7	3.0318125000000000e+03	1.6635560492413705e-09	2.0765498666909889e+10
/SS/T5/PX1PY0PZ8	7.0105312500000000e+03	8.0584929899893501e-10	2.1636436383260040e+10
/SS/T5/PX1PY0PZ9	4.9078593750000000e+03	1.4779685485397801e-09	9.8937582348229713e+09
/SS/T5/PX1PY1PZ5	2.4774121093750000e+02	1.4978596430857343e-09	3.8344480227231026e+09
/SS/T5/PX1PY1PZ6	2.9707031250000000e+02	1.0447907957574896e-09	2.6599436880085835e+09
/SS/T5/PX1PY1PZ7	1.1866406250000000e+03	1.8520412517711675e-09	4.8814081742370100e+09
/SS/T5/PX1PY1PZ8	4.6987578125000000e+03	9.9618791786448135e-10	1.6843440604174328e+10
/SS/T5/PX1PY1PZ9	7.6769531250000000e+02	1.8058763120017296e-09	7.9660543268066015e+09
/SS/T5/PX1PY2PZ5	9.5346679687500000e+01	2.4290060359372447e-09	2.0906468851197863e+09
/SS/T5/PX1PY2PZ6	6.6525390625000000e+01	1.9475299424125475e-09	3.1734318979732628e+09
/SS/T5/PX1PY2PZ7	2.6343554687500000e+02	2.4853832680457025e-09	1.4323091125052807e+09
/SS/T5/PX1PY2PZ8	3.9799218750000000e+02	4.4397520685890669e-09	1.9791326597722900e+09
/SS/T5/PX1PY2PZ9	1.1283281250000000e+03	8.7475572879207321e-10	1.2356352035553503e+09
/SS/T5/PX2PY-1PZ5	1.5449072265625000e+02	1.5354637623145744e-09	4.3147206970182943e+09
/SS/T5/PX2PY-1PZ6	8.6632226562500000e+02	1.0247287399400966e-09	3.5172596796992898e+09
/SS/T5/PX2PY-1PZ7	2.2989687500000000e+03	5.3852886970802158e-08	1.1747437083484398e+08
/SS/T5/PX2PY-1PZ8	3.2169062500000000e+03	1.0024980897871038e-08	8.8784206262019444e+08
/SS/T5/PX2PY-1PZ9	1.2471015625000000e+03	1.9409663484807830e-09	2.9695019446183386e+09
/SS/T5/PX2PY-2PZ5	1.1019921875000000e+02	1.3338982014676527e-09	2.4073191601780472e+09
/SS/T5/PX2PY-2PZ6	5.5934179687500000e+02	1.0317942693669769e-09	1.1789604030790255e+10
/SS/T5/PX2PY-2PZ7	1.4436250000000000e+03	2.3921963941447861e-09	1.2744202874155414e+09
/SS/T5/PX2PY-2PZ8	1.7996875000000000e+03	2.0582868121487877e-09	2.2956697495158062e+09
/SS/T5/PX2PY-2PZ9	3.6977343750000000e+02	2.2408391275538656e-09	1.8542955712328246e+09
/SS/T5/PX2PY0PZ5	1.1532470703125000e+02	1.1643868278171850e-09	4.1717818092090907e+09
/SS/T5/PX2PY0PZ6	5.7489648437500000e+02	9.5635394563364145e-10	1.3618006195687567e+10
/SS/T5/PX2PY0PZ7	1.5764375000000000e+03	1.7275105479409276e-09	5.1487184590992813e+09
/SS/T5/PX2PY0PZ8	2.7884843750000000e+03	4.4898853411557955e-09	5.1053503432998447e+09
/SS/T5/PX2PY0PZ9	1.5388671875000000e+03	1.4069320728014179e-09	5.0667360054624987e+09
/SS/T5/PX2PY1PZ5	6.2924316406250000e+01	2.2172840060014659e-09	8.8423575930458808e+08
/SS/T5/PX2PY1PZ6	1.9816601562500000e+02	1.2314995452986203e-09	2.5666285461321545e+09
/SS/T5/PX2PY1PZ7	5.9779101562500000e+02	9.4332745659550094e-10	2.1505143383749588e+10
/SS/T5/PX2PY1PZ8	1.6924648437500000e+03	1.0798185536854702e-09	3.7011757485299788e+09
/SS/T5/PX2PY1PZ9	1.6801562500000000e+02	1.1745932456653467e-09	3.5339828564588146e+09
/SS/T5/PX2PY2PZ5	3.1992797851562500e+01	7.7120155636643380e-10	3.7854103902681270e+09
/SS/T5/PX2PY2PZ6	6.8569335937500000e+01	1.1227560919233123e-09	2.5817826142787170e+09
/SS/T5/PX2PY2PZ7	8.8977539062500000e+01	2.7221445894527541e-09	1.1580724110532517e+09
/SS/T5/PX2PY2PZ8	4.5175781250000000e+02	2.2286785262738769e-09	2.2025908288044319e+09
/SS/T5/PX2PY2PZ9	3.7916015625000000e+02	1.0003007066225661e-09	3.1171933232228136e+09
/SS/X/PX-1PY-1PZ5	1.2913281250000000e+02	1.3968841493283714e-09	2.0029528208749480e+09
/SS/X/PX-1PY-1PZ6	7.2732031250000000e+02	4.6916951614970333e-09	2.3113799774323001e+09
/SS/X/PX-1PY-1PZ7	1.5485000000000000e+03	1.2394322412307374e-09	1.4017698281451733e+10
/SS/X/PX-1PY-1PZ8	2.0571250000000000e+03	9.0652630226725738e-09	1.5043452350402374e+09
/SS/X/PX-1PY-1PZ9	1.7681875000000000e+03	3.4540960844068194e-09	2.7132368768352923e+09
/SS/X/PX-1PY-2PZ5	2.2643554687500000e+02	4.5652526129243812e-09	4.6801264805872709e+08
/SS/X/PX-1PY-2PZ6	6.5255859375000000e+02	9.2383953763859581e-10	7.0173985269587002e+09
/SS/X/PX-1PY-2PZ7	7.6246093750000000e+02	1.5210441461892596e-09	8.6906614333481941e+09
/SS/X/PX-1PY-2PZ8	4.2064160156250000e+02	1.3424587998356179e-09	4.7665984398609228e+09
/SS/X/PX-1PY-2PZ9	4.9968750000000000e+02	3.7849426890219521e-09	2.8977533036189690e+09
/SS/X/PX-1PY0PZ5	1.6237207031250000e+02	5.7158719363811622e-09	6.2972879689703655e+08
/SS/X/PX-1PY0PZ6	3.6182812500000000e+02	6.6172213560660511e-10	1.3095538121070648e+10
/SS/X/PX-1PY0PZ7	1.7966250000000000e+03	2.0499411500530479e-09	6.1748137308305779e+09
/SS/X/PX-1PY0PZ8	3.8583750000000000e+03	1.4122765705510750e-09	1.5402484006919298e+10
/SS/X/PX-1PY0PZ9	4.5447500000000000e+03	1.7494357869130204e-09	9.3412837944785824e+09
/SS/X/PX-1PY1PZ5	2.2620117187500000e+02	1.5160772509984280e-09	3.5321419245271945e+09
/SS/X/PX-1PY1PZ6	3.7104980468750000e+02	6.2520060758663697e-10	5.6827121405435928e+10
/SS/X/PX-1PY1PZ7	8.1400000000000000e+02	2.2516516956906859e-09	4.4529862918034687e+09
/SS/X/PX-1PY1PZ8	2.6265000000000000e+03	5.9588734527650902e-09	1.4935932043306057e+09
/SS/X/PX-1PY1PZ9	3.6187500000000000e+03	2.7571174984863092e-09	4.3356178463098984e+09
/SS/X/PX-1PY2PZ5	1.6741894531250000e+02	3.2684364167046614e-09	1.7027215266739471e+09
/SS/X/PX-1PY2PZ6	2.4585546875000000e+02	2.8170167011529405e-09	1.5496611338439522e+09
/SS/X/PX-1PY2PZ7	3.4210156250000000e+02	6.5019798711166648e-10	4.9829769301758652e+09
/SS/X/PX-1PY2PZ8	6.7053125000000000e+02	3.8842795064346065e-09	1.7313304878501213e+09
/SS/X/PX-1PY2PZ9	1.2263437500000000e+03	3.7665642741690363e-09	1.7497800812106230e+09
/SS/X/PX-2PY-1PZ5	7.2791748046875000e+01	8.0638990427548319e-10	5.7635314567680378e+09
/SS/X/PX-2PY-1PZ6	3.5225781250000000e+02	2.2916777284836267e-09	3.2473499298715580e+08
/SS/X/PX-2PY-1PZ7	9.8231250000000000e+02	6.2440615076235522e-10	9.4538618202061901e+09
/SS/X/PX-2PY-1PZ8	1.5141875000000000e+03	1.4262996084210303e-09	7.1839564461463289e+09
/SS/X/PX-2PY-1PZ9	1.1507500000000000e+03	9.7758177974643411e-10	6.4362948610786695e+09
/SS/X/PX-2PY-2PZ5	9.1700195312500000e+01	2.6416508702270324e-09	1.2219299014706194e+09
/SS/X/PX-2PY-2PZ6	2.8563281250000000e+02	2.1979442840098792e-09	2.3123038218407755e+09
/SS/X/PX-2PY-2PZ7	4.4640625000000000e+02	1.1693014880832167e-09	2.5081688239233379e+09
/SS/X/PX-2PY-2PZ8	2.7296875000000000e+02	1.5260417143208104e-09	4.4452332029642963e+09
/SS/X/PX-2PY-2PZ9	1.9215625000000000e+02	1.4459312193991514e-09	2.9003014535722923e+09
/SS/X/PX-2PY0PZ5	9.4821289062500000e+01	1.0618369406546412e-09	6.2859572697079954e+09
/SS/X/PX-2PY0PZ6	3.2850781250000000e+02	1.3183917368227043e-09	5.5720717001322441e+09
/SS/X/PX-2PY0PZ7	1.3933750000000000e+03	3.0052328680598749e-09	5.4495728389828606e+09
/SS/X/PX-2PY0PZ8	2.8360625000000000e+03	8.3138800857105261e-10	2.3320245119942982e+10
/SS/X/PX-2PY0PZ9	2.9767500000000000e+03	1.1836280461866010e-09	8.4170858983614902e+09
/SS/X/PX-2PY1PZ5	8.5975585937500000e+01	2.2346755602256409e-09	5.8646015986761665e+08
/SS/X/PX-2PY1PZ6	1.9912695312500000e+02	2.4221668851931444e-09	1.6555040165606327e+09
/SS/X/PX-2PY1PZ7	1.0048437500000000e+03	7.7455754532178627e-10	1.5509261446124315e+10
/SS/X/PX-2PY1PZ8	2.4636875000000000e+03	3.3613465453899582e-09	2.6292174097645955e+09
/SS/X/PX-2PY1PZ9	2.9970625000000000e+03	1.0476105622146821e-09	1.9859624982286976e+10
/SS/X/PX-2PY2PZ5	5.5756835937500000e+01	4.1759747513946255e-09	5.9204038745086896e+08
/SS/X/PX-2PY2PZ6	1.0764208984375000e+02	3.1768311335438204e-09	7.4264719534379447e+08
/SS/X/PX-2PY2PZ7	3.4973437500000000e+02	1.1399734921553717e-09	6.5929055239338713e+09
/SS/X/PX-2PY2PZ8	1.0777500000000000e+03	1.8113697013127117e-09	2.0992347567806339e+09
/SS/X/PX-2PY2PZ9	1.4935625000000000e+03	7.0056612268892054e-10	8.6874511338762913e+09
/SS/X/PX0PY-1PZ5	2.4051562500000000e+02	5.0491779065529826e-09	1.8984705450489695e+09
/SS/X/PX0PY-1PZ6	3.5715429687500000e+02	4.9087115467989419e-09	3.9164930337939322e+08
/SS/X/PX0PY-1PZ7	1.3302187500000000e+03	3.5491960090215433e-09	1.4799910397595589e+09
/SS/X/PX0PY-1PZ8	4.0067265625000000e+03	3.5244487906351527e-09	4.9281552901563034e+09
/SS/X/PX0PY-1PZ9	2.9478906250000000e+03	1.5247657572812040e-09	1.0985769264879436e+10
/SS/X/PX0PY-2PZ5	2.2928817749023438e+02	2.4035856095030382e-09	9.5394221276620834e+10
/SS/X/PX0PY-2PZ6	8.0763183593750000e+02	1.3569569090959064e-09	4.1977814025173807e+09
/SS/X/PX0PY-2PZ7	1.3010253906250000e+03	7.6237584045048813e-10	1.3815586104038994e+10
/SS/X/PX0PY-2PZ8	3.5439160156250000e+02	2.9486488483903808e-09	3.6982423539400692e+09
/SS/X/PX0PY-2PZ9	1.2592851562500000e+03	2.6528218055695689e-09	5.9005729843670778e+09
/SS/X/PX0PY0PZ5	1.2046582031250000e+02	2.7406227128852406e-09	2.5215493587251463e+09
/SS/X/PX0PY0PZ6	2.6336718750000000e+02	2.9133960523336778e-09	2.6133631559487839e+09
/SS/X/PX0PY0PZ7	5.3203515625000000e+02	1.7067792259430078e-09	1.0950207475766624e+10
/SS/X/PX0PY0PZ8	9.3824218750000000e+02	2.1799700155629204e-09	5.7657794259651499e+09
/SS/X/PX0PY0PZ9	5.0773710937500000e+03	1.1755394322972458e-09	1.4419519792886015e+10
/SS/X/PX0PY1PZ5	2.1243359375000000e+02	2.8975590070398403e-09	2.6318533351446757e+09
/SS/X/PX0PY1PZ6	2.0007812500000000e+02	1.6731043337738724e-09	4.8831167738605175e+09
/SS/X/PX0PY1PZ7	4.1811718750000000e+02	8.6251604606695793e-10	1.0514585065572168e+10
/SS/X/PX0PY1PZ8	7.6517968750000000e+02	9.1353496400685587e-10	7.5464069411042452e+09
/SS/X/PX0PY1PZ9	3.3755664062500000e+02	9.9000852331596007e-10	5.8306298011745949e+09
/SS/X/PX0PY2PZ5	8.4155761718750000e+01	2.0128674999824910e-09	2.5977976707084074e+09
/SS/X/PX0PY2PZ6	2.1231835937500000e+02	8.1852916425790696e-09	6.9811067554225731e+08
/SS/X/PX0PY2PZ7	4.6542968750000000e+02	1.0857302202035339e-09	1.0944543879892723e+10
/SS/X/PX0PY2PZ8	8.6400000000000000e+02	3.2244112777708297e-09	4.0735603126268320e+09
/SS/X/PX0PY2PZ9	6.2023632812500000e+02	1.1235910709998368e-09	6.4141659977158918e+09
/SS/X/PX1PY-1PZ5	2.3870703125000000e+02	9.4122807743321802e-10	5.4428577981070395e+09
/SS/X/PX1PY-1PZ6	8.9879687500000000e+02	2.2807092095004099e-09	2.1499291568688502e+09
/SS/X/PX1PY-1PZ7	1.1677500000000000e+03	9.6815451384250835e-10	1.0899537912323225e+10
/SS/X/PX1PY-1PZ8	4.0081250000000000e+02	1.1793403996083330e-09	1.7254413881537960e+10
/SS/X/PX1PY-1PZ9	3.5444531250000000e+02	9.5885424631270383e-10	6.8972542176019144e+09
/SS/X/PX1PY-2PZ5	2.8211767578125000e+02	2.0492323594288319e-09	5.9870518263424361e+08
/SS/X/PX1PY-2PZ6	7.5730859375000000e+02	4.6400356890758255e-09	1.6786602920469403e+09
/SS/X/PX1PY-2PZ7	5.2623437500000000e+02	1.0364925804457537e-09	9.3338673478676338e+09
/SS/X/PX1PY-2PZ8	7.0121875000000000e+02	2.8386396804708625e-09	3.1097113875874777e+09
/SS/X/PX1PY-2PZ9	1.1433125000000000e+03	1.4943815506456677e-09	5.8131959884239674e+09
/SS/X/PX1PY0PZ5	9.2136718750000000e+01	1.2913754413111713e-09	7.0591962361219330e+09
/SS/X/PX1PY0PZ6	1.9185156250000000e+02	1.6802464771830340e-09	3.2066590665499897e+09
/SS/X/PX1PY0PZ7	8.9825000000000000e+02	8.8344027587376152e-10	1.0356469768956980e+10
/SS/X/PX1PY0PZ8	1.3268750000000000e+03	2.6313638483486988e-09	3.3532614056706085e+09
/SS/X/PX1PY0PZ9	1.0218750000000000e+03	3.7128609875739996e-09	3.3222559277134280e+09
/SS/X/PX1PY1PZ5	2.3209375000000000e+02	1.8092942192611749e-09	3.0389896672655106e+09
/SS/X/PX1PY1PZ6	3.6418750000000000e+02	3.6259598071663075e-09	4.0121936153368683e+09
/SS/X/PX1PY1PZ7	2.3299291992187500e+02	2.2772569153385266e-09	3.3733691802040896e+09
/SS/X/PX1PY1PZ8	2.2652343750000000e+02	3.4413983637056929e-09	3.2305843676082563e+09
/SS/X/PX1PY1PZ9	2.6675781250000000e+02	1.0699324064647014e-09	3.6053212194387317e+09
/SS/X/PX1PY2PZ5	1.4464843750000000e+02	1.2148922551394169e-09	2.6044266662862263e+09
/SS/X/PX1PY2PZ6	3.6814453125000000e+02	1.8182495401724506e-09	1.8475755003302166e+09
/SS/X/PX1PY2PZ7	5.8931250000000000e+02	5.3130614717954538e-09	1.0964978281276612e+09
/SS/X/PX1PY2PZ8	8.5437500000000000e+02	2.9982583911658974e-09	2.1329037757081568e+09
/SS/X/PX1PY2PZ9	9.8843750000000000e+02	1.4807250398861925e-09	3.8494193506645951e+09
/SS/X/PX2PY-1PZ5	1.4118945312500000e+02	1.4077634582746789e-09	1.0337419984494594e+09
/SS/X/PX2PY-1PZ6	3.6632031250000000e+02	2.0529211829877485e-09	3.2293081809417858e+09
/SS/X/PX2PY-1PZ7	1.6103125000000000e+02	7.5502515266993422e-10	9.8876387471205406e+09
/SS/X/PX2PY-1PZ8	6.4787500000000000e+02	2.8738781701091754e-09	3.0142341997654724e+09
/SS/X/PX2PY-1PZ9	1.0791875000000000e+03	2.4991789597899734e-09	1.4918933507490652e+09
/SS/X/PX2PY-2PZ5	1.4996630859375000e+02	1.0341866986695905e-09	3.3721290620664449e+09
/SS/X/PX2PY-2PZ6	3.5471484375000000e+02	1.1377759472087011e-09	3.4560444489689288e+09
/SS/X/PX2PY-2PZ7	1.3310253906250000e+02	2.0321439677924031e-09	1.8519278965571198e+09
/SS/X/PX2PY-2PZ8	6.2587500000000000e+02	1.1897599579276169e-09	7.7613586556090717e+09
/SS/X/PX2PY-2PZ9	9.0928125000000000e+02	1.5739684113328256e-09	1.6758867628513508e+09
/SS/X/PX2PY0PZ5	3.2839843750000000e+01	1.5226236151610146e-09	2.4711071417556090e+09
/SS/X/PX2PY0PZ6	7.6794799804687500e+01	1.6970655817439734e-09	5.3995352110423813e+09
/SS/X/PX2PY0PZ7	9.4625000000000000e+01	1.3436655374098443e-09	9.4486955707832394e+09
/SS/X/PX2PY0PZ8	4.2400000000000000e+02	1.1501597641449843e-09	3.6241837038583813e+09
/SS/X/PX2PY0PZ9	7.8343750000000000e+02	1.9139750117223600e-09	1.3427620687440057e+09
/SS/X/PX2PY1PZ5	1.0451171875000000e+02	1.1945967972136818e-09	8.0911491481467330e+08
/SS/X/PX2PY1PZ6	2.1129687500000000e+02	2.4172380250356685e-09	3.1816784363293972e+09
/SS/X/PX2PY1PZ7	3.0321875000000000e+02	1.9770033172091261e-09	3.5157248396639519e+09
/SS/X/PX2PY1PZ8	5.4268750000000000e+02	2.0824289488561183e-09	3.8398596495650778e+09
/SS/X/PX2PY1PZ9	8.5950000000000000e+02	3.4260737037883775e-09	1.8656524704050877e+09
/SS/X/PX2PY2PZ5	5.6464355468750000e+01	1.6403725605208746e-09	5.4970158580831921e+08
/SS/X/PX2PY2PZ6	1.2926171875000000e+02	1.4033167210752313e-09	2.4359278997970681e+09
/SS/X/PX2PY2PZ7	2.0056250000000000e+02	3.7709553779269659e-09	6.7073845126330256e+08
/SS/X/PX2PY2PZ8	3.9168750000000000e+02	2.2218811852711758e-09	1.0204928998179332e+09
/SS/X/PX2PY2PZ9	5.8262500000000000e+02	3.4147859614790524e-09	1.3222513604762220e+09
/SS/X5/PX-1PY-1PZ5	5.3434570312500000e+01	1.0614915277695391e-09	3.4146615126697497e+09
/SS/X5/PX-1PY-1PZ6	2.0668041992187500e+02	9.9518883081902969e-10	8.2148388363697748e+09
/SS/X5/PX-1PY-1PZ7	1.0845000000000000e+03	4.5182973120528404e-09	3.4561391600392680e+09
/SS/X5/PX-1PY-1PZ8	2.1652500000000000e+03	1.5156639068431969e-08	1.0727589227031143e+09
/SS/X5/PX-1PY-1PZ9	1.6173125000000000e+03	2.6151446723917671e-09	1.7068873181889999e+09
/SS/X5/PX-1PY-2PZ5	3.6377929687500000e+01	1.4941889557248056e-09	1.7791145432839029e+09
/SS/X5/PX-1PY-2PZ6	3.8794140625000000e+02	1.2196581667550637e-09	1.4119399126329069e+09
/SS/X5/PX-1PY-2PZ7	1.7777109375000000e+03	1.1609822507469569e-09	1.6362648217629164e+10
/SS/X5/PX-1PY-2PZ8	2.8260781250000000e+03	1.9091381499412339e-09	6.5478906226306543e+09
/SS/X5/PX-1PY-2PZ9	2.1354375000000000e+03	2.4277645252344173e-09	7.0800903670997639e+09
/SS/X5/PX-1PY0PZ5	1.2167456054687500e+02	2.0111696978658898e-09	5.2730557962896376e+09
/SS/X5/PX-1PY0PZ6	4.2395312500000000e+02	6.1248172616342971e-10	2.2924479687072620e+10
/SS/X5/PX-1PY0PZ7	1.2454687500000000e+03	1.0853896454001164e-09	1.7119179623326565e+10
/SS/X5/PX-1PY0PZ8	1.8736250000000000e+03	7.6341614338679234e-09	1.3183926022170098e+09
/SS/X5/PX-1PY0PZ9	1.8527500000000000e+03	2.5851936737313380e-09	1.0203530793169846e+10
/SS/X5/PX-1PY1PZ5	9.3277221679687500e+01	4.6323927502419082e-09	1.8781690742663479e+09
/SS/X5/PX-1PY1PZ6	4.9490625000000000e+02	4.5999610366263463e-09	2.9234347011771722e+09
/SS/X5/PX-1PY1PZ7	2.1441953125000000e+03	2.2178935000950699e-09	1.3153607144877876e+10
/SS/X5/PX-1PY1PZ8	4.2381250000000000e+03	8.2757467587111932e-09	3.9775978513156595e+09
/SS/X5/PX-1PY1PZ9	3.9142187500000000e+03	9.0024240565526813e-10	1.9005818988619808e+10
/SS/X5/PX-1PY2PZ5	5.4255859375000000e+01	1.7878022124183569e-09	1.3086900701375468e+09
/SS/X5/PX-1PY2PZ6	3.6141992187500000e+02	2.8015992251044056e-09	2.1126868780091226e+09
/SS/X5/PX-1PY2PZ7	1.5230820312500000e+03	1.6550426459889591e-09	2.6437977078118000e+09
/SS/X5/PX-1PY2PZ8	3.1511796875000000e+03	2.1220855474191207e-09	2.7152374867699409e+09
/SS/X5/PX-1PY2PZ9	2.7795859375000000e+03	1.9065805215910138e-09	3.8168733487766743e+09
/SS/X5/PX-2PY-1PZ5	1.5386398315429688e+01	2.9183518581936679e-09	8.0197742669446111e+08
/SS/X5/PX-2PY-1PZ6	1.0277746582031250e+02	1.5864420081138651e-09	3.5850484043424902e+09
/SS/X5/PX-2PY-1PZ7	3.5491406250000000e+02	7.5935094342997257e-10	1.4947179528665058e+10
/SS/X5/PX-2PY-1PZ8	6.4631250000000000e+02	1.2359180118588742e-09	2.4866924956669841e+09
/SS/X5/PX-2PY-1PZ9	3.4009375000000000e+02	1.8667777802022821e-09	6.0000300052764044e+09
/SS/X5/PX-2PY-2PZ5	1.7061035156250000e+01	9.5457694691152399e-10	1.7242477896684363e+09
/SS/X5/PX-2PY-2PZ6	6.7439453125000000e+01	1.1375486027460811e-09	4.9018660181928301e+09
/SS/X5/PX-2PY-2PZ7	5.5885156250000000e+02	3.6057383907475468e-09	2.9531620380797009e+09
/SS/X5/PX-2PY-2PZ8	1.0311250000000000e+03	1.2745976722525519e-09	7.2080282021707449e+09
/SS/X5/PX-2PY-2PZ9	8.7785156250000000e+02	1.2741247267278213e-09	1.5126947043172703e+09
/SS/X5/PX-2PY0PZ5	5.4454101562500000e+01	1.1979820719937710e-09	4.9895100260700865e+09
/SS/X5/PX-2PY0PZ6	1.0045703125000000e+02	9.4703133230099924e-10	3.6368375234927392e+09
/SS/X5/PX-2PY0PZ7	3.2489208984375000e+02	7.1317473778912019e-10	9.2799274682443066e+09
/SS/X5/PX-2PY0PZ8	4.7214062500000000e+02	1.4721411198404173e-09	8.6414485409909344e+09
/SS/X5/PX-2PY0PZ9	9.2256250000000000e+02	5.8709231452297449e-09	1.2898801598185000e+09
/SS/X5/PX-2PY1PZ5	5.4177062988281250e+01	1.2714860047481525e-09	1.5254824256856246e+09
/SS/X5/PX-2PY1PZ6	1.1207519531250000e+02	9.6464522486600284e-10	5.0617929873519497e+09
/SS/X5/PX-2PY1PZ7	2.7925390625000000e+02	1.6184584402124486e-09	3.4110606651282263e+09
/SS/X5/PX-2PY1PZ8	1.1326328125000000e+03	1.8939605794789408e-09	2.1397354720376127e+09
/SS/X5/PX-2PY1PZ9	1.3875859375000000e+03	7.6902823106194425e-10	3.7603622409241648e+09
/SS/X5/PX-2PY2PZ5	3.8180297851562500e+01	2.1530533475128126e-09	1.1210903531895454e+09
/SS/X5/PX-2PY2PZ6	1.0970434570312500e+02	2.0174834664411004e-09	1.7827736701634011e+09
/SS/X5/PX-2PY2PZ7	4.0740429687500000e+02	1.0455540509874965e-09	2.0998405539035120e+09
/SS/X5/PX-2PY2PZ8	9.5883984375000000e+02	2.3051170634196516e-09	6.3826501107313776e+08
/SS/X5/PX-2PY2PZ9	7.9369531250000000e+02	1.4092793321010996e-09	1.2443448265257468e+09
/SS/X5/PX0PY-1PZ5	1.2275097656250000e+02	6.1869133202579352e-09	8.3674176462716341e+08
/SS/X5/PX0PY-1PZ6	1.8172949218750000e+02	1.9180110845421417e-09	6.6425125562496405e+09
/SS/X5/PX0PY-1PZ7	5.9110937500000000e+02	5.7699424708486425e-10	1.8011309081360031e+10
/SS/X5/PX0PY-1PZ8	1.3982187500000000e+03	9.4951381490981425e-10	4.4278039464281288e+10
/SS/X5/PX0PY-1PZ9	1.0349375000000000e+03	1.3411608436273878e-09	7.6266506472106905e+09
/SS/X5/PX0PY-2PZ5	8.9201171875000000e+01	1.3304761571430995e-09	1.9531990662127607e+09
/SS/X5/PX0PY-2PZ6	5.5596093750000000e+02	2.4616304398475537e-09	9.4793114387328959e+08
/SS/X5/PX0PY-2PZ7	1.9845078125000000e+03	1.1312148587438307e-09	7.4553731150420486e+10
/SS/X5/PX0PY-2PZ8	2.7954843750000000e+03	1.9229027153781591e-09	1.1300067000727125e+10
/SS/X5/PX0PY-2PZ9	1.7306093750000000e+03	8.7940163833484443e-10	6.5150322823081760e+09
/SS/X5/PX0PY0PZ5	1.6916650390625000e+02	1.4377170608705344e-09	3.3421679332376318e+09
/SS/X5/PX0PY0PZ6	1.1085703125000000e+03	9.3404561739137347e-10	1.2362560478383932e+10
/SS/X5/PX0PY0PZ7	3.4088750000000000e+03	1.3010051520713442e-09	1.8443947189909088e+10
/SS/X5/PX0PY0PZ8	4.9069062500000000e+03	8.6586358547639833e-10	1.7462752310810917e+10
/SS/X5/PX0PY0PZ9	3.8679062500000000e+03	1.3771324734838972e-09	1.1269124503153221e+10
/SS/X5/PX0PY1PZ5	1.5477929687500000e+02	2.0853562387276532e-09	1.2079420850056787e+09
/SS/X5/PX0PY1PZ6	1.2293867187500000e+03	4.9077623287061157e-09	2.4201298957146201e+09
/SS/X5/PX0PY1PZ7	4.4429375000000000e+03	2.5693320855832822e-09	4.4067955533067617e+09
/SS/X5/PX0PY1PZ8	7.6687187500000000e+03	1.1554639674658184e-09	1.8692008544120911e+10
/SS/X5/PX0PY1PZ9	6.6621562500000000e+03	6.7725098550533173e-10	1.2312960247755335e+10
/SS/X5/PX0PY2PZ5	9.1793212890625000e+01	1.3663683036261487e-09	1.6883628880147259e+09
/SS/X5/PX0PY2PZ6	6.5281835937500000e+02	1.0543321586766555e-09	9.2543314036624718e+09
/SS/X5/PX0PY2PZ7	2.4973476562500000e+03	2.2746028250161375e-09	8.3209049903771467e+09
/SS/X5/PX0PY2PZ8	4.8305937500000000e+03	3.2863440617007370e-09	3.9276798083264351e+09
/SS/X5/PX0PY2PZ9	4.5165156250000000e+03	2.7510302479244180e-09	2.6572109336752167e+09
/SS/X5/PX1PY-1PZ5	8.9162597656250000e+01	1.3462233619310945e-09	2.3124631719231262e+09
/SS/X5/PX1PY-1PZ6	1.8409228515625000e+02	2.1960275540536937e-09	5.2986852491417055e+09
/SS/X5/PX1PY-1PZ7	4.3746533203125000e+02	2.0150350924445031e-09	1.4340666354506678e+10
/SS/X5/PX1PY-1PZ8	5.0410937500000000e+02	7.4979547642001418e-10	8.5599794521361561e+09
/SS/X5/PX1PY-1PZ9	5.7584375000000000e+02	1.6172401803087500e-09	7.2859247212812927e+10
/SS/X5/PX1PY-2PZ5	1.0836523437500000e+02	9.5827200749588740e-10	3.1498952650543370e+09
/SS/X5/PX1PY-2PZ6	4.0286718750000000e+02	7.9933578932221821e-09	4.5789652455324441e+08
/SS/X5/PX1PY-2PZ7	9.5478125000000000e+02	1.3889096944625740e-09	1.0185438394900282e+10
/SS/X5/PX1PY-2PZ8	1.0865781250000000e+03	1.2066872422120824e-09	6.2465324435456743e+09
/SS/X5/PX1PY-2PZ9	4.3538281250000000e+02	1.8667895973219269e-09	3.2714021083037586e+09
/SS/X5/PX1PY0PZ5	1.1447436523437500e+02	3.2371855766985065e-09	9.4325982161610711e+08
/SS/X5/PX1PY0PZ6	7.7814062500000000e+02	1.1631649829833880e-09	1.3343390886089497e+10
/SS/X5/PX1PY0PZ7	3.2167812500000000e+03	2.2949460905171442e-09	6.6466972358402433e+09
/SS/X5/PX1PY0PZ8	5.1829375000000000e+03	1.5556581054131692e-09	2.1553700904772282e+10
/SS/X5/PX1PY0PZ9	4.3795000000000000e+03	7.7459176421617132e-10	3.9026048394484634e+10
/SS/X5/PX1PY1PZ5	7.7658203125000000e+01	1.3037804893477331e-09	2.2955627367855439e+09
/SS/X5/PX1PY1PZ6	7.7159375000000000e+02	3.7630025068589944e-09	1.4724970635211728e+09
/SS/X5/PX1PY1PZ7	3.5320937500000000e+03	1.6891347666433562e-09	6.5831379845697079e+09
/SS/X5/PX1PY1PZ8	6.3602968750000000e+03	1.2773669090189923e-09	2.7592129826782486e+10
/SS/X5/PX1PY1PZ9	5.9123750000000000e+03	1.4055589959670277e-09	1.0428769515029079e+10
/SS/X5/PX1PY2PZ5	4.9807495117187500e+01	1.4591913495010680e-09	1.8175786045562077e+09
/SS/X5/PX1PY2PZ6	3.0137402343750000e+02	5.2982351838041248e-09	1.5528954112110598e+09
/SS/X5/PX1PY2PZ7	1.6910820312500000e+03	1.0617550869446400e-09	8.4974044846835575e+09
/SS/X5/PX1PY2PZ8	3.4648085937500000e+03	8.7359527702136607e-10	4.1883673450438104e+09
/SS/X5/PX1PY2PZ9	3.5360625000000000e+03	2.1243300106144894e-09	2.1723759234542713e+09
/SS/X5/PX2PY-1PZ5	2.2452575683593750e+01	5.8241232061426221e-10	2.9433772036897116e+09
/SS/X5/PX2PY-1PZ6	8.1689453125000000e+01	2.2929216696972165e-09	2.6135256079970417e+09
/SS/X5/PX2PY-1PZ7	5.3474218750000000e+02	8.7527897422680976e-10	1.9538034300943317e+10
/SS/X5/PX2PY-1PZ8	1.0914687500000000e+03	8.6408787136577899e-10	9.7615438183741474e+09
/SS/X5/PX2PY-1PZ9	1.1413593750000000e+03	1.7385749346420089e-09	2.6701598284428525e+09
/SS/X5/PX2PY-2PZ5	4.3525390625000000e+01	3.0476102096731064e-09	1.5230428375758147e+09
/SS/X5/PX2PY-2PZ6	1.1554882812500000e+02	1.7316389451438668e-09	2.4230520673812709e+09
/SS/X5/PX2PY-2PZ7	1.3501953125000000e+02	1.0791874465142873e-09	3.8256199451100669e+09
/SS/X5/PX2PY-2PZ8	1.7560449218750000e+02	1.4796924339518036e-09	1.1254796816684230e+11
/SS/X5/PX2PY-2PZ9	1.9600378417968750e+02	1.0260553781175027e-09	3.9349773502593341e+09
/SS/X5/PX2PY0PZ5	3.4961914062500000e+01	1.3835311640728118e-09	2.5032108255392118e+09
/SS/X5/PX2PY0PZ6	3.0485156250000000e+02	2.6021570866915837e-09	2.5381257318494802e+09
/SS/X5/PX2PY0PZ7	1.6275859375000000e+03	1.7688612234705546e-09	1.2363627444613346e+10
/SS/X5/PX2PY0PZ8	3.1116562500000000e+03	3.7270777563059866e-09	3.4292558325434537e+09
/SS/X5/PX2PY0PZ9	3.0098515625000000e+03	2.7166128777140692e-09	1.7888550885869061e+10
/SS/X5/PX2PY1PZ5	2.3879394531250000e+01	1.6436909106164411e-09	9.6937835890706539e+08
/SS/X5/PX2PY1PZ6	1.9074902343750000e+02	1.0305189935328255e-09	7.3579591621428204e+09
/SS/X5/PX2PY1PZ7	1.4707773437500000e+03	9.9423221104658439e-10	5.6860312637979498e+09
/SS/X5/PX2PY1PZ8	3.0891718750000000e+03	1.4981087189448598e-09	5.3287052358240252e+09
/SS/X5/PX2PY1PZ9	3.0822265625000000e+03	6.4053476527740545e-10	2.1338210654740173e+10
/SS/X5/PX2PY2PZ5	2.8353515625000000e+01	1.2635525429152057e-09	1.0266060135855675e+09
/SS/X5/PX2PY2PZ6	4.1874755859375000e+01	6.7328375102560454e-09	6.2148866564313674e+08
/SS/X5/PX2PY2PZ7	5.6357519531250000e+02	1.1244708068110384e-09	7.5810934645628986e+09
/SS/X5/PX2PY2PZ8	1.3901113281250000e+03	1.9046096189442297e-09	1.0092587028975604e+09
/SS/X5/PX2PY2PZ9	1.4191796875000000e+03	1.0310262225110129e-09	5.5071718576452446e+09
/SS/Y/PX-1PY-1PZ5	9.5260253906250000e+01	1.1197684907541218e-09	1.2019514865364326e+10
/SS/Y/PX-1PY-1PZ6	3.7156250000000000e+02	1.5275288521576275e-09	9.1939909589672375e+09
/SS/Y/PX-1PY-1PZ7	9.9559375000000000e+02	1.7411628823501225e-09	1.1573148072111567e+10
/SS/Y/PX-1PY-1PZ8	4.6356250000000000e+02	8.0665770974660079e-10	2.0685094574830986e+10
/SS/Y/PX-1PY-1PZ9	1.4893125000000000e+03	5.7771746457232029e-09	6.6148553607044208e+08
/SS/Y/PX-1PY-2PZ5	2.8181640625000000e+01	9.0750978799920643e-10	3.5931417732442031e+09
/SS/Y/PX-1PY-2PZ6	2.7421093750000000e+02	6.4595549454361071e-09	1.4803919238175207e+08
/SS/Y/PX-1PY-2PZ7	6.7112500000000000e+02	1.1524226467162746e-09	5.9798722937054071e+09
/SS/Y/PX-1PY-2PZ8	4.3175000000000000e+02	2.2569919641810060e-09	7.1445983763246524e+08
/SS/Y/PX-1PY-2PZ9	4.8881250000000000e+02	2.8551240172918137e-09	3.0110724746285992e+09
/SS/Y/PX-1PY0PZ5	1.4087158203125000e+02	5.9526655024849040e-09	2.7835968998427325e+08
/SS/Y/PX-1PY0PZ6	6.5857421875000000e+02	1.6762292924097408e-09	2.4262269305742974e+09
/SS/Y/PX-1PY0PZ7	1.3578359375000000e+03	1.8479631004457315e-09	2.4452809197446480e+10
/SS/Y/PX-1PY0PZ8	2.4744531250000000e+03	1.0101834316467329e-09	1.3145006446909649e+10
/SS/Y/PX-1PY0PZ9	2.3059531250000000e+03	1.6553667115233282e-09	4.1913469451290488e+09
/SS/Y/PX-1PY1PZ5	5.8339599609375000e+01	5.9211996675434179e-10	5.4404745545461731e+09
/SS/Y/PX-1PY1PZ6	2.9435937500000000e+02	1.3630878036633360e-09	1.3095000945580667e+10
/SS/Y/PX-1PY1PZ7	1.1253437500000000e+03	1.5172043823117890e-09	9.7390244809560013e+09
/SS/Y/PX-1PY1PZ8	1.1265625000000000e+03	5.0845863442586111e-10	2.0612002205880363e+10
/SS/Y/PX-1PY1PZ9	1.0711250000000000e+03	2.4088332834023527e-09	2.4134226595679355e+09
/SS/Y/PX-1PY2PZ5	4.5199218750000000e+01	1.5563586095333028e-09	1.1132879680404463e+09
/SS/Y/PX-1PY2PZ6	1.8893750000000000e+02	1.5318648700637501e-09	2.3066616806216426e+09
/SS/Y/PX-1PY2PZ7	6.3390625000000000e+02	1.5824151700141450e-09	2.0525287934595709e+09
/SS/Y/PX-1PY2PZ8	6.7212500000000000e+02	1.1772025895882491e-09	1.2738988554890154e+10
/SS/Y/PX-1PY2PZ9	3.5225000000000000e+02	1.0814757540822554e-09	1.0552008414093311e+10
/SS/Y/PX-2PY-1PZ5	9.9411987304687500e+01	1.7898596526294148e-09	5.4388980837817073e+08
/SS/Y/PX-2PY-1PZ6	2.2339453125000000e+02	1.0411727000353732e-09	4.1837581108284431e+09
/SS/Y/PX-2PY-1PZ7	7.0150000000000000e+02	9.5806494228156925e-10	2.7275398657982502e+10
/SS/Y/PX-2PY-1PZ8	7.6128125000000000e+02	1.2068968788073447e-09	6.0780423449575844e+09
/SS/Y/PX-2PY-1PZ9	2.0971093750000000e+02	8.8079033090515690e-10	3.9979997218714046e+09
/SS/Y/PX-2PY-2PZ5	2.3577148437500000e+01	5.1899353199544383e-09	3.7310087693248934e+08
/SS/Y/PX-2PY-2PZ6	1.5393750000000000e+02	2.7362093055315431e-09	1.3994412850088749e+09
/SS/Y/PX-2PY-2PZ7	4.0462500000000000e+02	2.4095826954618852e-09	1.5657415549014435e+09
/SS/Y/PX-2PY-2PZ8	4.6681250000000000e+02	1.5218054993801151e-09	2.2012870663229785e+09
/SS/Y/PX-2PY-2PZ9	1.9196679687500000e+02	1.7931034613140325e-09	4.0356083356414714e+09
/SS/Y/PX-2PY0PZ5	1.4983398437500000e+02	2.8756227883360731e-09	1.3893826281721289e+09
/SS/Y/PX-2PY0PZ6	4.5630371093750000e+02	1.7666206051020062e-09	5.1997683959889603e+09
/SS/Y/PX-2PY0PZ7	7.8004687500000000e+02	2.8445151254427014e-09	4.4560690846325436e+09
/SS/Y/PX-2PY0PZ8	1.5930234375000000e+03	8.4366100048003263e-10	3.3253661344715694e+10
/SS/Y/PX-2PY0PZ9	2.1374453125000000e+03	2.9939557237608236e-09	4.3737673523445520e+09
/SS/Y/PX-2PY1PZ5	6.9515625000000000e+01	1.9683899537312422e-08	1.5774852333770981e+08
/SS/Y/PX-2PY1PZ6	3.8088281250000000e+02	1.8602858964588195e-09	4.0007212583056669e+09
/SS/Y/PX-2PY1PZ7	1.1623281250000000e+03	8.2134664138729427e-10	6.2211053567443972e+09
/SS/Y/PX-2PY1PZ8	1.5006875000000000e+03	1.3052942747316044e-09	1.0183624943369928e+10
/SS/Y/PX-2PY1PZ9	2.8787500000000000e+02	2.1236002753920440e-09	5.6679516747876225e+09
/SS/Y/PX-2PY2PZ5	4.0097167968750000e+01	1.9444358912510301e-09	1.2686704583641176e+09
/SS/Y/PX-2PY2PZ6	1.8024218750000000e+02	1.2478294968592766e-09	2.3519648934193759e+09
/SS/Y/PX-2PY2PZ7	5.1409375000000000e+02	5.6034723631962400e-10	5.7659006364195042e+09
/SS/Y/PX-2PY2PZ8	6.0121875000000000e+02	6.2649844845135455e-09	1.1504796199912372e+09
/SS/Y/PX-2PY2PZ9	9.8964843750000000e+01	8.7028608805988246e-10	6.9322711266448526e+09
/SS/Y/PX0PY-1PZ5	4.8370971679687500e+01	1.4899342437875481e-09	2.9531582066830010e+09
/SS/Y/PX0PY-1PZ6	1.2534375000000000e+02	3.0126762942795225e-09	2.4342072411496630e+09
/SS/Y/PX0PY-1PZ7	3.5715820312500000e+02	1.1401193429837503e-08	9.5398633561226988e+08
/SS/Y/PX0PY-1PZ8	1.4558125000000000e+03	1.0929281602488243e-09	4.3532413639978399e+09
/SS/Y/PX0PY-1PZ9	4.0603125000000000e+03	1.0350725258563116e-09	2.2837751466645058e+10
/SS/Y/PX0PY-2PZ5	3.6040405273437500e+01	1.0469441148577937e-09	2.1999489535667939e+09
/SS/Y/PX0PY-2PZ6	1.5770312500000000e+02	1.6197472643150866e-09	4.4728934753153534e+09
/SS/Y/PX0PY-2PZ7	4.0481250000000000e+02	2.5015566143865729e-09	1.4431534552837951e+09
/SS/Y/PX0PY-2PZ8	3.1444531250000000e+02	1.5252910187196171e-09	7.4676496209008884e+09
/SS/Y/PX0PY-2PZ9	1.5919375000000000e+03	9.9009651629835966e-10	1.1538201418872856e+10
/SS/Y/PX0PY0PZ5	6.9946289062500000e+01	1.2033551412483418e-09	1.1262066120544779e+10
/SS/Y/PX0PY0PZ6	2.0661718750000000e+02	1.0006192361279615e-09	1.3332772079343571e+10
/SS/Y/PX0PY0PZ7	5.0051953125000000e+02	1.0770965734781112e-09	1.7118213595485334e+10
/SS/Y/PX0PY0PZ8	3.6374218750000000e+02	2.8804001032525198e-09	5.3768022933029976e+09
/SS/Y/PX0PY0PZ9	3.0284687500000000e+03	1.2369133263631139e-09	9.0836943296634121e+09
/SS/Y/PX0PY1PZ5	1.3152783203125000e+02	8.9418960984245457e-10	6.7776379892247543e+09
/SS/Y/PX0PY1PZ6	2.7123437500000000e+02	9.7155864910110581e-10	3.3905188223665347e+09
/SS/Y/PX0PY1PZ7	3.9264062500000000e+02	1.8475629231375707e-09	2.8545300448793797e+10
/SS/Y/PX0PY1PZ8	1.2692500000000000e+03	3.4934534224838585e-09	2.2157960669309335e+09
/SS/Y/PX0PY1PZ9	3.4361250000000000e+03	2.1275759739175992e-09	8.5064186880793591e+09
/SS/Y/PX0PY2PZ5	1.0858203125000000e+02	8.3062555987858925e-10	5.2201395893142700e+09
/SS/Y/PX0PY2PZ6	2.6816015625000000e+02	1.3886913062761668e-09	5.3970550899961519e+09
/SS/Y/PX0PY2PZ7	4.6578515625000000e+02	1.0746793643399790e-09	4.2017028791999054e+09
/SS/Y/PX0PY2PZ8	6.2364062500000000e+02	6.2675508162734160e-10	8.7738147411029682e+09
/SS/Y/PX0PY2PZ9	8.5925000000000000e+02	7.7773083772836300e-09	2.3013777894520555e+09
/SS/Y/PX1PY-1PZ5	7.4485717773437500e+01	2.4300096497170896e-09	1.6613965914463871e+09
/SS/Y/PX1PY-1PZ6	2.0502343750000000e+02	2.0093335655753895e-09	6.3278658273049068e+09
/SS/Y/PX1PY-1PZ7	7.7381250000000000e+02	8.9985150938706563e-10	4.1167227309884591e+09
/SS/Y/PX1PY-1PZ8	2.6653125000000000e+03	2.9161393347354265e-09	2.7768993856824250e+09
/SS/Y/PX1PY-1PZ9	4.7386875000000000e+03	2.6031482349993512e-09	3.8033316977582498e+09
/SS/Y/PX1PY-2PZ5	5.5721679687500000e+01	1.5879732334145862e-09	4.0491547012877955e+09
/SS/Y/PX1PY-2PZ6	1.2008984375000000e+02	1.9931445537498324e-09	2.3373350291089096e+09
/SS/Y/PX1PY-2PZ7	2.7444140625000000e+02	1.3959933982286238e-09	7.7369449191135540e+09
/SS/Y/PX1PY-2PZ8	7.9287500000000000e+02	1.5534495447674332e-09	7.4011815675430193e+09
/SS/Y/PX1PY-2PZ9	1.8003750000000000e+03	8.2968195785691071e-10	1.0339403843973040e+10
/SS/Y/PX1PY0PZ5	3.7716918945312500e+01	4.8042189743637354e-09	2.8880124643605614e+09
/SS/Y/PX1PY0PZ6	1.7356445312500000e+02	1.5960065323248786e-09	7.1116786179794283e+09
/SS/Y/PX1PY0PZ7	5.0322265625000000e+02	1.3999671632493026e-09	1.1792911837114771e+10
/SS/Y/PX1PY0PZ8	7.4751953125000000e+02	2.5119026311209591e-09	6.8683332879421129e+09
/SS/Y/PX1PY0PZ9	1.6098828125000000e+03	5.5789562228240116e-09	2.3363562201848292e+09
/SS/Y/PX1PY1PZ5	1.4705126953125000e+02	3.1943496712921920e-09	3.0977011492562613e+09
/SS/Y/PX1PY1PZ6	4.6171093750000000e+02	1.0826405607929749e-09	1.2590377773182863e+10
/SS/Y/PX1PY1PZ7	1.2736875000000000e+03	9.6231022396600607e-10	1.0777075214845316e+10
/SS/Y/PX1PY1PZ8	2.4178125000000000e+03	1.1603381562618364e-09	1.7229023381858410e+10
/SS/Y/PX1PY1PZ9	3.5955000000000000e+03	1.8616834509987658e-09	1.3184274023607822e+10
/SS/Y/PX1PY2PZ5	1.0633374023437500e+02	2.0257959627878067e-09	1.8457569219135275e+09
/SS/Y/PX1PY2PZ6	2.1310546875000000e+02	3.4891220394163542e-09	2.1284682663965912e+09
/SS/Y/PX1PY2PZ7	3.3678515625000000e+02	1.6412159994194853e-09	3.7615719310980687e+09
/SS/Y/PX1PY2PZ8	4.5556250000000000e+02	9.0923321233819268e-10	1.1652213703687916e+10
/SS/Y/PX1PY2PZ9	8.9443750000000000e+02	1.3766569151017563e-09	3.4654642261630411e+09
/SS/Y/PX2PY-1PZ5	4.1146972656250000e+01	1.3426096834582376e-09	3.3496670216579456e+09
/SS/Y/PX2PY-1PZ6	2.0208593750000000e+02	1.9893415905578183e-09	2.8590978206617928e+09
/SS/Y/PX2PY-1PZ7	6.7100000000000000e+02	1.8885940494530777e-09	4.0920384580276198e+09
/SS/Y/PX2PY-1PZ8	1.7103125000000000e+03	1.1651101309387080e-09	5.8700971786010523e+09
/SS/Y/PX2PY-1PZ9	2.6061250000000000e+03	1.3763335661113972e-09	7.2292951744852438e+09
/SS/Y/PX2PY-2PZ5	3.4333007812500000e+01	5.8841041058950464e-10	7.2041445365786076e+09
/SS/Y/PX2PY-2PZ6	1.0115625000000000e+02	4.0927579645446149e-09	1.0598430720446711e+09
/SS/Y/PX2PY-2PZ7	1.8656250000000000e+02	1.8915551686434249e-09	1.2984216012119999e+09
/SS/Y/PX2PY-2PZ8	4.5412500000000000e+02	1.7029014743518126e-09	1.6107770110037305e+09
/SS/Y/PX2PY-2PZ9	8.0065625000000000e+02	1.5200516532125028e-09	1.5878915762336535e+09
/SS/Y/PX2PY0PZ5	4.9889160156250000e+01	4.9442424525727512e-10	1.3260684880770535e+10
/SS/Y/PX2PY0PZ6	9.9898437500000000e+01	7.7535299058810566e-10	6.2243420236156473e+09
/SS/Y/PX2PY0PZ7	3.6147656250000000e+02	3.4244055212342073e-09	2.2882425043913980e+09
/SS/Y/PX2PY0PZ8	1.1132734375000000e+03	1.5031592182579482e-09	1.4242377950722963e+10
/SS/Y/PX2PY0PZ9	1.4228750000000000e+03	2.1099261913807230e-09	4.3600794009136610e+09
/SS/Y/PX2PY1PZ5	8.1102539062500000e+01	9.3035154171046272e-10	4.8268561547491922e+09
/SS/Y/PX2PY1PZ6	2.4287890625000000e+02	4.7888966238177749e-09	3.2600402396189928e+09
/SS/Y/PX2PY1PZ7	8.6079687500000000e+02	1.2321746828314666e-09	6.6087373582656183e+09
/SS/Y/PX2PY1PZ8	1.5418750000000000e+03	1.4844696176470416e-09	6.2813603788074303e+09
/SS/Y/PX2PY1PZ9	1.9140312500000000e+03	1.1759392247869339e-09	6.4381184908356571e+09
/SS/Y/PX2PY2PZ5	5.2596435546875000e+01	4.6046650464596625e-09	5.7001472746333277e+08
/SS/Y/PX2PY2PZ6	1.4811328125000000e+02	2.9196334676794533e-09	4.8222260883023697e+08
/SS/Y/PX2PY2PZ7	3.9620312500000000e+02	8.6873489552193426e-10	2.0831836660540001e+10
/SS/Y/PX2PY2PZ8	5.6656250000000000e+02	1.0778759930353441e-09	6.1359404286069489e+09
/SS/Y/PX2PY2PZ9	6.3340625000000000e+02	4.3099930985782830e-09	8.4084371069012034e+08
/SS/Y5/PX-1PY-1PZ5	3.3083398437500000e+02	2.7650599075070193e-09	2.1249490934006031e+09
/SS/Y5/PX-1PY-1PZ6	1.5306445312500000e+03	1.3500879173292657e-09	4.7468965269696827e+09
/SS/Y5/PX-1PY-1PZ7	3.7061328125000000e+03	7.9347151227677871e-10	1.1578764642721876e+10
/SS/Y5/PX-1PY-1PZ8	5.9417148437500000e+03	1.3219084037088237e-09	1.2241739920981682e+10
/SS/Y5/PX-1PY-1PZ9	3.8010273437500000e+03	6.2632642051105256e-09	2.7017601007565813e+09
/SS/Y5/PX-1PY-2PZ5	1.5717773437500000e+02	1.0774014261771132e-09	2.6056451864533210e+09
/SS/Y5/PX-1PY-2PZ6	7.9282812500000000e+02	5.4089347366668036e-09	1.1653553691401811e+09
/SS/Y5/PX-1PY-2PZ7	1.9677382812500000e+03	2.2137766193597846e-09	1.1266357287761002e+10
/SS/Y5/PX-1PY-2PZ8	3.2003281250000000e+03	1.9429411304136108e-09	8.5445426866739683e+09
/SS/Y5/PX-1PY-2PZ9	1.7849179687500000e+03	2.4987419915517201e-09	6.4177668717870903e+09
/SS/Y5/PX-1PY0PZ5	1.6311035156250000e+02	2.1073413390348246e-09	3.5753842145925817e+09
/SS/Y5/PX-1PY0PZ6	1.3117773437500000e+03	3.0222027922525505e-09	4.1375152914726343e+09
/SS/Y5/PX-1PY0PZ7	3.5969531250000000e+03	4.9253758105700597e-09	2.0742578275323179e+09
/SS/Y5/PX-1PY0PZ8	6.7032148437500000e+03	1.3191763342217720e-09	1.8078007513275543e+10
/SS/Y5/PX-1PY0PZ9	3.8658906250000000e+03	2.8839596237355402e-09	6.4624723566231747e+09
/SS/Y5/PX-1PY1PZ5	1.2130175781250000e+02	4.4969523637504394e-09	1.3827957514183478e+09
/SS/Y5/PX-1PY1PZ6	8.0861230468750000e+02	9.9698277146032444e-10	4.8193037811809416e+09
/SS/Y5/PX-1PY1PZ7	3.5368554687500000e+02	2.6001215951578960e-09	6.3585344738726645e+09
/SS/Y5/PX-1PY1PZ8	1.5299946289062500e+03	2.0577349830126153e-09	4.4424570991943321e+09
/SS/Y5/PX-1PY1PZ9	6.9032617187500000e+02	1.5048958181701742e-09	9.2721368225848122e+09
/SS/Y5/PX-1PY2PZ5	4.9165039062500000e+01	7.1583412199714037e-10	7.8885596585524483e+09
/SS/Y5/PX-1PY2PZ6	2.8301171875000000e+02	1.6934543408953679e-09	4.5554192889063644e+09
/SS/Y5/PX-1PY2PZ7	1.5945761718750000e+03	2.1262201231190800e-09	4.3674412139164829e+09
/SS/Y5/PX-1PY2PZ8	2.5559824218750000e+03	1.4106278855100453e-09	5.2046811749500523e+09
/SS/Y5/PX-1PY2PZ9	1.5158164062500000e+03	1.4147408233131801e-09	5.6783603276284885e+09
/SS/Y5/PX-2PY-1PZ5	2.0098437500000000e+02	1.8254495884374730e-09	1.5684225015891428e+09
/SS/Y5/PX-2PY-1PZ6	7.9562304687500000e+02	3.3253980046428758e-09	1.9941907174826622e+09
/SS/Y5/PX-2PY-1PZ7	1.7407812500000000e+03	1.3119239804535476e-09	9.8059567409974613e+09
/SS/Y5/PX-2PY-1PZ8	2.2944414062500000e+03	3.7698607955722142e-09	2.7651468369537802e+09
/SS/Y5/PX-2PY-1PZ9	1.4896875000000000e+03	5.2884652193856586e-09	6.7275031167827499e+08
/SS/Y5/PX-2PY-2PZ5	1.1013989257812500e+02	1.3078353390066150e-09	9.6552449048425508e+08
/SS/Y5/PX-2PY-2PZ6	4.6576269531250000e+02	8.8062293266908160e-10	4.2252936915071244e+09
/SS/Y5/PX-2PY-2PZ7	1.0899453125000000e+03	1.0596292806605967e-09	6.8095522642681780e+09
/SS/Y5/PX-2PY-2PZ8	1.3189121093750000e+03	2.0505280942381305e-09	1.4673839851020288e+09
/SS/Y5/PX-2PY-2PZ9	4.1822070312500000e+02	3.2001549813667619e-09	1.2650100658956251e+09
/SS/Y5/PX-2PY0PZ5	1.3117065429687500e+02	5.8432566851429887e-10	3.2694030093662186e+09
/SS/Y5/PX-2PY0PZ6	5.6813085937500000e+02	7.7531298749247556e-10	7.0904823626572409e+09
/SS/Y5/PX-2PY0PZ7	1.2916875000000000e+03	2.0164462515825781e-09	4.6184904403983536e+09
/SS/Y5/PX-2PY0PZ8	2.0512890625000000e+03	1.4196874328304181e-09	8.4732560126358852e+09
/SS/Y5/PX-2PY0PZ9	2.7565664062500000e+03	1.6117525846313492e-09	6.7383853525656719e+09
/SS/Y5/PX-2PY1PZ5	2.9333969116210938e+01	8.4103022035847105e-09	2.2244566948650792e+08
/SS/Y5/PX-2PY1PZ6	1.5142089843750000e+02	1.3368709735328027e-09	3.7565561148448973e+09
/SS/Y5/PX-2PY1PZ7	1.9136499023437500e+02	3.2902623875692564e-09	1.9283766990998023e+09
/SS/Y5/PX-2PY1PZ8	5.1178613281250000e+02	1.1999092811405670e-09	9.4168120861660137e+09
/SS/Y5/PX-2PY1PZ9	2.7310175781250000e+03	1.4171783858910652e-09	3.1106498258781381e+09
/SS/Y5/PX-2PY2PZ5	3.1019042968750000e+01	9.9654360104308681e-10	1.3790185190882993e+09
/SS/Y5/PX-2PY2PZ6	1.7639550781250000e+02	2.8711727614197120e-09	9.5277284401134861e+08
/SS/Y5/PX-2PY2PZ7	8.4202539062500000e+02	4.6458610498701428e-09	9.6438534768340313e+08
/SS/Y5/PX-2PY2PZ8	1.6751044921875000e+03	2.2220183921879496e-09	5.6341796781545429e+09
/SS/Y5/PX-2PY2PZ9	5.1147558593750000e+02	1.9134265846556696e-09	2.9554115438025274e+09
/SS/Y5/PX0PY-1PZ5	2.4185351562500000e+02	1.3745859244296175e-09	2.8690717672348509e+09
/SS/Y5/PX0PY-1PZ6	1.5301093750000000e+03	9.3846604525929571e-10	1.2533329355750946e+10
/SS/Y5/PX0PY-1PZ7	4.3917578125000000e+03	6.6614838485781415e-09	2.2645278818466630e+09
/SS/Y5/PX0PY-1PZ8	7.8364765625000000e+03	3.9706310603054614e-09	4.4367307739996386e+09
/SS/Y5/PX0PY-1PZ9	7.0420781250000000e+03	1.4495907075438909e-09	9.0747232354962578e+09
/SS/Y5/PX0PY-2PZ5	1.1251269531250000e+02	9.7516733132453262e-10	2.4423408193637352e+09
/SS/Y5/PX0PY-2PZ6	7.3883984375000000e+02	2.0281534882043620e-09	2.0274328041634912e+09
/SS/Y5/PX0PY-2PZ7	2.1159140625000000e+03	9.5778454130636483e-10	1.4103493590128088e+10
/SS/Y5/PX0PY-2PZ8	3.7195468750000000e+03	7.9594890899390387e-10	8.8572915593992252e+09
/SS/Y5/PX0PY-2PZ9	4.4924804687500000e+03	1.2302404254513927e-09	6.0031042573932438e+09
/SS/Y5/PX0PY0PZ5	1.7128369140625000e+02	8.1005706772239444e-10	7.2284103358852396e+09
/SS/Y5/PX0PY0PZ6	9.1254882812500000e+02	1.6465644372198826e-09	3.3613007941977134e+09
/SS/Y5/PX0PY0PZ7	4.7548476562500000e+03	5.3574985392623252e-09	5.7855879074276457e+09
/SS/Y5/PX0PY0PZ8	1.1315449218750000e+04	2.9163005237414245e-09	4.4295392588517160e+09
/SS/Y5/PX0PY0PZ9	2.0440351562500000e+03	8.5608662217516120e-10	1.4297660649856285e+10
/SS/Y5/PX0PY1PZ5	2.8248779296875000e+02	2.8835409745303265e-09	1.8726290808693848e+09
/SS/Y5/PX0PY1PZ6	1.9125488281250000e+03	6.2812395090154427e-10	1.5986655446934631e+10
/SS/Y5/PX0PY1PZ7	5.8744609375000000e+03	4.1261377727724188e-09	1.3522599418283432e+09
/SS/Y5/PX0PY1PZ8	4.9161171875000000e+03	2.2640337468074427e-09	6.3501858844924650e+09
/SS/Y5/PX0PY1PZ9	4.7807656250000000e+03	1.3929432160516238e-09	1.4684388448963537e+10
/SS/Y5/PX0PY2PZ5	3.4537109375000000e+01	1.5549510129875986e-09	5.0240115361466265e+09
/SS/Y5/PX0PY2PZ6	2.9140917968750000e+02	1.5927299257119367e-09	4.6411960624378757e+09
/SS/Y5/PX0PY2PZ7	1.5943398437500000e+03	3.1103220106896611e-09	6.2100291380967875e+09
/SS/Y5/PX0PY2PZ8	3.0356757812500000e+03	1.3048415103576608e-09	6.2000014268834238e+09
/SS/Y5/PX0PY2PZ9	3.0163437500000000e+03	1.2962133452349159e-09	7.8429693495617971e+09
/SS/Y5/PX1PY-1PZ5	3.9306518554687500e+01	1.2859272618918075e-09	4.3567285893229580e+09
/SS/Y5/PX1PY-1PZ6	5.5902343750000000e+02	3.2898702436296807e-09	3.8344969414399681e+09
/SS/Y5/PX1PY-1PZ7	2.8346796875000000e+03	2.0806587815762134e-09	7.7615157825833921e+09
/SS/Y5/PX1PY-1PZ8	6.4024843750000000e+03	3.6574182221784537e-09	4.1725701820290551e+09
/SS/Y5/PX1PY-1PZ9	8.2283066406250000e+03	8.0053431548620075e-10	1.7908118499958149e+10
/SS/Y5/PX1PY-2PZ5	4.4148437500000000e+01	3.5378642061242208e-09	1.7400645126475348e+09
/SS/Y5/PX1PY-2PZ6	4.3785937500000000e+02	3.1200580118923036e-09	1.4286269275953555e+09
/SS/Y5/PX1PY-2PZ7	1.6305351562500000e+03	1.1240880738344225e-09	1.7560679067710594e+10
/SS/Y5/PX1PY-2PZ8	3.1797500000000000e+03	1.0942428573642221e-09	4.0946832922463889e+09
/SS/Y5/PX1PY-2PZ9	4.1849179687500000e+03	2.0296220217758627e-09	4.1176718413559260e+09
/SS/Y5/PX1PY0PZ5	3.2802832031250000e+02	2.1191482342288735e-09	1.4796128826971512e+09
/SS/Y5/PX1PY0PZ6	9.4997460937500000e+02	2.2746270767215191e-09	7.2839495078112898e+09
/SS/Y5/PX1PY0PZ7	1.5535429687500000e+03	9.4357983571001849e-10	2.7506851350622536e+10
/SS/Y5/PX1PY0PZ8	8.3075507812500000e+03	5.6748106824981681e-09	2.5834157235642710e+09
/SS/Y5/PX1PY0PZ9	1.8234726562500000e+03	1.2843724176848528e-09	6.2760713630586262e+09
/SS/Y5/PX1PY1PZ5	2.2724658203125000e+02	8.6227705587491716e-10	1.0239735238360878e+10
/SS/Y5/PX1PY1PZ6	1.4473134765625000e+03	2.5483241674125947e-09	1.7407906226132727e+09
/SS/Y5/PX1PY1PZ7	4.6434296875000000e+03	5.2271038082549145e-09	2.7876195959139476e+09
/SS/Y5/PX1PY1PZ8	5.5415078125000000e+03	2.0631698155456680e-09	5.8015230517523670e+09
/SS/Y5/PX1PY1PZ9	4.8234375000000000e+03	1.1386018258921428e-09	1.1320027300643953e+10
/SS/Y5/PX1PY2PZ5	3.6355407714843750e+01	2.3913013329363230e-09	9.1271168516396737e+08
/SS/Y5/PX1PY2PZ6	2.2364160156250000e+02	1.6326523097003713e-09	4.0948923363451161e+09
/SS/Y5/PX1PY2PZ7	1.3788730468750000e+03	1.1193091058372869e-09	6.9947671841920738e+09
/SS/Y5/PX1PY2PZ8	2.8579023437500000e+03	1.2147381483601334e-09	6.6127915897148180e+09
/SS/Y5/PX1PY2PZ9	3.0608437500000000e+03	2.0451984969805408e-09	4.9291657573873043e+09
/SS/Y5/PX2PY-1PZ5	3.6335937500000000e+01	7.7954539339190526e-09	2.7700319600325173e+08
/SS/Y5/PX2PY-1PZ6	9.5561035156250000e+01	1.9979599817506143e-09	6.9680325590252495e+09
/SS/Y5/PX2PY-1PZ7	8.3905468750000000e+02	2.3990332615336505e-09	2.0839640544913642e+09
/SS/Y5/PX2PY-1PZ8	2.5805781250000000e+03	1.6692795687084840e-09	3.5498631427840443e+09
/SS/Y5/PX2PY-1PZ9	3.9734121093750000e+03	2.0326405136611677e-09	1.8500243224716260e+09
/SS/Y5/PX2PY-2PZ5	1.1903808593750000e+01	7.7465980494897966e-10	2.2325138992492127e+09
/SS/Y5/PX2PY-2PZ6	1.6602636718750000e+02	1.4365919855327988e-09	7.2366267679226809e+09
/SS/Y5/PX2PY-2PZ7	8.0113671875000000e+02	1.9407376438991610e-09	6.2882011596808214e+09
/SS/Y5/PX2PY-2PZ8	1.6034687500000000e+03	1.8610349374843744e-09	3.7718707391591792e+09
/SS/Y5/PX2PY-2PZ9	2.0038125000000000e+03	1.0508561531264305e-09	7.9779024622905521e+09
/SS/Y5/PX2PY0PZ5	1.6651538085937500e+02	3.1383209758442349e-09	1.7334188109521506e+09
/SS/Y5/PX2PY0PZ6	7.5934863281250000e+02	3.1809715895920071e-09	1.6396871184382770e+09
/SS/Y5/PX2PY0PZ7	5.6404882812500000e+02	1.0817946117561790e-09	8.5717587800648298e+09
/SS/Y5/PX2PY0PZ8	1.7610761718750000e+03	1.4169033096955948e-09	1.0556881467770454e+10
/SS/Y5/PX2PY0PZ9	3.2519570312500000e+03	1.8336496551160065e-09	5.1024698300262070e+09
/SS/Y5/PX2PY1PZ5	1.3192626953125000e+02	8.1232936108916150e-10	3.4436089825070262e+09
/SS/Y5/PX2PY1PZ6	8.6275878906250000e+02	6.5249640999252601e-10	7.1558955073771181e+09
/SS/Y5/PX2PY1PZ7	2.0474951171875000e+03	6.2651477462484869e-10	1.6452227783311825e+10
/SS/Y5/PX2PY1PZ8	1.2312324218750000e+03	1.6182920134863988e-09	7.1900874676601744e+09
/SS/Y5/PX2PY1PZ9	4.3111425781250000e+02	9.1525892999620840e-10	8.8784800707591324e+09
/SS/Y5/PX2PY2PZ5	2.9894470214843750e+01	1.9616514262192491e-09	7.5570527925885975e+08
/SS/Y5/PX2PY2PZ6	3.1804248046875000e+02	1.4556709933202824e-09	1.4098085988782020e+09
/SS/Y5/PX2PY2PZ7	1.1077626953125000e+03	1.0300623373013304e-09	2.7509603059495535e+09
/SS/Y5/PX2PY2PZ8	1.1100986328125000e+03	2.1815889500685987e-09	1.0539357272397372e+09
/SS/Y5/PX2PY2PZ9	7.7149218750000000e+02	5.6182887172617444e-09	2.0843574062006464e+09
/SS/Z/PX-1PY-1PZ5	4.2200000000000000e+02	1.6850359091225390e-09	2.1236975952688174e+09
/SS/Z/PX-1PY-1PZ6	6.6181250000000000e+02	8.2834858319517498e-10	1.3201764867013659e+10
/SS/Z/PX-1PY-1PZ7	6.8940234375000000e+02	1.5416961153854750e-09	5.4693944421924858e+09
/SS/Z/PX-1PY-1PZ8	2.1460000000000000e+03	1.2577410658076508e-09	4.8865163259541750e+09
/SS/Z/PX-1PY-1PZ9	1.7310000000000000e+03	1.5758847622352147e-09	4.7556867793421822e+09
/SS/Z/PX-1PY-2PZ5	2.2096093750000000e+02	1.2974417288203468e-09	8.2330531405417528e+09
/SS/Z/PX-1PY-2PZ6	3.0368750000000000e+02	9.5130463543939843e-10	6.3489899103821306e+09
/SS/Z/PX-1PY-2PZ7	3.6787500000000000e+02	9.9022527589640255e-10	1.2622118879552782e+10
/SS/Z/PX-1PY-2PZ8	1.2057500000000000e+03	9.8881613648499925e-10	4.0903314130582304e+09
/SS/Z/PX-1PY-2PZ9	4.0975000000000000e+02	1.6410206746213122e-09	5.3146321534144230e+09
/SS/Z/PX-1PY0PZ5	4.3074218750000000e+02	8.5554652371201820e-10	5.7373884160516300e+09
/SS/Z/PX-1PY0PZ6	5.8956250000000000e+02	2.2629054722524760e-09	4.0605433701056199e+09
/SS/Z/PX-1PY0PZ7	9.7199218750000000e+02	9.1384466160098750e-10	1.9510237766671444e+10
/SS/Z/PX-1PY0PZ8	1.6185000000000000e+03	5.5699889156868436e-09	3.1298831511370745e+09
/SS/Z/PX-1PY0PZ9	2.1330000000000000e+03	8.1551313730680367e-10	1.4726051903347561e+10
/SS/Z/PX-1PY1PZ5	1.4526562500000000e+02	9.7187293646939518e-10	6.8193233334833002e+09
/SS/Z/PX-1PY1PZ6	1.7488085937500000e+02	1.6078361488477394e-09	3.0275106772721558e+09
/SS/Z/PX-1PY1PZ7	7.3878906250000000e+02	1.9402558458686808e-09	8.9454356781682453e+09
/SS/Z/PX-1PY1PZ8	1.0539687500000000e+03	1.0075524046948011e-09	1.3873464853056129e+10
/SS/Z/PX-1PY1PZ9	1.4950625000000000e+03	9.3870026849093764e-10	1.5151987834938429e+10
/SS/Z/PX-1PY2PZ5	7.1191406250000000e+01	1.2103145398556883e-09	2.2551865197521935e+09
/SS/Z/PX-1PY2PZ6	4.0165625000000000e+02	1.6130475773876463e-09	3.2999176290485063e+09
/SS/Z/PX-1PY2PZ7	8.2487500000000000e+02	1.3721781511403071e-09	6.3942650103083687e+09
/SS/Z/PX-1PY2PZ8	9.9400000000000000e+02	8.5860636979015385e-10	6.5958496520061207e+09
/SS/Z/PX-1PY2PZ9	1.0475000000000000e+03	1.2972075167050088e-09	8.2088996691320019e+09
/SS/Z/PX-2PY-1PZ5	1.3923828125000000e+02	1.2951792227146261e-09	2.2899013960785189e+09
/SS/Z/PX-2PY-1PZ6	2.1264062500000000e+02	1.2037095231081579e-09	2.1991035221886983e+09
/SS/Z/PX-2PY-1PZ7	9.6112500000000000e+02	3.1034450037232447e-09	1.6686520262122810e+09
/SS/Z/PX-2PY-1PZ8	2.6595000000000000e+03	6.2397277253790038e-09	1.4783935412828491e+09
/SS/Z/PX-2PY-1PZ9	2.9170000000000000e+03	2.0941255416505281e-09	3.3105941731971631e+09
/SS/Z/PX-2PY-2PZ5	7.7496093750000000e+01	1.3758862110731210e-09	1.4657275172441208e+09
/SS/Z/PX-2PY-2PZ6	1.3476269531250000e+02	1.3490988938460288e-09	2.2871392343314395e+09
/SS/Z/PX-2PY-2PZ7	5.2187500000000000e+02	2.9178022734157017e-09	2.2114112476460242e+09
/SS/Z/PX-2PY-2PZ8	1.0696250000000000e+03	1.3446756691762428e-09	3.3882306238382263e+09
/SS/Z/PX-2PY-2PZ9	7.8725000000000000e+02	1.0398311275151838e-09	3.8820371391132240e+09
/SS/Z/PX-2PY0PZ5	1.2097656250000000e+02	1.6839924330898333e-09	3.3876337399751701e+09
/SS/Z/PX-2PY0PZ6	3.2067285156250000e+02	1.6353130086329550e-09	9.7597867095453529e+09
/SS/Z/PX-2PY0PZ7	1.0630000000000000e+03	2.3290394822692391e-09	2.9826594268871927e+09
/SS/Z/PX-2PY0PZ8	3.1397500000000000e+03	9.3056478550833305e-10	1.1906919661631651e+10
/SS/Z/PX-2PY0PZ9	4.1090000000000000e+03	1.0531302280387203e-09	7.1404711044415426e+09
/SS/Z/PX-2PY1PZ5	4.2809570312500000e+01	1.4335328429128970e-09	2.0823395790504661e+09
/SS/Z/PX-2PY1PZ6	2.9128125000000000e+02	1.3477811712678674e-09	8.2064375589561100e+09
/SS/Z/PX-2PY1PZ7	9.9637500000000000e+02	2.7296495031161244e-09	1.1056174601132944e+09
/SS/Z/PX-2PY1PZ8	2.2632500000000000e+03	7.7269490739213734e-10	1.8997638484592472e+10
/SS/Z/PX-2PY1PZ9	3.1662500000000000e+03	1.7806749557374932e-09	2.3062423505316515e+09
/SS/Z/PX-2PY2PZ5	8.3265625000000000e+01	2.0645178254894489e-09	1.1223463767534673e+09
/SS/Z/PX-2PY2PZ6	3.2768750000000000e+02	1.2042847417305013e-09	7.4334830224794798e+09
/SS/Z/PX-2PY2PZ7	7.5812500000000000e+02	1.1451467702128991e-09	2.1655979865047216e+09
/SS/Z/PX-2PY2PZ8	1.3547500000000000e+03	1.7400111019363688e-09	1.8254493842370279e+09
/SS/Z/PX-2PY2PZ9	1.7531250000000000e+03	1.1950217079056612e-09	2.3982434374519825e+09
/SS/Z/PX0PY-1PZ5	6.1342968750000000e+02	1.5379532117896730e-09	7.9494527214405613e+09
/SS/Z/PX0PY-1PZ6	1.1411250000000000e+03	2.1251749571519144e-09	3.3378381859229264e+09
/SS/Z/PX0PY-1PZ7	6.1209375000000000e+02	2.4916210034663872e-09	6.4587285935085821e+09
/SS/Z/PX0PY-1PZ8	1.4335000000000000e+03	1.0432789145230027e-09	2.4743768066146072e+10
/SS/Z/PX0PY-1PZ9	4.3656250000000000e+02	1.6847201082136973e-09	4.0132351858917685e+09
/SS/Z/PX0PY-2PZ5	3.1654296875000000e+02	7.9186199611894871e-10	4.2195923483765550e+09
/SS/Z/PX0PY-2PZ6	5.8843750000000000e+02	2.9334725933949291e-09	3.7595553328257351e+09
/SS/Z/PX0PY-2PZ7	4.0970703125000000e+02	7.6451666806654940e-10	5.9357877721056414e+09
/SS/Z/PX0PY-2PZ8	1.4925000000000000e+03	2.0433356942252217e-09	5.3598234655918446e+09
/SS/Z/PX0PY-2PZ9	5.8150000000000000e+02	2.8145924846917504e-09	1.6879169013780451e+09
/SS/Z/PX0PY0PZ5	6.6398437500000000e+02	1.7217307691353993e-09	1.2404324342530005e+10
/SS/Z/PX0PY0PZ6	1.1041250000000000e+03	1.7536833746013491e-09	1.7090367945287054e+10
/SS/Z/PX0PY0PZ7	5.5250000000000000e+02	9.0657877656470147e-10	8.7293341131536438e+10
/SS/Z/PX0PY0PZ8	8.9006250000000000e+02	2.2387920804002802e-09	1.3442472975513412e+10
/SS/Z/PX0PY0PZ9	1.6691250000000000e+03	1.4788657013595067e-09	1.1634445183784033e+10
/SS/Z/PX0PY1PZ5	3.2806250000000000e+02	2.9043645503814025e-09	1.8591352334142270e+09
/SS/Z/PX0PY1PZ6	3.7425000000000000e+02	7.7528432841820566e-10	8.6369409657204781e+09
/SS/Z/PX0PY1PZ7	1.0574375000000000e+03	1.9402766983492503e-09	2.8401888275877161e+09
/SS/Z/PX0PY1PZ8	1.8488125000000000e+03	8.5027796978416153e-10	8.5598306602408867e+09
/SS/Z/PX0PY1PZ9	2.1031250000000000e+03	2.0788654129494373e-09	6.4915799349659472e+09
/SS/Z/PX0PY2PZ5	6.1870117187500000e+01	2.4011590620721668e-09	1.9587922505935221e+09
/SS/Z/PX0PY2PZ6	2.3521875000000000e+02	9.9210500620104700e-10	9.8371321761434155e+09
/SS/Z/PX0PY2PZ7	5.9717187500000000e+02	1.4958524042970307e-09	7.6852268117787752e+09
/SS/Z/PX0PY2PZ8	1.2085625000000000e+03	4.2291639315443179e-09	1.9793385871272442e+09
/SS/Z/PX0PY2PZ9	1.3287812500000000e+03	1.1996060548686810e-09	5.4119138407709131e+09
/SS/Z/PX1PY-1PZ5	4.0270312500000000e+02	5.6843438401148842e-09	9.0540844848530626e+08
/SS/Z/PX1PY-1PZ6	6.7837500000000000e+02	2.8217570464630579e-09	1.5850026713115575e+09
/SS/Z/PX1PY-1PZ7	8.3946875000000000e+02	1.1210996307090204e-08	1.7869905633731124e+09
/SS/Z/PX1PY-1PZ8	2.4925000000000000e+03	2.6981817671314556e-09	2.2320146770901995e+09
/SS/Z/PX1PY-1PZ9	1.4325000000000000e+03	1.0588265931541051e-09	5.0214627456491766e+09
/SS/Z/PX1PY-2PZ5	2.2114453125000000e+02	4.2638244862406327e-09	7.2103564310936964e+08
/SS/Z/PX1PY-2PZ6	4.0818750000000000e+02	1.2217517937336292e-09	6.8429300417628336e+09
/SS/Z/PX1PY-2PZ7	5.5986718750000000e+02	2.3436724771846981e-09	2.0252142849772801e+09
/SS/Z/PX1PY-2PZ8	1.9765000000000000e+03	6.9495346057671153e-10	9.8572065955615406e+09
/SS/Z/PX1PY-2PZ9	1.7110000000000000e+03	1.0330768658575600e-09	2.1906775468651438e+09
/SS/Z/PX1PY0PZ5	4.1424218750000000e+02	1.0423373677345891e-09	4.2496369728491569e+09
/SS/Z/PX1PY0PZ6	5.4562500000000000e+02	1.0678603222462663e-09	1.2532792812142807e+10
/SS/Z/PX1PY0PZ7	5.4750000000000000e+02	9.6809686378755856e-10	2.1261274827083199e+10
/SS/Z/PX1PY0PZ8	1.4840000000000000e+03	1.4259805355615763e-09	1.3605893374163519e+10
/SS/Z/PX1PY0PZ9	7.6600000000000000e+02	7.4763808111904265e-10	8.0669431131726898e+10
/SS/Z/PX1PY1PZ5	1.7988281250000000e+02	1.6024424973458318e-09	3.2636099604458871e+09
/SS/Z/PX1PY1PZ6	2.7200000000000000e+02	4.1302143247619081e-09	2.6959716248814640e+09
/SS/Z/PX1PY1PZ7	7.5153125000000000e+02	1.1020861457877315e-09	1.4861011331025213e+10
/SS/Z/PX1PY1PZ8	1.1726250000000000e+03	4.7389102222125595e-09	3.1753970748440347e+09
/SS/Z/PX1PY1PZ9	1.4086875000000000e+03	1.5048388165181340e-09	6.7995636743842554e+09
/SS/Z/PX1PY2PZ5	3.8365234375000000e+01	1.0114204054286690e-09	3.8975385102032032e+09
/SS/Z/PX1PY2PZ6	1.3983593750000000e+02	2.1955516894443028e-09	2.1250405187324595e+09
/SS/Z/PX1PY2PZ7	4.8992968750000000e+02	1.4822111452190236e-09	7.2353752195666332e+09
/SS/Z/PX1PY2PZ8	9.2550000000000000e+02	2.8774213429089270e-09	4.4654214160532684e+09
/SS/Z/PX1PY2PZ9	9.8662500000000000e+02	1.0666015579802852e-09	2.5211109993986225e+10
/SS/Z/PX2PY-1PZ5	9.0367187500000000e+01	1.0095129546195507e-09	3.3713352606834617e+09
/SS/Z/PX2PY-1PZ6	2.7905078125000000e+02	7.5606123227184873e-10	1.0829979329975855e+10
/SS/Z/PX2PY-1PZ7	8.9237500000000000e+02	2.1985626343175104e-09	5.0678704995826292e+09
/SS/Z/PX2PY-1PZ8	2.2602500000000000e+03	1.1418633692242394e-09	1.6308627905623112e+10
/SS/Z/PX2PY-1PZ9	1.9290000000000000e+03	2.1918102302939495e-09	3.0206037541274877e+09
/SS/Z/PX2PY-2PZ5	6.7080566406250000e+01	2.3568649922942088e-09	7.8021011308036375e+08
/SS/Z/PX2PY-2PZ6	2.0638281250000000e+02	2.1848540974328843e-09	8.8703674154442585e+08
/SS/Z/PX2PY-2PZ7	5.3089453125000000e+02	7.9803101401137488e-10	5.5466123943346071e+09
/SS/Z/PX2PY-2PZ8	1.3976250000000000e+03	8.9551743873925639e-10	8.5092652126595631e+09
/SS/Z/PX2PY-2PZ9	1.5065000000000000e+03	2.8944340807926354e-09	9.4464696126186073e+08
/SS/Z/PX2PY0PZ5	5.0960937500000000e+01	1.0232046630768503e-09	3.7745412986467109e+09
/SS/Z/PX2PY0PZ6	1.6071875000000000e+02	8.4014287519300320e-10	2.5119400846893620e+10
/SS/Z/PX2PY0PZ7	1.1982500000000000e+03	1.3498556634895003e-09	2.4766952672760839e+09
/SS/Z/PX2PY0PZ8	2.4500000000000000e+03	1.4688863634136267e-09	5.9019600687608414e+09
/SS/Z/PX2PY0PZ9	1.9850000000000000e+03	1.3775335500924533e-09	8.1562409616576710e+09
/SS/Z/PX2PY1PZ5	3.8925781250000000e+01	9.2271241226507084e-10	2.5662124204483089e+09
/SS/Z/PX2PY1PZ6	2.3578125000000000e+02	3.5735216144295375e-09	1.5572682164891901e+09
/SS/Z/PX2PY1PZ7	8.7150000000000000e+02	1.1367727933873921e-09	8.1282697916153164e+09
/SS/Z/PX2PY1PZ8	1.6547500000000000e+03	2.2523549229366847e-09	4.4269267274845810e+09
/SS/Z/PX2PY1PZ9	1.6180000000000000e+03	2.3151222361437094e-09	2.8736277948782463e+09
/SS/Z/PX2PY2PZ5	4.6705078125000000e+01	9.1543048336932147e-10	3.0845893622603863e+08
/SS/Z/PX2PY2PZ6	1.2570312500000000e+02	5.8758662264493655e-10	4.2792434927567782e+09
/SS/Z/PX2PY2PZ7	3.2800000000000000e+02	2.1784591020201993e-09	2.3338437758047152e+09
/SS/Z/PX2PY2PZ8	6.4100000000000000e+02	1.2673775532863221e-09	3.9633575033448510e+09
/SS/Z/PX2PY2PZ9	6.6525000000000000e+02	1.1098476494439925e-09	2.8648205992096610e+09
/SS/Z5/PX-1PY-1PZ5	4.4165136718750000e+02	1.1140826087474211e-09	6.5029405436447058e+09
/SS/Z5/PX-1PY-1PZ6	1.5898613281250000e+03	4.4915543036712633e-09	6.3607541294072056e+09
/SS/Z5/PX-1PY-1PZ7	4.0088359375000000e+03	1.4216575300119366e-09	1.3062668168619287e+10
/SS/Z5/PX-1PY-1PZ8	5.5870468750000000e+03	2.8562887058656575e-09	4.1997484833473377e+09
/SS/Z5/PX-1PY-1PZ9	4.0573125000000000e+03	5.9143496263113760e-09	1.0969501026082552e+10
/SS/Z5/PX-1PY-2PZ5	1.7488482666015625e+02	8.1476393568138852e-10	2.9005296064659781e+09
/SS/Z5/PX-1PY-2PZ6	5.1787109375000000e+02	1.1677537711926258e-09	5.4704844317087307e+09
/SS/Z5/PX-1PY-2PZ7	1.9108730468750000e+03	2.6709748588348467e-09	3.0185613330814209e+09
/SS/Z5/PX-1PY-2PZ8	2.8048750000000000e+03	9.6677837406997989e-10	4.0921518764176960e+09
/SS/Z5/PX-1PY-2PZ9	2.1635390625000000e+03	1.1599495698156844e-09	4.3948426729706535e+10
/SS/Z5/PX-1PY0PZ5	4.7261865234375000e+02	1.0457574519688128e-09	1.1455095862830647e+10
/SS/Z5/PX-1PY0PZ6	1.7293593750000000e+03	1.9735024907713864e-09	4.9298347202721453e+09
/SS/Z5/PX-1PY0PZ7	4.3805390625000000e+03	2.1157557360128039e-09	4.2908011402781563e+09
/SS/Z5/PX-1PY0PZ8	6.4920625000000000e+03	3.5747204187390463e-09	5.7995979530218916e+09
/SS/Z5/PX-1PY0PZ9	5.2899687500000000e+03	1.1301526366131429e-09	7.6046680894267702e+09
/SS/Z5/PX-1PY1PZ5	2.6646484375000000e+02	1.7515650411347923e-09	2.5462727693640103e+09
/SS/Z5/PX-1PY1PZ6	9.3466015625000000e+02	1.0930110694512616e-09	1.3996851552256138e+10
/SS/Z5/PX-1PY1PZ7	2.4834687500000000e+03	1.1320099173088934e-09	1.4331318016083780e+10
/SS/Z5/PX-1PY1PZ8	4.1197968750000000e+03	2.2967579263260495e-09	6.4165199730817766e+09
/SS/Z5/PX-1PY1PZ9	3.8931250000000000e+03	1.0160858048411540e-08	1.1089436887038851e+09
/SS/Z5/PX-1PY2PZ5	5.8341308593750000e+01	1.2505219192306559e-09	1.2042415255408306e+09
/SS/Z5/PX-1PY2PZ6	1.4042968750000000e+02	6.5669265339185384e-10	7.2161699181463804e+09
/SS/Z5/PX-1PY2PZ7	4.6078125000000000e+02	1.5137319040713028e-09	2.4644939971762948e+09
/SS/Z5/PX-1PY2PZ8	9.6107031250000000e+02	1.2091953689354884e-08	4.9754804493440074e+08
/SS/Z5/PX-1PY2PZ9	1.0996718750000000e+03	2.6936580869353371e-09	4.2031639406545873e+09
/SS/Z5/PX-2PY-1PZ5	1.8073413085937500e+02	1.1328087779006252e-09	7.2500669671975207e+08
/SS/Z5/PX-2PY-1PZ6	5.5596679687500000e+02	1.7261714462054232e-09	1.8106857761137333e+09
/SS/Z5/PX-2PY-1PZ7	1.2534667968750000e+03	1.4980815481458940e-09	1.8254003862551293e+09
/SS/Z5/PX-2PY-1PZ8	1.7227382812500000e+03	4.8444653367166652e-10	1.9985857349012581e+10
/SS/Z5/PX-2PY-1PZ9	1.2807734375000000e+03	3.3210640039846334e-09	2.4430756934348621e+09
/SS/Z5/PX-2PY-2PZ5	2.3977508544921875e+01	1.8031790336411014e-09	2.5909948489455037e+09
/SS/Z5/PX-2PY-2PZ6	2.3439074707031250e+02	1.1175549573318310e-09	4.1765023736733718e+09
/SS/Z5/PX-2PY-2PZ7	4.7276660156250000e+02	1.6165326051774322e-09	9.7100234121328793e+09
/SS/Z5/PX-2PY-2PZ8	6.3710742187500000e+02	2.6498267986886660e-09	3.7959015654326982e+09
/SS/Z5/PX-2PY-2PZ9	4.5609375000000000e+02	2.8543233888897281e-09	8.8223155836146188e+08
/SS/Z5/PX-2PY0PZ5	1.7374316406250000e+02	1.0170917693976400e-08	3.7139814643220109e+08
/SS/Z5/PX-2PY0PZ6	6.1937890625000000e+02	1.8094748415926145e-09	6.8957725465572233e+09
/SS/Z5/PX-2PY0PZ7	1.6315078125000000e+03	1.8619940200152307e-09	6.1772695465447264e+09
/SS/Z5/PX-2PY0PZ8	2.6860312500000000e+03	3.8074167748007188e-09	3.6795638336712656e+09
/SS/Z5/PX-2PY0PZ9	2.4442734375000000e+03	1.0468097343000263e-09	4.9415685683674822e+09
/SS/Z5/PX-2PY1PZ5	9.1664550781250000e+01	8.7612910235918102e-10	2.7581634231794157e+09
/SS/Z5/PX-2PY1PZ6	3.0194726562500000e+02	8.6185493746300104e-10	4.7467856056028175e+09
/SS/Z5/PX-2PY1PZ7	9.2857031250000000e+02	9.9679235768612560e-10	8.2326958813738737e+09
/SS/Z5/PX-2PY1PZ8	1.9134687500000000e+03	1.2300543055486416e-09	5.1397372652045145e+09
/SS/Z5/PX-2PY1PZ9	2.1368984375000000e+03	4.5838962623464009e-09	8.6937830568860590e+08
/SS/Z5/PX-2PY2PZ5	1.2802001953125000e+01	1.1577964460705395e-09	7.0747666619884527e+08
/SS/Z5/PX-2PY2PZ6	3.7633422851562500e+01	9.3189774106549354e-10	2.4653717710282502e+09
/SS/Z5/PX-2PY2PZ7	8.2724121093750000e+01	1.0702004121917046e-09	7.1401395691948175e+09
/SS/Z5/PX-2PY2PZ8	3.6594531250000000e+02	9.6106603458497297e-10	7.2838058359240980e+09
/SS/Z5/PX-2PY2PZ9	6.0704296875000000e+02	1.3737582821446889e-09	4.4483183903404179e+09
/SS/Z5/PX0PY-1PZ5	3.0301367187500000e+02	4.5927011242312304e-09	1.7268070427948451e+09
/SS/Z5/PX0PY-1PZ6	1.9592402343750000e+03	3.9916094612799269e-09	1.2415921506080768e+09
/SS/Z5/PX0PY-1PZ7	5.6189375000000000e+03	1.3818082952649817e-09	1.7227392982355522e+10
/SS/Z5/PX0PY-1PZ8	7.7505000000000000e+03	4.1064745417751070e-09	7.7399700358477716e+09
/SS/Z5/PX0PY-1PZ9	5.0527500000000000e+03	1.4716637450034664e-09	5.1170083494573212e+09
/SS/Z5/PX0PY-2PZ5	6.1543212890625000e+01	1.5315225403593968e-09	6.3311180255810299e+09
/SS/Z5/PX0PY-2PZ6	7.0521875000000000e+02	1.4790917565655100e-08	5.4068165038249838e+08
/SS/Z5/PX0PY-2PZ7	2.9449765625000000e+03	3.0007164585942528e-09	4.5592288423768616e+09
/SS/Z5/PX0PY-2PZ8	4.5668984375000000e+03	1.2449329745277563e-09	3.2491690515648475e+09
/SS/Z5/PX0PY-2PZ9	3.3094453125000000e+03	3.7073436624327426e-09	1.4064203770492551e+09
/SS/Z5/PX0PY0PZ5	4.8778466796875000e+02	1.7829291311747991e-09	4.0031725578896852e+09
/SS/Z5/PX0PY0PZ6	2.0998515625000000e+03	2.8168682831669757e-09	3.0187449843892131e+09
/SS/Z5/PX0PY0PZ7	5.3559531250000000e+03	1.3702833934903446e-09	8.4154444157107182e+09
/SS/Z5/PX0PY0PZ8	7.1706875000000000e+03	4.8832822826710141e-09	1.5614827752264876e+09
/SS/Z5/PX0PY0PZ9	4.7567812500000000e+03	2.5323973641299266e-09	6.0275250823129244e+09
/SS/Z5/PX0PY1PZ5	3.0412890625000000e+02	3.2711252066045857e-09	4.4268572826628027e+09
/SS/Z5/PX0PY1PZ6	1.1015156250000000e+03	2.9780010748868791e-09	5.1519700048469706e+09
/SS/Z5/PX0PY1PZ7	2.7992656250000000e+03	9.6823781909308059e-10	1.2637237511857111e+10
/SS/Z5/PX0PY1PZ8	3.9943750000000000e+03	3.3348988392166347e-09	2.7066371482814335e+10
/SS/Z5/PX0PY1PZ9	3.0128125000000000e+03	2.0101650238296391e-09	4.8998871245307140e+09
/SS/Z5/PX0PY2PZ5	3.9819824218750000e+01	1.6636186808203374e-09	2.2549068164179411e+09
/SS/Z5/PX0PY2PZ6	1.3529296875000000e+02	1.1664509695139869e-09	5.2767411364214392e+09
/SS/Z5/PX0PY2PZ7	5.5975781250000000e+02	1.5193899105256678e-09	5.0011994921838236e+09
/SS/Z5/PX0PY2PZ8	1.0033593750000000e+03	2.5171924796888440e-09	1.7467938277781210e+09
/SS/Z5/PX0PY2PZ9	8.5482812500000000e+02	1.0793829246941046e-09	1.0605789537690783e+10
/SS/Z5/PX1PY-1PZ5	1.7155712890625000e+02	1.4952340640038767e-09	1.6303303961977620e+09
/SS/Z5/PX1PY-1PZ6	1.1873378906250000e+03	1.1148770792078827e-09	9.7318797769495125e+09
/SS/Z5/PX1PY-1PZ7	3.6343203125000000e+03	6.6406919114467143e-10	1.9763461247878384e+10
/SS/Z5/PX1PY-1PZ8	4.8335000000000000e+03	1.4061409037305748e-09	2.2056298249196438e+10
/SS/Z5/PX1PY-1PZ9	2.5185312500000000e+03	3.7341616818604908e-09	3.4555293596415467e+09
/SS/Z5/PX1PY-2PZ5	4.7628051757812500e+01	3.0185347346062951e-09	6.5866033556791091e+08
/SS/Z5/PX1PY-2PZ6	5.4281640625000000e+02	8.3133516690857303e-09	1.0649381615059513e+09
/SS/Z5/PX1PY-2PZ7	2.2470546875000000e+03	1.1726566914345129e-09	8.2045068931236973e+09
/SS/Z5/PX1PY-2PZ8	3.5370156250000000e+03	4.5103911368184957e-09	2.8101854345220242e+09
/SS/Z5/PX1PY-2PZ9	2.3216406250000000e+03	1.3949605303027770e-09	4.1580580225658913e+09
/SS/Z5/PX1PY0PZ5	1.8518212890625000e+02	2.3118070722779699e-09	4.2171022954596720e+09
/SS/Z5/PX1PY0PZ6	1.1276484375000000e+03	2.4491845832568679e-09	7.2693678803907919e+09
/SS/Z5/PX1PY0PZ7	2.7719687500000000e+03	1.1976726690853483e-09	9.4063975141795082e+09
/SS/Z5/PX1PY0PZ8	2.9182968750000000e+03	1.2615358349472826e-08	2.2501656320449290e+09
/SS/Z5/PX1PY0PZ9	8.9512500000000000e+02	9.1087664064988488e-10	1.7230745545265121e+10
/SS/Z5/PX1PY1PZ5	1.0465014648437500e+02	7.9751957907452142e-10	5.5901341856472902e+09
/SS/Z5/PX1PY1PZ6	5.1248046875000000e+02	9.6543625346427622e-10	8.5770468376430044e+09
/SS/Z5/PX1PY1PZ7	1.0992421875000000e+03	3.3032190273835778e-09	3.8957052394310536e+09
/SS/Z5/PX1PY1PZ8	9.9625000000000000e+02	1.3082035061630892e-09	1.1617605766102297e+10
/SS/Z5/PX1PY1PZ9	2.3140039062500000e+02	2.9983499448211368e-09	5.4155454703970356e+09
/SS/Z5/PX1PY2PZ5	4.4219970703125000e+01	2.2700621794413616e-09	3.0311861193902092e+09
/SS/Z5/PX1PY2PZ6	8.7319335937500000e+01	9.4779069092284101e-10	6.6480194806857738e+09
/SS/Z5/PX1PY2PZ7	2.0167968750000000e+02	1.0834379785606158e-09	1.2704947168382755e+10
/SS/Z5/PX1PY2PZ8	2.1235937500000000e+02	1.2178459668506373e-09	4.4220838522665157e+09
/SS/Z5/PX1PY2PZ9	2.1982397460937500e+02	8.7462785569454155e-10	4.5905525563974304e+09
/SS/Z5/PX2PY-1PZ5	5.4282226562500000e+01	9.8318171488078880e-10	1.2699701706176534e+09
/SS/Z5/PX2PY-1PZ6	3.7278027343750000e+02	1.6594545386205647e-09	4.1715360217473779e+09
/SS/Z5/PX2PY-1PZ7	1.1572500000000000e+03	4.4447370833459337e-08	2.3026024034919786e+08
/SS/Z5/PX2PY-1PZ8	1.2962734375000000e+03	6.2979290800545257e-09	1.3601931969455199e+09
/SS/Z5/PX2PY-1PZ9	2.2829394531250000e+02	3.5292399813721405e-09	3.8481392808272538e+09
/SS/Z5/PX2PY-2PZ5	2.9161621093750000e+01	1.7133006717501189e-09	2.5574236549021831e+09
/SS/Z5/PX2PY-2PZ6	2.4933691406250000e+02	2.1168986729226322e-09	5.7106453914805098e+09
/SS/Z5/PX2PY-2PZ7	9.2891210937500000e+02	2.8045753222797359e-09	2.6456802761159778e+09
/SS/Z5/PX2PY-2PZ8	1.4128554687500000e+03	3.3735038198662950e-09	9.0523756937876081e+08
/SS/Z5/PX2PY-2PZ9	7.9209765625000000e+02	2.2514661380121928e-09	2.7776795343003907e+09
/SS/Z5/PX2PY0PZ5	5.3629882812500000e+01	1.6074083015691294e-09	1.3494321023040800e+09
/SS/Z5/PX2PY0PZ6	2.9228320312500000e+02	1.0679703848052661e-09	4.8367202044934559e+09
/SS/Z5/PX2PY0PZ7	4.7176562500000000e+02	1.3708822436480158e-09	1.0332342520206320e+10
/SS/Z5/PX2PY0PZ8	2.4938281250000000e+02	2.9566260414228099e-09	7.9251275443535089e+08
/SS/Z5/PX2PY0PZ9	1.2411250000000000e+03	2.6356215955819789e-09	4.2718337783122025e+09
/SS/Z5/PX2PY1PZ5	5.3538818359375000e+01	2.8225704248485848e-09	3.1630604902757639e+08
/SS/Z5/PX2PY1PZ6	1.0357128906250000e+02	6.2272214091953907e-10	3.4455968274512053e+09
/SS/Z5/PX2PY1PZ7	8.1849609375000000e+01	1.3777665592005974e-09	4.1786398349289012e+09
/SS/Z5/PX2PY1PZ8	7.2533593750000000e+02	6.5278152942775158e-10	1.2604772645322840e+10
/SS/Z5/PX2PY1PZ9	1.2662031250000000e+03	1.4352791380311659e-09	6.2638017616263018e+09
/SS/Z5/PX2PY2PZ5	4.9506835937500000e+01	2.7398089662122172e-09	2.9476458410601491e+08
/SS/Z5/PX2PY2PZ6	6.6328125000000000e+01	2.4117499042981918e-09	1.8829850819178219e+09
/SS/Z5/PX2PY2PZ7	3.5606811523437500e+01	1.1123187842473240e-09	3.2382393529220028e+09
/SS/Z5/PX2PY2PZ8	2.7889843750000000e+02	1.1842381652510390e-09	8.3692854335228319e+09
/SS/Z5/PX2PY2PZ9	5.3093750000000000e+02	9.9988493346329201e-10	4.7919494414271841e+09
