# file_a: LQ2/data/c2pt/S64T64_gpt_lq2_1e-12.c2pt.1050.ex.x33y37z39t1.1HYP_GSRC_W90_k3_T5.h5
# file_b: Aurora/data/c2pt/S64T64_pyquda_aurora_1e-12.c2pt.1050.ex.x33y37z39t1.1HYP_GSRC_W90_k3_T5.h5
# dataset_path	abs_diff=max(abs(abs(a)-abs(b)))	rel_diff=max(abs(abs(a)-abs(b))/abs(a))	abs(a)_at_max_rel
/SS/5/PX-1PY-1PZ5	7.3886718750000000e+00	1.0739494615436338e-11	4.0441157089635205e+09
/SS/5/PX-1PY-1PZ6	1.5406250000000000e+01	3.2738042122188537e-11	4.6683896986939259e+09
/SS/5/PX-1PY-1PZ7	5.6171875000000000e+00	1.7000849110912278e-11	1.3648417306321701e+10
/SS/5/PX-1PY-1PZ8	1.9660156250000000e+01	2.5208276939287076e-11	3.9832716588259377e+09
/SS/5/PX-1PY-1PZ9	1.0503906250000000e+01	2.4586545418263019e-11	1.0676524543209505e+10
/SS/5/PX-1PY-2PZ5	3.5151367187500000e+00	3.2379518378004856e-11	8.2708841474441421e+08
/SS/5/PX-1PY-2PZ6	7.5371093750000000e+00	1.0611587664312995e-11	9.7481309135139809e+09
/SS/5/PX-1PY-2PZ7	3.7695312500000000e+00	3.3923310536502045e-11	2.5271730406127272e+09
/SS/5/PX-1PY-2PZ8	6.7929687500000000e+00	1.6174255682562857e-11	1.1413604171167152e+10
/SS/5/PX-1PY-2PZ9	7.0390625000000000e+00	1.9126118557278459e-11	7.9888302653374481e+08
/SS/5/PX-1PY0PZ5	7.4667968750000000e+00	1.6964964903774650e-11	2.3925104457114034e+09
/SS/5/PX-1PY0PZ6	1.1632812500000000e+01	1.8637843099250812e-11	3.0749578104120378e+09
/SS/5/PX-1PY0PZ7	7.8671875000000000e+00	5.4357498122690191e-11	2.3411185485340276e+09
/SS/5/PX-1PY0PZ8	3.7398437500000000e+01	4.6097023916899958e-11	1.2526131289910355e+10
/SS/5/PX-1PY0PZ9	2.1242187500000000e+01	1.7123250714579027e-11	8.6125170622461052e+09
/SS/5/PX-1PY1PZ5	3.4619140625000000e+00	8.6264000462751133e-12	5.3266641549886341e+09
/SS/5/PX-1PY1PZ6	1.6660156250000000e+00	1.7055580747721680e-11	1.2133142399424622e+10
/SS/5/PX-1PY1PZ7	1.5945312500000000e+01	7.1481613995858387e-12	3.5665653502314781e+10
/SS/5/PX-1PY1PZ8	3.9578125000000000e+01	2.0017990327434604e-11	7.9010940541950388e+09
/SS/5/PX-1PY1PZ9	4.0281250000000000e+01	1.5622148221005524e-11	7.8828474202823992e+09
/SS/5/PX-1PY2PZ5	6.9042968750000000e-01	2.1783674408140274e-11	1.9602953866766486e+09
/SS/5/PX-1PY2PZ6	1.3496093750000000e+00	2.4788448318162015e-11	2.3818535556584187e+09
/SS/5/PX-1PY2PZ7	8.1562500000000000e+00	7.9784908448622269e-12	9.5103378302939129e+09
/SS/5/PX-1PY2PZ8	1.7351562500000000e+01	1.1104818212364541e-11	1.0723236307566216e+10
/SS/5/PX-1PY2PZ9	2.2992187500000000e+01	9.8229428367460258e-12	3.6772936426175056e+09
/SS/5/PX-2PY-1PZ5	3.7231445312500000e+00	1.3274514451766085e-11	1.6263884959281089e+09
/SS/5/PX-2PY-1PZ6	8.2226562500000000e+00	9.8574179560252266e-12	9.1843736979560852e+09
/SS/5/PX-2PY-1PZ7	4.2460937500000000e+00	2.2276001085378654e-11	2.9475239259254870e+09
/SS/5/PX-2PY-1PZ8	1.2667968750000000e+01	1.6373094152752943e-11	6.9017362292886639e+09
/SS/5/PX-2PY-1PZ9	1.9020507812500000e+01	3.2968769605185455e-10	1.3281818826211551e+08
/SS/5/PX-2PY-2PZ5	1.5585937500000000e+00	1.4627815820547430e-11	1.4562818856143620e+09
/SS/5/PX-2PY-2PZ6	3.3261718750000000e+00	1.4332556622351053e-11	2.6008773355589018e+09
/SS/5/PX-2PY-2PZ7	1.6484375000000000e+00	3.6838504800041917e-11	1.9127136672457538e+09
/SS/5/PX-2PY-2PZ8	4.7597656250000000e+00	1.5052549229592316e-11	3.8469458341909515e+10
/SS/5/PX-2PY-2PZ9	7.6669921875000000e+00	2.0153012672092032e-11	2.5516556997610159e+09
/SS/5/PX-2PY0PZ5	4.2861328125000000e+00	1.8354106472074511e-11	1.3786863409256575e+09
/SS/5/PX-2PY0PZ6	8.2226562500000000e+00	3.5322064080596236e-11	2.7274787572870841e+09
/SS/5/PX-2PY0PZ7	2.6154785156250000e+00	5.8427606399239873e-11	1.3457919279581285e+09
/SS/5/PX-2PY0PZ8	2.4378906250000000e+01	1.3733687804580943e-11	1.0312332714086187e+10
/SS/5/PX-2PY0PZ9	2.7167968750000000e+01	1.0416158274390684e-11	1.9526862445208092e+09
/SS/5/PX-2PY1PZ5	1.9907226562500000e+00	1.1474213449378215e-11	4.0366668762441826e+09
/SS/5/PX-2PY1PZ6	1.8847656250000000e+00	3.0516258174694820e-11	1.6606343259744067e+09
/SS/5/PX-2PY1PZ7	6.0703125000000000e+00	1.7748956648547474e-11	6.0970505392733908e+09
/SS/5/PX-2PY1PZ8	1.8273437500000000e+01	5.6002384903185761e-11	1.3872603144927881e+09
/SS/5/PX-2PY1PZ9	2.0468750000000000e+01	2.4716677306119612e-10	5.3822946948570490e+08
/SS/5/PX-2PY2PZ5	2.7099609375000000e-01	3.4420141799365430e-11	1.4154607522024882e+09
/SS/5/PX-2PY2PZ6	4.2187500000000000e-01	6.1337550438044853e-11	8.1776290700844502e+08
/SS/5/PX-2PY2PZ7	2.9257812500000000e+00	1.0090870729296940e-11	1.4657720666194304e+10
/SS/5/PX-2PY2PZ8	5.2382812500000000e+00	1.9139456428717896e-11	7.3504766622591724e+09
/SS/5/PX-2PY2PZ9	5.7070312500000000e+00	1.1248582887262917e-11	2.1420951883285100e+09
/SS/5/PX0PY-1PZ5	6.8632812500000000e+00	2.6870898990792012e-11	4.1351063525653834e+09
/SS/5/PX0PY-1PZ6	1.3132812500000000e+01	3.7679446201968079e-11	4.4345241981253519e+09
/SS/5/PX0PY-1PZ7	5.6484375000000000e+00	6.9976924375245065e-11	1.9352889375466905e+09
/SS/5/PX0PY-1PZ8	6.5078125000000000e+00	2.2446285202808516e-11	8.1792912286147346e+09
/SS/5/PX0PY-1PZ9	3.2218750000000000e+01	1.5547600076005350e-11	6.8099176570112495e+09
/SS/5/PX0PY-2PZ5	3.7963867187500000e+00	3.6883520754285705e-11	1.5747698759700279e+09
/SS/5/PX0PY-2PZ6	8.4843750000000000e+00	3.2852643860968151e-11	2.4024562660501723e+09
/SS/5/PX0PY-2PZ7	6.8632812500000000e+00	1.3215510095459436e-11	4.9598531549257793e+09
/SS/5/PX0PY-2PZ8	7.0039062500000000e+00	2.4437654265141880e-11	4.9974365086485739e+09
/SS/5/PX0PY-2PZ9	1.4734375000000000e+01	1.5695505416537536e-11	6.4645431193634920e+09
/SS/5/PX0PY0PZ5	6.4960937500000000e+00	1.4854922065802609e-11	9.3370052441266861e+09
/SS/5/PX0PY0PZ6	7.1640625000000000e+00	1.7728945085165680e-11	4.3529512140459862e+09
/SS/5/PX0PY0PZ7	1.4414062500000000e+01	4.2587866973702456e-11	2.3567952817084808e+09
/SS/5/PX0PY0PZ8	2.8531250000000000e+01	3.2993534663698664e-11	4.9979436192763157e+09
/SS/5/PX0PY0PZ9	4.1640625000000000e+00	1.0162535989879703e-11	4.8015278983351278e+09
/SS/5/PX0PY1PZ5	2.9531250000000000e+00	6.7849244308597223e-12	8.9358240624543858e+09
/SS/5/PX0PY1PZ6	3.8349609375000000e+00	3.2137033554558037e-11	1.7409501286745570e+09
/SS/5/PX0PY1PZ7	2.5179687500000000e+01	1.6468595561692386e-11	6.0003796284391756e+09
/SS/5/PX0PY1PZ8	5.3640625000000000e+01	1.6501592793194937e-11	1.1079354468436834e+10
/SS/5/PX0PY1PZ9	4.8171875000000000e+01	2.1403913092074975e-11	7.8294377216132097e+09
/SS/5/PX0PY2PZ5	6.4941406250000000e-01	2.1847866106571003e-11	1.4846798285527227e+09
/SS/5/PX0PY2PZ6	2.4140625000000000e+00	1.2366919208006332e-11	6.4619240793488665e+09
/SS/5/PX0PY2PZ7	1.2851562500000000e+01	3.1992101282069832e-11	6.0585492660137787e+09
/SS/5/PX0PY2PZ8	2.9476562500000000e+01	1.6290760696082469e-11	7.5429832873608646e+09
/SS/5/PX0PY2PZ9	4.0320312500000000e+01	1.4452318775275328e-11	4.8961504398703585e+09
/SS/5/PX1PY-1PZ5	3.4130859375000000e+00	1.2551122035805974e-11	7.7621389696368122e+09
/SS/5/PX1PY-1PZ6	4.4062500000000000e+00	1.0514454424652592e-11	3.5121343807720156e+09
/SS/5/PX1PY-1PZ7	1.7568359375000000e+00	1.4146054539789910e-10	3.8484446291408138e+09
/SS/5/PX1PY-1PZ8	1.2445312500000000e+01	3.9019569312176672e-11	4.3581099869793787e+09
/SS/5/PX1PY-1PZ9	3.0781250000000000e+01	1.8034653966904135e-11	6.8472459288309228e+08
/SS/5/PX1PY-2PZ5	1.8608398437500000e+00	2.1707594449365915e-11	2.0671676778618848e+09
/SS/5/PX1PY-2PZ6	3.4882812500000000e+00	1.5456738081718832e-11	2.3305475531774850e+09
/SS/5/PX1PY-2PZ7	2.6367187500000000e+00	2.1428012887912691e-11	1.8663463686115336e+09
/SS/5/PX1PY-2PZ8	7.2539062500000000e+00	2.7799236059951161e-11	9.7352926147367334e+08
/SS/5/PX1PY-2PZ9	1.0335937500000000e+01	3.9888456974548646e-11	4.0181031878213577e+09
/SS/5/PX1PY0PZ5	2.8730468750000000e+00	1.5361857768545312e-11	5.2941147861046410e+09
/SS/5/PX1PY0PZ6	2.2255859375000000e+00	1.9101599021842993e-11	1.1786827220956400e+10
/SS/5/PX1PY0PZ7	1.7539062500000000e+01	7.7251472952891827e-12	2.1642377208751190e+10
/SS/5/PX1PY0PZ8	1.6960937500000000e+01	1.2612642820469458e-11	2.0525787784261112e+10
/SS/5/PX1PY0PZ9	2.0812500000000000e+01	1.8991096635115863e-11	1.3945438615354900e+10
/SS/5/PX1PY1PZ5	1.1989746093750000e+00	1.6659020245564343e-11	3.4314830663132377e+09
/SS/5/PX1PY1PZ6	5.3945312500000000e+00	4.8164838092133980e-11	9.9028317609880376e+08
/SS/5/PX1PY1PZ7	2.5640625000000000e+01	2.6890376546060856e-11	8.2215930790303240e+09
/SS/5/PX1PY1PZ8	4.7414062500000000e+01	2.5680009706669397e-11	5.3911916610785284e+09
/SS/5/PX1PY1PZ9	3.0421875000000000e+01	1.7674610186248776e-11	6.1985071786960402e+09
/SS/5/PX1PY2PZ5	6.2512207031250000e-01	5.8508611192304764e-11	7.1620994942368460e+08
/SS/5/PX1PY2PZ6	3.1230468750000000e+00	3.0760473605851645e-11	1.3553220965663726e+09
/SS/5/PX1PY2PZ7	1.1714843750000000e+01	1.2305932602563053e-11	9.3787012735179672e+09
/SS/5/PX1PY2PZ8	2.5230468750000000e+01	2.8103767614462189e-11	3.9831095049878058e+09
/SS/5/PX1PY2PZ9	3.3707031250000000e+01	1.1863721258870202e-10	4.9122284373728848e+08
/SS/5/PX2PY-1PZ5	9.6386718750000000e-01	5.8019566024501773e-11	7.6039329756550479e+08
/SS/5/PX2PY-1PZ6	1.5439453125000000e+00	2.7260547554720050e-11	2.1505518601474566e+09
/SS/5/PX2PY-1PZ7	3.9179687500000000e+00	1.0096305538337693e-10	9.1322462276705372e+08
/SS/5/PX2PY-1PZ8	4.2421875000000000e+00	3.0663094186961065e-11	1.9955938441056883e+09
/SS/5/PX2PY-1PZ9	1.7000000000000000e+01	1.5473610055676728e-11	5.9537426823911972e+09
/SS/5/PX2PY-2PZ5	3.9868164062500000e-01	1.2296178492048498e-11	1.9518783579270792e+09
/SS/5/PX2PY-2PZ6	1.1013183593750000e+00	1.6306224985940972e-11	2.7377549655903277e+09
/SS/5/PX2PY-2PZ7	1.5944824218750000e+00	2.5291436030875230e-11	1.9335506737696414e+09
/SS/5/PX2PY-2PZ8	2.4218750000000000e+00	7.4238125450529650e-11	8.8837410348854840e+08
/SS/5/PX2PY-2PZ9	4.7031250000000000e+00	1.4123656326199230e-11	2.5566305075767169e+09
/SS/5/PX2PY0PZ5	8.3837890625000000e-01	4.4284576394939742e-11	8.8878192669082212e+08
/SS/5/PX2PY0PZ6	2.4726562500000000e+00	9.1952655400871323e-12	1.4429676561612844e+10
/SS/5/PX2PY0PZ7	1.3398437500000000e+01	1.3455906370490786e-11	1.0352144368144991e+10
/SS/5/PX2PY0PZ8	1.1808593750000000e+01	1.7267477345904734e-11	4.3831796189325542e+09
/SS/5/PX2PY0PZ9	1.8589843750000000e+01	1.9013872956442282e-11	6.6842914691804562e+09
/SS/5/PX2PY1PZ5	4.1847229003906250e-01	1.2041384104817701e-11	8.2255250967114477e+09
/SS/5/PX2PY1PZ6	3.9755859375000000e+00	2.1981151192616379e-11	6.9658398929551325e+09
/SS/5/PX2PY1PZ7	1.4595703125000000e+01	1.1966522440075040e-11	1.0146791983459677e+10
/SS/5/PX2PY1PZ8	2.6966796875000000e+01	1.8257460050293610e-11	7.1201744046298370e+09
/SS/5/PX2PY1PZ9	1.7756835937500000e+01	1.0705104193613097e-11	7.9514550485124121e+09
/SS/5/PX2PY2PZ5	2.0727539062500000e-01	1.3075425159126086e-11	1.9856567653466074e+09
/SS/5/PX2PY2PZ6	1.7036132812500000e+00	2.6744211983282620e-11	2.3333705165891228e+09
/SS/5/PX2PY2PZ7	4.3310546875000000e+00	3.7350660095554695e-11	1.6746199503023698e+09
/SS/5/PX2PY2PZ8	6.5937500000000000e+00	5.3551591311862064e-11	1.0690540588724616e+09
/SS/5/PX2PY2PZ9	5.0786132812500000e+00	2.0469529676565632e-11	2.7357617270261879e+09
/SS/I/PX-1PY-1PZ5	1.5468750000000000e+00	1.9017010604730241e-11	2.2658841797471375e+09
/SS/I/PX-1PY-1PZ6	5.2500000000000000e+00	1.7838466045904507e-11	2.8194619407973084e+09
/SS/I/PX-1PY-1PZ7	2.3750000000000000e+01	6.0252072286162648e-11	2.7699764296188116e+09
/SS/I/PX-1PY-1PZ8	2.7000000000000000e+01	1.3965530686591719e-11	1.7179279506886032e+10
/SS/I/PX-1PY-1PZ9	5.0000000000000000e+00	1.4865256661930280e-11	1.5618304497563990e+10
/SS/I/PX-1PY-2PZ5	4.7656250000000000e-01	3.4169835623888943e-11	6.2050181521474075e+08
/SS/I/PX-1PY-2PZ6	4.6250000000000000e+00	1.1655303374663315e-11	5.5427041336215343e+09
/SS/I/PX-1PY-2PZ7	1.7375000000000000e+01	3.3499365051557937e-11	2.3200489063917661e+09
/SS/I/PX-1PY-2PZ8	3.3000000000000000e+01	2.2319822265587439e-11	5.8401053271831846e+09
/SS/I/PX-1PY-2PZ9	1.6500000000000000e+01	3.6483337888741087e-11	5.0353736218950834e+09
/SS/I/PX-1PY0PZ5	5.1250000000000000e+00	3.6332084747847781e-11	1.6551455308073049e+09
/SS/I/PX-1PY0PZ6	3.1250000000000000e+00	4.6883253338583295e-11	1.5952696560298471e+09
/SS/I/PX-1PY0PZ7	7.7812500000000000e+00	5.1172065105866288e-12	2.0629992538019363e+10
/SS/I/PX-1PY0PZ8	1.0937500000000000e+01	1.6745001041427008e-11	4.0001352714995804e+09
/SS/I/PX-1PY0PZ9	4.8000000000000000e+01	1.4879877219937035e-11	1.5861631855755535e+10
/SS/I/PX-1PY1PZ5	8.5468750000000000e+00	2.5312316815463544e-11	3.0279119650809932e+09
/SS/I/PX-1PY1PZ6	1.7125000000000000e+01	8.3643469324751717e-11	2.2283231361830668e+09
/SS/I/PX-1PY1PZ7	2.9750000000000000e+01	1.4767121548234488e-11	1.0861090203713106e+10
/SS/I/PX-1PY1PZ8	4.6000000000000000e+01	1.3301270156994190e-11	2.3190571024585159e+10
/SS/I/PX-1PY1PZ9	6.8000000000000000e+01	4.0373161052215764e-11	2.9070143927600265e+09
/SS/I/PX-1PY2PZ5	5.9218750000000000e+00	2.2240670223954997e-11	2.1413180949385664e+09
/SS/I/PX-1PY2PZ6	1.7750000000000000e+01	4.8710798512895891e-10	1.1078888323598272e+08
/SS/I/PX-1PY2PZ7	3.7500000000000000e+01	2.3204675262206905e-11	6.2741592737706108e+09
/SS/I/PX-1PY2PZ8	5.3250000000000000e+01	1.1641988517923045e-11	6.1952029148744631e+09
/SS/I/PX-1PY2PZ9	5.5500000000000000e+01	1.1876952951037095e-11	2.6654728616651902e+09
/SS/I/PX-2PY-1PZ5	6.0156250000000000e-01	2.0584150245773648e-11	9.5611708151164114e+08
/SS/I/PX-2PY-1PZ6	2.3125000000000000e+00	3.5913428999282968e-11	1.1444791569480736e+09
/SS/I/PX-2PY-1PZ7	7.5000000000000000e+00	4.8323481190999048e-11	2.4545378285711317e+09
/SS/I/PX-2PY-1PZ8	8.0000000000000000e+00	2.5543022680397244e-11	4.5455087590044622e+09
/SS/I/PX-2PY-1PZ9	1.1500000000000000e+01	1.5144578861803209e-11	6.3301932349225874e+09
/SS/I/PX-2PY-2PZ5	5.6640625000000000e-01	5.3589958545766822e-11	1.6320218155572066e+08
/SS/I/PX-2PY-2PZ6	1.9621582031250000e+00	1.7854526021548504e-11	1.5094546744357724e+09
/SS/I/PX-2PY-2PZ7	8.0625000000000000e+00	1.6090831211825582e-11	5.1805725400618601e+09
/SS/I/PX-2PY-2PZ8	1.4250000000000000e+01	1.7850665039655993e-11	1.6702168613323584e+09
/SS/I/PX-2PY-2PZ9	6.5000000000000000e+00	2.3356802900028347e-11	8.8274414872120404e+08
/SS/I/PX-2PY0PZ5	2.0937500000000000e+00	1.2413004201885487e-11	5.9413129196496897e+09
/SS/I/PX-2PY0PZ6	2.1875000000000000e+00	6.9866306994942220e-12	1.0600035396203926e+10
/SS/I/PX-2PY0PZ7	4.2187500000000000e+00	4.5327615310040897e-11	2.8415014538326015e+09
/SS/I/PX-2PY0PZ8	1.1000000000000000e+01	2.3631482262054478e-11	7.3547770391521606e+09
/SS/I/PX-2PY0PZ9	3.7500000000000000e+01	1.5812606424153267e-11	4.5136159246023331e+09
/SS/I/PX-2PY1PZ5	3.7656250000000000e+00	3.4164419869085343e-11	1.4148339972484031e+09
/SS/I/PX-2PY1PZ6	8.3125000000000000e+00	3.2661259904136304e-11	2.9840153357681813e+09
/SS/I/PX-2PY1PZ7	1.6625000000000000e+01	1.9885120139636481e-11	2.7478939069145403e+09
/SS/I/PX-2PY1PZ8	3.5250000000000000e+01	1.8149839275284274e-11	4.2843212855722928e+09
/SS/I/PX-2PY1PZ9	5.1500000000000000e+01	1.1654847703422852e-10	1.0249545106462055e+09
/SS/I/PX-2PY2PZ5	2.7500000000000000e+00	1.1354547030574716e-11	2.4138455671155157e+09
/SS/I/PX-2PY2PZ6	9.1250000000000000e+00	1.0431594457923934e-11	6.8475783123341007e+09
/SS/I/PX-2PY2PZ7	2.3625000000000000e+01	3.8721067711397381e-11	2.1493408711579914e+09
/SS/I/PX-2PY2PZ8	3.5375000000000000e+01	2.0889175356476393e-11	3.9711671390877767e+09
/SS/I/PX-2PY2PZ9	3.9250000000000000e+01	1.3281885485444466e-11	2.5285296345199027e+09
/SS/I/PX0PY-1PZ5	2.8906250000000000e+00	2.9747107707729972e-11	3.8736887724364905e+09
/SS/I/PX0PY-1PZ6	5.2500000000000000e+00	1.9478709806952135e-11	4.8277819347310009e+09
/SS/I/PX0PY-1PZ7	3.0500000000000000e+01	2.5170445817787538e-11	7.5482155685341644e+09
/SS/I/PX0PY-1PZ8	4.3000000000000000e+01	2.1934059161410098e-11	2.5061557764052685e+10
/SS/I/PX0PY-1PZ9	1.3000000000000000e+01	2.1307282037762640e-11	9.0735492108519268e+09
/SS/I/PX0PY-2PZ5	7.8125000000000000e-01	5.2123679452319789e-11	9.1866778319878089e+08
/SS/I/PX0PY-2PZ6	3.3750000000000000e+00	8.4929501204493003e-12	9.3468043051245327e+09
/SS/I/PX0PY-2PZ7	2.2250000000000000e+01	7.5282403356336281e-12	9.3563003465409946e+09
/SS/I/PX0PY-2PZ8	3.7000000000000000e+01	5.9945165558404510e-11	2.3616439500081377e+09
/SS/I/PX0PY-2PZ9	2.4000000000000000e+01	2.3606125427192809e-11	3.9409858551129026e+09
/SS/I/PX0PY0PZ5	8.0000000000000000e+00	2.3964989244558192e-11	2.3554751427739692e+09
/SS/I/PX0PY0PZ6	4.6250000000000000e+00	5.1246062632047671e-11	3.3912565881146793e+09
/SS/I/PX0PY0PZ7	1.2500000000000000e+01	1.4913134309383637e-11	9.3495436212980824e+09
/SS/I/PX0PY0PZ8	2.1000000000000000e+01	1.2172316907819285e-10	1.9865947885972939e+09
/SS/I/PX0PY0PZ9	1.8000000000000000e+01	1.1353706961009395e-11	1.4671205745649454e+10
/SS/I/PX0PY1PZ5	1.1734375000000000e+01	1.1020979314058748e-11	3.6312552517561641e+09
/SS/I/PX0PY1PZ6	2.3500000000000000e+01	2.9475081624790230e-11	5.4277588433945198e+09
/SS/I/PX0PY1PZ7	3.3000000000000000e+01	2.2051609104246021e-11	8.8238494163917389e+09
/SS/I/PX0PY1PZ8	3.3000000000000000e+01	1.0257361928176999e-11	1.4310095496595085e+10
/SS/I/PX0PY1PZ9	4.0000000000000000e+01	1.7199597575092622e-11	9.3639701656694241e+09
/SS/I/PX0PY2PZ5	6.7890625000000000e+00	3.0107644204841059e-11	1.0754936746892035e+09
/SS/I/PX0PY2PZ6	2.1562500000000000e+01	2.7088783631671569e-11	4.6310729925381517e+09
/SS/I/PX0PY2PZ7	4.0500000000000000e+01	1.0094057856417185e-11	7.2655130027150469e+09
/SS/I/PX0PY2PZ8	4.3000000000000000e+01	1.8262445971851606e-11	6.5857379085274649e+09
/SS/I/PX0PY2PZ9	2.9000000000000000e+01	1.5679257126017036e-11	1.0005904350812807e+10
/SS/I/PX1PY-1PZ5	3.7187500000000000e+00	2.8930898172714264e-11	2.2073265473459735e+09
/SS/I/PX1PY-1PZ6	3.3164062500000000e+00	1.0542815136181874e-10	1.9555731900345397e+09
/SS/I/PX1PY-1PZ7	2.5750000000000000e+01	1.5705722793725379e-11	1.1857199669134661e+10
/SS/I/PX1PY-1PZ8	4.3000000000000000e+01	3.1237343011734654e-11	1.8969169778303447e+09
/SS/I/PX1PY-1PZ9	2.3000000000000000e+01	1.4170907949367852e-11	1.6571603729243299e+10
/SS/I/PX1PY-2PZ5	1.9609375000000000e+00	5.2618593232235613e-11	8.1652164012389433e+08
/SS/I/PX1PY-2PZ6	1.5312500000000000e+00	1.6572646492887420e-10	7.3641665427913642e+08
/SS/I/PX1PY-2PZ7	1.3250000000000000e+01	1.2935501096825139e-11	2.1144982668651154e+09
/SS/I/PX1PY-2PZ8	2.8500000000000000e+01	2.3928234328851175e-11	4.0962597033856969e+09
/SS/I/PX1PY-2PZ9	1.8500000000000000e+01	1.8476126968255394e-11	1.4568260952361050e+10
/SS/I/PX1PY0PZ5	7.0468750000000000e+00	1.0281491189006009e-10	7.7110383137369227e+08
/SS/I/PX1PY0PZ6	5.2500000000000000e+00	2.1453774251559274e-11	8.9530930299963264e+09
/SS/I/PX1PY0PZ7	1.2000000000000000e+01	1.8338029336197215e-11	1.3570153270679544e+10
/SS/I/PX1PY0PZ8	3.6000000000000000e+01	2.1049343032400661e-11	5.9016386527532539e+09
/SS/I/PX1PY0PZ9	2.3000000000000000e+01	1.5625381865283503e-11	1.2195258596088604e+10
/SS/I/PX1PY1PZ5	8.3437500000000000e+00	1.8635563086873504e-11	3.0376436606370001e+09
/SS/I/PX1PY1PZ6	1.8625000000000000e+01	1.5193366480458494e-11	5.3906124359146757e+09
/SS/I/PX1PY1PZ7	1.9250000000000000e+01	2.2987375485852439e-11	1.2504890141958693e+10
/SS/I/PX1PY1PZ8	8.0937500000000000e+00	3.5314755669694346e-11	2.5046850104153318e+09
/SS/I/PX1PY1PZ9	1.7000000000000000e+01	1.1053670114704008e-10	5.7111516785969758e+08
/SS/I/PX1PY2PZ5	4.0234375000000000e+00	3.1392064633638350e-11	1.5496416247371387e+09
/SS/I/PX1PY2PZ6	1.5375000000000000e+01	2.8794473070063660e-11	3.0464150909766707e+09
/SS/I/PX1PY2PZ7	2.5125000000000000e+01	7.3440012712326521e-12	1.1973389358518295e+10
/SS/I/PX1PY2PZ8	1.6250000000000000e+01	4.4632625137009384e-11	2.9619749571128078e+09
/SS/I/PX1PY2PZ9	1.1000000000000000e+01	1.1591978686801982e-11	9.1132337481977730e+09
/SS/I/PX2PY-1PZ5	2.7968750000000000e+00	7.9321266461693930e-12	1.2710044210851562e+09
/SS/I/PX2PY-1PZ6	1.4521484375000000e+00	9.7359014947443684e-12	1.0159633681834059e+10
/SS/I/PX2PY-1PZ7	7.6250000000000000e+00	1.5456237953117103e-11	8.2026081642640934e+09
/SS/I/PX2PY-1PZ8	1.4000000000000000e+01	1.0475801504130375e-11	1.8541105479828575e+10
/SS/I/PX2PY-1PZ9	8.0000000000000000e+00	1.5870430109966414e-11	3.4149568845127969e+09
/SS/I/PX2PY-2PZ5	1.0546875000000000e+00	4.9765022404110023e-11	8.7497638829052436e+08
/SS/I/PX2PY-2PZ6	5.0097656250000000e-01	1.4785013960130362e-11	3.3780099284907908e+09
/SS/I/PX2PY-2PZ7	4.1875000000000000e+00	2.4238878758105535e-11	2.6776707273556538e+09
/SS/I/PX2PY-2PZ8	1.1125000000000000e+01	1.9449425848335597e-11	4.5340829622133074e+09
/SS/I/PX2PY-2PZ9	7.0000000000000000e+00	4.6857523042402459e-11	7.2786639038077819e+08
/SS/I/PX2PY0PZ5	3.5859375000000000e+00	8.9725492125976330e-11	4.2191486862070632e+08
/SS/I/PX2PY0PZ6	4.3125000000000000e+00	3.7595273702137325e-11	1.5318416947369738e+09
/SS/I/PX2PY0PZ7	3.4609375000000000e+00	1.1927631146860120e-10	1.0113414030336273e+09
/SS/I/PX2PY0PZ8	9.0000000000000000e+00	1.7919953310217012e-11	5.9117850143944016e+09
/SS/I/PX2PY0PZ9	1.2000000000000000e+01	1.6495400805599408e-11	5.4337591040123119e+09
/SS/I/PX2PY1PZ5	3.4453125000000000e+00	1.3254311539403311e-11	2.6969051256470070e+09
/SS/I/PX2PY1PZ6	8.7500000000000000e+00	1.6750386496116711e-11	5.4733949230944386e+09
/SS/I/PX2PY1PZ7	1.0875000000000000e+01	2.1879919202411769e-11	4.9185019178994312e+09
/SS/I/PX2PY1PZ8	2.9179687500000000e+00	1.5292176700234179e-11	6.2422164546990480e+09
/SS/I/PX2PY1PZ9	1.9000000000000000e+01	2.0800695039450611e-11	8.9579119800896473e+09
/SS/I/PX2PY2PZ5	1.2109375000000000e+00	3.3075028866041935e-11	7.6898664859787571e+08
/SS/I/PX2PY2PZ6	5.6875000000000000e+00	9.7889617583329709e-11	7.3469450756373060e+08
/SS/I/PX2PY2PZ7	1.0687500000000000e+01	1.7466142967999686e-11	5.6872726267539148e+09
/SS/I/PX2PY2PZ8	1.1582031250000000e+00	1.5974304001790485e-11	2.2428889790159588e+09
/SS/I/PX2PY2PZ9	1.6250000000000000e+01	3.2217144246373431e-11	4.7630219707825619e+08
/SS/SXT/PX-1PY-1PZ5	1.4462890625000000e+00	1.4236977427172341e-11	4.6279100679139833e+09
/SS/SXT/PX-1PY-1PZ6	4.2187500000000000e+00	1.4347182666557895e-11	7.9298801195181475e+09
/SS/SXT/PX-1PY-1PZ7	8.5361328125000000e+00	1.6032605507093765e-11	1.1472925431227360e+10
/SS/SXT/PX-1PY-1PZ8	1.8093750000000000e+01	2.6751777969366513e-11	7.0151898153798838e+09
/SS/SXT/PX-1PY-1PZ9	3.1859375000000000e+01	3.8874225853088924e-11	2.4258768556374655e+09
/SS/SXT/PX-1PY-2PZ5	9.1418457031250000e-01	4.6297673792622970e-11	3.2027197623774743e+08
/SS/SXT/PX-1PY-2PZ6	3.7929687500000000e+00	2.3581425648616910e-11	5.1811554226042442e+09
/SS/SXT/PX-1PY-2PZ7	1.0535156250000000e+01	1.1464216066167186e-11	6.4083144054800901e+09
/SS/SXT/PX-1PY-2PZ8	1.7164062500000000e+01	3.2898442037353754e-11	3.8106601000644021e+09
/SS/SXT/PX-1PY-2PZ9	1.9460937500000000e+01	1.1080574444265337e-11	7.2089048694773884e+09
/SS/SXT/PX-1PY0PZ5	2.0654296875000000e+00	8.1786902433474818e-12	1.1055531704560703e+10
/SS/SXT/PX-1PY0PZ6	4.0703125000000000e+00	2.4524388960265161e-11	3.5273024073471723e+09
/SS/SXT/PX-1PY0PZ7	7.0000000000000000e+00	5.4800769788659612e-11	2.3346680881010385e+09
/SS/SXT/PX-1PY0PZ8	1.6640625000000000e+01	1.9680243601210128e-11	1.1685564028788776e+10
/SS/SXT/PX-1PY0PZ9	2.8000000000000000e+01	1.1362377285046651e-11	9.9735476852242718e+09
/SS/SXT/PX-1PY1PZ5	1.0927734375000000e+00	3.2712174068046214e-11	1.7752148283942463e+09
/SS/SXT/PX-1PY1PZ6	7.6953125000000000e+00	1.2033419927694809e-11	8.9702330530599136e+09
/SS/SXT/PX-1PY1PZ7	2.3656250000000000e+01	1.1595820999806427e-11	1.6592511503771297e+10
/SS/SXT/PX-1PY1PZ8	3.4171875000000000e+01	1.0221159126130026e-11	4.5110584113435135e+09
/SS/SXT/PX-1PY1PZ9	2.4765625000000000e+01	1.4976657207760210e-11	9.7299039114929409e+09
/SS/SXT/PX-1PY2PZ5	5.9259033203125000e-01	1.2871869985903523e-11	6.5398328546708355e+09
/SS/SXT/PX-1PY2PZ6	4.3125000000000000e+00	2.8582483388404739e-11	1.5848036038408151e+09
/SS/SXT/PX-1PY2PZ7	2.0214843750000000e+01	1.2815447290223547e-11	2.5819375112465596e+09
/SS/SXT/PX-1PY2PZ8	3.0882812500000000e+01	1.9163243683870634e-11	1.2189885975762236e+09
/SS/SXT/PX-1PY2PZ9	1.9132812500000000e+01	9.1066183133047632e-12	9.5187115933897743e+09
/SS/SXT/PX-2PY-1PZ5	8.5644531250000000e-01	5.7313130421283814e-11	7.5231700110794771e+08
/SS/SXT/PX-2PY-1PZ6	2.4042968750000000e+00	5.7634786048126075e-11	1.0170295506394256e+09
/SS/SXT/PX-2PY-1PZ7	8.1152343750000000e+00	9.9935064134297254e-12	8.4353863435889874e+09
/SS/SXT/PX-2PY-1PZ8	2.0011718750000000e+01	1.8277342858815706e-11	3.3142652372706795e+09
/SS/SXT/PX-2PY-1PZ9	2.9664062500000000e+01	4.6605275157619583e-11	8.9081924911488171e+09
/SS/SXT/PX-2PY-2PZ5	4.6166992187500000e-01	1.9161610691058983e-11	2.3329710796390462e+09
/SS/SXT/PX-2PY-2PZ6	2.1201171875000000e+00	1.5644222415562487e-11	2.4131994114875684e+09
/SS/SXT/PX-2PY-2PZ7	6.0175781250000000e+00	1.8129930120734785e-10	2.9551261723581445e+08
/SS/SXT/PX-2PY-2PZ8	1.0554687500000000e+01	3.2268702669098522e-11	2.0373749457568231e+09
/SS/SXT/PX-2PY-2PZ9	1.3691406250000000e+01	2.4788715735189747e-11	1.4108782464005933e+09
/SS/SXT/PX-2PY0PZ5	1.1943359375000000e+00	8.4986279362356865e-12	2.4427542319124923e+09
/SS/SXT/PX-2PY0PZ6	2.5292968750000000e+00	1.7405721523596203e-11	8.6315317009814053e+09
/SS/SXT/PX-2PY0PZ7	6.4218750000000000e+00	3.2393471132637614e-11	1.8514946760299976e+09
/SS/SXT/PX-2PY0PZ8	1.9542968750000000e+01	1.4556197431754005e-11	6.6166646209671764e+09
/SS/SXT/PX-2PY0PZ9	3.1992187500000000e+01	1.4326416483571067e-11	6.3378955769688759e+09
/SS/SXT/PX-2PY1PZ5	9.3652343750000000e-01	2.0200140133042355e-11	1.4179433523875968e+09
/SS/SXT/PX-2PY1PZ6	4.2783203125000000e+00	5.0203366553406438e-11	2.9047028694657688e+09
/SS/SXT/PX-2PY1PZ7	1.1800781250000000e+01	1.7772205836731764e-11	6.9740517114408541e+09
/SS/SXT/PX-2PY1PZ8	2.0210937500000000e+01	7.0229838807901937e-11	9.0219555923708308e+08
/SS/SXT/PX-2PY1PZ9	2.0828125000000000e+01	1.2572485409118755e-11	7.5211596130424051e+09
/SS/SXT/PX-2PY2PZ5	2.9968261718750000e-01	2.0733970883945488e-11	2.0810657190915694e+09
/SS/SXT/PX-2PY2PZ6	1.9892578125000000e+00	1.6954712543250418e-11	2.4875262769075823e+09
/SS/SXT/PX-2PY2PZ7	8.3730468750000000e+00	7.3714647804542900e-11	1.0528762242848094e+09
/SS/SXT/PX-2PY2PZ8	1.2972656250000000e+01	4.5652038896425322e-11	3.6173507408172435e+08
/SS/SXT/PX-2PY2PZ9	8.5000000000000000e+00	3.0899418851834852e-11	3.8685646618305364e+09
/SS/SXT/PX0PY-1PZ5	8.7011718750000000e-01	8.5578393288674279e-12	1.6216110923940165e+10
/SS/SXT/PX0PY-1PZ6	3.5859375000000000e+00	2.2578495869253214e-11	3.2594772366113348e+09
/SS/SXT/PX0PY-1PZ7	1.1039062500000000e+01	5.9449755022767868e-11	1.4874693659121408e+09
/SS/SXT/PX0PY-1PZ8	1.3015625000000000e+01	1.8213691558624167e-11	6.8712418972931080e+09
/SS/SXT/PX0PY-1PZ9	9.3554687500000000e+00	2.1058941377643249e-11	3.0006701623340650e+09
/SS/SXT/PX0PY-2PZ5	5.1086425781250000e-01	2.1744327286689014e-11	1.6164939855969830e+09
/SS/SXT/PX0PY-2PZ6	2.9707031250000000e+00	1.0951485664715706e-11	1.7192720093069359e+10
/SS/SXT/PX0PY-2PZ7	6.5546875000000000e+00	5.0133859467613107e-11	4.4986260345324936e+09
/SS/SXT/PX0PY-2PZ8	7.7578125000000000e+00	2.2112232164377345e-11	9.0222888156758289e+09
/SS/SXT/PX0PY-2PZ9	7.0000000000000000e+00	1.6104205390206985e-11	8.3551440364306002e+09
/SS/SXT/PX0PY0PZ5	1.7697753906250000e+00	2.2380397258557784e-11	2.1970127104705472e+09
/SS/SXT/PX0PY0PZ6	4.7802734375000000e+00	1.7530210471877315e-11	5.8708204156704283e+09
/SS/SXT/PX0PY0PZ7	8.5937500000000000e+00	2.5291423364849640e-11	5.3649362644503384e+09
/SS/SXT/PX0PY0PZ8	1.0656250000000000e+01	1.5801470438432755e-11	6.6662873784285383e+09
/SS/SXT/PX0PY0PZ9	6.4375000000000000e+00	1.4216638681671197e-11	1.7071720648268538e+10
/SS/SXT/PX0PY1PZ5	1.7470703125000000e+00	3.8972837831495179e-11	1.8879700294743936e+09
/SS/SXT/PX0PY1PZ6	3.8735351562500000e+00	5.3154961738867908e-11	3.4608328509084949e+09
/SS/SXT/PX0PY1PZ7	2.2734375000000000e+01	2.3306698177668497e-11	9.5763120655020008e+09
/SS/SXT/PX0PY1PZ8	3.3500000000000000e+01	1.3326418424055896e-11	1.1103523458175058e+10
/SS/SXT/PX0PY1PZ9	1.5156250000000000e+01	5.7264579485853074e-11	1.2469426969741578e+09
/SS/SXT/PX0PY2PZ5	1.3574218750000000e+00	9.8633229222007514e-12	3.5912692483574948e+09
/SS/SXT/PX0PY2PZ6	3.7636718750000000e+00	2.0204254354680256e-11	3.5654244843425961e+09
/SS/SXT/PX0PY2PZ7	2.6851562500000000e+01	1.9442057918321677e-11	9.9696488368982792e+09
/SS/SXT/PX0PY2PZ8	4.3562500000000000e+01	1.6864383047955383e-11	9.5323418806492252e+09
/SS/SXT/PX0PY2PZ9	2.5968750000000000e+01	3.5747195280418954e-11	2.7958589170715847e+09
/SS/SXT/PX1PY-1PZ5	2.5458984375000000e+00	2.2233103765703973e-11	3.4133171206213036e+09
/SS/SXT/PX1PY-1PZ6	9.0156250000000000e+00	5.5384480770158557e-11	2.9448123822172966e+09
/SS/SXT/PX1PY-1PZ7	2.3031250000000000e+01	5.3151315551502021e-11	1.4796568130200369e+09
/SS/SXT/PX1PY-1PZ8	3.6328125000000000e+01	1.5849714410911749e-11	1.2434572748149952e+10
/SS/SXT/PX1PY-1PZ9	3.0562500000000000e+01	2.4398583188231541e-11	2.5913695753154054e+09
/SS/SXT/PX1PY-2PZ5	2.3858642578125000e-01	1.7431855266293000e-11	6.0334133224729395e+08
/SS/SXT/PX1PY-2PZ6	1.4531250000000000e+00	1.6816699426432464e-11	3.6309401191657186e+09
/SS/SXT/PX1PY-2PZ7	2.1826171875000000e+00	1.5696141739999072e-11	3.4611697580402746e+09
/SS/SXT/PX1PY-2PZ8	5.4218750000000000e+00	2.0528507583168374e-11	5.6644382258490229e+09
/SS/SXT/PX1PY-2PZ9	8.5468750000000000e+00	2.1223319276050196e-11	1.9391677696888490e+09
/SS/SXT/PX1PY0PZ5	4.6088867187500000e+00	9.8939773712063675e-12	1.7210516069960098e+10
/SS/SXT/PX1PY0PZ6	1.4312500000000000e+01	1.2018058567492551e-11	1.1728756177256559e+10
/SS/SXT/PX1PY0PZ7	2.3710937500000000e+01	3.5919868998037946e-11	2.9457413179377503e+09
/SS/SXT/PX1PY0PZ8	3.2140625000000000e+01	1.2830077360944273e-11	1.3712609280609711e+10
/SS/SXT/PX1PY0PZ9	3.0906250000000000e+01	3.3731069499442600e-11	5.6490618179983759e+09
/SS/SXT/PX1PY1PZ5	3.5146484375000000e+00	1.7492266165819251e-11	9.5810998127868080e+08
/SS/SXT/PX1PY1PZ6	5.0625000000000000e+00	1.8235932922480137e-11	3.9288221227231803e+09
/SS/SXT/PX1PY1PZ7	1.0320312500000000e+01	1.2899007598894330e-11	9.9664415432404976e+09
/SS/SXT/PX1PY1PZ8	2.1609375000000000e+01	2.1400366774368158e-11	3.0714248389067817e+09
/SS/SXT/PX1PY1PZ9	6.8750000000000000e+00	3.4931128301542535e-11	4.6527865618188133e+09
/SS/SXT/PX1PY2PZ5	1.7167968750000000e+00	1.0957983586170189e-11	2.6148626203225055e+09
/SS/SXT/PX1PY2PZ6	1.6853027343750000e+00	9.7163151279427269e-12	8.0109577891928711e+09
/SS/SXT/PX1PY2PZ7	2.1019531250000000e+01	2.8707112823339563e-10	3.5902879770286602e+08
/SS/SXT/PX1PY2PZ8	3.7984375000000000e+01	1.3640043812008890e-11	6.5293619737364826e+09
/SS/SXT/PX1PY2PZ9	2.3265625000000000e+01	9.6250666615770248e-12	9.6113852133585625e+09
/SS/SXT/PX2PY-1PZ5	1.0725097656250000e+00	3.2834409107487142e-11	1.3116634311688142e+09
/SS/SXT/PX2PY-1PZ6	4.7246093750000000e+00	3.1928072577598158e-11	2.1531848952841096e+09
/SS/SXT/PX2PY-1PZ7	1.4132812500000000e+01	1.2295728750022591e-11	4.4480705034649973e+09
/SS/SXT/PX2PY-1PZ8	2.5921875000000000e+01	1.2664495293782904e-11	9.6448064934159031e+09
/SS/SXT/PX2PY-1PZ9	2.4859375000000000e+01	3.0260059663102704e-11	3.2114745946879811e+09
/SS/SXT/PX2PY-2PZ5	2.1948242187500000e-01	9.1495148999637235e-11	3.1583146602626169e+08
/SS/SXT/PX2PY-2PZ6	1.0976562500000000e+00	1.3963511157166986e-11	2.2203891639111052e+09
/SS/SXT/PX2PY-2PZ7	9.3164062500000000e-01	5.8622150656968272e-11	5.6481818969144022e+08
/SS/SXT/PX2PY-2PZ8	6.6562500000000000e+00	3.2572199077689824e-11	2.9533068232507710e+09
/SS/SXT/PX2PY-2PZ9	9.9687500000000000e+00	1.5145996585671468e-11	3.8356026511429219e+09
/SS/SXT/PX2PY0PZ5	1.8591308593750000e+00	5.4457871556941176e-11	1.9157939868642015e+09
/SS/SXT/PX2PY0PZ6	9.4804687500000000e+00	1.3328346770333175e-11	2.7964798598328900e+09
/SS/SXT/PX2PY0PZ7	1.7269531250000000e+01	3.0464168294402672e-11	1.5012367394524548e+09
/SS/SXT/PX2PY0PZ8	2.4093750000000000e+01	4.2937831235273260e-11	1.6112001996949930e+09
/SS/SXT/PX2PY0PZ9	2.2062500000000000e+01	2.1715540653514503e-11	5.3372812066148806e+09
/SS/SXT/PX2PY1PZ5	1.1616210937500000e+00	1.4377275966379072e-11	1.3872852631152961e+09
/SS/SXT/PX2PY1PZ6	5.0380859375000000e+00	9.7985183087672004e-12	6.9834115445025883e+09
/SS/SXT/PX2PY1PZ7	2.0996093750000000e+00	1.4425530798649268e-11	3.9727585414858298e+09
/SS/SXT/PX2PY1PZ8	8.1015625000000000e+00	2.1951632644092428e-11	2.1599442553849297e+09
/SS/SXT/PX2PY1PZ9	3.5000000000000000e+00	3.1667504665359327e-11	2.9381175270233130e+09
/SS/SXT/PX2PY2PZ5	5.1489257812500000e-01	2.8561579248215747e-11	1.0362746324465094e+09
/SS/SXT/PX2PY2PZ6	1.1274414062500000e+00	3.6189115393928953e-11	1.2025773965384858e+09
/SS/SXT/PX2PY2PZ7	9.2226562500000000e+00	7.5350206254079285e-11	1.0688179138054568e+09
/SS/SXT/PX2PY2PZ8	1.8125000000000000e+01	2.0944244656755403e-11	2.4458792180121436e+09
/SS/SXT/PX2PY2PZ9	1.1968750000000000e+01	1.8619708464112416e-11	4.3739098147059383e+09
/SS/SXY/PX-1PY-1PZ5	5.0087890625000000e+00	1.1884776197969326e-11	3.9046416578090196e+09
/SS/SXY/PX-1PY-1PZ6	1.0972656250000000e+01	3.1223486599849634e-11	2.6264043424878745e+09
/SS/SXY/PX-1PY-1PZ7	1.8398437500000000e+01	3.8047395517173109e-11	2.9500381466925287e+09
/SS/SXY/PX-1PY-1PZ8	3.7789062500000000e+01	2.4454205839197658e-11	7.9806276839525528e+09
/SS/SXY/PX-1PY-1PZ9	6.0054687500000000e+01	1.6610216219035588e-11	1.2169208157524733e+10
/SS/SXY/PX-1PY-2PZ5	3.0932617187500000e+00	1.3116463132681573e-11	3.1067119707775660e+09
/SS/SXY/PX-1PY-2PZ6	9.1777343750000000e+00	2.2388239950107107e-11	1.9242392430590968e+09
/SS/SXY/PX-1PY-2PZ7	1.5523437500000000e+01	2.0033682096466653e-11	2.8317921681538663e+09
/SS/SXY/PX-1PY-2PZ8	1.9347656250000000e+01	2.5795016928200542e-11	8.1451386224043770e+09
/SS/SXY/PX-1PY-2PZ9	2.1250000000000000e+01	3.5160219458846626e-11	3.2673990932198415e+09
/SS/SXY/PX-1PY0PZ5	5.7509765625000000e+00	2.5750187165470915e-11	2.0113956210343971e+09
/SS/SXY/PX-1PY0PZ6	1.1738281250000000e+01	6.7951902172406024e-12	4.1749977053583651e+09
/SS/SXY/PX-1PY0PZ7	2.3218750000000000e+01	1.9979775932302833e-11	6.7881561681641169e+09
/SS/SXY/PX-1PY0PZ8	5.7000000000000000e+01	1.3437776940809323e-11	1.8175611055662926e+10
/SS/SXY/PX-1PY0PZ9	8.9054687500000000e+01	2.4228458263331628e-11	4.3145192332823038e+09
/SS/SXY/PX-1PY1PZ5	4.5551757812500000e+00	1.8971646692308798e-11	2.3305184066068892e+09
/SS/SXY/PX-1PY1PZ6	1.0539062500000000e+01	1.4166935686669703e-11	7.3573342212162466e+09
/SS/SXY/PX-1PY1PZ7	2.2992187500000000e+01	2.1162204314324840e-11	1.3910027149137421e+10
/SS/SXY/PX-1PY1PZ8	5.3546875000000000e+01	1.4340810565677872e-11	1.2561056162322729e+10
/SS/SXY/PX-1PY1PZ9	7.0570312500000000e+01	3.7138248279844304e-11	4.5910259787677364e+09
/SS/SXY/PX-1PY2PZ5	1.9018554687500000e+00	1.7812292029538897e-11	1.0133025038199940e+09
/SS/SXY/PX-1PY2PZ6	4.1640625000000000e+00	3.1095391981016835e-11	3.2919520732393188e+09
/SS/SXY/PX-1PY2PZ7	1.1894531250000000e+01	2.6570464452322565e-11	3.8058369781826458e+09
/SS/SXY/PX-1PY2PZ8	3.3484375000000000e+01	1.8205844814634479e-11	3.8464476067741704e+09
/SS/SXY/PX-1PY2PZ9	4.0886718750000000e+01	1.5677325292238004e-11	7.4443086412395840e+09
/SS/SXY/PX-2PY-1PZ5	3.5571289062500000e+00	3.7006650681205971e-11	2.6610978147977853e+09
/SS/SXY/PX-2PY-1PZ6	9.3476562500000000e+00	1.1976050331304051e-11	3.8554527098499002e+09
/SS/SXY/PX-2PY-1PZ7	1.4679687500000000e+01	3.0627380636364878e-11	3.5455244223093991e+09
/SS/SXY/PX-2PY-1PZ8	1.8320312500000000e+01	3.3961328825034902e-11	4.6133172785426121e+09
/SS/SXY/PX-2PY-1PZ9	1.7851562500000000e+01	8.8923051697904825e-12	1.0340125961304432e+10
/SS/SXY/PX-2PY-2PZ5	2.1166992187500000e+00	3.8213460302174186e-11	2.5030358119176769e+08
/SS/SXY/PX-2PY-2PZ6	6.2617187500000000e+00	2.6789578220961792e-11	3.6495615300247316e+09
/SS/SXY/PX-2PY-2PZ7	1.0113281250000000e+01	2.0488491714526119e-11	2.7078850394222398e+09
/SS/SXY/PX-2PY-2PZ8	8.7382812500000000e+00	3.6200044927964597e-11	2.0020022757119555e+09
/SS/SXY/PX-2PY-2PZ9	4.6992187500000000e+00	1.3832936564614562e-11	3.9694901989346795e+09
/SS/SXY/PX-2PY0PZ5	4.1406250000000000e+00	3.6750217487313585e-11	5.4938776213547385e+08
/SS/SXY/PX-2PY0PZ6	1.0722656250000000e+01	2.0871290130363338e-11	5.2490882816305132e+09
/SS/SXY/PX-2PY0PZ7	1.9031250000000000e+01	1.6624490588610215e-11	5.8044835429340506e+09
/SS/SXY/PX-2PY0PZ8	2.7671875000000000e+01	2.5467229073060744e-11	5.2143613064986210e+09
/SS/SXY/PX-2PY0PZ9	3.0015625000000000e+01	2.8478038672691957e-11	1.9177105977642705e+09
/SS/SXY/PX-2PY1PZ5	3.3295898437500000e+00	2.1032276345403035e-11	8.7162995930274785e+08
/SS/SXY/PX-2PY1PZ6	9.1035156250000000e+00	1.8981063490101424e-10	4.4352980120566380e+08
/SS/SXY/PX-2PY1PZ7	1.6570312500000000e+01	1.6275897779288358e-11	1.6135689521603518e+10
/SS/SXY/PX-2PY1PZ8	2.5554687500000000e+01	1.4092116258681154e-11	4.6468568477566366e+09
/SS/SXY/PX-2PY1PZ9	2.3808593750000000e+01	1.8681143094922619e-10	5.1546918234674269e+08
/SS/SXY/PX-2PY2PZ5	1.5844726562500000e+00	4.9595676602571479e-11	4.7011012420165515e+08
/SS/SXY/PX-2PY2PZ6	4.5791015625000000e+00	1.1400946871440694e-11	1.1742603666759467e+09
/SS/SXY/PX-2PY2PZ7	9.4375000000000000e+00	1.3854417439990074e-11	3.9986481770162940e+09
/SS/SXY/PX-2PY2PZ8	1.6441406250000000e+01	1.5899965303424800e-11	9.5584766073921528e+09
/SS/SXY/PX-2PY2PZ9	1.1763671875000000e+01	3.0414925427350580e-11	7.8431007731409395e+08
/SS/SXY/PX0PY-1PZ5	2.8793945312500000e+00	1.1836728392800486e-11	7.3793220340154095e+09
/SS/SXY/PX0PY-1PZ6	4.4072265625000000e+00	7.6394957959551889e-11	2.0380173044214280e+09
/SS/SXY/PX0PY-1PZ7	1.0101562500000000e+01	3.4663217948055807e-11	1.1707315165349421e+10
/SS/SXY/PX0PY-1PZ8	6.0433593750000000e+01	9.4557493620605866e-12	1.8056147533120724e+10
/SS/SXY/PX0PY-1PZ9	1.1775390625000000e+02	3.7830315824026464e-11	4.0622959925449452e+09
/SS/SXY/PX0PY-2PZ5	1.1818847656250000e+00	1.4699876230087946e-11	2.6531507746142745e+09
/SS/SXY/PX0PY-2PZ6	4.2167968750000000e+00	1.1249664995673742e-11	1.2044799047415342e+10
/SS/SXY/PX0PY-2PZ7	4.6718750000000000e+00	1.7110060064987931e-11	1.5747777523171045e+10
/SS/SXY/PX0PY-2PZ8	1.6713867187500000e+01	1.1933818507919729e-11	8.8272554941509209e+09
/SS/SXY/PX0PY-2PZ9	4.1410156250000000e+01	3.5520767655761487e-11	3.5743622853276095e+09
/SS/SXY/PX0PY0PZ5	3.6595458984375000e+00	1.7314096551841909e-11	3.4095842379220963e+09
/SS/SXY/PX0PY0PZ6	3.8740234375000000e+00	3.1493441249260540e-11	3.8974036505441713e+09
/SS/SXY/PX0PY0PZ7	1.6585937500000000e+01	4.3094418679657107e-11	4.9037379914327688e+09
/SS/SXY/PX0PY0PZ8	8.8414062500000000e+01	2.0414616172941852e-11	1.2728322888497417e+10
/SS/SXY/PX0PY0PZ9	1.6847656250000000e+02	9.6010863361611162e-12	2.2618992583874348e+10
/SS/SXY/PX0PY1PZ5	3.3906250000000000e+00	1.3694579831961508e-11	2.5948118992799749e+09
/SS/SXY/PX0PY1PZ6	5.1872558593750000e+00	1.4380958327113519e-11	5.8942164119207106e+09
/SS/SXY/PX0PY1PZ7	1.0546875000000000e+01	7.8210603321991569e-11	2.0457046423432510e+09
/SS/SXY/PX0PY1PZ8	6.6468750000000000e+01	1.4718914443028913e-11	1.8443814722815823e+10
/SS/SXY/PX0PY1PZ9	1.2755468750000000e+02	5.9081209141328510e-11	2.6246087701240711e+09
/SS/SXY/PX0PY2PZ5	1.9959716796875000e+00	1.3196241016881467e-11	2.1100273161495705e+09
/SS/SXY/PX0PY2PZ6	4.2373046875000000e+00	2.0054273559421246e-11	3.1569166196442366e+09
/SS/SXY/PX0PY2PZ7	4.8061523437500000e+00	6.1745211326152819e-11	2.3305901062571435e+09
/SS/SXY/PX0PY2PZ8	2.9859375000000000e+01	1.4048539794628267e-10	1.1511400536595953e+09
/SS/SXY/PX0PY2PZ9	6.4384765625000000e+01	3.5775703631506488e-11	1.6488111507651362e+09
/SS/SXY/PX1PY-1PZ5	1.8032226562500000e+00	9.6681029568935448e-12	4.9045444486320305e+09
/SS/SXY/PX1PY-1PZ6	2.7167968750000000e+00	7.6105166598319354e-11	1.0212942374796782e+09
/SS/SXY/PX1PY-1PZ7	1.0097656250000000e+01	1.7490517925565785e-11	2.0983621507005777e+09
/SS/SXY/PX1PY-1PZ8	3.5386718750000000e+01	2.5177504889631832e-11	8.8416415609349804e+09
/SS/SXY/PX1PY-1PZ9	5.4398437500000000e+01	4.2923759118177508e-11	1.7036103989613724e+09
/SS/SXY/PX1PY-2PZ5	1.2609863281250000e+00	1.1695323121704376e-11	1.3270751479751916e+09
/SS/SXY/PX1PY-2PZ6	2.4970703125000000e+00	1.5083218125511308e-11	8.9370820042305145e+09
/SS/SXY/PX1PY-2PZ7	3.5000000000000000e+00	2.5302181461725534e-11	4.4845589306983719e+09
/SS/SXY/PX1PY-2PZ8	5.6894531250000000e+00	1.3652314624462073e-11	1.9486060940219252e+09
/SS/SXY/PX1PY-2PZ9	4.9262695312500000e+00	1.7441398146997342e-11	7.6095360100746193e+09
/SS/SXY/PX1PY0PZ5	2.8476562500000000e+00	1.6863946511814783e-11	3.0082910248798862e+09
/SS/SXY/PX1PY0PZ6	3.6386718750000000e+00	5.6759403099137775e-11	2.3201782521955938e+09
/SS/SXY/PX1PY0PZ7	1.2101562500000000e+01	2.2816903766239500e-11	1.0082900806768616e+10
/SS/SXY/PX1PY0PZ8	6.3460937500000000e+01	2.9666787118582874e-11	4.1440463310808744e+09
/SS/SXY/PX1PY0PZ9	9.1851562500000000e+01	1.8225945191352405e-11	4.2934038236088367e+11
/SS/SXY/PX1PY1PZ5	2.8916015625000000e+00	2.5325774829052310e-11	2.1671185691116500e+09
/SS/SXY/PX1PY1PZ6	7.8750000000000000e+00	4.4637894333408031e-11	1.5518609006244514e+09
/SS/SXY/PX1PY1PZ7	5.1230468750000000e+00	9.9135381113630963e-12	1.1048284342104086e+10
/SS/SXY/PX1PY1PZ8	3.3179687500000000e+01	1.2276903827210786e-11	7.8331322026509447e+09
/SS/SXY/PX1PY1PZ9	6.2863281250000000e+01	1.6648958155404973e-11	4.8029242031623211e+09
/SS/SXY/PX1PY2PZ5	1.5688476562500000e+00	1.0044948970994447e-11	1.6218004828567953e+09
/SS/SXY/PX1PY2PZ6	5.1513671875000000e+00	1.3529748100417253e-10	1.3689829415057245e+08
/SS/SXY/PX1PY2PZ7	6.6718750000000000e+00	2.0500248945760848e-11	7.5833865116296139e+09
/SS/SXY/PX1PY2PZ8	7.5039062500000000e+00	6.2063112723891555e-11	2.6888471443835382e+09
/SS/SXY/PX1PY2PZ9	2.5074218750000000e+01	1.3486655152331956e-11	1.0285407497393419e+10
/SS/SXY/PX2PY-1PZ5	6.6406250000000000e-01	2.7162443386557948e-11	1.4194109078417249e+09
/SS/SXY/PX2PY-1PZ6	1.3343505859375000e+00	2.1975211367486057e-11	4.4520430525606432e+09
/SS/SXY/PX2PY-1PZ7	1.9055175781250000e+00	1.0716005208132867e-10	1.0024688746150497e+09
/SS/SXY/PX2PY-1PZ8	4.8315429687500000e+00	2.7520998708803978e-11	4.7983116570625324e+09
/SS/SXY/PX2PY-1PZ9	7.8476562500000000e+00	2.6818215726392353e-11	1.7421627646785583e+09
/SS/SXY/PX2PY-2PZ5	7.1362304687500000e-01	1.7816468929039978e-11	1.4377803524286997e+09
/SS/SXY/PX2PY-2PZ6	1.6435546875000000e+00	2.2948027652118260e-11	1.7709425627698996e+09
/SS/SXY/PX2PY-2PZ7	2.3242187500000000e+00	1.2622424052812094e-11	3.7591502691643200e+09
/SS/SXY/PX2PY-2PZ8	3.5292968750000000e+00	7.7188906813163994e-11	1.1822596992645826e+09
/SS/SXY/PX2PY-2PZ9	3.4658203125000000e+00	1.6070517039089642e-11	1.2193968759330480e+09
/SS/SXY/PX2PY0PZ5	1.2177734375000000e+00	2.3650662635282408e-11	1.8177773217845571e+09
/SS/SXY/PX2PY0PZ6	2.3457031250000000e+00	9.4478772966659366e-12	1.1142226178078793e+10
/SS/SXY/PX2PY0PZ7	2.0092773437500000e+00	1.6051239820528387e-11	4.1498264440210714e+09
/SS/SXY/PX2PY0PZ8	1.0500000000000000e+01	4.9068974215691442e-11	1.8020195758939791e+09
/SS/SXY/PX2PY0PZ9	1.9453125000000000e+01	3.5357565784787940e-11	1.4841027419590197e+09
/SS/SXY/PX2PY1PZ5	9.8144531250000000e-01	2.3090486705589797e-11	1.9061829604424655e+09
/SS/SXY/PX2PY1PZ6	3.4257812500000000e+00	3.7127390105096228e-11	2.0175174413606753e+09
/SS/SXY/PX2PY1PZ7	5.6679687500000000e+00	1.3892952336221858e-11	7.8852586368041897e+09
/SS/SXY/PX2PY1PZ8	2.1074218750000000e+00	1.0912255237585966e-10	1.3393143187575753e+09
/SS/SXY/PX2PY1PZ9	1.0238281250000000e+01	5.4873707104860964e-11	7.2512455986744726e+08
/SS/SXY/PX2PY2PZ5	5.1928710937500000e-01	3.2360190330631967e-11	9.9125477731905627e+08
/SS/SXY/PX2PY2PZ6	1.5380859375000000e+00	6.8529666640405062e-11	7.3927166428938818e+08
/SS/SXY/PX2PY2PZ7	3.5175781250000000e+00	2.4865144791116690e-11	2.1101527451705892e+09
/SS/SXY/PX2PY2PZ8	2.6093750000000000e+00	2.8582896169626475e-11	5.2873180056841164e+09
/SS/SXY/PX2PY2PZ9	2.9101562500000000e+00	2.0134010379287356e-11	1.6459683616052191e+09
/SS/SXZ/PX-1PY-1PZ5	7.6708984375000000e-01	3.4786191800485415e-11	1.1187229466114941e+09
/SS/SXZ/PX-1PY-1PZ6	1.3208007812500000e+00	1.8325612723281525e-10	6.6157935294293809e+08
/SS/SXZ/PX-1PY-1PZ7	2.0969238281250000e+00	2.7390487909531230e-11	2.6481834947213306e+09
/SS/SXZ/PX-1PY-1PZ8	2.9604492187500000e+00	2.6579464633991060e-11	6.0613717840554619e+09
/SS/SXZ/PX-1PY-1PZ9	8.2734375000000000e+00	1.2088093413475003e-11	9.9581195684047241e+09
/SS/SXZ/PX-1PY-2PZ5	5.3759765625000000e-01	2.0236982383485089e-11	1.5714056521142762e+09
/SS/SXZ/PX-1PY-2PZ6	1.4257812500000000e+00	3.3606685186384181e-11	1.3258146710982937e+10
/SS/SXZ/PX-1PY-2PZ7	2.9492187500000000e+00	2.4950869161570623e-11	4.4778322737558861e+09
/SS/SXZ/PX-1PY-2PZ8	2.2578125000000000e+00	9.2584162566280051e-12	1.6832655869155159e+10
/SS/SXZ/PX-1PY-2PZ9	2.8906250000000000e+00	1.3007192180369146e-11	1.2500596131377022e+10
/SS/SXZ/PX-1PY0PZ5	8.3789062500000000e-01	1.2086241306472878e-11	6.4084119551517754e+09
/SS/SXZ/PX-1PY0PZ6	5.5937500000000000e+00	1.5454852395036524e-11	4.4991272841808186e+09
/SS/SXZ/PX-1PY0PZ7	1.3820312500000000e+01	1.0869979792801464e-11	2.2665380027987556e+10
/SS/SXZ/PX-1PY0PZ8	8.9765625000000000e+00	7.6068164175586703e-11	2.9371733991167850e+09
/SS/SXZ/PX-1PY0PZ9	6.5468750000000000e+00	3.0176804200970751e-11	4.9978711277031488e+09
/SS/SXZ/PX-1PY1PZ5	6.4831542968750000e-01	3.4679861299827026e-11	2.7258749911505857e+09
/SS/SXZ/PX-1PY1PZ6	3.3417968750000000e+00	2.2318310738696980e-11	4.2432104848516068e+09
/SS/SXZ/PX-1PY1PZ7	1.4792968750000000e+01	6.3538088678713418e-11	1.9775340990990541e+09
/SS/SXZ/PX-1PY1PZ8	2.0992187500000000e+01	9.9726702866634178e-12	3.8571295592813469e+10
/SS/SXZ/PX-1PY1PZ9	5.5546875000000000e+00	8.8028807644909120e-12	2.5368535437599777e+10
/SS/SXZ/PX-1PY2PZ5	7.1691894531250000e-01	1.0969581243972893e-11	2.8450486222108016e+09
/SS/SXZ/PX-1PY2PZ6	1.7031250000000000e+00	1.4571459173149246e-11	6.3788336136915674e+09
/SS/SXZ/PX-1PY2PZ7	1.5273437500000000e+00	1.0652773673328085e-11	4.2214391229931397e+09
/SS/SXZ/PX-1PY2PZ8	4.2050781250000000e+00	1.7664812775128217e-11	1.1376621077502338e+10
/SS/SXZ/PX-1PY2PZ9	1.0695312500000000e+01	3.3222324771968737e-11	3.2614269181751008e+09
/SS/SXZ/PX-2PY-1PZ5	4.5751953125000000e-01	1.3839191942071551e-11	1.6529022972634804e+09
/SS/SXZ/PX-2PY-1PZ6	2.6972656250000000e+00	1.2007942260954948e-11	5.1260240985630379e+09
/SS/SXZ/PX-2PY-1PZ7	5.7617187500000000e+00	1.4987363210067154e-11	9.4766980656730480e+09
/SS/SXZ/PX-2PY-1PZ8	3.8125000000000000e+00	1.7116849670515873e-11	6.4361686451046280e+10
/SS/SXZ/PX-2PY-1PZ9	4.2099609375000000e+00	2.4858432472063754e-11	2.7672685729948788e+09
/SS/SXZ/PX-2PY-2PZ5	1.6683959960937500e-01	2.4981884776203626e-11	8.8687310494099963e+08
/SS/SXZ/PX-2PY-2PZ6	4.3208312988281250e-01	2.2865982167596574e-11	2.0635745739116433e+09
/SS/SXZ/PX-2PY-2PZ7	7.8662109375000000e-01	2.2378021114173636e-11	1.1680347216898103e+09
/SS/SXZ/PX-2PY-2PZ8	2.3652343750000000e+00	9.9316427933966397e-12	6.2380916812884159e+09
/SS/SXZ/PX-2PY-2PZ9	4.0019531250000000e+00	6.1128875527299069e-12	6.3483770883160849e+09
/SS/SXZ/PX-2PY0PZ5	9.7412109375000000e-01	2.1429987235957761e-11	1.7668573932113738e+09
/SS/SXZ/PX-2PY0PZ6	5.7226562500000000e+00	3.0700840972058946e-11	2.6271920493469582e+09
/SS/SXZ/PX-2PY0PZ7	1.4140625000000000e+01	1.4387161724925378e-11	3.0896791467215037e+09
/SS/SXZ/PX-2PY0PZ8	1.3187500000000000e+01	1.7848423299985744e-11	1.2992596053353451e+10
/SS/SXZ/PX-2PY0PZ9	3.9921875000000000e+00	1.0438543756184444e-11	1.1611416917951393e+10
/SS/SXZ/PX-2PY1PZ5	6.4550781250000000e-01	1.5228502627589795e-11	3.4245159065553484e+09
/SS/SXZ/PX-2PY1PZ6	3.8144531250000000e+00	2.5156305010480621e-11	3.7617855857769308e+09
/SS/SXZ/PX-2PY1PZ7	1.1335937500000000e+01	1.0485073745680239e-11	7.2971716663569164e+09
/SS/SXZ/PX-2PY1PZ8	1.4824218750000000e+01	1.7673837975255500e-11	8.2332191273513384e+09
/SS/SXZ/PX-2PY1PZ9	5.6484375000000000e+00	1.1290571538752852e-11	1.4024637778872950e+10
/SS/SXZ/PX-2PY2PZ5	5.6311035156250000e-01	1.2239290224416091e-11	8.9693634713737035e+08
/SS/SXZ/PX-2PY2PZ6	1.7403564453125000e+00	7.3872054759639560e-12	1.7726462437225583e+09
/SS/SXZ/PX-2PY2PZ7	2.2172851562500000e+00	5.3963985939719685e-11	1.4180881348696058e+09
/SS/SXZ/PX-2PY2PZ8	4.5234375000000000e+00	2.3652495268293811e-11	2.3258327987627344e+09
/SS/SXZ/PX-2PY2PZ9	5.0947265625000000e+00	8.6475065280091407e-12	6.4629238247273388e+09
/SS/SXZ/PX0PY-1PZ5	1.0698242187500000e+00	1.7606367081981057e-11	2.1028632742750158e+09
/SS/SXZ/PX0PY-1PZ6	3.6484375000000000e+00	3.2851936682234472e-11	3.1865939715767803e+09
/SS/SXZ/PX0PY-1PZ7	7.7773437500000000e+00	1.4119498650070246e-11	1.3976823011459852e+10
/SS/SXZ/PX0PY-1PZ8	1.2523437500000000e+01	3.1122294839459602e-11	5.7243818287451525e+09
/SS/SXZ/PX0PY-1PZ9	2.0039062500000000e+01	2.0384548732926694e-11	3.9719297615743489e+09
/SS/SXZ/PX0PY-2PZ5	1.0815429687500000e+00	1.3314018618340052e-11	2.2305017160502467e+09
/SS/SXZ/PX0PY-2PZ6	3.1474609375000000e+00	1.7323742234035054e-11	4.9406393487357025e+09
/SS/SXZ/PX0PY-2PZ7	4.6054687500000000e+00	3.7542038702901185e-11	2.3488860901112318e+09
/SS/SXZ/PX0PY-2PZ8	1.6508789062500000e+00	1.1271451267971870e-11	3.3691589819675426e+09
/SS/SXZ/PX0PY-2PZ9	1.0578613281250000e+00	5.6581535391701829e-11	1.4275483367555981e+09
/SS/SXZ/PX0PY0PZ5	1.2241210937500000e+00	3.6060128673828512e-11	1.9646982825201032e+09
/SS/SXZ/PX0PY0PZ6	2.8183593750000000e+00	2.2431752806610628e-11	1.2250653831084812e+09
/SS/SXZ/PX0PY0PZ7	3.3046875000000000e+00	1.6393782757810946e-11	2.1918860560651939e+10
/SS/SXZ/PX0PY0PZ8	8.5390625000000000e+00	3.1510335699478516e-10	1.4233626691989419e+09
/SS/SXZ/PX0PY0PZ9	2.7054687500000000e+01	1.2320715557015962e-11	4.6557038442900248e+09
/SS/SXZ/PX0PY1PZ5	9.3798828125000000e-01	2.7589079880502497e-11	1.3098076824310658e+09
/SS/SXZ/PX0PY1PZ6	3.2636718750000000e+00	1.7114951292229444e-11	3.7612431432280517e+09
/SS/SXZ/PX0PY1PZ7	1.4199218750000000e+01	1.3515741115542280e-11	2.6208059252245342e+10
/SS/SXZ/PX0PY1PZ8	1.9195312500000000e+01	1.4414039541361986e-11	8.2988757480437288e+09
/SS/SXZ/PX0PY1PZ9	3.5634765625000000e+00	7.1884172926218061e-11	2.9643778540719843e+09
/SS/SXZ/PX0PY2PZ5	3.6511230468750000e-01	1.2714938393708870e-11	1.5112229701103883e+09
/SS/SXZ/PX0PY2PZ6	1.3173828125000000e+00	2.0629096571336159e-11	4.9597396900943165e+09
/SS/SXZ/PX0PY2PZ7	3.0390625000000000e+00	1.7256608180008583e-11	8.3567906422326479e+09
/SS/SXZ/PX0PY2PZ8	3.0468750000000000e+00	2.7766966655703346e-11	3.7751871845912557e+09
/SS/SXZ/PX0PY2PZ9	5.5859375000000000e+00	2.1804117134481925e-11	1.1129289742002155e+10
/SS/SXZ/PX1PY-1PZ5	9.0319824218750000e-01	1.6530887480667198e-11	2.5689845264747090e+09
/SS/SXZ/PX1PY-1PZ6	3.6225585937500000e+00	1.5577666677979082e-11	3.7590681317346902e+09
/SS/SXZ/PX1PY-1PZ7	7.5078125000000000e+00	4.4431450120461549e-11	1.8421754972014127e+09
/SS/SXZ/PX1PY-1PZ8	1.3945312500000000e+01	2.2360955137231279e-11	9.9874778468445759e+09
/SS/SXZ/PX1PY-1PZ9	2.9523437500000000e+01	1.3234900316008314e-11	2.5811730252828617e+09
/SS/SXZ/PX1PY-2PZ5	8.3264160156250000e-01	3.9487511951111954e-11	6.2862786578935552e+08
/SS/SXZ/PX1PY-2PZ6	1.6948242187500000e+00	3.9817117458927417e-11	9.7503612074955654e+08
/SS/SXZ/PX1PY-2PZ7	2.5466308593750000e+00	3.0479811188048043e-11	3.2558104684453712e+09
/SS/SXZ/PX1PY-2PZ8	2.4355468750000000e+00	2.1564102004186685e-11	7.0706629009226637e+09
/SS/SXZ/PX1PY-2PZ9	1.5463867187500000e+00	1.4008859373901710e-11	4.6912887579285803e+09
/SS/SXZ/PX1PY0PZ5	1.4957275390625000e+00	3.8585505025517322e-11	1.4391371268366940e+09
/SS/SXZ/PX1PY0PZ6	5.3569335937500000e+00	2.3338269582868660e-11	3.1476241981205773e+09
/SS/SXZ/PX1PY0PZ7	1.4249023437500000e+01	2.2613535898010846e-11	1.7858628679037312e+10
/SS/SXZ/PX1PY0PZ8	1.8886718750000000e+01	2.0577052333024122e-11	9.2010775704566040e+09
/SS/SXZ/PX1PY0PZ9	3.4042968750000000e+01	2.5675847795052632e-11	6.4747797945073900e+09
/SS/SXZ/PX1PY1PZ5	1.6533203125000000e+00	1.7484700935806177e-10	3.5701560030921721e+08
/SS/SXZ/PX1PY1PZ6	4.6035156250000000e+00	1.0238398743346771e-11	1.0128599248468487e+10
/SS/SXZ/PX1PY1PZ7	7.6699218750000000e+00	1.5119092498909163e-11	6.5989140745289173e+09
/SS/SXZ/PX1PY1PZ8	1.5441406250000000e+01	1.4761452131735783e-11	1.6459600547595314e+10
/SS/SXZ/PX1PY1PZ9	2.1640625000000000e+00	2.9125220858953687e-11	3.4817771310533857e+09
/SS/SXZ/PX1PY2PZ5	8.7133789062500000e-01	1.2715509636343809e-11	7.5072873290234928e+09
/SS/SXZ/PX1PY2PZ6	1.2216796875000000e+00	1.7162118892570154e-11	3.5045148942344627e+09
/SS/SXZ/PX1PY2PZ7	2.9179687500000000e+00	6.9110245422785892e-11	1.1015340816690049e+09
/SS/SXZ/PX1PY2PZ8	9.6562500000000000e+00	9.5612519798287808e-11	7.7555312840554607e+08
/SS/SXZ/PX1PY2PZ9	5.8769531250000000e+00	2.1365662401958860e-11	2.9766749851232839e+09
/SS/SXZ/PX2PY-1PZ5	1.4703369140625000e-01	5.9404281201067476e-11	3.7019944132762384e+08
/SS/SXZ/PX2PY-1PZ6	1.0749511718750000e+00	2.6103168895403092e-11	1.7329008412687025e+09
/SS/SXZ/PX2PY-1PZ7	2.3818359375000000e+00	2.8651799662481266e-11	3.5632892687800269e+09
/SS/SXZ/PX2PY-1PZ8	7.5102539062500000e+00	1.8199942624663480e-11	5.2785515822073278e+09
/SS/SXZ/PX2PY-1PZ9	2.5703125000000000e+00	4.9766667825349934e-11	1.6425011642699013e+09
/SS/SXZ/PX2PY-2PZ5	3.7437438964843750e-01	1.1282934211550974e-11	4.3032659666816177e+09
/SS/SXZ/PX2PY-2PZ6	6.6143798828125000e-01	3.0063054929758760e-11	2.6176746649693336e+09
/SS/SXZ/PX2PY-2PZ7	1.2939453125000000e+00	2.3899478556320019e-11	4.4996852279354973e+09
/SS/SXZ/PX2PY-2PZ8	4.0344238281250000e+00	2.8981661261307831e-11	2.5733745464289727e+09
/SS/SXZ/PX2PY-2PZ9	1.8193359375000000e+00	2.1614118010047578e-11	9.5203656774391603e+08
/SS/SXZ/PX2PY0PZ5	5.7910156250000000e-01	6.8631183585759980e-11	5.3420403822860706e+08
/SS/SXZ/PX2PY0PZ6	2.5107421875000000e+00	7.3671337849159618e-12	9.9751460498923340e+09
/SS/SXZ/PX2PY0PZ7	5.3818359375000000e+00	6.4096167821325939e-11	3.0365183905353279e+09
/SS/SXZ/PX2PY0PZ8	7.8310546875000000e+00	1.4442534934177648e-11	8.1339291547247515e+09
/SS/SXZ/PX2PY0PZ9	2.8046875000000000e+00	2.5995959069289547e-11	5.0043401169720612e+09
/SS/SXZ/PX2PY1PZ5	1.3716125488281250e-01	2.1918252419265214e-11	2.2040683375565634e+09
/SS/SXZ/PX2PY1PZ6	4.6130371093750000e-01	1.1081828582325308e-11	1.0012616468567677e+10
/SS/SXZ/PX2PY1PZ7	1.6015625000000000e+00	3.6605585196220270e-11	1.9382492085819993e+09
/SS/SXZ/PX2PY1PZ8	1.5185546875000000e+00	1.4339444202333080e-11	6.8147792062470446e+09
/SS/SXZ/PX2PY1PZ9	8.2177734375000000e-01	2.4557157470040350e-11	2.1493748051814642e+09
/SS/SXZ/PX2PY2PZ5	2.5657653808593750e-01	1.2717676550207479e-11	2.2450310329100733e+09
/SS/SXZ/PX2PY2PZ6	6.4550781250000000e-01	1.8178344921819373e-11	4.2027395681992779e+09
/SS/SXZ/PX2PY2PZ7	1.3925781250000000e+00	1.1432819330683204e-11	6.0371966575787487e+09
/SS/SXZ/PX2PY2PZ8	7.4042968750000000e+00	2.6731690316180449e-11	2.5675334866025796e+09
/SS/SXZ/PX2PY2PZ9	8.9199218750000000e+00	2.7986422390697935e-11	3.8228861612519755e+09
/SS/SYT/PX-1PY-1PZ5	1.5546875000000000e+00	8.1327879766707262e-11	8.7795467336175668e+08
/SS/SYT/PX-1PY-1PZ6	6.5026855468750000e+00	1.5515378936895848e-11	2.1021966018031778e+09
/SS/SYT/PX-1PY-1PZ7	1.2535156250000000e+01	1.3399029819404080e-11	9.0621278517967262e+09
/SS/SYT/PX-1PY-1PZ8	4.5937500000000000e+00	1.5295352783404567e-11	8.8077694703680477e+09
/SS/SYT/PX-1PY-1PZ9	5.8203125000000000e+01	1.4269015774666141e-11	6.8502867053803940e+09
/SS/SYT/PX-1PY-2PZ5	1.2141113281250000e+00	2.5997320258672934e-11	2.1684020489874697e+09
/SS/SYT/PX-1PY-2PZ6	4.8422851562500000e+00	2.2623874033668861e-11	1.5060794965094273e+09
/SS/SYT/PX-1PY-2PZ7	1.4777343750000000e+01	7.0995894482474129e-11	6.9739788029917693e+08
/SS/SYT/PX-1PY-2PZ8	1.2558593750000000e+01	1.2894317808759712e-11	7.0533475448087025e+09
/SS/SYT/PX-1PY-2PZ9	8.4492187500000000e+00	1.5378009728749332e-11	1.5505600932001375e+10
/SS/SYT/PX-1PY0PZ5	7.1679687500000000e-01	1.3755236213275881e-11	1.6661627905143583e+09
/SS/SYT/PX-1PY0PZ6	3.7705078125000000e+00	9.4474690389163870e-12	2.9990341703149860e+10
/SS/SYT/PX-1PY0PZ7	5.3242187500000000e+00	3.5229517387071913e-11	9.7478057439804688e+09
/SS/SYT/PX-1PY0PZ8	2.9507812500000000e+01	2.0028523025929936e-11	5.7727501560719719e+09
/SS/SYT/PX-1PY0PZ9	8.6281250000000000e+01	5.5720135403593844e-11	3.1063400742115574e+09
/SS/SYT/PX-1PY1PZ5	1.1806640625000000e+00	1.9950488196292961e-11	3.7574326617594161e+09
/SS/SYT/PX-1PY1PZ6	3.2680664062500000e+00	1.9307263846356982e-11	3.8323037000138302e+09
/SS/SYT/PX-1PY1PZ7	4.8242187500000000e+00	1.1863634440754072e-11	7.0235968971804380e+09
/SS/SYT/PX-1PY1PZ8	2.3585937500000000e+01	1.8837589822584949e-11	2.2388293277840919e+10
/SS/SYT/PX-1PY1PZ9	4.7093750000000000e+01	1.8952999363133102e-11	4.7484332913249767e+08
/SS/SYT/PX-1PY2PZ5	1.0668945312500000e+00	1.2590820285497277e-11	1.8629332878024180e+09
/SS/SYT/PX-1PY2PZ6	4.5219726562500000e+00	1.8486080952834163e-11	3.4132424887793660e+09
/SS/SYT/PX-1PY2PZ7	1.8521484375000000e+01	1.4530546239814314e-11	1.6176018632714090e+10
/SS/SYT/PX-1PY2PZ8	1.1988281250000000e+01	1.5108097997513282e-11	2.0980193883272686e+10
/SS/SYT/PX-1PY2PZ9	4.6196289062500000e+00	1.7576451589858978e-11	4.4574555928347569e+09
/SS/SYT/PX-2PY-1PZ5	6.0021972656250000e-01	1.1972758732503609e-11	4.1681576970714598e+09
/SS/SYT/PX-2PY-1PZ6	3.7602539062500000e+00	3.4774440714799852e-11	1.8766843516664336e+09
/SS/SYT/PX-2PY-1PZ7	9.9990234375000000e+00	1.5434758756677313e-11	3.8602015550688734e+09
/SS/SYT/PX-2PY-1PZ8	4.4570312500000000e+00	3.2520215093894579e-11	1.5135154113634543e+09
/SS/SYT/PX-2PY-1PZ9	2.3515625000000000e+01	2.3668235563889117e-11	3.6042268776271887e+09
/SS/SYT/PX-2PY-2PZ5	4.2089843750000000e-01	1.8026208671818729e-11	3.1850321892902374e+09
/SS/SYT/PX-2PY-2PZ6	1.0468750000000000e+00	1.9033522952574888e-11	5.6698296074303818e+09
/SS/SYT/PX-2PY-2PZ7	8.7441406250000000e+00	1.9096978670240980e-11	6.9390034008606176e+09
/SS/SYT/PX-2PY-2PZ8	7.9941406250000000e+00	1.7572163028564309e-11	3.0842166464624910e+09
/SS/SYT/PX-2PY-2PZ9	5.3339843750000000e+00	1.7269328720183717e-11	1.4933894354970211e+10
/SS/SYT/PX-2PY0PZ5	1.0405273437500000e+00	1.9704951065610553e-11	1.1062262361128197e+09
/SS/SYT/PX-2PY0PZ6	3.4580078125000000e+00	1.3058858332480129e-11	5.4806013359781389e+09
/SS/SYT/PX-2PY0PZ7	3.9697265625000000e+00	4.0158234976042454e-11	2.6233252099307413e+09
/SS/SYT/PX-2PY0PZ8	4.3828125000000000e+00	1.0529280639191256e-11	1.3045054663340833e+11
/SS/SYT/PX-2PY0PZ9	3.1492187500000000e+01	1.2261446757234205e-11	6.1770737201123314e+09
/SS/SYT/PX-2PY1PZ5	1.6625976562500000e+00	1.3682084835672288e-11	1.2405809572034795e+09
/SS/SYT/PX-2PY1PZ6	7.9423828125000000e+00	1.0952590430813917e-10	3.5853156292475003e+08
/SS/SYT/PX-2PY1PZ7	9.3632812500000000e+00	1.0447812736231487e-11	9.5053312852991848e+09
/SS/SYT/PX-2PY1PZ8	5.7851562500000000e+00	1.0118876559293359e-11	4.4166054950422916e+09
/SS/SYT/PX-2PY1PZ9	1.1328125000000000e+01	5.6564841493630227e-11	4.5553819093034488e+08
/SS/SYT/PX-2PY2PZ5	1.3535156250000000e+00	2.6411608620927327e-11	7.9695651133467221e+08
/SS/SYT/PX-2PY2PZ6	6.7602539062500000e+00	8.0819064917667820e-12	2.8300807477579665e+09
/SS/SYT/PX-2PY2PZ7	1.0308593750000000e+01	5.0560224729245541e-11	2.3461679706019278e+09
/SS/SYT/PX-2PY2PZ8	4.4746093750000000e+00	1.8600628301452064e-11	5.2531836667603321e+09
/SS/SYT/PX-2PY2PZ9	3.7500000000000000e+00	1.2239504156529348e-11	3.3639808911213641e+09
/SS/SYT/PX0PY-1PZ5	1.8613281250000000e+00	2.6812318719395931e-11	2.5826297545898299e+09
/SS/SYT/PX0PY-1PZ6	6.3701171875000000e+00	1.6925014659331689e-11	2.9947038009361796e+09
/SS/SYT/PX0PY-1PZ7	4.2319335937500000e+00	1.6938935677173267e-11	1.1891050388858391e+10
/SS/SYT/PX0PY-1PZ8	3.1882812500000000e+01	1.0043359067248766e-11	7.7237926127489080e+09
/SS/SYT/PX0PY-1PZ9	6.7707031250000000e+01	1.9978867324296709e-11	4.9036341042537022e+09
/SS/SYT/PX0PY-2PZ5	1.7117309570312500e+00	1.5293512810968985e-11	2.4422547693072662e+09
/SS/SYT/PX0PY-2PZ6	5.1386718750000000e+00	2.0879823735673968e-11	3.1794208055872955e+09
/SS/SYT/PX0PY-2PZ7	9.6054687500000000e+00	9.0648092546801293e-12	5.1603650893785095e+09
/SS/SYT/PX0PY-2PZ8	7.5156250000000000e+00	1.7371523927673103e-11	6.3113757070370083e+09
/SS/SYT/PX0PY-2PZ9	6.1054687500000000e+00	3.7267793171084884e-11	3.2300817188965001e+09
/SS/SYT/PX0PY0PZ5	4.1103515625000000e+00	2.3296338251208434e-11	2.3981924487694664e+09
/SS/SYT/PX0PY0PZ6	1.4640625000000000e+01	1.2976365335245336e-11	1.7221215243579079e+10
/SS/SYT/PX0PY0PZ7	7.0117187500000000e+00	1.4057876628771206e-11	1.5986701309291231e+10
/SS/SYT/PX0PY0PZ8	7.4640625000000000e+01	2.9511345838522206e-11	4.7328978986861820e+09
/SS/SYT/PX0PY0PZ9	1.3776562500000000e+02	1.7071511697885451e-11	1.3154624186358789e+10
/SS/SYT/PX0PY1PZ5	2.8706054687500000e+00	3.8469308741801012e-11	1.9490433814721916e+09
/SS/SYT/PX0PY1PZ6	1.7167968750000000e+01	1.8453623706099911e-11	9.4032944060750275e+09
/SS/SYT/PX0PY1PZ7	1.0191406250000000e+01	1.2600179152308414e-11	1.3126005007487314e+10
/SS/SYT/PX0PY1PZ8	4.4414062500000000e+01	2.8160534697305670e-11	5.3211713573743124e+09
/SS/SYT/PX0PY1PZ9	8.1914062500000000e+01	1.7156184764640161e-11	1.2363612870093813e+10
/SS/SYT/PX0PY2PZ5	5.2172851562500000e-01	2.3353268002943288e-11	2.6251776233326712e+09
/SS/SYT/PX0PY2PZ6	7.8105468750000000e+00	1.7811871356452681e-11	5.3432811100960503e+09
/SS/SYT/PX0PY2PZ7	1.3652832031250000e+01	1.7153115730414422e-11	4.2477222559958529e+09
/SS/SYT/PX0PY2PZ8	1.8511718750000000e+01	2.3067922607337693e-11	4.5992160697563143e+09
/SS/SYT/PX0PY2PZ9	2.1931640625000000e+01	2.8178428372669763e-11	2.9999772862618732e+09
/SS/SYT/PX1PY-1PZ5	1.7636718750000000e+00	2.2863536039986956e-11	1.7699893783536513e+09
/SS/SYT/PX1PY-1PZ6	2.3659667968750000e+00	9.0787594122462075e-12	1.5458357913200949e+10
/SS/SYT/PX1PY-1PZ7	2.8042968750000000e+01	1.7106188572693973e-11	1.3201882573816389e+10
/SS/SYT/PX1PY-1PZ8	5.4812500000000000e+01	1.2880387178428565e-11	1.8227070759861092e+10
/SS/SYT/PX1PY-1PZ9	7.9123046875000000e+01	1.1706817470678307e-11	1.5203143247036585e+10
/SS/SYT/PX1PY-2PZ5	1.0784912109375000e+00	7.0990817600943179e-11	7.2858219566265905e+08
/SS/SYT/PX1PY-2PZ6	1.2436523437500000e+00	1.0593976586305395e-11	6.0447817824275894e+09
/SS/SYT/PX1PY-2PZ7	5.5039062500000000e+00	1.7181756492901506e-11	4.5752815746076250e+09
/SS/SYT/PX1PY-2PZ8	2.0722656250000000e+00	7.7535900709461150e-12	1.0317299248066607e+10
/SS/SYT/PX1PY-2PZ9	4.8175781250000000e+01	1.9767013100865232e-11	3.2936647907988839e+09
/SS/SYT/PX1PY0PZ5	2.0527343750000000e+00	1.1177214734723443e-11	3.0539261148779645e+09
/SS/SYT/PX1PY0PZ6	2.3637695312500000e+00	6.1346259118803730e-11	1.9452838939237874e+09
/SS/SYT/PX1PY0PZ7	2.8171875000000000e+01	1.4135327688258121e-11	8.0902901227068310e+09
/SS/SYT/PX1PY0PZ8	8.9816406250000000e+01	1.1404392017445139e-11	9.9426579425382137e+09
/SS/SYT/PX1PY0PZ9	7.8093750000000000e+01	1.1761341296861341e-11	1.6200722031609138e+10
/SS/SYT/PX1PY1PZ5	1.5581054687500000e+00	6.0931553985680698e-11	7.1012725885567427e+08
/SS/SYT/PX1PY1PZ6	3.6875000000000000e+00	9.4342786462696672e-12	1.4799811893579641e+10
/SS/SYT/PX1PY1PZ7	5.1367187500000000e+00	3.3689347699227811e-11	6.1670151662047672e+09
/SS/SYT/PX1PY1PZ8	3.0464843750000000e+01	1.0687079807133769e-11	7.3079087905416880e+09
/SS/SYT/PX1PY1PZ9	2.3343750000000000e+01	1.7360609857565388e-11	4.4306393969349289e+09
/SS/SYT/PX1PY2PZ5	4.6289062500000000e-01	3.4886802676955505e-11	1.6470294899557772e+09
/SS/SYT/PX1PY2PZ6	2.6162109375000000e+00	1.6983565673894829e-11	7.4502938344069910e+09
/SS/SYT/PX1PY2PZ7	5.1171875000000000e+00	5.0089986425607428e-11	6.8659238407499993e+08
/SS/SYT/PX1PY2PZ8	5.5957031250000000e+00	2.0715132305870923e-11	1.9492536565820007e+09
/SS/SYT/PX1PY2PZ9	7.1210937500000000e+00	1.3001569158362628e-11	7.1266815396753139e+09
/SS/SYT/PX2PY-1PZ5	3.0218505859375000e-01	4.3975191902655902e-11	8.5539441813347781e+08
/SS/SYT/PX2PY-1PZ6	4.0380859375000000e+00	2.2031403696809971e-11	1.9049870045757599e+09
/SS/SYT/PX2PY-1PZ7	2.3964843750000000e+01	2.9704372043422861e-11	2.6349803058901081e+09
/SS/SYT/PX2PY-1PZ8	5.0659179687500000e+01	4.3051254435717856e-11	1.5375085847415421e+09
/SS/SYT/PX2PY-1PZ9	6.1328125000000000e+01	1.9833445889284053e-11	1.4299023045437412e+09
/SS/SYT/PX2PY-2PZ5	2.9907226562500000e-01	2.4119700267975193e-11	5.9375069473430836e+08
/SS/SYT/PX2PY-2PZ6	1.7934570312500000e+00	1.8487747612480622e-11	1.2781772849992726e+09
/SS/SYT/PX2PY-2PZ7	8.9589843750000000e+00	2.4755708303079491e-11	1.0007274533725612e+09
/SS/SYT/PX2PY-2PZ8	1.5115234375000000e+01	1.8504651708925199e-11	6.3090570037322407e+09
/SS/SYT/PX2PY-2PZ9	3.3867187500000000e+01	2.1779989694993727e-11	1.6894339751197960e+09
/SS/SYT/PX2PY0PZ5	3.4338378906250000e-01	3.7475049095318091e-11	1.3754332313374808e+09
/SS/SYT/PX2PY0PZ6	4.3183593750000000e+00	1.3547299696280753e-11	4.0642015295015583e+09
/SS/SYT/PX2PY0PZ7	2.2351562500000000e+01	1.0487634282205134e-11	4.7255264502094345e+09
/SS/SYT/PX2PY0PZ8	2.5960937500000000e+01	1.2149075139721868e-11	1.6306795827217527e+10
/SS/SYT/PX2PY0PZ9	4.5507812500000000e+01	1.3334959221839131e-11	1.0345770966739687e+10
/SS/SYT/PX2PY1PZ5	3.7353515625000000e-01	2.2517550921536431e-11	2.6873924526600690e+09
/SS/SYT/PX2PY1PZ6	2.4687500000000000e+00	1.2491081752738046e-10	6.2277594485189426e+08
/SS/SYT/PX2PY1PZ7	8.1621093750000000e+00	7.8425217837230604e-12	9.4660653210306282e+09
/SS/SYT/PX2PY1PZ8	3.3789062500000000e+00	9.2140823712041554e-12	5.4071422015282326e+09
/SS/SYT/PX2PY1PZ9	1.8054687500000000e+01	1.9173644610400588e-11	6.1804951166166620e+09
/SS/SYT/PX2PY2PZ5	2.2741699218750000e-01	5.1230858896722486e-11	8.3094206565969777e+08
/SS/SYT/PX2PY2PZ6	6.6308593750000000e-01	7.3993542525823694e-11	6.5961034004320562e+08
/SS/SYT/PX2PY2PZ7	5.0585937500000000e-01	6.7798098655682499e-11	1.5788640636628256e+09
/SS/SYT/PX2PY2PZ8	3.8007812500000000e+00	9.7368124979778587e-12	7.1169940745412226e+09
/SS/SYT/PX2PY2PZ9	7.5761718750000000e+00	1.6019282800787055e-11	3.4988972014547682e+08
/SS/SYZ/PX-1PY-1PZ5	9.8242187500000000e-01	3.5334667426562962e-11	1.3825438867044945e+09
/SS/SYZ/PX-1PY-1PZ6	1.9960937500000000e+00	5.6553935939644423e-11	1.7129741289241111e+09
/SS/SYZ/PX-1PY-1PZ7	1.4226562500000000e+01	1.0903075563693265e-11	7.1497525484412355e+09
/SS/SYZ/PX-1PY-1PZ8	3.4906250000000000e+01	3.2524259292955673e-11	5.7276007707748766e+09
/SS/SYZ/PX-1PY-1PZ9	4.2765625000000000e+01	1.9468463455348193e-11	3.1480349359493575e+09
/SS/SYZ/PX-1PY-2PZ5	3.9746093750000000e-01	1.4720195048464507e-11	3.8019728018271697e+08
/SS/SYZ/PX-1PY-2PZ6	3.0615234375000000e-01	3.4989590097038686e-11	1.5581133080005345e+09
/SS/SYZ/PX-1PY-2PZ7	3.4414062500000000e+00	2.5760108352525240e-11	1.1997068777689404e+10
/SS/SYZ/PX-1PY-2PZ8	1.0804687500000000e+01	1.0749219566546204e-11	1.6245579783356993e+10
/SS/SYZ/PX-1PY-2PZ9	1.4125000000000000e+01	4.5419687026156508e-11	1.1184805987943044e+09
/SS/SYZ/PX-1PY0PZ5	7.6232910156250000e-01	3.6229885743373677e-11	2.0224974311087534e+09
/SS/SYZ/PX-1PY0PZ6	7.4453125000000000e+00	7.3541833283305796e-11	1.1395177338418317e+09
/SS/SYZ/PX-1PY0PZ7	3.0000000000000000e+01	2.5055813587750911e-11	1.0490952271888168e+10
/SS/SYZ/PX-1PY0PZ8	5.6578125000000000e+01	1.2530248009654449e-11	4.5732230791133324e+10
/SS/SYZ/PX-1PY0PZ9	5.8718750000000000e+01	7.6422560564588596e-11	1.5670052397678545e+09
/SS/SYZ/PX-1PY1PZ5	1.5283203125000000e+00	3.6725270947768652e-11	2.9766753854033098e+09
/SS/SYZ/PX-1PY1PZ6	8.6328125000000000e+00	3.8992950435179981e-11	6.7608167205099277e+09
/SS/SYZ/PX-1PY1PZ7	2.5289062500000000e+01	6.7061874556748337e-12	1.7686708411305889e+10
/SS/SYZ/PX-1PY1PZ8	3.8671875000000000e+01	1.5893277324573007e-11	5.9862675824913797e+09
/SS/SYZ/PX-1PY1PZ9	3.3703125000000000e+01	2.8385402412003971e-11	4.1989128830619812e+09
/SS/SYZ/PX-1PY2PZ5	1.0400390625000000e+00	8.8048002524167713e-12	2.1245865435451593e+09
/SS/SYZ/PX-1PY2PZ6	4.1503906250000000e+00	3.4563763563838471e-11	1.0555357417572744e+09
/SS/SYZ/PX-1PY2PZ7	8.3984375000000000e+00	1.3514576840712598e-11	1.0115121285225285e+10
/SS/SYZ/PX-1PY2PZ8	7.6796875000000000e+00	1.5639870355699341e-11	6.2532040818242331e+09
/SS/SYZ/PX-1PY2PZ9	3.0000000000000000e+00	2.1969110740963357e-11	2.0608034514986343e+09
/SS/SYZ/PX-2PY-1PZ5	4.6514892578125000e-01	1.9997317071399323e-11	1.9205166293204937e+09
/SS/SYZ/PX-2PY-1PZ6	1.8828125000000000e+00	7.9304739125999795e-12	3.7058194624207706e+09
/SS/SYZ/PX-2PY-1PZ7	9.8085937500000000e+00	2.7245949142990868e-11	2.1461212414402916e+09
/SS/SYZ/PX-2PY-1PZ8	2.1648437500000000e+01	2.7559173509266870e-11	6.7026697772907820e+09
/SS/SYZ/PX-2PY-1PZ9	2.5601562500000000e+01	2.7074160622129257e-11	2.2901926266591215e+09
/SS/SYZ/PX-2PY-2PZ5	3.6474609375000000e-01	1.4045517950608170e-11	2.0955957172892878e+09
/SS/SYZ/PX-2PY-2PZ6	9.0625000000000000e-01	2.0230708555426749e-11	2.3953923026599183e+09
/SS/SYZ/PX-2PY-2PZ7	3.5156250000000000e+00	2.0965235177762466e-11	4.4821052862849827e+09
/SS/SYZ/PX-2PY-2PZ8	7.9101562500000000e+00	1.2547707431594741e-11	4.2383177729604831e+09
/SS/SYZ/PX-2PY-2PZ9	9.5390625000000000e+00	1.0896175928705901e-11	2.3449366504667687e+09
/SS/SYZ/PX-2PY0PZ5	3.3935546875000000e-01	1.6605234539065088e-11	4.2192528801661716e+09
/SS/SYZ/PX-2PY0PZ6	3.4121093750000000e+00	2.7753941568387475e-11	2.2715357759965434e+09
/SS/SYZ/PX-2PY0PZ7	1.5359375000000000e+01	2.1631725990691735e-11	2.7778673337623882e+09
/SS/SYZ/PX-2PY0PZ8	2.9945312500000000e+01	1.1112566416959974e-11	6.1348890638412409e+09
/SS/SYZ/PX-2PY0PZ9	3.1054687500000000e+01	2.3851517431449097e-11	2.9503046849774747e+09
/SS/SYZ/PX-2PY1PZ5	7.2277832031250000e-01	1.9322097430925924e-11	2.4463631684736118e+09
/SS/SYZ/PX-2PY1PZ6	2.9433593750000000e+00	1.4441354446436982e-11	3.4930989326913705e+09
/SS/SYZ/PX-2PY1PZ7	1.0164062500000000e+01	2.6808438498292259e-11	4.5620374977215137e+09
/SS/SYZ/PX-2PY1PZ8	1.6257812500000000e+01	1.6687932419342489e-11	3.6758156134204607e+09
/SS/SYZ/PX-2PY1PZ9	1.3734375000000000e+01	3.1337260939717249e-11	2.3436144992928653e+09
/SS/SYZ/PX-2PY2PZ5	2.9602050781250000e-01	4.4105575259911595e-11	4.5837070020697230e+08
/SS/SYZ/PX-2PY2PZ6	1.2261962890625000e+00	3.7892180360981422e-11	7.8561920411381996e+08
/SS/SYZ/PX-2PY2PZ7	2.3330078125000000e+00	2.6796091668594084e-11	2.0403777250713859e+09
/SS/SYZ/PX-2PY2PZ8	1.9438476562500000e+00	4.6426819637213965e-11	1.7392191174882555e+09
/SS/SYZ/PX-2PY2PZ9	2.5390625000000000e+00	2.2421129042750036e-11	1.7589130812277944e+09
/SS/SYZ/PX0PY-1PZ5	7.6562500000000000e-01	1.7350372299884588e-11	2.9017185801191969e+09
/SS/SYZ/PX0PY-1PZ6	2.5122070312500000e+00	5.5337533035599511e-11	2.7301738425506840e+09
/SS/SYZ/PX0PY-1PZ7	1.1687500000000000e+01	1.6373128514075923e-11	1.0572404190849348e+10
/SS/SYZ/PX0PY-1PZ8	3.1281250000000000e+01	1.9355527486707438e-11	3.2401624601251330e+09
/SS/SYZ/PX0PY-1PZ9	4.0531250000000000e+01	1.3611740823409081e-11	6.9202257670144587e+09
/SS/SYZ/PX0PY-2PZ5	6.4111328125000000e-01	1.9840142047414788e-11	3.9446456035711823e+09
/SS/SYZ/PX0PY-2PZ6	9.1381835937500000e-01	1.2165295655855538e-10	9.5286720880790257e+08
/SS/SYZ/PX0PY-2PZ7	2.9179687500000000e+00	1.5017768801404480e-10	5.7452411663540602e+08
/SS/SYZ/PX0PY-2PZ8	9.3281250000000000e+00	2.4309485861316177e-11	2.3548133090456815e+09
/SS/SYZ/PX0PY-2PZ9	1.2218750000000000e+01	1.8818723799031532e-11	3.2566993874837174e+09
/SS/SYZ/PX0PY0PZ5	1.3085937500000000e+00	8.8745671421765538e-12	9.2296535003070774e+09
/SS/SYZ/PX0PY0PZ6	8.7500000000000000e+00	1.6384820798583637e-11	1.2497140798347115e+10
/SS/SYZ/PX0PY0PZ7	2.8312500000000000e+01	3.0194744090583676e-11	2.5299035273202138e+09
/SS/SYZ/PX0PY0PZ8	5.3656250000000000e+01	1.1096153305978816e-11	1.5980699811384153e+10
/SS/SYZ/PX0PY0PZ9	6.0906250000000000e+01	2.1609425232556660e-11	9.4312557562258091e+09
/SS/SYZ/PX0PY1PZ5	2.8750000000000000e+00	9.7498019352251658e-11	6.4633410864862978e+08
/SS/SYZ/PX0PY1PZ6	1.1367187500000000e+01	3.4770834173471293e-11	5.7997750720288944e+09
/SS/SYZ/PX0PY1PZ7	2.6984375000000000e+01	1.0169173798537769e-11	7.7137607342931414e+09
/SS/SYZ/PX0PY1PZ8	3.9437500000000000e+01	2.2880210479742836e-11	5.7907672176191225e+09
/SS/SYZ/PX0PY1PZ9	3.8500000000000000e+01	2.3930875730652205e-11	1.3397976270676285e+10
/SS/SYZ/PX0PY2PZ5	1.7197265625000000e+00	1.1008023681468407e-11	3.9550369032972975e+09
/SS/SYZ/PX0PY2PZ6	5.7617187500000000e+00	4.9324867949407187e-11	1.6212216763966330e+10
/SS/SYZ/PX0PY2PZ7	1.0539062500000000e+01	4.3358968705691651e-11	9.0361471018509054e+08
/SS/SYZ/PX0PY2PZ8	1.0007812500000000e+01	1.4552508691876425e-11	1.1721553069740368e+10
/SS/SYZ/PX0PY2PZ9	8.0156250000000000e+00	1.6776623035688657e-11	1.2920511014850468e+10
/SS/SYZ/PX1PY-1PZ5	1.1230468750000000e+00	1.8021547517343545e-11	3.9194130346826425e+09
/SS/SYZ/PX1PY-1PZ6	2.8710937500000000e+00	1.9957454491614194e-11	5.2762692438836966e+09
/SS/SYZ/PX1PY-1PZ7	4.8852539062500000e+00	1.8727326805947084e-11	8.8043884544028435e+09
/SS/SYZ/PX1PY-1PZ8	1.3296875000000000e+01	1.0073631447321426e-11	1.9312753455816139e+10
/SS/SYZ/PX1PY-1PZ9	2.5875000000000000e+01	2.6226739757840622e-11	4.7908546657078476e+09
/SS/SYZ/PX1PY-2PZ5	7.1215820312500000e-01	1.0025612412584981e-11	8.0933228664038763e+09
/SS/SYZ/PX1PY-2PZ6	1.5742187500000000e+00	2.5056708736337616e-11	1.5021201628873069e+09
/SS/SYZ/PX1PY-2PZ7	1.7592773437500000e+00	1.1871728799370515e-10	1.2034549089658475e+09
/SS/SYZ/PX1PY-2PZ8	5.1328125000000000e+00	1.8823959352356895e-11	6.1105405349267673e+09
/SS/SYZ/PX1PY-2PZ9	8.5703125000000000e+00	1.6063748459876205e-11	1.0960836513737392e+09
/SS/SYZ/PX1PY0PZ5	9.9560546875000000e-01	1.5295800069825101e-11	5.0407733352188177e+09
/SS/SYZ/PX1PY0PZ6	3.0322265625000000e+00	7.0878662318821346e-12	9.4201335149216576e+09
/SS/SYZ/PX1PY0PZ7	5.5781250000000000e+00	1.5898693349735859e-11	2.7357226362206512e+10
/SS/SYZ/PX1PY0PZ8	2.2656250000000000e+01	2.1916094139013525e-11	6.7910057432200527e+09
/SS/SYZ/PX1PY0PZ9	3.7968750000000000e+01	1.1310658502226542e-11	3.1389319591059097e+10
/SS/SYZ/PX1PY1PZ5	1.3828125000000000e+00	3.7963834834806294e-11	1.1600630364318209e+09
/SS/SYZ/PX1PY1PZ6	3.6015625000000000e+00	4.0984370854614419e-11	2.6636275419787822e+09
/SS/SYZ/PX1PY1PZ7	7.6875000000000000e+00	2.1583907875813473e-11	3.5935480005172725e+09
/SS/SYZ/PX1PY1PZ8	1.5156250000000000e+01	1.8232726427006518e-11	8.8536700660602417e+09
/SS/SYZ/PX1PY1PZ9	2.2859375000000000e+01	2.1756659075898892e-11	9.0253536199208031e+09
/SS/SYZ/PX1PY2PZ5	1.1328125000000000e+00	9.1885317246912540e-12	5.4228006363299589e+09
/SS/SYZ/PX1PY2PZ6	2.6445312500000000e+00	1.3749650278927097e-11	5.4872001097484264e+09
/SS/SYZ/PX1PY2PZ7	2.8437500000000000e+00	1.1422132517601362e-11	1.3195653563802372e+10
/SS/SYZ/PX1PY2PZ8	1.9140625000000000e+00	3.4364121455232303e-11	5.0503709129981880e+09
/SS/SYZ/PX1PY2PZ9	5.2734375000000000e+00	9.8694464345909848e-11	2.0782442757778713e+08
/SS/SYZ/PX2PY-1PZ5	9.4482421875000000e-01	1.9296512632755429e-11	6.4193139521982551e+08
/SS/SYZ/PX2PY-1PZ6	3.5195312500000000e+00	1.3387970742696764e-11	6.5261440924149742e+09
/SS/SYZ/PX2PY-1PZ7	3.0668945312500000e+00	1.2408840937745749e-11	8.8190450950769882e+09
/SS/SYZ/PX2PY-1PZ8	6.5781250000000000e+00	2.3137776895614476e-11	3.8746226363156686e+09
/SS/SYZ/PX2PY-1PZ9	1.5296875000000000e+01	2.8044738119850738e-11	4.2014090116572537e+09
/SS/SYZ/PX2PY-2PZ5	5.3393554687500000e-01	5.0533034200744022e-11	6.0434041789556837e+08
/SS/SYZ/PX2PY-2PZ6	1.5468750000000000e+00	1.4271805550566685e-11	5.0078607111905136e+09
/SS/SYZ/PX2PY-2PZ7	1.3151855468750000e+00	5.7228161337349887e-11	3.7538113722194853e+09
/SS/SYZ/PX2PY-2PZ8	3.5937500000000000e+00	9.3781516462434159e-12	6.1042101205357399e+09
/SS/SYZ/PX2PY-2PZ9	6.1132812500000000e+00	2.1927385019116837e-11	1.1502105412145772e+09
/SS/SYZ/PX2PY0PZ5	8.7890625000000000e-01	1.2363075671318504e-11	3.2968017712846103e+09
/SS/SYZ/PX2PY0PZ6	3.6367187500000000e+00	1.8859183195078757e-11	6.1870657429675503e+09
/SS/SYZ/PX2PY0PZ7	3.4296875000000000e+00	1.6628146186063416e-11	7.0709958572505016e+09
/SS/SYZ/PX2PY0PZ8	7.7968750000000000e+00	1.7670049849490447e-11	3.2134200211838865e+09
/SS/SYZ/PX2PY0PZ9	1.9265625000000000e+01	1.5833793354175914e-11	5.4247635253562517e+09
/SS/SYZ/PX2PY1PZ5	2.9684448242187500e-01	3.5635933694524298e-11	1.2046730617759504e+09
/SS/SYZ/PX2PY1PZ6	1.0093994140625000e+00	7.4825727968852893e-11	9.2410078479539645e+08
/SS/SYZ/PX2PY1PZ7	2.0595703125000000e+00	2.2372452126498107e-11	5.7076075321350431e+09
/SS/SYZ/PX2PY1PZ8	3.6250000000000000e+00	2.1668850909859166e-11	7.6525969687039433e+09
/SS/SYZ/PX2PY1PZ9	9.8828125000000000e+00	5.2500590419002217e-11	1.2872278681848102e+09
/SS/SYZ/PX2PY2PZ5	5.1123046875000000e-01	2.1982560629109913e-11	3.6502914461479962e+08
/SS/SYZ/PX2PY2PZ6	6.0937500000000000e-01	1.1423746763605167e-11	4.2803595210006428e+09
/SS/SYZ/PX2PY2PZ7	6.0546875000000000e-01	1.0538869121926895e-11	7.1514245674102726e+09
/SS/SYZ/PX2PY2PZ8	1.1757812500000000e+00	1.0367228103874027e-11	1.8282326427159206e+10
/SS/SYZ/PX2PY2PZ9	1.6718750000000000e+00	5.1269898179242420e-11	8.2522195857911003e+08
/SS/SZT/PX-1PY-1PZ5	1.1953125000000000e+00	4.8218957990521501e-11	2.2272692547965555e+09
/SS/SZT/PX-1PY-1PZ6	8.0742187500000000e+00	1.0862070668928031e-11	1.5896809824894695e+10
/SS/SZT/PX-1PY-1PZ7	1.8015625000000000e+01	1.2419331092696204e-11	1.2554777296085920e+10
/SS/SZT/PX-1PY-1PZ8	2.6187500000000000e+01	9.8303181311066578e-12	3.3157785118009791e+09
/SS/SZT/PX-1PY-1PZ9	3.1578125000000000e+01	6.9884074781401318e-11	7.0611521618828821e+08
/SS/SZT/PX-1PY-2PZ5	1.6884765625000000e+00	5.3587387109191127e-11	1.1100641157336276e+09
/SS/SZT/PX-1PY-2PZ6	7.0234375000000000e+00	8.9737458631246678e-12	7.0659342170338726e+09
/SS/SZT/PX-1PY-2PZ7	1.5359375000000000e+01	2.5357575638419757e-11	3.6201906875791459e+09
/SS/SZT/PX-1PY-2PZ8	2.0875000000000000e+01	2.4772940969564452e-11	3.7107270043412633e+09
/SS/SZT/PX-1PY-2PZ9	1.7859375000000000e+01	1.3450371009327181e-11	1.1684137968507030e+10
/SS/SZT/PX-1PY0PZ5	1.9707031250000000e+00	2.1125314614903412e-11	2.4141256833789411e+09
/SS/SZT/PX-1PY0PZ6	3.8054199218750000e+00	1.2106952716487701e-11	5.1799676198841715e+09
/SS/SZT/PX-1PY0PZ7	6.3251953125000000e+00	1.9536659555367566e-11	1.0954680734209356e+10
/SS/SZT/PX-1PY0PZ8	1.2781250000000000e+01	2.4540013363025700e-11	5.8394060615757885e+09
/SS/SZT/PX-1PY0PZ9	2.2937500000000000e+01	1.9454750625252083e-11	6.7224729449498806e+09
/SS/SZT/PX-1PY1PZ5	3.3251953125000000e+00	1.0801649914413776e-11	6.7445376661740894e+09
/SS/SZT/PX-1PY1PZ6	9.2109375000000000e+00	2.3195737012821564e-11	2.7586398988978052e+09
/SS/SZT/PX-1PY1PZ7	9.4453125000000000e+00	1.4260171794065669e-11	3.0308019920253632e+10
/SS/SZT/PX-1PY1PZ8	7.8906250000000000e+00	1.3481611106045331e-11	1.6880564769488689e+10
/SS/SZT/PX-1PY1PZ9	9.6562500000000000e+00	1.1182685574451433e-11	1.5811670562533092e+10
/SS/SZT/PX-1PY2PZ5	2.2905273437500000e+00	2.0768942255880890e-11	3.9639824931287026e+08
/SS/SZT/PX-1PY2PZ6	8.1796875000000000e+00	3.6551215516374576e-11	1.8698244002008364e+09
/SS/SZT/PX-1PY2PZ7	1.1546875000000000e+01	2.3661681634718900e-11	1.5304860988306823e+09
/SS/SZT/PX-1PY2PZ8	1.0890625000000000e+01	5.8060054841924858e-11	1.2710827349665417e+10
/SS/SZT/PX-1PY2PZ9	1.7070312500000000e+01	1.7827177791180430e-11	5.3553304726690159e+09
/SS/SZT/PX-2PY-1PZ5	6.3574218750000000e-01	1.4005547175068641e-11	2.5919113022207069e+09
/SS/SZT/PX-2PY-1PZ6	4.0859375000000000e+00	1.6880608434644285e-11	5.4342787968975382e+09
/SS/SZT/PX-2PY-1PZ7	9.0976562500000000e+00	1.0774278247810088e-11	4.8023263226135607e+09
/SS/SZT/PX-2PY-1PZ8	1.2093750000000000e+01	7.5514625471022604e-12	1.8244865849920292e+10
/SS/SZT/PX-2PY-1PZ9	1.2945312500000000e+01	7.6309710154269010e-12	9.5745215885121861e+09
/SS/SZT/PX-2PY-2PZ5	7.4902343750000000e-01	1.2288594688294105e-11	2.2945513617505155e+09
/SS/SZT/PX-2PY-2PZ6	2.9042968750000000e+00	1.5878703681401102e-11	5.1241957126797972e+09
/SS/SZT/PX-2PY-2PZ7	6.9062500000000000e+00	2.8509937692981605e-11	1.6940801842070301e+09
/SS/SZT/PX-2PY-2PZ8	9.7734375000000000e+00	1.8659877015124620e-11	5.1751738517198124e+09
/SS/SZT/PX-2PY-2PZ9	7.3281250000000000e+00	1.7716028087303833e-11	4.0286700728746309e+09
/SS/SZT/PX-2PY0PZ5	8.4472656250000000e-01	3.5413431701705469e-11	8.6389578677771854e+08
/SS/SZT/PX-2PY0PZ6	1.9177246093750000e+00	2.9439652427713068e-11	2.5378110914247651e+09
/SS/SZT/PX-2PY0PZ7	4.4921875000000000e+00	3.5136928473934675e-11	3.6763233136867080e+09
/SS/SZT/PX-2PY0PZ8	6.8671875000000000e+00	4.7308090739813200e-11	2.9014156958188996e+09
/SS/SZT/PX-2PY0PZ9	8.6406250000000000e+00	2.1789916848699506e-11	6.9208833780674706e+09
/SS/SZT/PX-2PY1PZ5	1.6127929687500000e+00	3.6329036377957651e-11	1.8418832379354455e+09
/SS/SZT/PX-2PY1PZ6	4.1748046875000000e+00	1.8646890195156676e-11	1.5354415684061399e+09
/SS/SZT/PX-2PY1PZ7	1.6948242187500000e+00	3.0283183838393511e-11	3.1370791252643428e+09
/SS/SZT/PX-2PY1PZ8	3.1894531250000000e+00	3.2787735323908149e-11	3.3332477851555018e+09
/SS/SZT/PX-2PY1PZ9	5.4843750000000000e+00	1.0241037476599658e-10	7.7706572144604170e+08
/SS/SZT/PX-2PY2PZ5	9.9536132812500000e-01	2.0243456010095760e-11	1.2111692493040571e+09
/SS/SZT/PX-2PY2PZ6	4.2553710937500000e+00	1.4257955672213304e-11	2.8756801345062079e+09
/SS/SZT/PX-2PY2PZ7	3.9287109375000000e+00	1.3490748034096044e-11	3.4594049124645004e+09
/SS/SZT/PX-2PY2PZ8	2.6875000000000000e+00	2.7366110963928737e-10	2.3910162766677988e+08
/SS/SZT/PX-2PY2PZ9	8.6679687500000000e+00	2.6197230708513057e-11	2.3651620991350627e+09
/SS/SZT/PX0PY-1PZ5	1.3398437500000000e+00	3.7682211802652817e-11	1.9129247286358244e+09
/SS/SZT/PX0PY-1PZ6	9.6484375000000000e+00	1.9278440253515081e-11	9.7697195918116131e+09
/SS/SZT/PX0PY-1PZ7	1.4101562500000000e+01	3.0721381613203135e-11	7.4381078350193348e+09
/SS/SZT/PX0PY-1PZ8	7.6845703125000000e+00	1.9275249451538349e-11	4.6270046268520870e+09
/SS/SZT/PX0PY-1PZ9	6.6750488281250000e+00	8.3575441801797240e-11	3.0585140727425714e+09
/SS/SZT/PX0PY-2PZ5	2.0859375000000000e+00	1.6868856936578839e-11	2.6388379127936463e+09
/SS/SZT/PX0PY-2PZ6	9.2109375000000000e+00	4.8876694595478626e-11	2.2875585377382178e+09
/SS/SZT/PX0PY-2PZ7	1.6023437500000000e+01	2.4876022573235777e-11	3.2542822223340187e+09
/SS/SZT/PX0PY-2PZ8	1.4500000000000000e+01	2.3872441523198327e-11	6.9451309963594446e+09
/SS/SZT/PX0PY-2PZ9	7.8437500000000000e+00	3.0508960693177412e-11	2.6548277846663527e+09
/SS/SZT/PX0PY0PZ5	2.0507812500000000e+00	5.7057598801911735e-11	2.0805048412007587e+09
/SS/SZT/PX0PY0PZ6	3.4838867187500000e+00	3.2553677849413466e-11	2.7501680214262671e+09
/SS/SZT/PX0PY0PZ7	8.3593750000000000e+00	5.4499439636935196e-11	1.4323723055986588e+09
/SS/SZT/PX0PY0PZ8	2.2375000000000000e+01	1.3673148009259470e-11	1.9402769271238552e+10
/SS/SZT/PX0PY0PZ9	2.1968750000000000e+01	2.8402285308452527e-11	3.7366754817734118e+09
/SS/SZT/PX0PY1PZ5	3.3125000000000000e+00	2.9819928932518022e-11	2.5327756928269711e+09
/SS/SZT/PX0PY1PZ6	8.6210937500000000e+00	3.4684097726496295e-11	1.5889807006816523e+09
/SS/SZT/PX0PY1PZ7	2.2234375000000000e+01	6.8140985727336426e-11	2.1587940706589680e+09
/SS/SZT/PX0PY1PZ8	3.8953125000000000e+01	1.4857605849597454e-11	1.8492709258494053e+10
/SS/SZT/PX0PY1PZ9	4.0750000000000000e+01	1.7863350646109134e-11	6.9237862786770124e+09
/SS/SZT/PX0PY2PZ5	2.2670898437500000e+00	3.9578466407435191e-11	1.3026483923624678e+09
/SS/SZT/PX0PY2PZ6	6.9296875000000000e+00	2.1127122026425669e-11	3.3310698567469468e+09
/SS/SZT/PX0PY2PZ7	1.5585937500000000e+01	2.2759243763105057e-11	2.2467402708680358e+09
/SS/SZT/PX0PY2PZ8	2.4304687500000000e+01	1.3429349102533995e-11	1.0556401013930899e+10
/SS/SZT/PX0PY2PZ9	2.5640625000000000e+01	1.3488477159630460e-10	6.3069098935047889e+08
/SS/SZT/PX1PY-1PZ5	4.8693847656250000e-01	3.5195582628615197e-11	8.2766694674700892e+08
/SS/SZT/PX1PY-1PZ6	4.7500000000000000e+00	6.8956260647980902e-11	1.8845078721889341e+09
/SS/SZT/PX1PY-1PZ7	4.4687500000000000e+00	3.5825802505196017e-11	6.5137225277558527e+09
/SS/SZT/PX1PY-1PZ8	3.6328125000000000e+01	3.1255940079387017e-11	1.4860822678010658e+10
/SS/SZT/PX1PY-1PZ9	4.8781250000000000e+01	1.3737518451281855e-11	5.9995839670072832e+09
/SS/SZT/PX1PY-2PZ5	8.0712890625000000e-01	2.5254922900637548e-11	1.9351566674511619e+09
/SS/SZT/PX1PY-2PZ6	4.9433593750000000e+00	1.9224967041854658e-11	3.9946992898101687e+09
/SS/SZT/PX1PY-2PZ7	5.5898437500000000e+00	1.9971089074360127e-11	4.5917606646904373e+09
/SS/SZT/PX1PY-2PZ8	5.9609375000000000e+00	1.4418449162141535e-11	5.2225568438274956e+09
/SS/SZT/PX1PY-2PZ9	1.3109375000000000e+01	1.1215515688183044e-11	7.2538838913758736e+09
/SS/SZT/PX1PY0PZ5	9.9707031250000000e-01	2.8370201569033975e-11	2.6063999445666556e+09
/SS/SZT/PX1PY0PZ6	2.5087890625000000e+00	1.9516323250837051e-11	7.2584769753139162e+09
/SS/SZT/PX1PY0PZ7	2.2914062500000000e+01	8.8360499080976952e-11	3.5250511278979263e+09
/SS/SZT/PX1PY0PZ8	7.0156250000000000e+01	1.4885392745382659e-11	3.2991840053018806e+10
/SS/SZT/PX1PY0PZ9	8.3359375000000000e+01	1.3903445691886485e-11	7.9985214331949768e+09
/SS/SZT/PX1PY1PZ5	1.1201171875000000e+00	9.4287680982811750e-12	4.6061508689621706e+09
/SS/SZT/PX1PY1PZ6	2.3879394531250000e+00	5.5307565102967983e-11	4.4194775441139526e+09
/SS/SZT/PX1PY1PZ7	2.5410156250000000e+01	3.7082562626863087e-11	5.3289942348271971e+09
/SS/SZT/PX1PY1PZ8	6.6070312500000000e+01	1.5688035402481428e-11	7.7728415103959417e+09
/SS/SZT/PX1PY1PZ9	6.9984375000000000e+01	1.7776519650669400e-11	4.8169445540629158e+09
/SS/SZT/PX1PY2PZ5	4.2285156250000000e-01	1.5600474133107324e-11	1.8730572420664821e+09
/SS/SZT/PX1PY2PZ6	1.0963134765625000e+00	2.6113574580625071e-11	1.0529701570685931e+09
/SS/SZT/PX1PY2PZ7	1.1785156250000000e+01	1.2719401596186496e-11	1.1700005008297537e+10
/SS/SZT/PX1PY2PZ8	3.0691406250000000e+01	1.7089623582122519e-11	7.0179475548374996e+09
/SS/SZT/PX1PY2PZ9	2.5054687500000000e+01	2.1070627948563181e-11	2.1568826910201645e+09
/SS/SZT/PX2PY-1PZ5	7.7148437500000000e-01	3.3678379919362313e-11	7.2711253683087361e+08
/SS/SZT/PX2PY-1PZ6	8.1677246093750000e-01	1.7489018072529879e-11	1.1659582115377564e+09
/SS/SZT/PX2PY-1PZ7	7.5332031250000000e+00	2.5262538389483840e-11	2.3217710974899383e+09
/SS/SZT/PX2PY-1PZ8	3.4238281250000000e+01	1.1753626131098698e-11	1.0505193862432985e+10
/SS/SZT/PX2PY-1PZ9	4.2929687500000000e+01	5.0117494637597361e-11	2.0439421105834129e+09
/SS/SZT/PX2PY-2PZ5	4.7558593750000000e-01	1.8474138430647936e-11	1.5285698908523309e+09
/SS/SZT/PX2PY-2PZ6	3.2518005371093750e-01	1.4871824227299286e-11	3.4527176085665932e+09
/SS/SZT/PX2PY-2PZ7	8.7347412109375000e-01	3.8202823494182354e-11	1.1369354171693759e+09
/SS/SZT/PX2PY-2PZ8	8.5449218750000000e+00	1.8855970723177191e-11	4.2523440812267962e+09
/SS/SZT/PX2PY-2PZ9	1.2914062500000000e+01	8.5147883828978190e-11	4.1189758187426209e+08
/SS/SZT/PX2PY0PZ5	5.7275390625000000e-01	5.6218675783137883e-11	6.3782501028727317e+08
/SS/SZT/PX2PY0PZ6	1.8974609375000000e+00	1.4839402195759757e-11	5.2217057574236727e+09
/SS/SZT/PX2PY0PZ7	1.0203125000000000e+01	1.7205384603524765e-11	1.0484224382028446e+09
/SS/SZT/PX2PY0PZ8	5.4320312500000000e+01	6.5904742536208301e-11	1.9949713200159159e+09
/SS/SZT/PX2PY0PZ9	6.5578125000000000e+01	1.3253038780477768e-11	3.1514047866045613e+09
/SS/SZT/PX2PY1PZ5	3.7377929687500000e-01	3.3440268859428510e-11	3.2889236328176570e+08
/SS/SZT/PX2PY1PZ6	3.7666015625000000e+00	2.8594615803751617e-11	1.9977319048120363e+09
/SS/SZT/PX2PY1PZ7	2.5439453125000000e+00	1.6744653103766402e-11	4.9303335241845188e+09
/SS/SZT/PX2PY1PZ8	4.6273437500000000e+01	1.2281359255013323e-11	5.1573471700684967e+09
/SS/SZT/PX2PY1PZ9	4.9253906250000000e+01	2.4825484238011993e-11	1.5759520821319578e+09
/SS/SZT/PX2PY2PZ5	6.4099121093750000e-01	3.5153193474038905e-11	5.5623800300210404e+08
/SS/SZT/PX2PY2PZ6	2.9028320312500000e+00	1.7282448810585423e-11	7.1355412190753591e+08
/SS/SZT/PX2PY2PZ7	3.3291015625000000e+00	1.1882265446396455e-11	6.2321328646202459e+09
/SS/SZT/PX2PY2PZ8	1.9104492187500000e+01	2.3598534540056595e-11	2.8900348922325411e+09
/SS/SZT/PX2PY2PZ9	1.3777343750000000e+01	1.1687571551866634e-11	3.7680410532445006e+09
/SS/T/PX-1PY-1PZ5	2.4238281250000000e+00	1.4796743629240234e-11	1.5096667544891219e+09
/SS/T/PX-1PY-1PZ6	5.8203125000000000e+00	1.4587360406223897e-11	7.6603907468133879e+09
/SS/T/PX-1PY-1PZ7	1.9945312500000000e+01	2.2591815885867000e-11	4.1118253146697965e+09
/SS/T/PX-1PY-1PZ8	3.7687500000000000e+01	1.5133531035322764e-11	1.2146081087337799e+10
/SS/T/PX-1PY-1PZ9	4.3718750000000000e+01	4.8204041365480977e-11	1.5005855837344792e+09
/SS/T/PX-1PY-2PZ5	1.7187500000000000e+00	1.7213299815475634e-11	2.7239052516798158e+09
/SS/T/PX-1PY-2PZ6	4.5234375000000000e+00	2.7808413545396826e-11	2.2145299733508549e+09
/SS/T/PX-1PY-2PZ7	2.0660156250000000e+01	1.5521807909314640e-11	5.8720940224494143e+09
/SS/T/PX-1PY-2PZ8	3.8265625000000000e+01	1.2699027150198721e-11	5.4911066427806950e+09
/SS/T/PX-1PY-2PZ9	3.7234375000000000e+01	2.4433228952377861e-11	5.6624296649183989e+09
/SS/T/PX-1PY0PZ5	3.2641601562500000e+00	9.3688929917363039e-12	6.4264071188326788e+09
/SS/T/PX-1PY0PZ6	3.0117187500000000e+00	1.3337613702247905e-11	5.5222903023704996e+09
/SS/T/PX-1PY0PZ7	6.8125000000000000e+00	2.5795736276762679e-11	1.0490968372232536e+10
/SS/T/PX-1PY0PZ8	1.5187500000000000e+01	1.0233632928575523e-11	1.6306421487798445e+10
/SS/T/PX-1PY0PZ9	2.2187500000000000e+01	1.6133454461952859e-11	1.6533869356608843e+10
/SS/T/PX-1PY1PZ5	2.9672851562500000e+00	6.3826064890294419e-11	1.2346308998202558e+09
/SS/T/PX-1PY1PZ6	4.1875000000000000e+00	1.2757172949757064e-11	6.0252531286323195e+09
/SS/T/PX-1PY1PZ7	1.3695312500000000e+01	3.5266631275544976e-11	4.8153930990526533e+09
/SS/T/PX-1PY1PZ8	2.0812500000000000e+01	2.6336560203194776e-11	6.9511442539777546e+09
/SS/T/PX-1PY1PZ9	1.0531250000000000e+01	1.8580536753642555e-11	5.7236770285010290e+09
/SS/T/PX-1PY2PZ5	9.9597167968750000e-01	2.5921180772893707e-11	1.2033335263537505e+09
/SS/T/PX-1PY2PZ6	1.5937500000000000e+00	1.4150159521443267e-11	3.7670721775562038e+09
/SS/T/PX-1PY2PZ7	3.1015625000000000e+00	2.0171604269750996e-11	3.6829135937955585e+09
/SS/T/PX-1PY2PZ8	7.9375000000000000e+00	1.0204924214535236e-11	1.6083339155853144e+10
/SS/T/PX-1PY2PZ9	7.8828125000000000e+00	2.3777690338892254e-11	1.0420244869984659e+09
/SS/T/PX-2PY-1PZ5	1.2919921875000000e+00	2.5245887070970401e-11	6.1311888777003157e+08
/SS/T/PX-2PY-1PZ6	3.0683593750000000e+00	1.3630461778183065e-11	1.0022406676389194e+10
/SS/T/PX-2PY-1PZ7	5.6445312500000000e+00	2.6735752199851783e-11	2.4699773063710051e+09
/SS/T/PX-2PY-1PZ8	1.1562500000000000e+01	4.6853872187572333e-11	7.3730742177163601e+09
/SS/T/PX-2PY-1PZ9	1.7812500000000000e+01	1.2358042831150736e-11	2.1868838470055981e+10
/SS/T/PX-2PY-2PZ5	9.6093750000000000e-01	2.3207635344949141e-11	1.1091959686715343e+09
/SS/T/PX-2PY-2PZ6	2.0234375000000000e+00	2.0047707791757704e-11	2.6874094811002240e+09
/SS/T/PX-2PY-2PZ7	8.6875000000000000e+00	2.0992983050584191e-11	2.4346584929432435e+09
/SS/T/PX-2PY-2PZ8	1.9359375000000000e+01	2.4396470212773910e-11	2.5438447626247211e+09
/SS/T/PX-2PY-2PZ9	1.8992187500000000e+01	1.5817801764733611e-11	4.8130468323638821e+09
/SS/T/PX-2PY0PZ5	1.3613281250000000e+00	7.0977208891607443e-12	3.7868324940026865e+09
/SS/T/PX-2PY0PZ6	6.2714843750000000e+00	1.0139197062350642e-11	1.4953932144308548e+10
/SS/T/PX-2PY0PZ7	1.5593750000000000e+01	2.6429623731866621e-11	5.5662103958421249e+09
/SS/T/PX-2PY0PZ8	1.6937500000000000e+01	1.8877280727070592e-11	9.9680394698096771e+09
/SS/T/PX-2PY0PZ9	1.2718750000000000e+01	1.7450368532358195e-11	5.5346372121780281e+09
/SS/T/PX-2PY1PZ5	1.4191894531250000e+00	1.4197818181855878e-11	3.3191622872816982e+09
/SS/T/PX-2PY1PZ6	6.4414062500000000e+00	5.6588063512915267e-11	2.8339665823231089e+08
/SS/T/PX-2PY1PZ7	1.7042968750000000e+01	1.3966897919439651e-11	3.5831158583954315e+09
/SS/T/PX-2PY1PZ8	2.3085937500000000e+01	7.2572106827589387e-12	4.9445861601714115e+09
/SS/T/PX-2PY1PZ9	1.2703125000000000e+01	1.6121853031944072e-11	1.1278801152712162e+10
/SS/T/PX-2PY2PZ5	3.4570312500000000e-01	1.6776449867329534e-11	3.4889810005474782e+09
/SS/T/PX-2PY2PZ6	1.5556640625000000e+00	1.5509640280544436e-11	3.9884925384948983e+09
/SS/T/PX-2PY2PZ7	5.5214843750000000e+00	4.3442935605740093e-11	5.1744009936764818e+08
/SS/T/PX-2PY2PZ8	1.0308593750000000e+01	2.5771843341218561e-11	2.1573996700451717e+09
/SS/T/PX-2PY2PZ9	8.9062500000000000e+00	6.2587016397678088e-11	1.3887068145581207e+09
/SS/T/PX0PY-1PZ5	5.1992187500000000e+00	1.0516191989253402e-11	4.9421301241269169e+09
/SS/T/PX0PY-1PZ6	2.6503906250000000e+00	8.6412572745931450e-12	9.8406194138784504e+09
/SS/T/PX0PY-1PZ7	4.3007812500000000e+01	1.4112168310118672e-11	7.4921198811726904e+09
/SS/T/PX0PY-1PZ8	7.2281250000000000e+01	9.8818535731851241e-12	1.3313035214020653e+10
/SS/T/PX0PY-1PZ9	7.1218750000000000e+01	9.6520720848130957e-12	1.8536239149786938e+10
/SS/T/PX0PY-2PZ5	2.3305664062500000e+00	1.8758934646343793e-11	3.6934863788702855e+09
/SS/T/PX0PY-2PZ6	2.6972656250000000e+00	1.1335796022528963e-11	1.2830414587332767e+10
/SS/T/PX0PY-2PZ7	3.1007812500000000e+01	1.3892114649810336e-11	1.0206537563853481e+10
/SS/T/PX0PY-2PZ8	5.3820312500000000e+01	1.5455519426806338e-11	3.5441493123536386e+09
/SS/T/PX0PY-2PZ9	4.9515625000000000e+01	2.7362948030388181e-11	3.5625796301682754e+09
/SS/T/PX0PY0PZ5	6.6367187500000000e+00	1.5558508033940853e-11	3.5738939578218942e+09
/SS/T/PX0PY0PZ6	9.1298828125000000e+00	7.2365066676266578e-12	6.4152379290994835e+09
/SS/T/PX0PY0PZ7	2.3742187500000000e+01	1.1633864196908321e-11	1.4536776290592165e+10
/SS/T/PX0PY0PZ8	3.9625000000000000e+01	1.1422417087109370e-11	2.5637890601805161e+10
/SS/T/PX0PY0PZ9	4.3625000000000000e+01	1.1904950878753737e-11	1.2100699029019693e+10
/SS/T/PX0PY1PZ5	4.4941406250000000e+00	1.4529786046863085e-11	8.2799577796000624e+09
/SS/T/PX0PY1PZ6	1.0428710937500000e+01	5.3674056556409659e-11	2.5876521823039451e+09
/SS/T/PX0PY1PZ7	5.5156250000000000e+00	2.1133089411140661e-11	6.4014999190081339e+09
/SS/T/PX0PY1PZ8	1.2437500000000000e+01	1.0893013478334618e-11	8.3156830545906591e+09
/SS/T/PX0PY1PZ9	1.9000000000000000e+01	2.4884601520716877e-11	5.6717416326334257e+09
/SS/T/PX0PY2PZ5	1.5905761718750000e+00	1.1169073613469243e-10	7.2272330122670341e+08
/SS/T/PX0PY2PZ6	3.5395507812500000e+00	3.6783283926755584e-11	2.6123624698142314e+09
/SS/T/PX0PY2PZ7	2.8750000000000000e+00	1.4329025084170606e-11	6.2526822639450979e+09
/SS/T/PX0PY2PZ8	6.2656250000000000e+00	1.6095840018769695e-11	1.8268590454631508e+10
/SS/T/PX0PY2PZ9	8.9843750000000000e+00	8.7143422983546254e-12	7.3855967998251190e+09
/SS/T/PX1PY-1PZ5	4.4345703125000000e+00	2.2845049773278841e-11	4.0616961172880497e+09
/SS/T/PX1PY-1PZ6	2.1386230468750000e+01	1.5952373415298141e-11	9.0510852363474312e+09
/SS/T/PX1PY-1PZ7	3.8195312500000000e+01	6.7498552142059731e-11	1.6879973616306767e+09
/SS/T/PX1PY-1PZ8	6.6390625000000000e+01	1.1472384011441801e-11	2.1857629983948299e+10
/SS/T/PX1PY-1PZ9	6.5921875000000000e+01	2.3202491142735742e-11	6.1877364408919611e+09
/SS/T/PX1PY-2PZ5	2.5339355468750000e+00	1.0537320790575425e-11	1.7227520138733153e+09
/SS/T/PX1PY-2PZ6	2.3632812500000000e+00	9.3421482201772740e-12	9.0331186062636585e+09
/SS/T/PX1PY-2PZ7	2.4328125000000000e+01	1.9791569058391052e-11	2.7381630465932708e+09
/SS/T/PX1PY-2PZ8	4.3296875000000000e+01	2.2194973208431418e-11	5.0133380876867237e+09
/SS/T/PX1PY-2PZ9	4.0843750000000000e+01	2.5990026816180830e-11	2.2142357343099151e+09
/SS/T/PX1PY0PZ5	5.1386718750000000e+00	7.4691902543567511e-12	1.2438946671459641e+10
/SS/T/PX1PY0PZ6	2.0949218750000000e+01	8.4195218565774100e-11	1.5276249576230431e+09
/SS/T/PX1PY0PZ7	2.3566406250000000e+01	2.5009877104016811e-11	4.7515025783692360e+09
/SS/T/PX1PY0PZ8	4.9281250000000000e+01	2.0977233766351476e-11	1.4607325413837048e+10
/SS/T/PX1PY0PZ9	5.3078125000000000e+01	1.7409757475560467e-11	9.8079183034920044e+09
/SS/T/PX1PY1PZ5	2.4511718750000000e+00	1.3283560593810510e-11	6.1363405237791300e+09
/SS/T/PX1PY1PZ6	1.1442382812500000e+01	2.2682713949810331e-11	5.8541365359361591e+09
/SS/T/PX1PY1PZ7	3.9218750000000000e+00	3.1549560951880295e-11	3.2284516366108952e+09
/SS/T/PX1PY1PZ8	1.0468750000000000e+01	2.8709987304596300e-11	7.4615498223188419e+09
/SS/T/PX1PY1PZ9	1.5375000000000000e+01	1.5780392214315701e-11	9.7336422734588013e+09
/SS/T/PX1PY2PZ5	4.3066406250000000e-01	1.3232498866374141e-11	2.0969845989745944e+09
/SS/T/PX1PY2PZ6	3.9101562500000000e+00	2.2754481976134623e-11	2.6679599220559945e+09
/SS/T/PX1PY2PZ7	4.7070312500000000e+00	1.1073649927903717e-11	7.5353331743252831e+09
/SS/T/PX1PY2PZ8	4.8632812500000000e+00	1.8389469104309082e-11	6.6542355406032419e+09
/SS/T/PX1PY2PZ9	6.5937500000000000e+00	1.4434609661778683e-11	8.5439240695160522e+09
/SS/T/PX2PY-1PZ5	1.7509765625000000e+00	5.2617656399644363e-11	7.0093290659422421e+08
/SS/T/PX2PY-1PZ6	3.8984375000000000e+00	1.1569838065037604e-11	5.7927664637425671e+09
/SS/T/PX2PY-1PZ7	1.6064453125000000e+01	5.8578953053715612e-11	1.6587603656565332e+09
/SS/T/PX2PY-1PZ8	2.9585937500000000e+01	2.0550429743025937e-11	2.0822962034362228e+09
/SS/T/PX2PY-1PZ9	3.4156250000000000e+01	1.0169628054078915e-11	1.5328741909812620e+10
/SS/T/PX2PY-2PZ5	1.3432617187500000e+00	8.4371716635301617e-11	3.4409484489712882e+08
/SS/T/PX2PY-2PZ6	3.3212890625000000e+00	2.9167683960282065e-10	2.0444545198907134e+08
/SS/T/PX2PY-2PZ7	1.0349609375000000e+01	2.4023379381628167e-11	2.9865616268751020e+09
/SS/T/PX2PY-2PZ8	1.9808593750000000e+01	2.2091215303405479e-11	4.3401665970705929e+09
/SS/T/PX2PY-2PZ9	2.1863281250000000e+01	2.0630570510165440e-11	1.5244614786356778e+09
/SS/T/PX2PY0PZ5	1.8920898437500000e+00	2.9351236519135661e-11	1.2147544382696497e+09
/SS/T/PX2PY0PZ6	6.5917968750000000e+00	8.3826648510576875e-12	1.6771140863350288e+10
/SS/T/PX2PY0PZ7	9.6972656250000000e+00	1.1703861566545622e-11	1.3092154148816565e+10
/SS/T/PX2PY0PZ8	2.0632812500000000e+01	2.2962479559381119e-11	3.7642602263885608e+09
/SS/T/PX2PY0PZ9	2.7109375000000000e+01	1.5797344125624958e-11	8.0185498314989004e+09
/SS/T/PX2PY1PZ5	7.6562500000000000e-01	3.6076874536692402e-11	2.7686178697997065e+09
/SS/T/PX2PY1PZ6	2.8022460937500000e+00	1.7724760102302421e-11	1.5560839608318534e+09
/SS/T/PX2PY1PZ7	1.9492187500000000e+00	3.6982084818754000e-11	2.3051546282074943e+09
/SS/T/PX2PY1PZ8	2.6093750000000000e+00	3.3403335073800125e-11	2.4176227941821432e+09
/SS/T/PX2PY1PZ9	4.9062500000000000e+00	9.9201140824142413e-12	3.3118651587320929e+09
/SS/T/PX2PY2PZ5	1.1010742187500000e-01	2.1658830877955931e-11	1.0407158466550051e+09
/SS/T/PX2PY2PZ6	1.3092041015625000e+00	1.6544828682631748e-11	2.1976814944377623e+09
/SS/T/PX2PY2PZ7	5.7822265625000000e+00	3.0036908962967014e-11	1.8479341356019449e+09
/SS/T/PX2PY2PZ8	7.5742187500000000e+00	2.6032572563991485e-11	1.7553767952948182e+09
/SS/T/PX2PY2PZ9	6.1093750000000000e+00	6.7327511278443191e-11	8.8357126243139029e+08
/SS/T5/PX-1PY-1PZ5	9.8577880859375000e-01	3.4577204084927474e-11	8.6852954794032335e+08
/SS/T5/PX-1PY-1PZ6	1.6426757812500000e+01	2.3123753827227999e-11	5.5907504302130175e+09
/SS/T5/PX-1PY-1PZ7	4.1480468750000000e+01	2.2789047692802148e-11	7.5820904113378963e+09
/SS/T5/PX-1PY-1PZ8	3.8730468750000000e+01	2.4120189415887793e-11	8.3292438288415823e+09
/SS/T5/PX-1PY-1PZ9	1.6160156250000000e+01	1.2493069429807082e-11	6.5966750756971598e+09
/SS/T5/PX-1PY-2PZ5	7.2863769531250000e-01	7.0015466153532788e-11	8.1753378863954270e+08
/SS/T5/PX-1PY-2PZ6	1.1023437500000000e+01	1.2380501240009820e-11	6.5484268964822149e+09
/SS/T5/PX-1PY-2PZ7	1.9560546875000000e+01	2.0569727490541672e-11	7.8445272092934046e+09
/SS/T5/PX-1PY-2PZ8	8.5156250000000000e+00	4.1407776824164355e-11	3.1843630661951180e+09
/SS/T5/PX-1PY-2PZ9	1.6400146484375000e+00	7.3382791274076329e-11	1.0651232408052806e+09
/SS/T5/PX-1PY0PZ5	7.8466796875000000e-01	1.7287115795914608e-11	1.8041188326397471e+09
/SS/T5/PX-1PY0PZ6	9.0175781250000000e+00	3.0206311628325742e-11	3.1960988678904319e+09
/SS/T5/PX-1PY0PZ7	3.4980468750000000e+01	8.1769159190918227e-11	1.9074790441089344e+09
/SS/T5/PX-1PY0PZ8	5.2727539062500000e+01	2.0528801510601094e-11	2.7066095325110002e+09
/SS/T5/PX-1PY0PZ9	3.0421875000000000e+01	1.1168636262100646e-11	8.5967543909510136e+09
/SS/T5/PX-1PY1PZ5	1.9931640625000000e+00	1.5318391892074644e-11	3.1200937549392295e+09
/SS/T5/PX-1PY1PZ6	2.2963867187500000e+00	2.7935929241228926e-11	4.9548108016123552e+09
/SS/T5/PX-1PY1PZ7	4.2539062500000000e+00	2.5736472819289337e-11	4.1859033830235710e+09
/SS/T5/PX-1PY1PZ8	2.8535156250000000e+01	2.0970241955101028e-11	7.4525809125794086e+09
/SS/T5/PX-1PY1PZ9	1.1382812500000000e+01	1.8498601939743458e-11	1.2079275383031939e+10
/SS/T5/PX-1PY2PZ5	1.7802734375000000e+00	1.6883255665999464e-11	2.6436482040115380e+09
/SS/T5/PX-1PY2PZ6	3.5869140625000000e+00	1.7878007248347360e-11	4.0325503072894897e+09
/SS/T5/PX-1PY2PZ7	2.1582031250000000e+00	3.8933261572423999e-11	1.9808517511419411e+09
/SS/T5/PX-1PY2PZ8	2.7031250000000000e+00	2.5896453256413757e-11	3.6445291480125527e+09
/SS/T5/PX-1PY2PZ9	3.5078125000000000e+00	1.3094628629646452e-11	6.0203718578871021e+09
/SS/T5/PX-2PY-1PZ5	2.9470214843750000e+00	2.4747175282728168e-11	1.6871268206043012e+09
/SS/T5/PX-2PY-1PZ6	9.4506835937500000e+00	1.7549375783146752e-11	2.1100726833759501e+09
/SS/T5/PX-2PY-1PZ7	3.6669921875000000e+00	6.3408922921278329e-11	1.9896802666502724e+09
/SS/T5/PX-2PY-1PZ8	1.1929687500000000e+01	1.8734047159497237e-11	8.9096597646514168e+09
/SS/T5/PX-2PY-1PZ9	1.9468750000000000e+01	2.8851729836253846e-11	4.2292341612814102e+09
/SS/T5/PX-2PY-2PZ5	1.3029785156250000e+00	1.7180768154304397e-11	5.0444229311328888e+09
/SS/T5/PX-2PY-2PZ6	2.5489501953125000e+00	1.7821612206724597e-11	4.8296933383194113e+09
/SS/T5/PX-2PY-2PZ7	1.0779541015625000e+01	1.2371305367279015e-11	4.7694101959615746e+09
/SS/T5/PX-2PY-2PZ8	5.0664062500000000e+00	3.0262702978998534e-11	2.1759700300528979e+09
/SS/T5/PX-2PY-2PZ9	7.2695312500000000e+00	3.3630753753667333e-11	2.2563547709320698e+09
/SS/T5/PX-2PY0PZ5	2.2431640625000000e+00	2.9857095594545091e-11	3.3961782189178550e+08
/SS/T5/PX-2PY0PZ6	7.1484375000000000e+00	3.2200620939514924e-11	3.6301860565756526e+09
/SS/T5/PX-2PY0PZ7	1.5808593750000000e+01	1.8852317717947672e-11	2.1780811685161777e+09
/SS/T5/PX-2PY0PZ8	1.3701171875000000e+01	2.6904306651015498e-11	2.8866184497496281e+09
/SS/T5/PX-2PY0PZ9	1.4048828125000000e+01	1.2147985557735110e-11	3.8229840496988540e+09
/SS/T5/PX-2PY1PZ5	1.7836914062500000e+00	1.4073326440827191e-11	2.3504175650036678e+09
/SS/T5/PX-2PY1PZ6	4.0361328125000000e+00	2.3388845736505744e-11	4.3777401612781582e+09
/SS/T5/PX-2PY1PZ7	1.2314453125000000e+01	2.4948853769286912e-11	5.3339792287158098e+09
/SS/T5/PX-2PY1PZ8	2.0972656250000000e+01	2.9703507884749062e-11	4.4322960066100302e+09
/SS/T5/PX-2PY1PZ9	1.4800781250000000e+01	1.4908957571663260e-11	9.7916129687720547e+09
/SS/T5/PX-2PY2PZ5	1.0568847656250000e+00	4.4422168648939525e-11	3.3798826254963183e+08
/SS/T5/PX-2PY2PZ6	2.4399414062500000e+00	3.9181978331939552e-11	1.2743979670881279e+09
/SS/T5/PX-2PY2PZ7	2.3022460937500000e+00	1.6374418849536075e-11	5.2786800427798376e+09
/SS/T5/PX-2PY2PZ8	2.5371093750000000e+00	1.9042586484075804e-11	1.6913275211865680e+09
/SS/T5/PX-2PY2PZ9	1.1250000000000000e+00	2.8388870901477638e-11	1.9407993826210499e+09
/SS/T5/PX0PY-1PZ5	4.7309570312500000e+00	4.2131165350748039e-11	8.4420648096383941e+08
/SS/T5/PX0PY-1PZ6	2.0527343750000000e+01	2.4831502542123786e-11	4.5122234506697922e+09
/SS/T5/PX0PY-1PZ7	4.0648437500000000e+01	4.9570842389148048e-11	4.1690942888818250e+09
/SS/T5/PX0PY-1PZ8	2.8117187500000000e+01	4.2123528785855296e-11	4.0011459143924661e+09
/SS/T5/PX0PY-1PZ9	8.0742187500000000e+00	2.0120276578690873e-11	1.1920670289470978e+10
/SS/T5/PX0PY-2PZ5	1.5043945312500000e+00	1.4662723376839815e-11	3.4439394778893132e+09
/SS/T5/PX0PY-2PZ6	9.4042968750000000e+00	4.9943747376973007e-11	1.8407693492316356e+09
/SS/T5/PX0PY-2PZ7	1.7527343750000000e+01	2.5153523332900488e-11	8.8831418604103923e+08
/SS/T5/PX0PY-2PZ8	4.4013671875000000e+00	1.0735462156043041e-11	8.7194149159053459e+09
/SS/T5/PX0PY-2PZ9	1.8695312500000000e+01	4.8725448296327527e-11	9.4284444752197373e+08
/SS/T5/PX0PY0PZ5	2.9970703125000000e+00	1.1741074859106197e-11	3.4560218837324004e+09
/SS/T5/PX0PY0PZ6	1.9320312500000000e+01	2.0497807383351434e-11	5.1542538096169510e+09
/SS/T5/PX0PY0PZ7	4.7273437500000000e+01	2.2501678672813788e-11	5.4162540954059639e+09
/SS/T5/PX0PY0PZ8	3.0906250000000000e+01	2.4860812206101548e-11	6.8155948301216631e+09
/SS/T5/PX0PY0PZ9	1.2027343750000000e+01	5.7159959714831057e-11	9.0974854504759808e+09
/SS/T5/PX0PY1PZ5	1.3857421875000000e+00	7.8850871322050826e-11	5.1989794226910192e+08
/SS/T5/PX0PY1PZ6	3.3867187500000000e+00	1.2954500018340279e-11	1.0824381997652336e+10
/SS/T5/PX0PY1PZ7	2.2183593750000000e+01	1.5835846794036581e-11	1.3968127576177122e+10
/SS/T5/PX0PY1PZ8	1.3273437500000000e+01	2.2087407973028410e-11	1.3196360072119001e+10
/SS/T5/PX0PY1PZ9	9.4960937500000000e+00	2.4495274772056106e-11	8.8233059228661175e+09
/SS/T5/PX0PY2PZ5	1.9350585937500000e+00	1.1642140580510855e-11	5.6819200173224573e+09
/SS/T5/PX0PY2PZ6	3.5214843750000000e+00	2.4680869792221149e-11	6.2633096917013693e+09
/SS/T5/PX0PY2PZ7	1.6240234375000000e+00	1.8344012876121077e-11	8.6401459926545124e+09
/SS/T5/PX0PY2PZ8	4.7656250000000000e+00	1.2417046570307876e-11	1.4928476202366333e+10
/SS/T5/PX0PY2PZ9	4.9843750000000000e+00	2.7020837382853075e-11	3.4536975634646277e+09
/SS/T5/PX1PY-1PZ5	2.0166015625000000e+00	5.4328002026195813e-11	8.4966238029837763e+08
/SS/T5/PX1PY-1PZ6	7.2578125000000000e+00	1.7186081236302777e-11	1.1166138342181778e+10
/SS/T5/PX1PY-1PZ7	1.1109375000000000e+01	1.5223647433364028e-11	6.9941703667603149e+09
/SS/T5/PX1PY-1PZ8	8.1503906250000000e+00	1.4672369050186835e-11	1.2426313377676743e+10
/SS/T5/PX1PY-1PZ9	5.8046875000000000e+00	2.4516590095397993e-11	1.7426426568474238e+09
/SS/T5/PX1PY-2PZ5	6.3623046875000000e-01	1.2581222208897161e-11	4.5865913962080517e+09
/SS/T5/PX1PY-2PZ6	3.0429687500000000e+00	6.4000627641409022e-11	1.9269843666899495e+09
/SS/T5/PX1PY-2PZ7	4.2119140625000000e+00	1.6172142508807360e-11	1.2229120061240435e+10
/SS/T5/PX1PY-2PZ8	7.7265625000000000e+00	1.2410963971741059e-11	4.1467010753464804e+09
/SS/T5/PX1PY-2PZ9	1.8126953125000000e+01	4.2765066715365562e-11	1.6644562376172674e+09
/SS/T5/PX1PY0PZ5	2.1601562500000000e+00	1.9381510084451183e-11	2.6999230890863218e+09
/SS/T5/PX1PY0PZ6	8.3828125000000000e+00	7.4811596783279619e-12	2.1762839759792870e+10
/SS/T5/PX1PY0PZ7	1.4578125000000000e+01	3.7798100570894988e-11	1.4795688561292410e+09
/SS/T5/PX1PY0PZ8	1.0949218750000000e+01	8.9689617828249961e-12	3.7275224987531685e+10
/SS/T5/PX1PY0PZ9	1.2789062500000000e+01	5.1372607140616127e-11	7.1880040855044851e+09
/SS/T5/PX1PY1PZ5	9.7985839843750000e-01	9.9271641780795501e-12	7.1376927754584141e+09
/SS/T5/PX1PY1PZ6	2.0488281250000000e+00	2.1540963393458738e-11	8.7047887932488842e+09
/SS/T5/PX1PY1PZ7	7.3554687500000000e+00	2.8116676830907190e-11	4.8814087719303741e+09
/SS/T5/PX1PY1PZ8	7.2695312500000000e+00	1.2781374662520536e-11	1.6156251200191553e+10
/SS/T5/PX1PY1PZ9	1.1390625000000000e+01	1.5454542159088035e-11	7.9660544832846985e+09
/SS/T5/PX1PY2PZ5	1.4628906250000000e+00	3.3721649830378670e-11	9.9171125356454074e+08
/SS/T5/PX1PY2PZ6	3.3593750000000000e+00	2.9097835929564191e-11	3.1734316169324956e+09
/SS/T5/PX1PY2PZ7	1.6982421875000000e+00	3.4763306652363028e-11	1.4323094576316414e+09
/SS/T5/PX1PY2PZ8	3.5175781250000000e+00	1.0167589475112689e-10	1.9791323167192538e+09
/SS/T5/PX1PY2PZ9	5.0546875000000000e+00	1.0177675436210681e-11	9.8097217591900806e+09
/SS/T5/PX2PY-1PZ5	1.1416015625000000e+00	1.7082362797140367e-11	5.3376043540201788e+09
/SS/T5/PX2PY-1PZ6	2.7563476562500000e+00	4.1550608218261877e-11	5.9499684442789993e+09
/SS/T5/PX2PY-1PZ7	4.8222656250000000e+00	3.6608749003046512e-10	1.1747425154515335e+08
/SS/T5/PX2PY-1PZ8	1.1343750000000000e+01	2.6261178819394313e-11	8.8784237279362190e+08
/SS/T5/PX2PY-1PZ9	5.6210937500000000e+00	3.3623077541333154e-11	3.3998270572545834e+09
/SS/T5/PX2PY-2PZ5	4.0270996093750000e-01	2.1011472000346234e-11	6.4428646032813144e+08
/SS/T5/PX2PY-2PZ6	1.3986816406250000e+00	3.0366918360731719e-11	1.2948141382405338e+09
/SS/T5/PX2PY-2PZ7	2.3105468750000000e+00	7.5211703310201336e-11	1.4735462427163618e+09
/SS/T5/PX2PY-2PZ8	6.3281250000000000e+00	2.4336733184060415e-11	2.2956697620623693e+09
/SS/T5/PX2PY-2PZ9	2.6708984375000000e+00	1.6208542935158030e-11	3.4379490004041066e+09
/SS/T5/PX2PY0PZ5	1.8867187500000000e+00	1.9851773029082327e-11	2.2938262506937804e+09
/SS/T5/PX2PY0PZ6	3.4863281250000000e+00	2.8677119874567527e-11	6.5155666812023582e+09
/SS/T5/PX2PY0PZ7	5.7841796875000000e+00	1.1550720923410637e-11	1.2707268027917452e+10
/SS/T5/PX2PY0PZ8	1.1320312500000000e+01	1.7530524677044186e-11	5.1053505368823795e+09
/SS/T5/PX2PY0PZ9	5.0644531250000000e+00	2.2432182676662724e-11	5.0667361706725168e+09
/SS/T5/PX2PY1PZ5	1.0192871093750000e+00	3.1680324904333429e-11	8.8423562027347648e+08
/SS/T5/PX2PY1PZ6	1.4035644531250000e+00	4.0389368358111470e-11	4.0046093186098299e+09
/SS/T5/PX2PY1PZ7	3.4394531250000000e+00	2.1174842735767694e-11	2.1505143989711815e+10
/SS/T5/PX2PY1PZ8	9.9726562500000000e+00	1.3402727075516030e-11	3.7011755984831452e+09
/SS/T5/PX2PY1PZ9	4.6328125000000000e+00	3.6386871738614914e-11	3.5339829355213594e+09
/SS/T5/PX2PY2PZ5	2.2875976562500000e-01	1.0709344784555153e-11	3.7854103583834710e+09
/SS/T5/PX2PY2PZ6	1.1015625000000000e+00	2.0155249449357310e-11	1.6722097189021888e+09
/SS/T5/PX2PY2PZ7	9.2871093750000000e-01	4.0699235004741028e-11	2.6201581316368728e+09
/SS/T5/PX2PY2PZ8	4.3627929687500000e+00	2.1341858610113328e-11	1.3414066416902430e+09
/SS/T5/PX2PY2PZ9	2.5722656250000000e+00	1.4649802649636293e-11	2.6798609295472369e+09
/SS/X/PX-1PY-1PZ5	2.2343750000000000e+00	2.4111554711525858e-11	2.0029527908586440e+09
/SS/X/PX-1PY-1PZ6	8.8281250000000000e+00	4.8261966915766093e-11	2.3113803426597567e+09
/SS/X/PX-1PY-1PZ7	2.0406250000000000e+01	1.5568106837762178e-11	8.4029720741047335e+09
/SS/X/PX-1PY-1PZ8	2.4000000000000000e+01	1.2327087373073174e-11	1.5043453916800151e+09
/SS/X/PX-1PY-1PZ9	8.0625000000000000e+00	1.9375474125448024e-11	7.5368698117994528e+09
/SS/X/PX-1PY-2PZ5	1.7880859375000000e+00	5.0879600246926303e-11	4.6801260015375584e+08
/SS/X/PX-1PY-2PZ6	5.5195312500000000e+00	1.3704700637480539e-11	2.0561855282474420e+09
/SS/X/PX-1PY-2PZ7	8.6953125000000000e+00	2.4741913494622272e-11	3.5961610807268195e+09
/SS/X/PX-1PY-2PZ8	5.6562500000000000e+00	1.4388350806314473e-11	4.7665982979965229e+09
/SS/X/PX-1PY-2PZ9	3.0839843750000000e+00	2.5825040516015832e-11	1.0030782422660010e+09
/SS/X/PX-1PY0PZ5	1.2675781250000000e+00	7.8201185461994102e-11	1.6866029494652705e+09
/SS/X/PX-1PY0PZ6	8.0937500000000000e+00	2.8118833430882631e-11	7.1862612305177507e+09
/SS/X/PX-1PY0PZ7	2.2562500000000000e+01	4.8782743763413794e-11	5.1984252065462828e+09
/SS/X/PX-1PY0PZ8	2.9000000000000000e+01	1.4456772115294303e-11	5.4161797287640755e+10
/SS/X/PX-1PY0PZ9	1.0125000000000000e+01	2.4416159859424285e-11	3.0395435668714480e+09
/SS/X/PX-1PY1PZ5	5.2819824218750000e-01	1.9203852896738534e-11	3.6161090294744716e+09
/SS/X/PX-1PY1PZ6	2.8125000000000000e+00	3.4791785736544190e-11	3.7061872818552928e+09
/SS/X/PX-1PY1PZ7	4.7500000000000000e+00	3.2897906755412681e-11	4.4529858033919277e+09
/SS/X/PX-1PY1PZ8	2.2617187500000000e+00	3.2310457196721355e-11	4.5507124167157555e+09
/SS/X/PX-1PY1PZ9	1.0437500000000000e+01	3.5131127376461778e-11	4.3356177596669025e+09
/SS/X/PX-1PY2PZ5	3.7689208984375000e-01	1.6423884987297272e-11	2.7818986104715624e+09
/SS/X/PX-1PY2PZ6	7.3925781250000000e-01	1.3229864757351208e-11	4.5631223511641703e+09
/SS/X/PX-1PY2PZ7	5.5312500000000000e+00	1.9563046310435933e-11	3.8689456090080395e+09
/SS/X/PX-1PY2PZ8	1.6156250000000000e+01	3.9735553380082197e-11	4.5685007678520012e+09
/SS/X/PX-1PY2PZ9	1.7000000000000000e+01	6.6102435238464332e-11	1.7497800212354991e+09
/SS/X/PX-2PY-1PZ5	1.5136718750000000e+00	9.4858327777361165e-12	6.8528830259132347e+09
/SS/X/PX-2PY-1PZ6	5.4531250000000000e+00	2.9296351876000462e-11	3.2473520926809895e+08
/SS/X/PX-2PY-1PZ7	1.1437500000000000e+01	1.9917959846757353e-11	3.4610863262746997e+09
/SS/X/PX-2PY-1PZ8	1.1875000000000000e+01	1.0313258827059745e-11	1.8763045845958614e+10
/SS/X/PX-2PY-1PZ9	2.8515625000000000e+00	3.4680132606982828e-11	3.2460551674638038e+09
/SS/X/PX-2PY-2PZ5	1.0615234375000000e+00	1.7118003640651412e-11	1.0035291855728639e+09
/SS/X/PX-2PY-2PZ6	3.4101562500000000e+00	2.2320552266532747e-11	2.3123039122547297e+09
/SS/X/PX-2PY-2PZ7	5.4296875000000000e+00	1.6166395469682452e-11	4.1065511673575501e+09
/SS/X/PX-2PY-2PZ8	2.8437500000000000e+00	2.7821420815779898e-11	4.2608246053062716e+09
/SS/X/PX-2PY-2PZ9	3.8750000000000000e+00	1.0501166132067524e-11	4.1332649897706008e+09
/SS/X/PX-2PY0PZ5	1.4296875000000000e+00	1.2925690931407595e-11	3.5710519457851610e+09
/SS/X/PX-2PY0PZ6	5.8515625000000000e+00	1.6471259200208306e-11	9.0972532288537960e+09
/SS/X/PX-2PY0PZ7	1.3343750000000000e+01	2.0967431598087523e-11	1.3799497466941323e+09
/SS/X/PX-2PY0PZ8	1.5625000000000000e+01	4.2648955410910326e-11	4.5111800690323038e+09
/SS/X/PX-2PY0PZ9	4.3125000000000000e+00	7.9570517080379671e-11	8.6604978571076298e+08
/SS/X/PX-2PY1PZ5	7.5392150878906250e-01	2.8149117750799345e-11	5.8646032823186815e+08
/SS/X/PX-2PY1PZ6	2.4296875000000000e+00	2.7120895824552733e-11	1.6555038848377569e+09
/SS/X/PX-2PY1PZ7	3.5937500000000000e+00	1.5144621273350914e-11	5.9549933571653566e+09
/SS/X/PX-2PY1PZ8	1.9375000000000000e+00	1.2781225917818225e-11	2.6292174243128777e+09
/SS/X/PX-2PY1PZ9	1.5000000000000000e+00	1.8455792044648154e-11	1.2323599397387043e+10
/SS/X/PX-2PY2PZ5	2.1301269531250000e-01	5.1226496424990154e-11	5.9204038301375282e+08
/SS/X/PX-2PY2PZ6	2.4658203125000000e-01	2.8966047726115430e-11	7.4264721654183519e+08
/SS/X/PX-2PY2PZ7	3.5000000000000000e+00	1.4936999530905092e-11	3.0698328368701925e+09
/SS/X/PX-2PY2PZ8	8.4062500000000000e+00	2.0707046066694328e-11	2.0992348227240150e+09
/SS/X/PX-2PY2PZ9	7.0625000000000000e+00	1.8305556828214468e-11	5.7055653149476337e+09
/SS/X/PX0PY-1PZ5	1.1293945312500000e+00	3.9501750973196642e-11	1.1427227920440421e+09
/SS/X/PX0PY-1PZ6	6.5234375000000000e+00	3.1957361112474443e-11	3.9164940087230146e+08
/SS/X/PX0PY-1PZ7	1.7054687500000000e+01	8.9349193364653616e-11	1.4799910205797644e+09
/SS/X/PX0PY-1PZ8	2.6507812500000000e+01	2.2019354619083985e-11	4.9281546913528852e+09
/SS/X/PX0PY-1PZ9	4.0847656250000000e+01	7.1159870048433716e-12	1.0985769227971462e+10
/SS/X/PX0PY-2PZ5	1.2188720703125000e+00	4.1249983007036570e-11	1.0692109553399069e+09
/SS/X/PX0PY-2PZ6	1.2565917968750000e+00	9.1320117303814325e-12	1.0727673525932247e+10
/SS/X/PX0PY-2PZ7	4.8110351562500000e+00	8.4280117704587110e-12	1.2265583392219862e+10
/SS/X/PX0PY-2PZ8	9.8710937500000000e+00	9.7549244699339327e-12	1.3858935710925665e+10
/SS/X/PX0PY-2PZ9	2.0539062500000000e+01	1.9663701328935169e-11	3.3643913840245490e+09
/SS/X/PX0PY0PZ5	1.8071289062500000e+00	7.3868262115920329e-12	7.2182463080827980e+09
/SS/X/PX0PY0PZ6	5.5273437500000000e+00	1.8032541037217164e-11	1.3891432021486288e+10
/SS/X/PX0PY0PZ7	2.1523437500000000e+01	2.8864774289635221e-11	2.6154239443777729e+10
/SS/X/PX0PY0PZ8	3.5289062500000000e+01	2.0614253281375243e-11	9.6346107266264687e+09
/SS/X/PX0PY0PZ9	1.6228515625000000e+01	1.1450827681449847e-11	2.6998109167392353e+10
/SS/X/PX0PY1PZ5	1.2026367187500000e+00	1.2084263730859914e-11	4.2035647977873120e+09
/SS/X/PX0PY1PZ6	3.1093750000000000e+00	1.1557100551072112e-11	5.5903791464011021e+09
/SS/X/PX0PY1PZ7	7.6406250000000000e+00	1.1772881931647182e-11	1.2686514899934839e+10
/SS/X/PX0PY1PZ8	8.2519531250000000e+00	1.1569845762120309e-11	1.9537313272744083e+10
/SS/X/PX0PY1PZ9	1.2569335937500000e+01	1.2702127612731541e-11	5.8306290092346478e+09
/SS/X/PX0PY2PZ5	5.6408691406250000e-01	2.6435230035240341e-11	1.2192296254989519e+09
/SS/X/PX0PY2PZ6	1.6987304687500000e+00	2.3181880804541358e-11	5.9246426771660643e+09
/SS/X/PX0PY2PZ7	3.2509765625000000e+00	3.7606361568240439e-11	4.9135335922968159e+09
/SS/X/PX0PY2PZ8	5.0244140625000000e+00	2.7337753286874606e-11	4.0735600789732599e+09
/SS/X/PX0PY2PZ9	1.4806640625000000e+01	1.4045450488325678e-11	3.6059886892058463e+09
/SS/X/PX1PY-1PZ5	9.1113281250000000e-01	1.5779265966097436e-11	4.4053583400016518e+09
/SS/X/PX1PY-1PZ6	3.6347656250000000e+00	1.5122225143056661e-11	2.1499290490019689e+09
/SS/X/PX1PY-1PZ7	7.9062500000000000e+00	1.6063373668507974e-11	8.2306299977235336e+09
/SS/X/PX1PY-1PZ8	1.5187500000000000e+01	9.2006437563617988e-12	1.1386281920195999e+10
/SS/X/PX1PY-1PZ9	9.1875000000000000e+00	1.1796257083826978e-11	9.2558397431345959e+09
/SS/X/PX1PY-2PZ5	4.7998046875000000e-01	1.2598586799126719e-11	7.1018100773905725e+09
/SS/X/PX1PY-2PZ6	1.5410156250000000e+00	5.6149349948338365e-11	1.6786603209653673e+09
/SS/X/PX1PY-2PZ7	3.4687500000000000e+00	1.4651547093173066e-11	4.2857764066126261e+09
/SS/X/PX1PY-2PZ8	6.5625000000000000e+00	3.1130353486260660e-11	1.6440355889208765e+09
/SS/X/PX1PY-2PZ9	8.2812500000000000e+00	2.8182098062329464e-11	3.4301801699034772e+09
/SS/X/PX1PY0PZ5	1.5395507812500000e+00	4.9257283158181795e-11	2.5670181472685313e+09
/SS/X/PX1PY0PZ6	4.7851562500000000e+00	2.1956471189038738e-11	3.2066589002914662e+09
/SS/X/PX1PY0PZ7	9.7812500000000000e+00	8.4828597874263934e-12	1.0356469425271172e+10
/SS/X/PX1PY0PZ8	1.3750000000000000e+01	1.3145189032505050e-11	1.0016882415354521e+10
/SS/X/PX1PY0PZ9	8.7226562500000000e+00	2.2647445121276768e-11	3.3222560702594409e+09
/SS/X/PX1PY1PZ5	1.2719726562500000e+00	1.1839919077714000e-11	4.6064234158167334e+09
/SS/X/PX1PY1PZ6	3.5332031250000000e+00	2.0327998162786237e-11	1.4715897870390446e+10
/SS/X/PX1PY1PZ7	5.5937500000000000e+00	8.9210644584242712e-12	9.5133697510146103e+09
/SS/X/PX1PY1PZ8	9.2109375000000000e+00	8.4407471595566063e-11	3.2305851916530795e+09
/SS/X/PX1PY1PZ9	1.9312500000000000e+01	5.5775457574216304e-11	3.6053210003654537e+09
/SS/X/PX1PY2PZ5	6.4013671875000000e-01	3.7938643485929227e-11	1.0661820341290100e+09
/SS/X/PX1PY2PZ6	1.5595703125000000e+00	2.8721331002935543e-11	1.8475753489701133e+09
/SS/X/PX1PY2PZ7	3.6376953125000000e+00	1.9817173670389085e-11	2.9612393957785816e+09
/SS/X/PX1PY2PZ8	6.9062500000000000e+00	1.9819934696264708e-11	5.2293955540065918e+09
/SS/X/PX1PY2PZ9	1.6000000000000000e+01	1.3096295143582339e-11	3.8494193328081379e+09
/SS/X/PX2PY-1PZ5	4.1497802734375000e-01	2.7361669747482937e-11	1.0337420048571930e+09
/SS/X/PX2PY-1PZ6	7.5500488281250000e-01	7.2517891062787302e-11	9.5753553325058222e+08
/SS/X/PX2PY-1PZ7	4.3125000000000000e+00	1.1709138443109026e-11	9.5289743873452568e+09
/SS/X/PX2PY-1PZ8	6.7500000000000000e+00	1.2674553322735613e-11	1.4441432915786999e+10
/SS/X/PX2PY-1PZ9	2.1367187500000000e+00	4.2679983026317493e-11	1.4918931210500531e+09
/SS/X/PX2PY-2PZ5	2.7099609375000000e-01	8.9268094211599296e-12	1.3990263958021493e+09
/SS/X/PX2PY-2PZ6	9.3750000000000000e-01	9.3817764960583798e-12	1.0638672393056786e+10
/SS/X/PX2PY-2PZ7	3.0468750000000000e+00	1.4396306585710350e-11	1.8519277170657454e+09
/SS/X/PX2PY-2PZ8	5.1562500000000000e+00	1.0478026501477431e-11	1.0792384016803404e+10
/SS/X/PX2PY-2PZ9	4.0937500000000000e+00	2.3907342252438474e-11	1.6758869880382404e+09
/SS/X/PX2PY0PZ5	4.6517944335937500e-01	1.9254704617549283e-11	1.9506046927469625e+09
/SS/X/PX2PY0PZ6	9.4580078125000000e-01	1.6203849888441352e-11	2.9412096888210711e+09
/SS/X/PX2PY0PZ7	4.3125000000000000e+00	1.8197651531252962e-11	7.3378463262273636e+09
/SS/X/PX2PY0PZ8	4.5000000000000000e+00	2.6032883498522277e-11	3.6241837674932265e+09
/SS/X/PX2PY0PZ9	8.3750000000000000e+00	7.7769126497405939e-11	1.3427620316827755e+09
/SS/X/PX2PY1PZ5	3.8333129882812500e-01	2.2912777796517297e-11	8.0911495095486653e+08
/SS/X/PX2PY1PZ6	1.3535156250000000e+00	2.6079145739531168e-11	1.1241328844237425e+09
/SS/X/PX2PY1PZ7	3.9687500000000000e+00	2.2034286763590922e-11	3.5157247754679213e+09
/SS/X/PX2PY1PZ8	3.6953125000000000e+00	1.9541478514223534e-11	4.2493371224538822e+09
/SS/X/PX2PY1PZ9	9.6875000000000000e+00	5.0101243138145476e-11	1.8656528510056701e+09
/SS/X/PX2PY2PZ5	2.7807617187500000e-01	5.5254876478769205e-11	5.4970157293144631e+08
/SS/X/PX2PY2PZ6	1.1005859375000000e+00	1.5516937065348294e-11	5.1747044153097048e+09
/SS/X/PX2PY2PZ7	2.1250000000000000e+00	1.2866902168695744e-11	3.7566915558471575e+09
/SS/X/PX2PY2PZ8	2.3828125000000000e+00	4.1929493750812328e-11	1.0204927401955419e+09
/SS/X/PX2PY2PZ9	6.4062500000000000e+00	2.4621324150113639e-11	1.3222513923569744e+09
/SS/X5/PX-1PY-1PZ5	1.3457031250000000e+00	1.1228379185738058e-11	3.1444794297646070e+09
/SS/X5/PX-1PY-1PZ6	4.8007812500000000e+00	9.2292386368379861e-12	1.5090790258763842e+10
/SS/X5/PX-1PY-1PZ7	1.1984375000000000e+01	1.5748020347385389e-11	1.1078910087782866e+10
/SS/X5/PX-1PY-1PZ8	2.7546875000000000e+01	2.8226614715589647e-11	1.0727588817822356e+09
/SS/X5/PX-1PY-1PZ9	4.1750000000000000e+01	1.9914901517864828e-11	6.6382094481341181e+09
/SS/X5/PX-1PY-2PZ5	9.1552734375000000e-01	2.2530797835161180e-11	8.9553535025280166e+08
/SS/X5/PX-1PY-2PZ6	1.8535156250000000e+00	5.0072052533553716e-11	1.4119400847562358e+09
/SS/X5/PX-1PY-2PZ7	4.4296875000000000e+00	7.0810605634864460e-12	2.6110601005688801e+10
/SS/X5/PX-1PY-2PZ8	1.5890625000000000e+01	3.8944859708280150e-11	2.6630860451810422e+09
/SS/X5/PX-1PY-2PZ9	2.4281250000000000e+01	2.3952398125992296e-11	2.2326485645063157e+09
/SS/X5/PX-1PY0PZ5	1.1542968750000000e+00	1.7249737039419372e-11	6.9583350278672323e+09
/SS/X5/PX-1PY0PZ6	5.0625000000000000e+00	1.3895014606249141e-11	2.1027072410566826e+10
/SS/X5/PX-1PY0PZ7	1.3187500000000000e+01	1.3719641320800439e-11	1.6397510057489138e+10
/SS/X5/PX-1PY0PZ8	2.7312500000000000e+01	3.6997225044179842e-11	1.3183925266623859e+09
/SS/X5/PX-1PY0PZ9	4.5593750000000000e+01	4.7546207106540095e-11	4.4330238066158113e+09
/SS/X5/PX-1PY1PZ5	5.4516601562500000e-01	5.9778014945194668e-11	1.8781690283709199e+09
/SS/X5/PX-1PY1PZ6	8.8427734375000000e-01	1.8319135854669972e-11	2.2704714419147096e+09
/SS/X5/PX-1PY1PZ7	1.9029541015625000e+00	1.4738675897470049e-11	6.0092703072579269e+09
/SS/X5/PX-1PY1PZ8	1.0828125000000000e+01	1.9703402824338294e-11	1.0586279994138382e+10
/SS/X5/PX-1PY1PZ9	3.3609375000000000e+01	1.1828963916545056e-11	6.9542088462368317e+09
/SS/X5/PX-1PY2PZ5	7.7929687500000000e-01	1.3014805426061589e-11	3.1851293193657079e+09
/SS/X5/PX-1PY2PZ6	3.1914062500000000e+00	3.9548868199834294e-11	3.5092481548108740e+09
/SS/X5/PX-1PY2PZ7	8.1992187500000000e+00	3.9029870454425967e-11	2.6437977630104251e+09
/SS/X5/PX-1PY2PZ8	4.2578125000000000e+00	1.9850323135907523e-11	2.7152371341339221e+09
/SS/X5/PX-1PY2PZ9	1.3289062500000000e+01	2.1147433978534273e-11	2.2729290043955064e+09
/SS/X5/PX-2PY-1PZ5	8.5131835937500000e-01	3.0496435452886079e-11	8.0197748747327507e+08
/SS/X5/PX-2PY-1PZ6	2.2460937500000000e+00	2.5770940362905385e-11	3.5850480860912108e+09
/SS/X5/PX-2PY-1PZ7	3.6250000000000000e+00	2.0402374304549942e-11	9.6222019285803871e+09
/SS/X5/PX-2PY-1PZ8	9.6093750000000000e+00	6.2159714612202896e-12	8.9491760415926971e+09
/SS/X5/PX-2PY-1PZ9	1.9562500000000000e+01	2.6699598105031012e-11	5.2275712298838062e+09
/SS/X5/PX-2PY-2PZ5	5.4589843750000000e-01	2.7978340957678075e-11	1.5262676408060842e+09
/SS/X5/PX-2PY-2PZ6	1.3520507812500000e+00	2.6620369911797901e-11	2.0553509610176585e+09
/SS/X5/PX-2PY-2PZ7	2.2773437500000000e+00	2.7911929857746503e-11	2.9531621701860404e+09
/SS/X5/PX-2PY-2PZ8	6.6953125000000000e+00	1.0723293797258697e-11	7.4757729181388588e+09
/SS/X5/PX-2PY-2PZ9	1.1726562500000000e+01	2.1846138105268169e-11	2.3415861077311954e+09
/SS/X5/PX-2PY0PZ5	8.2666015625000000e-01	1.7289439565258271e-11	1.9881361737404120e+09
/SS/X5/PX-2PY0PZ6	1.3002929687500000e+00	2.0155717910589380e-11	6.6088151466128683e+09
/SS/X5/PX-2PY0PZ7	1.9213867187500000e+00	3.1367438908483263e-11	5.7947209801145439e+09
/SS/X5/PX-2PY0PZ8	6.9531250000000000e+00	1.9050865661669058e-11	8.6414485367217388e+09
/SS/X5/PX-2PY0PZ9	2.2359375000000000e+01	2.6366179089842196e-11	1.2898804221899841e+09
/SS/X5/PX-2PY1PZ5	1.0458984375000000e+00	1.8587568513998060e-11	2.0483335249155383e+09
/SS/X5/PX-2PY1PZ6	3.8027343750000000e+00	7.4846953144139024e-11	8.8651044608217251e+08
/SS/X5/PX-2PY1PZ7	8.0507812500000000e+00	2.8527385496858620e-11	3.4110604255123682e+09
/SS/X5/PX-2PY1PZ8	1.8671875000000000e+00	1.2249119163129245e-11	7.3101084023694410e+09
/SS/X5/PX-2PY1PZ9	1.6406250000000000e+01	1.8040949017016089e-11	4.0243044844932203e+09
/SS/X5/PX-2PY2PZ5	9.5117187500000000e-01	3.6374732574492837e-11	1.1210900892425029e+09
/SS/X5/PX-2PY2PZ6	4.1787109375000000e+00	1.2584963331154788e-11	1.7827737258662884e+09
/SS/X5/PX-2PY2PZ7	9.5605468750000000e+00	3.8467182227333885e-11	1.9791121313351023e+09
/SS/X5/PX-2PY2PZ8	6.8906250000000000e+00	2.0347745995705288e-11	6.3826509593991530e+08
/SS/X5/PX-2PY2PZ9	5.8125000000000000e+00	7.0002445643445665e-11	1.2443448332183824e+09
/SS/X5/PX0PY-1PZ5	1.5339355468750000e+00	1.9672022070261709e-11	3.9445674585904431e+09
/SS/X5/PX0PY-1PZ6	6.7968750000000000e+00	3.9185209281409212e-11	6.6425123994139328e+09
/SS/X5/PX0PY-1PZ7	2.5203125000000000e+01	3.7944508697774776e-11	5.4235603905365553e+09
/SS/X5/PX0PY-1PZ8	4.7375000000000000e+01	1.4341174428036835e-11	9.4017671201706219e+09
/SS/X5/PX0PY-1PZ9	4.8500000000000000e+01	8.8113647527678522e-12	1.9286563801929295e+10
/SS/X5/PX0PY-2PZ5	9.6020507812500000e-01	2.4257795308448583e-11	1.5618524240673206e+09
/SS/X5/PX0PY-2PZ6	1.3735351562500000e+00	1.0270300433548522e-10	8.9619316860564029e+08
/SS/X5/PX0PY-2PZ7	9.2578125000000000e+00	1.0403813763098651e-11	4.7965983523840837e+09
/SS/X5/PX0PY-2PZ8	2.4406250000000000e+01	1.5726019299535399e-11	6.2151277957807732e+09
/SS/X5/PX0PY-2PZ9	2.6281250000000000e+01	6.3708329385464579e-11	1.8793722235778832e+09
/SS/X5/PX0PY0PZ5	1.5566406250000000e+00	2.1905013611571632e-11	3.3421681770481095e+09
/SS/X5/PX0PY0PZ6	1.1718750000000000e+01	1.9870725113032160e-11	1.0045994769994701e+10
/SS/X5/PX0PY0PZ7	3.5859375000000000e+01	8.9358198137603669e-12	4.8388207761108055e+10
/SS/X5/PX0PY0PZ8	5.7625000000000000e+01	1.2042145540169251e-11	1.7462752028978397e+10
/SS/X5/PX0PY0PZ9	6.1000000000000000e+01	2.2310078772666717e-11	8.6249299602221355e+09
/SS/X5/PX0PY1PZ5	1.5781250000000000e+00	5.1704577794542197e-11	1.2079419975079658e+09
/SS/X5/PX0PY1PZ6	8.2031250000000000e+00	1.8107355655481464e-11	1.4696945432372025e+10
/SS/X5/PX0PY1PZ7	2.3250000000000000e+01	1.1682746525982237e-10	2.3568870518149509e+09
/SS/X5/PX0PY1PZ8	3.9953125000000000e+01	1.1734587108495904e-11	4.7378679210513107e+10
/SS/X5/PX0PY1PZ9	5.0593750000000000e+01	1.4936015300572731e-11	1.2312959746949993e+10
/SS/X5/PX0PY2PZ5	2.1984863281250000e-01	1.4988857053462651e-11	3.5519282998457856e+09
/SS/X5/PX0PY2PZ6	1.5917968750000000e+00	2.1163465036374900e-11	7.3732279853577576e+09
/SS/X5/PX0PY2PZ7	4.5742187500000000e+00	1.5834315112084726e-11	8.3209048149399290e+09
/SS/X5/PX0PY2PZ8	1.1281250000000000e+01	5.0280465715063567e-11	4.7919224805819006e+09
/SS/X5/PX0PY2PZ9	2.2718750000000000e+01	1.1494014378707367e-11	1.2966104605673716e+10
/SS/X5/PX1PY-1PZ5	1.0637207031250000e+00	9.2485260991980009e-12	8.6265081707270641e+09
/SS/X5/PX1PY-1PZ6	8.7695312500000000e+00	1.4610136350324343e-11	5.2986851578944197e+09
/SS/X5/PX1PY-1PZ7	3.3390625000000000e+01	2.8894690345071039e-11	5.3408314361310091e+09
/SS/X5/PX1PY-1PZ8	5.4437500000000000e+01	9.4077902468169092e-12	1.9416139079949284e+10
/SS/X5/PX1PY-1PZ9	4.1937500000000000e+01	8.9006489369775238e-12	1.7409180389751034e+09
/SS/X5/PX1PY-2PZ5	6.9140625000000000e-01	2.3656577375177651e-11	1.0593877446467292e+09
/SS/X5/PX1PY-2PZ6	3.5468750000000000e+00	7.6922765880490805e-11	4.5789629599386221e+08
/SS/X5/PX1PY-2PZ7	1.6320312500000000e+01	1.7175451995258702e-11	5.4473220755332985e+09
/SS/X5/PX1PY-2PZ8	2.8960937500000000e+01	3.4709230444448987e-11	1.2217325179733092e+11
/SS/X5/PX1PY-2PZ9	2.1523437500000000e+01	3.2056397542316061e-11	3.2714020829603767e+09
/SS/X5/PX1PY0PZ5	2.1152343750000000e+00	1.7440550721896987e-11	5.8083712408300762e+09
/SS/X5/PX1PY0PZ6	1.2976562500000000e+01	9.4057669312858631e-12	1.0613565148070902e+10
/SS/X5/PX1PY0PZ7	4.1765625000000000e+01	3.7272291495585685e-11	5.3163242851169844e+09
/SS/X5/PX1PY0PZ8	6.5828125000000000e+01	2.7179342333906946e-11	2.1553701428480843e+10
/SS/X5/PX1PY0PZ9	5.9031250000000000e+01	1.1992204376886898e-11	1.3881482398303143e+10
/SS/X5/PX1PY1PZ5	1.5419921875000000e+00	1.8986522665002757e-11	4.7149473332338228e+09
/SS/X5/PX1PY1PZ6	9.3007812500000000e+00	2.7600412978485252e-11	5.4219374479712009e+09
/SS/X5/PX1PY1PZ7	2.8250000000000000e+01	1.3576602032569942e-11	6.3159155935809679e+09
/SS/X5/PX1PY1PZ8	4.5046875000000000e+01	7.0792874065311543e-12	2.1648969527972157e+10
/SS/X5/PX1PY1PZ9	4.5671875000000000e+01	1.2476592281943146e-11	5.2438131863220968e+09
/SS/X5/PX1PY2PZ5	2.6672363281250000e-01	1.3619032694160925e-11	2.1808271365507522e+09
/SS/X5/PX1PY2PZ6	2.6445312500000000e+00	9.9154254666629148e-11	1.5528955618576179e+09
/SS/X5/PX1PY2PZ7	8.5898437500000000e+00	1.2216340637325338e-11	1.1519496194103329e+10
/SS/X5/PX1PY2PZ8	1.4054687500000000e+01	1.3352644705269566e-11	4.2390462171891546e+09
/SS/X5/PX1PY2PZ9	1.6710937500000000e+01	1.3831590953233667e-11	1.1331078086976118e+10
/SS/X5/PX2PY-1PZ5	1.2797851562500000e+00	2.7337548252465342e-11	1.4732955791883743e+09
/SS/X5/PX2PY-1PZ6	7.2246093750000000e+00	1.2048461650074527e-11	9.7448672867969666e+09
/SS/X5/PX2PY-1PZ7	2.3171875000000000e+01	1.0691574545565372e-11	7.5793900765798473e+09
/SS/X5/PX2PY-1PZ8	3.5640625000000000e+01	1.7152660326704367e-11	3.4455106729329519e+09
/SS/X5/PX2PY-1PZ9	2.6500000000000000e+01	8.9450736862760591e-12	3.9756003884229331e+09
/SS/X5/PX2PY-2PZ5	5.6005859375000000e-01	2.2505737077838064e-11	1.5230427948350165e+09
/SS/X5/PX2PY-2PZ6	4.0273437500000000e+00	1.7086087580905126e-11	3.9918650934532576e+09
/SS/X5/PX2PY-2PZ7	1.3656250000000000e+01	1.0721113275096707e-11	7.7713717330423861e+09
/SS/X5/PX2PY-2PZ8	2.0886718750000000e+01	1.9738355784060875e-11	1.1254796828691418e+11
/SS/X5/PX2PY-2PZ9	1.3984375000000000e+01	1.4807722920050414e-11	2.4325332885511222e+09
/SS/X5/PX2PY0PZ5	1.7919921875000000e+00	1.8504734434755147e-11	2.8370221032779770e+09
/SS/X5/PX2PY0PZ6	7.9433593750000000e+00	1.3242379168572628e-11	2.5381255394068680e+09
/SS/X5/PX2PY0PZ7	2.4394531250000000e+01	1.0793158351196284e-11	1.1241581438083269e+10
/SS/X5/PX2PY0PZ8	3.9531250000000000e+01	1.2503680718127678e-11	5.4001737946093502e+09
/SS/X5/PX2PY0PZ9	3.5523437500000000e+01	1.4429925562568804e-11	1.3270747278314598e+10
/SS/X5/PX2PY1PZ5	1.1040039062500000e+00	2.0578354768201806e-11	4.0995749085254450e+09
/SS/X5/PX2PY1PZ6	4.7617187500000000e+00	1.4066039011565270e-11	6.7238395420969334e+09
/SS/X5/PX2PY1PZ7	1.4210937500000000e+01	1.0093817095458243e-11	6.3884298643711004e+09
/SS/X5/PX2PY1PZ8	2.3445312500000000e+01	2.9648228725082111e-11	5.7507584421561422e+09
/SS/X5/PX2PY1PZ9	2.2093750000000000e+01	8.9220534008821957e-12	1.5295040183206022e+10
/SS/X5/PX2PY2PZ5	2.3629760742187500e-01	1.1278857625212612e-11	5.0278439325007315e+09
/SS/X5/PX2PY2PZ6	1.0214843750000000e+00	4.1143784686642471e-11	6.2148858699778605e+08
/SS/X5/PX2PY2PZ7	3.7900390625000000e+00	1.0698543350286398e-11	9.6730004620430393e+09
/SS/X5/PX2PY2PZ8	5.6132812500000000e+00	4.9588159158370026e-11	1.0092586466942546e+09
/SS/X5/PX2PY2PZ9	4.1738281250000000e+00	7.2948744478143991e-12	6.6916536958625240e+09
/SS/Y/PX-1PY-1PZ5	4.7451171875000000e+00	1.7065251956253062e-11	1.8426068153669971e+10
/SS/Y/PX-1PY-1PZ6	1.3265625000000000e+01	9.1184165446113192e-12	9.9349958647808228e+09
/SS/Y/PX-1PY-1PZ7	1.5000000000000000e+01	1.0803445092894954e-11	9.2904160564363136e+09
/SS/Y/PX-1PY-1PZ8	8.3125000000000000e+00	1.6920421724222943e-11	3.3726539216735191e+10
/SS/Y/PX-1PY-1PZ9	4.1812500000000000e+01	2.6458550081081344e-11	6.6148561468194246e+08
/SS/Y/PX-1PY-2PZ5	1.8173828125000000e+00	7.7641529002679102e-12	4.6124058497270689e+09
/SS/Y/PX-1PY-2PZ6	5.7578125000000000e+00	2.4045695525148363e-10	1.4803907963853493e+08
/SS/Y/PX-1PY-2PZ7	6.7500000000000000e+00	9.8839197130930881e-12	3.2021293633788280e+09
/SS/Y/PX-1PY-2PZ8	5.3125000000000000e+00	4.7744456208708081e-11	7.1445990791608131e+08
/SS/Y/PX-1PY-2PZ9	2.1312500000000000e+01	3.3333577542849969e-11	1.4842663742233541e+09
/SS/Y/PX-1PY0PZ5	4.2858886718750000e+00	7.8834302689501146e-11	2.7835959335515720e+08
/SS/Y/PX-1PY0PZ6	1.1073242187500000e+01	5.7569656401391987e-11	2.4262268781947241e+09
/SS/Y/PX-1PY0PZ7	2.5320312500000000e+01	2.0323683144326955e-11	1.9759441356781673e+10
/SS/Y/PX-1PY0PZ8	1.8546875000000000e+01	1.8842025250324679e-11	5.6443454103132133e+09
/SS/Y/PX-1PY0PZ9	6.1171875000000000e+00	4.8941133626066312e-11	1.1171215465294140e+10
/SS/Y/PX-1PY1PZ5	5.5273437500000000e+00	3.0809496451949219e-11	2.8049967053516130e+09
/SS/Y/PX-1PY1PZ6	1.6289062500000000e+01	1.0089032093593180e-11	4.9529653952421703e+09
/SS/Y/PX-1PY1PZ7	2.9468750000000000e+01	2.2341280536606112e-11	2.1075357203021460e+09
/SS/Y/PX-1PY1PZ8	2.7812500000000000e+01	1.4329271728012173e-11	6.7427468874688873e+09
/SS/Y/PX-1PY1PZ9	3.8750000000000000e+00	4.4574974638004235e-11	2.4134231923077826e+09
/SS/Y/PX-1PY2PZ5	3.1035156250000000e+00	1.5652923049674538e-11	1.7087535798666642e+09
/SS/Y/PX-1PY2PZ6	1.0375000000000000e+01	2.5786678271314033e-11	2.3066617315183568e+09
/SS/Y/PX-1PY2PZ7	2.3875000000000000e+01	6.0973084783306792e-11	2.0525287847368643e+09
/SS/Y/PX-1PY2PZ8	3.1312500000000000e+01	1.5198850012922595e-11	6.1148325746828718e+09
/SS/Y/PX-1PY2PZ9	1.5000000000000000e+01	2.2245383958713918e-11	4.2138644547262158e+09
/SS/Y/PX-2PY-1PZ5	2.5864257812500000e+00	4.4526245843339945e-11	6.9115893288731396e+08
/SS/Y/PX-2PY-1PZ6	6.8320312500000000e+00	1.0263996570229258e-11	5.1313902057346029e+09
/SS/Y/PX-2PY-1PZ7	5.7031250000000000e+00	1.1583920041692090e-11	1.8237171338369629e+10
/SS/Y/PX-2PY-1PZ8	9.2812500000000000e+00	1.0202650070498942e-11	1.6162076540225311e+10
/SS/Y/PX-2PY-1PZ9	2.7000000000000000e+01	9.6862117287241117e-12	1.5259440092995819e+10
/SS/Y/PX-2PY-2PZ5	1.0341796875000000e+00	1.3581551966017164e-11	3.7310087155421263e+08
/SS/Y/PX-2PY-2PZ6	2.9140625000000000e+00	1.6808007137746724e-11	3.6137250962672296e+09
/SS/Y/PX-2PY-2PZ7	2.1250000000000000e+00	2.0607820457933971e-11	1.6263810461070225e+09
/SS/Y/PX-2PY-2PZ8	6.4062500000000000e+00	1.1262764680735713e-11	6.1038802391075287e+09
/SS/Y/PX-2PY-2PZ9	1.5562500000000000e+01	1.5133385852823224e-11	4.3821392819298306e+09
/SS/Y/PX-2PY0PZ5	4.8486328125000000e-01	3.4189487714010868e-11	1.3893825985040939e+09
/SS/Y/PX-2PY0PZ6	7.9882812500000000e+00	1.8496735356284028e-11	4.5526135743595810e+09
/SS/Y/PX-2PY0PZ7	1.4808593750000000e+01	1.1163248202019341e-11	9.2368433069350033e+09
/SS/Y/PX-2PY0PZ8	9.9375000000000000e+00	1.9016859356267690e-11	8.7889935037900925e+09
/SS/Y/PX-2PY0PZ9	6.3974609375000000e+00	5.4755772777400136e-11	6.8198159329940951e+08
/SS/Y/PX-2PY1PZ5	2.0849609375000000e+00	1.7879782992853118e-10	1.5774837385107455e+08
/SS/Y/PX-2PY1PZ6	6.2812500000000000e+00	1.7531691708228648e-11	4.0007210529861040e+09
/SS/Y/PX-2PY1PZ7	9.7343750000000000e+00	1.2902055580326022e-11	6.2211052081041651e+09
/SS/Y/PX-2PY1PZ8	7.3437500000000000e+00	1.3530981299470714e-11	2.5073190346010771e+09
/SS/Y/PX-2PY1PZ9	5.0937500000000000e+00	4.5891846607010888e-11	5.6679515356750650e+09
/SS/Y/PX-2PY2PZ5	1.3183593750000000e+00	1.4683857475994057e-11	2.5626836298484540e+09
/SS/Y/PX-2PY2PZ6	4.5507812500000000e+00	1.5843668925327248e-11	3.2148055458518844e+09
/SS/Y/PX-2PY2PZ7	9.9218750000000000e+00	1.4094547300566053e-11	1.9733809710136092e+09
/SS/Y/PX-2PY2PZ8	1.2562500000000000e+01	2.5328882207592790e-11	4.9644082696545830e+09
/SS/Y/PX-2PY2PZ9	5.8750000000000000e+00	9.2313144417948735e-12	1.0343878459190069e+10
/SS/Y/PX0PY-1PZ5	4.2949218750000000e+00	1.2026055686412753e-11	7.1993116506819630e+09
/SS/Y/PX0PY-1PZ6	1.4203125000000000e+01	4.2395520617009356e-11	2.4342072101529288e+09
/SS/Y/PX0PY-1PZ7	2.1031250000000000e+01	9.3100801989738842e-11	9.5398492894088078e+08
/SS/Y/PX0PY-1PZ8	5.5429687500000000e+00	9.2959128088286236e-12	3.0824405413450607e+10
/SS/Y/PX0PY-1PZ9	4.3500000000000000e+01	2.2109047788459875e-11	2.2837752412666401e+10
/SS/Y/PX0PY-2PZ5	1.5625000000000000e+00	5.4767925654126221e-11	9.0254666684944165e+08
/SS/Y/PX0PY-2PZ6	5.5625000000000000e+00	2.9382485231144170e-11	2.0101984644620743e+09
/SS/Y/PX0PY-2PZ7	7.9375000000000000e+00	4.2084753578086185e-11	1.4431532485426509e+09
/SS/Y/PX0PY-2PZ8	2.7929687500000000e+00	1.9873978424458620e-11	1.0202992250510416e+10
/SS/Y/PX0PY-2PZ9	2.1125000000000000e+01	2.0558659509357658e-11	8.9177145937516689e+09
/SS/Y/PX0PY0PZ5	7.1499023437500000e+00	1.0934787829590479e-11	6.9708098844984207e+09
/SS/Y/PX0PY0PZ6	2.1920898437500000e+01	1.2656821217574077e-11	1.4295596836215105e+10
/SS/Y/PX0PY0PZ7	1.1511718750000000e+01	2.8418318892034541e-11	1.0952130950630669e+10
/SS/Y/PX0PY0PZ8	2.3093750000000000e+01	2.3542806024673358e-11	5.3768020082739258e+09
/SS/Y/PX0PY0PZ9	3.7453125000000000e+01	2.4359747552281350e-11	9.7531826731419888e+09
/SS/Y/PX0PY1PZ5	6.1269531250000000e+00	5.6831091302029248e-11	3.5295927969799161e+09
/SS/Y/PX0PY1PZ6	2.1156250000000000e+01	1.4992674513264999e-11	4.8418166853408470e+09
/SS/Y/PX0PY1PZ7	4.5062500000000000e+01	1.2057930260730100e-11	6.4176847421463518e+09
/SS/Y/PX0PY1PZ8	4.8937500000000000e+01	5.4769672797225217e-11	2.2157955018667026e+09
/SS/Y/PX0PY1PZ9	4.3789062500000000e+00	2.0085082088205920e-11	8.4639021239119768e+09
/SS/Y/PX0PY2PZ5	3.4082031250000000e+00	1.4462335856104709e-10	2.9582002458488029e+08
/SS/Y/PX0PY2PZ6	1.2609375000000000e+01	4.9487258008507096e-11	3.4594144927489333e+09
/SS/Y/PX0PY2PZ7	3.2500000000000000e+01	3.5128410023809721e-11	3.2993928213683724e+09
/SS/Y/PX0PY2PZ8	4.5375000000000000e+01	1.9233741379596979e-11	8.3558443624276934e+09
/SS/Y/PX0PY2PZ9	2.3250000000000000e+01	2.9292590416109994e-11	2.3013782366290765e+09
/SS/Y/PX1PY-1PZ5	9.6289062500000000e-01	2.2120279018683554e-11	1.6613965405866425e+09
/SS/Y/PX1PY-1PZ6	6.4531250000000000e+00	1.5955472761855900e-11	7.6450675536153355e+09
/SS/Y/PX1PY-1PZ7	1.5718750000000000e+01	1.6276608231122571e-11	9.3514713528990211e+09
/SS/Y/PX1PY-1PZ8	7.3750000000000000e+00	3.7897472452275470e-11	2.7768998080491443e+09
/SS/Y/PX1PY-1PZ9	2.8000000000000000e+01	2.4840888667964252e-11	3.8033313382390676e+09
/SS/Y/PX1PY-2PZ5	4.5727539062500000e-01	5.8163483844400668e-11	4.2031567321451426e+08
/SS/Y/PX1PY-2PZ6	2.1953125000000000e+00	2.2338623728914532e-11	2.7740654105539598e+09
/SS/Y/PX1PY-2PZ7	4.8125000000000000e+00	2.3500002478194809e-11	1.5905358280779414e+09
/SS/Y/PX1PY-2PZ8	2.8867187500000000e+00	1.8318764926330321e-11	5.2337447659183264e+09
/SS/Y/PX1PY-2PZ9	1.5687500000000000e+01	2.5549281178146098e-11	3.0866323018011398e+09
/SS/Y/PX1PY0PZ5	2.5742187500000000e+00	3.3478518608126708e-11	2.8880119921657710e+09
/SS/Y/PX1PY0PZ6	1.4251953125000000e+01	1.2653530563362649e-11	1.0951155871364651e+10
/SS/Y/PX1PY0PZ7	3.6914062500000000e+01	2.1637457844354651e-11	4.7865177985510855e+09
/SS/Y/PX1PY0PZ8	4.8941406250000000e+01	1.4927309531840729e-11	6.8683315530422697e+09
/SS/Y/PX1PY0PZ9	2.8585937500000000e+01	1.0017584890820579e-10	2.3363561352243896e+09
/SS/Y/PX1PY1PZ5	2.2890625000000000e+00	2.5286538707506764e-11	1.9711589918858936e+09
/SS/Y/PX1PY1PZ6	1.3203125000000000e+01	1.1731723041415401e-11	7.2001184249623852e+09
/SS/Y/PX1PY1PZ7	3.8750000000000000e+01	1.6846566645040583e-11	1.0777074372813185e+10
/SS/Y/PX1PY1PZ8	5.2312500000000000e+01	1.6567927738050308e-11	1.0895350632380920e+10
/SS/Y/PX1PY1PZ9	1.7687500000000000e+01	1.2281484726937761e-11	1.3184273598356522e+10
/SS/Y/PX1PY2PZ5	1.4101562500000000e+00	3.8255717023305298e-11	1.8457571086549008e+09
/SS/Y/PX1PY2PZ6	8.0156250000000000e+00	2.9858744520151887e-11	2.6754947196672745e+09
/SS/Y/PX1PY2PZ7	2.6156250000000000e+01	1.6975661073949425e-11	3.7615719897709551e+09
/SS/Y/PX1PY2PZ8	4.0125000000000000e+01	1.7306687986401891e-11	8.9726462430270138e+09
/SS/Y/PX1PY2PZ9	2.3187500000000000e+01	1.8243286811217161e-11	3.4654640512195787e+09
/SS/Y/PX2PY-1PZ5	1.0751953125000000e+00	1.3681342676524501e-11	2.9832856583286090e+09
/SS/Y/PX2PY-1PZ6	2.1987304687500000e+00	1.9735279888857868e-11	2.8590977641187968e+09
/SS/Y/PX2PY-1PZ7	6.3906250000000000e+00	2.2676955749720867e-11	3.4583115019377627e+09
/SS/Y/PX2PY-1PZ8	6.1250000000000000e+00	1.3540141343902241e-11	1.3587392853134073e+10
/SS/Y/PX2PY-1PZ9	1.2187500000000000e+01	2.3121939159676679e-11	2.4105066486348214e+09
/SS/Y/PX2PY-2PZ5	6.5039062500000000e-01	1.0069306981231183e-11	1.2324271238693514e+09
/SS/Y/PX2PY-2PZ6	1.4375000000000000e+00	1.9129739073744545e-11	1.0598429932677848e+09
/SS/Y/PX2PY-2PZ7	2.0703125000000000e+00	3.3542393129220985e-11	1.2984213766524718e+09
/SS/Y/PX2PY-2PZ8	2.2792968750000000e+00	1.9246357331517474e-11	4.6325135871199474e+09
/SS/Y/PX2PY-2PZ9	7.4375000000000000e+00	1.9909160925257229e-11	1.5878915466007481e+09
/SS/Y/PX2PY0PZ5	5.4589843750000000e-01	1.3788702921889362e-11	2.7481406701373553e+09
/SS/Y/PX2PY0PZ6	3.2578125000000000e+00	1.2611605349966039e-11	1.3869846931665413e+10
/SS/Y/PX2PY0PZ7	1.3070312500000000e+01	1.5319243046625687e-11	1.1567171879412394e+10
/SS/Y/PX2PY0PZ8	2.2570312500000000e+01	9.5236775319918026e-11	1.8314040800361171e+09
/SS/Y/PX2PY0PZ9	3.0382812500000000e+01	7.4742042705733194e-12	7.2576281238064909e+09
/SS/Y/PX2PY1PZ5	5.1855468750000000e-01	1.1784162474919844e-11	2.3754935719063959e+09
/SS/Y/PX2PY1PZ6	3.5898437500000000e+00	3.3310761533284115e-11	1.6562948683945358e+09
/SS/Y/PX2PY1PZ7	1.9671875000000000e+01	2.4918276897674892e-11	3.8570220696950946e+09
/SS/Y/PX2PY1PZ8	3.3437500000000000e+01	1.2521704879278849e-11	6.2813599529442730e+09
/SS/Y/PX2PY1PZ9	1.8312500000000000e+01	2.2031095036762310e-11	4.7361882889855185e+09
/SS/Y/PX2PY2PZ5	3.1677246093750000e-01	4.6484566017110266e-11	5.7001472698009372e+08
/SS/Y/PX2PY2PZ6	2.2539062500000000e+00	6.3421098558316191e-11	4.8222254620024872e+08
/SS/Y/PX2PY2PZ7	1.1906250000000000e+01	7.3782967461573506e-12	1.7178114185368446e+10
/SS/Y/PX2PY2PZ8	2.0875000000000000e+01	4.4443182411616768e-11	2.9399562239277158e+09
/SS/Y/PX2PY2PZ9	1.3406250000000000e+01	4.0771656583226831e-11	1.7153101670234764e+09
/SS/Y5/PX-1PY-1PZ5	7.7307128906250000e-01	2.5837494185589120e-11	3.3566021548652949e+09
/SS/Y5/PX-1PY-1PZ6	4.6679687500000000e+00	1.4944705971931414e-11	4.7468964265841284e+09
/SS/Y5/PX-1PY-1PZ7	4.8828125000000000e+00	1.4064490325904899e-11	1.1578764853610409e+10
/SS/Y5/PX-1PY-1PZ8	1.3285156250000000e+01	1.1761466844609936e-11	2.0462195657279617e+10
/SS/Y5/PX-1PY-1PZ9	2.9933593750000000e+01	6.4860565894943926e-11	2.7017595856854639e+09
/SS/Y5/PX-1PY-2PZ5	3.9251708984375000e-01	1.4048281455346530e-11	3.8180829981323605e+09
/SS/Y5/PX-1PY-2PZ6	1.4531250000000000e+00	4.7484209216877819e-11	1.7667018038918064e+09
/SS/Y5/PX-1PY-2PZ7	4.0820312500000000e+00	3.2499561015945996e-11	2.3498852559990344e+09
/SS/Y5/PX-1PY-2PZ8	1.1730468750000000e+01	1.7285985743923515e-11	6.0017092485872955e+09
/SS/Y5/PX-1PY-2PZ9	1.6234375000000000e+01	1.2214546192747571e-11	6.4177678173999901e+09
/SS/Y5/PX-1PY0PZ5	1.2033691406250000e+00	3.2284139413896100e-11	1.7544042968271012e+09
/SS/Y5/PX-1PY0PZ6	9.2988281250000000e+00	1.6895829337573892e-11	8.7047367009364986e+09
/SS/Y5/PX-1PY0PZ7	1.8238281250000000e+01	2.1487761121902355e-11	2.0742580400668390e+09
/SS/Y5/PX-1PY0PZ8	1.9628906250000000e+00	1.3306911483525531e-11	1.8078007001299236e+10
/SS/Y5/PX-1PY0PZ9	4.5546875000000000e+01	1.9084340121652485e-11	6.4624725211576414e+09
/SS/Y5/PX-1PY1PZ5	1.3315429687500000e+00	5.4049163498681398e-11	1.3827962266506302e+09
/SS/Y5/PX-1PY1PZ6	2.9794921875000000e+00	1.3044098413847682e-11	9.6583288394072361e+09
/SS/Y5/PX-1PY1PZ7	1.7839843750000000e+01	2.5189703475427281e-11	7.4485150328504620e+09
/SS/Y5/PX-1PY1PZ8	9.6738281250000000e+00	2.0808654711700191e-11	4.4424572428467960e+09
/SS/Y5/PX-1PY1PZ9	2.7636718750000000e+01	4.3439507424648109e-11	6.9706830832747221e+09
/SS/Y5/PX-1PY2PZ5	4.4445800781250000e-01	1.2940235270253098e-11	2.8607129877986493e+09
/SS/Y5/PX-1PY2PZ6	2.4902343750000000e+00	1.2196695903641661e-11	4.5554194441495285e+09
/SS/Y5/PX-1PY2PZ7	7.2617187500000000e+00	1.3469717583643198e-11	5.0468625047210226e+09
/SS/Y5/PX-1PY2PZ8	1.4406250000000000e+01	8.7373034171684853e-12	1.6194545567361149e+10
/SS/Y5/PX-1PY2PZ9	1.3808593750000000e+00	2.7009137196906007e-11	4.1636399155020347e+09
/SS/Y5/PX-2PY-1PZ5	1.2744140625000000e+00	1.9341715901019755e-11	1.7635616130460815e+09
/SS/Y5/PX-2PY-1PZ6	5.5917968750000000e+00	6.2961491991117415e-11	1.2226387570310133e+09
/SS/Y5/PX-2PY-1PZ7	6.8750000000000000e+00	1.5239713660526411e-11	5.5949318672427311e+09
/SS/Y5/PX-2PY-1PZ8	5.0820312500000000e+00	4.0796657769038010e-11	5.9632904119873695e+09
/SS/Y5/PX-2PY-1PZ9	1.4324218750000000e+01	9.7969134146982230e-11	6.7275055769934857e+08
/SS/Y5/PX-2PY-2PZ5	4.7290039062500000e-01	2.5928568013499638e-11	9.6552443807799709e+08
/SS/Y5/PX-2PY-2PZ6	2.1513671875000000e+00	2.4918955715004502e-11	2.9558636674042268e+09
/SS/Y5/PX-2PY-2PZ7	2.2656250000000000e+00	2.8121555187501047e-11	3.8270339562969556e+09
/SS/Y5/PX-2PY-2PZ8	7.6318359375000000e-01	2.2145440454152688e-11	3.4387575930733762e+09
/SS/Y5/PX-2PY-2PZ9	1.0943359375000000e+01	4.2153192523747001e-11	1.2650102963057203e+09
/SS/Y5/PX-2PY0PZ5	1.8139648437500000e+00	1.0050781394996778e-11	7.7842239816579971e+09
/SS/Y5/PX-2PY0PZ6	8.7578125000000000e+00	1.5589063523463605e-11	3.4470148223687181e+09
/SS/Y5/PX-2PY0PZ7	1.1437500000000000e+01	9.4114057864550647e-12	1.9528656868916107e+10
/SS/Y5/PX-2PY0PZ8	6.8945312500000000e+00	2.2529745991832746e-11	1.3274127857022850e+10
/SS/Y5/PX-2PY0PZ9	1.1621093750000000e+01	1.5208286379518621e-10	7.9500391555582154e+08
/SS/Y5/PX-2PY1PZ5	8.4313964843750000e-01	2.5862605714952981e-10	2.2244569924496368e+08
/SS/Y5/PX-2PY1PZ6	7.2646484375000000e+00	1.8701767094472679e-11	3.4121486601419311e+09
/SS/Y5/PX-2PY1PZ7	1.3191406250000000e+01	3.6263581467316280e-11	1.9283764965015523e+09
/SS/Y5/PX-2PY1PZ8	2.9013671875000000e+00	3.5512602655847537e-11	4.0462528660151100e+09
/SS/Y5/PX-2PY1PZ9	1.6357421875000000e+01	3.1053396897530115e-11	3.1106497403830690e+09
/SS/Y5/PX-2PY2PZ5	1.2591552734375000e-01	1.2867206883482924e-11	3.0448233081365108e+09
/SS/Y5/PX-2PY2PZ6	9.3212890625000000e-01	4.0794125927287799e-11	1.1395185312508974e+09
/SS/Y5/PX-2PY2PZ7	3.4609375000000000e+00	5.5791518350143931e-11	9.6438523960978663e+08
/SS/Y5/PX-2PY2PZ8	1.2219238281250000e+00	1.3409972342007922e-11	4.8198699797198286e+09
/SS/Y5/PX-2PY2PZ9	5.6464843750000000e+00	1.2996622264999102e-11	3.6090911514451442e+09
/SS/Y5/PX0PY-1PZ5	3.2353515625000000e+00	2.2608231081022922e-11	2.8690716772607608e+09
/SS/Y5/PX0PY-1PZ6	3.2034912109375000e+00	1.1189434650409586e-11	1.9182521525970482e+10
/SS/Y5/PX0PY-1PZ7	2.4438476562500000e+00	3.6003140625170766e-11	7.7291474473187361e+09
/SS/Y5/PX0PY-1PZ8	1.1179687500000000e+01	4.9691455804903965e-11	4.4367298939567413e+09
/SS/Y5/PX0PY-1PZ9	2.7808593750000000e+01	1.5796322981964290e-11	6.2605180776115932e+09
/SS/Y5/PX0PY-2PZ5	1.7373046875000000e+00	1.3540129509442927e-11	2.4423407894762216e+09
/SS/Y5/PX0PY-2PZ6	4.7578125000000000e+00	5.8691795253171204e-11	1.6429823963394992e+09
/SS/Y5/PX0PY-2PZ7	1.1789062500000000e+01	1.2628195820508542e-11	1.7393033991716415e+10
/SS/Y5/PX0PY-2PZ8	1.9656250000000000e+01	1.7037790298435951e-11	5.7956662419070063e+09
/SS/Y5/PX0PY-2PZ9	1.5854492187500000e+00	2.1985542934218454e-11	4.1342506616425476e+09
/SS/Y5/PX0PY0PZ5	5.5756835937500000e+00	5.9871585505699711e-11	2.2540014044648218e+09
/SS/Y5/PX0PY0PZ6	2.8149414062500000e+00	1.3839814459758654e-11	1.9284324964631187e+10
/SS/Y5/PX0PY0PZ7	2.0804687500000000e+01	1.6948185878138951e-11	8.1296073723450670e+09
/SS/Y5/PX0PY0PZ8	2.4375000000000000e+01	6.4151931135659678e-11	4.4295389087463522e+09
/SS/Y5/PX0PY0PZ9	3.5007812500000000e+01	1.0882611840757451e-11	1.8817227115124977e+10
/SS/Y5/PX0PY1PZ5	1.2722167968750000e+00	1.5740871554951238e-11	3.9917602904889998e+09
/SS/Y5/PX0PY1PZ6	6.2109375000000000e+00	8.4539480490219882e-12	6.3261687533002005e+09
/SS/Y5/PX0PY1PZ7	1.6032226562500000e+01	2.1235889454985792e-11	1.2700694328965879e+10
/SS/Y5/PX0PY1PZ8	3.0113281250000000e+01	2.5693185118677978e-11	6.3501861931787281e+09
/SS/Y5/PX0PY1PZ9	2.4394531250000000e+00	1.6353945085664853e-11	2.2899690117369511e+10
/SS/Y5/PX0PY2PZ5	5.1513671875000000e-01	1.6789424519156642e-11	2.4771673220949626e+09
/SS/Y5/PX0PY2PZ6	2.0048828125000000e+00	1.5463984521015445e-11	6.4719053262508850e+09
/SS/Y5/PX0PY2PZ7	1.3474609375000000e+01	1.4867112342641681e-11	6.2100297921663618e+09
/SS/Y5/PX0PY2PZ8	2.5671875000000000e+01	3.3739550948946701e-11	2.4036785041516590e+09
/SS/Y5/PX0PY2PZ9	1.4289062500000000e+01	3.1326079277268532e-11	1.5725951042525692e+09
/SS/Y5/PX1PY-1PZ5	4.1572265625000000e+00	1.5907580885556673e-11	3.3019175387250557e+09
/SS/Y5/PX1PY-1PZ6	5.9296875000000000e+00	1.7995597292446501e-11	3.8344967225319324e+09
/SS/Y5/PX1PY-1PZ7	2.9218750000000000e+00	2.2984571138631965e-11	1.2824161096578199e+10
/SS/Y5/PX1PY-1PZ8	2.3569335937500000e+00	1.5761815976607591e-11	4.1725704896957488e+09
/SS/Y5/PX1PY-1PZ9	1.3373046875000000e+01	1.4482966952137139e-11	6.9602646285054445e+09
/SS/Y5/PX1PY-2PZ5	2.0112304687500000e+00	1.2702134651322631e-11	1.1146804450291920e+10
/SS/Y5/PX1PY-2PZ6	5.4199218750000000e+00	1.5438425488602876e-11	8.6075414034145451e+09
/SS/Y5/PX1PY-2PZ7	9.6445312500000000e+00	1.4756966746071666e-11	5.3792212478786278e+09
/SS/Y5/PX1PY-2PZ8	1.1296875000000000e+01	1.5789013229323566e-11	4.0946835297207537e+09
/SS/Y5/PX1PY-2PZ9	2.8437500000000000e+00	5.6787765584920815e-11	4.1176706035141549e+09
/SS/Y5/PX1PY0PZ5	4.5253906250000000e+00	2.5369388567907348e-11	4.7525476935813274e+09
/SS/Y5/PX1PY0PZ6	5.4628906250000000e+00	1.1848517968767931e-11	1.3286948563414415e+10
/SS/Y5/PX1PY0PZ7	9.1601562500000000e+00	1.5682552994007184e-11	8.4596235848155346e+09
/SS/Y5/PX1PY0PZ8	1.9990234375000000e+01	1.5061105544971215e-11	6.1583462590959435e+09
/SS/Y5/PX1PY0PZ9	1.9867187500000000e+01	3.0346927221761229e-11	6.2333562348996906e+09
/SS/Y5/PX1PY1PZ5	7.4340820312500000e-01	1.7364843145324027e-11	3.7982283130071611e+09
/SS/Y5/PX1PY1PZ6	1.1689453125000000e+00	3.4699307429538776e-11	6.1785862004217405e+09
/SS/Y5/PX1PY1PZ7	1.0797851562500000e+01	2.2088377024237896e-11	2.7876191252622819e+09
/SS/Y5/PX1PY1PZ8	2.5314453125000000e+01	3.2222320782421716e-11	5.6458366283344793e+09
/SS/Y5/PX1PY1PZ9	3.8203125000000000e+00	1.1550884264501142e-11	1.5938929861558149e+10
/SS/Y5/PX1PY2PZ5	9.3554687500000000e-01	1.8419541292114936e-11	9.1271157141545188e+08
/SS/Y5/PX1PY2PZ6	9.4042968750000000e-01	2.6348591082237158e-11	4.3871002383581915e+09
/SS/Y5/PX1PY2PZ7	6.1523437500000000e+00	1.8981636540437648e-11	4.3939091955337591e+09
/SS/Y5/PX1PY2PZ8	1.9873046875000000e+01	8.2551752895598555e-12	8.8591054777988815e+09
/SS/Y5/PX1PY2PZ9	1.7894531250000000e+01	2.3708156683941349e-11	3.0546700885214705e+09
/SS/Y5/PX2PY-1PZ5	2.0253906250000000e+00	4.0623011616705641e-11	2.7700312789891005e+08
/SS/Y5/PX2PY-1PZ6	3.5371093750000000e+00	1.9983643314388863e-11	4.2750035076016111e+09
/SS/Y5/PX2PY-1PZ7	1.6972656250000000e+00	9.4705224884501273e-12	1.6898337682140184e+10
/SS/Y5/PX2PY-1PZ8	1.8095703125000000e+00	2.7374119286435793e-11	3.4759281107096944e+09
/SS/Y5/PX2PY-1PZ9	2.0039062500000000e+00	1.6374276619035479e-11	4.7910054955575285e+09
/SS/Y5/PX2PY-2PZ5	1.1896972656250000e+00	1.8138699854389888e-11	3.1576558713972440e+09
/SS/Y5/PX2PY-2PZ6	2.9619140625000000e+00	1.8850907962083258e-11	2.3184299569556403e+09
/SS/Y5/PX2PY-2PZ7	3.2226562500000000e+00	1.0819299349841138e-11	5.0954363518286018e+09
/SS/Y5/PX2PY-2PZ8	2.2343750000000000e+00	1.7613490269551759e-11	2.5067568090206795e+09
/SS/Y5/PX2PY-2PZ9	1.5921020507812500e+00	2.1940016049665074e-11	1.4704786547937706e+09
/SS/Y5/PX2PY0PZ5	1.5432128906250000e+00	3.5603812022334214e-11	1.7296152540894744e+09
/SS/Y5/PX2PY0PZ6	1.6386718750000000e+00	2.9360838424818651e-11	9.1829133235815716e+08
/SS/Y5/PX2PY0PZ7	3.2929687500000000e+00	8.8853677977655696e-12	1.6878639023488504e+10
/SS/Y5/PX2PY0PZ8	6.6894531250000000e+00	1.2911469749754777e-11	1.0556881438634705e+10
/SS/Y5/PX2PY0PZ9	1.2467773437500000e+01	1.9584409606790530e-11	5.1024696634892492e+09
/SS/Y5/PX2PY1PZ5	4.1528320312500000e-01	7.1456944664182889e-12	8.1925274286098776e+09
/SS/Y5/PX2PY1PZ6	7.9345703125000000e-01	3.0666217806714099e-11	2.6889655568913631e+09
/SS/Y5/PX2PY1PZ7	1.2187500000000000e+00	3.5737108672693824e-11	1.4702423216848216e+09
/SS/Y5/PX2PY1PZ8	1.2031250000000000e+00	1.9003922594443125e-11	5.2315301389464779e+09
/SS/Y5/PX2PY1PZ9	8.5517578125000000e+00	3.1764307564829315e-11	4.0852467335256743e+09
/SS/Y5/PX2PY2PZ5	4.2248535156250000e-01	9.3921807493487630e-12	7.5570533503048897e+08
/SS/Y5/PX2PY2PZ6	6.6845703125000000e-01	2.7705875944504845e-11	1.5168897124259763e+09
/SS/Y5/PX2PY2PZ7	1.2177734375000000e+00	4.0009327995108144e-11	2.4382865630752978e+09
/SS/Y5/PX2PY2PZ8	4.8701171875000000e+00	2.9687671728056906e-11	2.3512051750961971e+09
/SS/Y5/PX2PY2PZ9	1.2118164062500000e+01	2.8430430180002368e-11	2.0843573550974503e+09
/SS/Z/PX-1PY-1PZ5	1.8496093750000000e+00	3.7016857188545307e-11	2.0805880426868987e+09
/SS/Z/PX-1PY-1PZ6	1.3312500000000000e+01	5.8023373785926685e-11	1.9495029985287738e+09
/SS/Z/PX-1PY-1PZ7	3.9000000000000000e+01	1.6612236718923734e-11	8.3826502332881632e+09
/SS/Z/PX-1PY-1PZ8	4.2500000000000000e+01	2.4939873669700495e-11	4.8865158193362179e+09
/SS/Z/PX-1PY-1PZ9	7.9375000000000000e+00	1.8687400740952550e-11	8.7228683360351448e+09
/SS/Z/PX-1PY-2PZ5	1.5205078125000000e+00	2.9926883072478920e-11	2.0806318679709051e+09
/SS/Z/PX-1PY-2PZ6	8.4375000000000000e+00	8.0725979461484756e-12	9.3252799584500923e+09
/SS/Z/PX-1PY-2PZ7	2.6750000000000000e+01	1.1283999555964083e-11	5.5720308827126465e+09
/SS/Z/PX-1PY-2PZ8	3.8750000000000000e+01	1.5250093049170415e-11	4.0903310875793819e+09
/SS/Z/PX-1PY-2PZ9	1.9750000000000000e+01	4.0271819951082171e-11	4.4412171144325848e+09
/SS/Z/PX-1PY0PZ5	1.4521484375000000e+00	1.6979651900277669e-11	5.8558376115407667e+09
/SS/Z/PX-1PY0PZ6	9.5625000000000000e+00	5.2247030002191032e-11	1.6913668138834283e+09
/SS/Z/PX-1PY0PZ7	2.7750000000000000e+01	1.2749470708766783e-11	9.7388028205320053e+09
/SS/Z/PX-1PY0PZ8	1.9000000000000000e+01	1.0895421766735003e-10	1.4306880528846943e+09
/SS/Z/PX-1PY0PZ9	3.2000000000000000e+01	7.6048203282748126e-12	1.6353925830454517e+10
/SS/Z/PX-1PY1PZ5	2.9296875000000000e+00	9.1595477449658139e-12	8.4276279072072468e+09
/SS/Z/PX-1PY1PZ6	4.7890625000000000e+00	2.1655887549253543e-11	3.7283812683005748e+09
/SS/Z/PX-1PY1PZ7	5.0000000000000000e+00	2.0808116699628769e-11	1.0234066985987694e+10
/SS/Z/PX-1PY1PZ8	1.8500000000000000e+01	1.4355408535759751e-11	5.9408465601311255e+09
/SS/Z/PX-1PY1PZ9	5.3000000000000000e+01	1.4046790376746489e-11	2.2071368800546597e+10
/SS/Z/PX-1PY2PZ5	2.5429687500000000e+00	2.2731739517149959e-11	2.7910774216820555e+09
/SS/Z/PX-1PY2PZ6	6.6562500000000000e+00	2.3578089642804597e-11	2.0416573513770540e+09
/SS/Z/PX-1PY2PZ7	1.8375000000000000e+01	3.1121460395536690e-11	5.1487109837314062e+09
/SS/Z/PX-1PY2PZ8	3.1750000000000000e+01	2.2757267838637019e-11	2.5265345973788228e+09
/SS/Z/PX-1PY2PZ9	4.3750000000000000e+01	2.2878988776932874e-11	6.3907756848009758e+09
/SS/Z/PX-2PY-1PZ5	6.7480468750000000e-01	1.5918718033867939e-11	2.2899013173323288e+09
/SS/Z/PX-2PY-1PZ6	3.3437500000000000e+00	1.1194846455397883e-11	2.1991034659522853e+09
/SS/Z/PX-2PY-1PZ7	1.3000000000000000e+01	4.9355442243147050e-11	2.3788217353759360e+09
/SS/Z/PX-2PY-1PZ8	1.6250000000000000e+01	2.9005300647402671e-11	1.4783935840813153e+09
/SS/Z/PX-2PY-1PZ9	6.1250000000000000e+00	1.8079224582532739e-11	3.6017519461056695e+09
/SS/Z/PX-2PY-2PZ5	5.8593750000000000e-01	1.3641592999252614e-11	1.8652152721658671e+09
/SS/Z/PX-2PY-2PZ6	3.0937500000000000e+00	2.3785922862376761e-11	1.1627278594906585e+09
/SS/Z/PX-2PY-2PZ7	1.4562500000000000e+01	2.5078978392241337e-11	7.7847027220941648e+09
/SS/Z/PX-2PY-2PZ8	2.2375000000000000e+01	1.3373077077710420e-11	4.2143490172084646e+09
/SS/Z/PX-2PY-2PZ9	1.4500000000000000e+01	9.5694489417426768e-12	1.0778236583514889e+10
/SS/Z/PX-2PY0PZ5	6.1547851562500000e-01	1.8978566354325990e-11	3.3876336956837983e+09
/SS/Z/PX-2PY0PZ6	3.1435546875000000e+00	2.4993225981103353e-11	1.3659268294851201e+09
/SS/Z/PX-2PY0PZ7	4.3828125000000000e+00	1.1540531682626544e-11	2.6634879979773476e+10
/SS/Z/PX-2PY0PZ8	7.0937500000000000e+00	2.7586060166194236e-11	1.1996302039695084e+10
/SS/Z/PX-2PY0PZ9	2.6500000000000000e+01	1.2436398641312998e-11	5.6900385708598633e+09
/SS/Z/PX-2PY1PZ5	1.3671875000000000e+00	9.9495045672892640e-12	6.1402430940969906e+09
/SS/Z/PX-2PY1PZ6	3.3847656250000000e+00	9.1417691536109669e-12	2.4502287391214752e+09
/SS/Z/PX-2PY1PZ7	8.0000000000000000e+00	2.1808407708808726e-11	1.1056170658420029e+09
/SS/Z/PX-2PY1PZ8	2.4000000000000000e+01	1.0229818240143049e-11	1.8423115052879738e+10
/SS/Z/PX-2PY1PZ9	4.4000000000000000e+01	2.7825960192206928e-11	3.9644235671478100e+09
/SS/Z/PX-2PY2PZ5	1.3457031250000000e+00	1.4786209342011451e-11	1.8072698000774548e+09
/SS/Z/PX-2PY2PZ6	4.3125000000000000e+00	1.4728453879209697e-11	7.4334834986729116e+09
/SS/Z/PX-2PY2PZ7	1.2562500000000000e+01	1.2885800847645579e-11	2.1655979711545839e+09
/SS/Z/PX-2PY2PZ8	2.5000000000000000e+01	9.9548258199946783e-12	1.2873822636845814e+10
/SS/Z/PX-2PY2PZ9	3.5000000000000000e+01	2.8707311995959946e-11	2.8423883154758120e+09
/SS/Z/PX0PY-1PZ5	3.0117187500000000e+00	2.0823042135746511e-11	3.3439904179854755e+09
/SS/Z/PX0PY-1PZ6	2.0812500000000000e+01	5.1263734753760652e-11	1.1063611334992435e+09
/SS/Z/PX0PY-1PZ7	6.2500000000000000e+01	1.1952840499499055e-11	8.1555281863071070e+09
/SS/Z/PX0PY-1PZ8	7.0000000000000000e+01	8.7718763955902645e-12	1.5668441839984159e+10
/SS/Z/PX0PY-1PZ9	1.8000000000000000e+01	1.2923274416678501e-11	4.0132357724559760e+09
/SS/Z/PX0PY-2PZ5	2.2177734375000000e+00	3.1247694356119667e-11	8.5804975762483847e+08
/SS/Z/PX0PY-2PZ6	1.0718750000000000e+01	2.8192401941833550e-11	3.7595550356763639e+09
/SS/Z/PX0PY-2PZ7	3.2500000000000000e+01	2.1223855185823169e-11	3.1759404732754922e+09
/SS/Z/PX0PY-2PZ8	4.2500000000000000e+01	1.9828567075906685e-11	1.1995425370228933e+10
/SS/Z/PX0PY-2PZ9	1.8000000000000000e+01	1.1396690619138853e-11	1.0773122035671324e+10
/SS/Z/PX0PY0PZ5	3.0097656250000000e+00	1.1518900119446839e-11	3.3585042912964787e+09
/SS/Z/PX0PY0PZ6	1.7875000000000000e+01	1.1560367617019508e-11	1.4094132211634844e+10
/SS/Z/PX0PY0PZ7	6.0000000000000000e+01	1.3437355479392753e-11	9.8287530558384266e+09
/SS/Z/PX0PY0PZ8	6.6000000000000000e+01	1.5170138756068283e-11	1.3442472897327700e+10
/SS/Z/PX0PY0PZ9	1.7437500000000000e+01	1.7400656345052793e-11	9.3374347532773972e+09
/SS/Z/PX0PY1PZ5	2.8515625000000000e+00	4.3747969015781567e-11	1.8591354215696199e+09
/SS/Z/PX0PY1PZ6	4.3046875000000000e+00	1.8692901289526184e-11	7.7635611242328863e+09
/SS/Z/PX0PY1PZ7	1.3500000000000000e+01	4.7611381503400711e-11	2.8401884539067440e+09
/SS/Z/PX0PY1PZ8	1.3000000000000000e+01	4.2385980100548878e-11	8.5598306267126245e+09
/SS/Z/PX0PY1PZ9	1.7968750000000000e+01	2.3709652136786083e-11	6.0654737314206247e+09
/SS/Z/PX0PY2PZ5	1.9726562500000000e+00	2.1338961607673589e-11	1.9587922028379567e+09
/SS/Z/PX0PY2PZ6	5.2812500000000000e+00	1.2634144547167641e-11	2.8491015043567300e+09
/SS/Z/PX0PY2PZ7	9.2500000000000000e+00	1.2631841542495297e-11	9.7878169750812416e+09
/SS/Z/PX0PY2PZ8	1.4500000000000000e+01	2.1807394610482216e-11	4.3767117055962420e+09
/SS/Z/PX0PY2PZ9	1.5500000000000000e+01	1.2057893326940245e-11	2.0885161931632668e+10
/SS/Z/PX1PY-1PZ5	1.3583984375000000e+00	3.0662990863438279e-11	9.0540848927086198e+08
/SS/Z/PX1PY-1PZ6	1.7562500000000000e+01	3.4980236299195214e-11	1.5850025499737904e+09
/SS/Z/PX1PY-1PZ7	5.7250000000000000e+01	2.3132273897531256e-11	6.3472268682130346e+09
/SS/Z/PX1PY-1PZ8	7.0000000000000000e+01	3.3165170463323465e-11	2.2320148842784362e+09
/SS/Z/PX1PY-1PZ9	2.4000000000000000e+01	1.2045402033457628e-11	1.4782923240545050e+10
/SS/Z/PX1PY-2PZ5	1.0937500000000000e+00	1.3409701555981948e-11	2.8132596101224537e+09
/SS/Z/PX1PY-2PZ6	7.4062500000000000e+00	1.7268588064508841e-11	2.7791911023382878e+09
/SS/Z/PX1PY-2PZ7	2.4750000000000000e+01	2.1210682489609607e-11	2.6831736965982499e+09
/SS/Z/PX1PY-2PZ8	3.0500000000000000e+01	1.4967070594141871e-11	8.3278371022349291e+09
/SS/Z/PX1PY-2PZ9	9.0000000000000000e+00	2.4464248888798006e-11	3.4367439044633002e+09
/SS/Z/PX1PY0PZ5	1.5087890625000000e+00	1.8405959427159016e-11	4.6828900747012510e+09
/SS/Z/PX1PY0PZ6	1.7500000000000000e+01	2.2148900203302626e-11	7.3664342360312004e+09
/SS/Z/PX1PY0PZ7	6.2250000000000000e+01	1.7673250114128840e-11	7.1795178195377254e+09
/SS/Z/PX1PY0PZ8	8.0500000000000000e+01	1.2651178132518799e-11	1.3605893689406645e+10
/SS/Z/PX1PY0PZ9	4.1000000000000000e+01	9.6469919523226107e-12	9.3700779323742428e+09
/SS/Z/PX1PY1PZ5	1.6171875000000000e+00	9.6267160282577524e-12	3.2636099982034597e+09
/SS/Z/PX1PY1PZ6	4.9375000000000000e+00	4.8224768526431606e-11	1.7021264854123418e+09
/SS/Z/PX1PY1PZ7	2.6000000000000000e+01	1.2557391479331386e-11	1.3856819603757103e+10
/SS/Z/PX1PY1PZ8	3.9000000000000000e+01	2.5698552945509704e-11	1.4325514350721357e+10
/SS/Z/PX1PY1PZ9	3.2500000000000000e+01	1.5029783669813262e-11	5.9667368681678391e+09
/SS/Z/PX1PY2PZ5	7.8515625000000000e-01	1.5675507056451967e-11	8.6122978825684929e+09
/SS/Z/PX1PY2PZ6	1.4101562500000000e+00	1.5691343742754313e-11	2.1250407984583032e+09
/SS/Z/PX1PY2PZ7	2.8125000000000000e+00	1.7211908023050510e-11	7.2353748792298136e+09
/SS/Z/PX1PY2PZ8	9.7500000000000000e+00	2.5711109378789194e-11	4.4654216164717817e+09
/SS/Z/PX1PY2PZ9	2.1500000000000000e+01	7.0117326205852219e-12	1.0952711620248966e+10
/SS/Z/PX2PY-1PZ5	1.3750000000000000e+00	2.1721506433397457e-11	4.7768218076010742e+09
/SS/Z/PX2PY-1PZ6	7.6562500000000000e+00	6.0788707111798936e-12	1.0829979537001541e+10
/SS/Z/PX2PY-1PZ7	2.8750000000000000e+01	3.2226413883032279e-11	3.9106921587165260e+09
/SS/Z/PX2PY-1PZ8	3.3500000000000000e+01	1.0369185072723671e-11	4.0283260380136809e+09
/SS/Z/PX2PY-1PZ9	1.4000000000000000e+01	1.8677704152995756e-11	3.0206036879575562e+09
/SS/Z/PX2PY-2PZ5	1.0488281250000000e+00	1.0036461270681458e-11	5.7534011449019647e+08
/SS/Z/PX2PY-2PZ6	3.0468750000000000e+00	2.8735504781822605e-11	8.8703677539576805e+08
/SS/Z/PX2PY-2PZ7	1.1187500000000000e+01	1.8497962250254254e-11	9.0717307368565540e+09
/SS/Z/PX2PY-2PZ8	1.3625000000000000e+01	7.9615823229472291e-12	1.1720675705727707e+10
/SS/Z/PX2PY-2PZ9	3.2500000000000000e+00	3.8581325768614015e-11	9.4464708402321100e+08
/SS/Z/PX2PY0PZ5	7.6171875000000000e-01	1.9040937879963215e-11	3.7745411642058597e+09
/SS/Z/PX2PY0PZ6	8.5625000000000000e+00	2.0008445618254178e-11	2.4410906797370601e+09
/SS/Z/PX2PY0PZ7	3.1250000000000000e+01	1.7652224186130808e-11	9.7306824718167362e+09
/SS/Z/PX2PY0PZ8	4.2250000000000000e+01	7.6279191869181301e-12	9.0129928995096550e+09
/SS/Z/PX2PY0PZ9	2.2500000000000000e+01	2.0861174930783393e-11	3.9383479499040356e+09
/SS/Z/PX2PY1PZ5	5.6152343750000000e-01	4.8749522621181131e-11	6.5073748345678556e+08
/SS/Z/PX2PY1PZ6	3.9375000000000000e+00	8.7791789702587635e-12	7.9138472440527439e+09
/SS/Z/PX2PY1PZ7	1.5875000000000000e+01	1.8720871068034852e-11	4.9228089283512392e+09
/SS/Z/PX2PY1PZ8	2.8250000000000000e+01	2.5264800403555930e-11	3.4522603543089385e+09
/SS/Z/PX2PY1PZ9	3.0250000000000000e+01	5.4382126949291053e-11	2.3866616457243075e+09
/SS/Z/PX2PY2PZ5	3.2421875000000000e-01	5.7450482162939071e-11	3.0845896980561703e+08
/SS/Z/PX2PY2PZ6	1.2011718750000000e+00	3.1589516582580025e-11	1.3589236762194376e+09
/SS/Z/PX2PY2PZ7	4.3750000000000000e+00	2.5682073364787287e-11	2.3338440435714817e+09
/SS/Z/PX2PY2PZ8	1.3625000000000000e+01	2.3792324143844059e-11	2.4474047200722461e+09
/SS/Z/PX2PY2PZ9	2.3625000000000000e+01	3.1791601697417844e-11	2.8688431918193579e+09
/SS/Z5/PX-1PY-1PZ5	1.8679199218750000e+00	1.0470530688446893e-11	3.4775469669102163e+09
/SS/Z5/PX-1PY-1PZ6	2.2299804687500000e+00	3.1887626491924910e-11	6.3607544140445108e+09
/SS/Z5/PX-1PY-1PZ7	1.8671875000000000e+00	2.2230266337942005e-11	3.6584318853995085e+09
/SS/Z5/PX-1PY-1PZ8	1.0234375000000000e+01	6.4454040111501039e-11	8.6292313225118899e+08
/SS/Z5/PX-1PY-1PZ9	1.4109375000000000e+01	2.6754343774915003e-11	1.0969501971391893e+10
/SS/Z5/PX-1PY-2PZ5	1.1147460937500000e+00	1.0525187108007044e-11	3.5097762257405729e+09
/SS/Z5/PX-1PY-2PZ6	1.3754882812500000e+00	1.5250339205236587e-11	2.9100489973840132e+09
/SS/Z5/PX-1PY-2PZ7	4.0117187500000000e+00	2.2244311877637886e-11	3.0185615451595273e+09
/SS/Z5/PX-1PY-2PZ8	1.1210937500000000e+01	1.5643687513022126e-11	4.0921516816158223e+09
/SS/Z5/PX-1PY-2PZ9	1.1289062500000000e+01	1.9677210374752075e-11	1.8462975174332726e+09
/SS/Z5/PX-1PY0PZ5	3.0727539062500000e+00	1.6768177204656273e-11	3.4275720998809190e+09
/SS/Z5/PX-1PY0PZ6	7.0390625000000000e+00	7.3039391055716112e-11	1.2140418351843944e+09
/SS/Z5/PX-1PY0PZ7	8.9062500000000000e+00	2.9357419992839956e-11	1.1603299239518614e+10
/SS/Z5/PX-1PY0PZ8	1.2953125000000000e+01	5.8656840552691472e-11	5.7995984078617477e+09
/SS/Z5/PX-1PY0PZ9	1.5250000000000000e+01	2.0895195967404043e-11	1.2737811027586851e+10
/SS/Z5/PX-1PY1PZ5	3.0336914062500000e+00	2.9845197987630063e-11	2.5462727629244566e+09
/SS/Z5/PX-1PY1PZ6	8.8007812500000000e+00	3.6433264080042469e-11	2.7104252143538566e+09
/SS/Z5/PX-1PY1PZ7	1.2054687500000000e+01	1.5353753492298870e-11	1.1016810898296162e+10
/SS/Z5/PX-1PY1PZ8	9.3281250000000000e+00	2.5945767312815013e-11	1.0736559241579126e+10
/SS/Z5/PX-1PY1PZ9	3.3125000000000000e+00	6.5696869465863919e-11	3.2353237199017901e+09
/SS/Z5/PX-1PY2PZ5	1.0927734375000000e+00	1.7980890381315566e-11	1.6207019723164978e+09
/SS/Z5/PX-1PY2PZ6	3.5292968750000000e+00	3.2885998737761528e-11	8.8353567296267676e+08
/SS/Z5/PX-1PY2PZ7	4.0625000000000000e+00	3.1062189416761663e-11	3.8503344879743600e+09
/SS/Z5/PX-1PY2PZ8	2.3339843750000000e+00	3.2043209898688384e-11	4.9754848015941364e+08
/SS/Z5/PX-1PY2PZ9	6.4921875000000000e+00	1.6994767811020524e-11	4.9605770925171413e+09
/SS/Z5/PX-2PY-1PZ5	1.7133789062500000e+00	2.5550834868711353e-11	7.2500674224262369e+08
/SS/Z5/PX-2PY-1PZ6	4.0800781250000000e+00	1.2733905744918856e-11	5.2105723270430288e+09
/SS/Z5/PX-2PY-1PZ7	5.4394531250000000e+00	1.3417050920336994e-11	1.0132493493505289e+10
/SS/Z5/PX-2PY-1PZ8	7.4882812500000000e+00	2.2247616844589951e-11	3.0900428758516674e+09
/SS/Z5/PX-2PY-1PZ9	6.2031250000000000e+00	4.5877574068676311e-11	1.3419809336307578e+09
/SS/Z5/PX-2PY-2PZ5	6.7675781250000000e-01	8.8933056727046761e-12	1.8929403836248031e+09
/SS/Z5/PX-2PY-2PZ6	1.1524047851562500e+00	6.7108327579686505e-12	8.2271558822782021e+09
/SS/Z5/PX-2PY-2PZ7	2.4794921875000000e+00	2.5219716271141477e-11	2.4411614511448803e+09
/SS/Z5/PX-2PY-2PZ8	5.0000000000000000e+00	5.1680399357127365e-11	1.1938505879043801e+09
/SS/Z5/PX-2PY-2PZ9	3.3671875000000000e+00	1.5016123642691759e-11	2.8381357842844005e+09
/SS/Z5/PX-2PY0PZ5	2.1821289062500000e+00	2.3780483359720226e-11	1.4851431077004046e+09
/SS/Z5/PX-2PY0PZ6	6.8046875000000000e+00	1.1214252669400147e-11	7.0324880239597197e+09
/SS/Z5/PX-2PY0PZ7	1.1011718750000000e+01	3.0918517391327559e-11	4.0517062726180515e+09
/SS/Z5/PX-2PY0PZ8	1.2757812500000000e+01	1.4862987163354975e-11	1.4137337254239992e+10
/SS/Z5/PX-2PY0PZ9	1.0265625000000000e+01	2.1304295404111991e-11	6.8105028314786959e+09
/SS/Z5/PX-2PY1PZ5	1.6254882812500000e+00	1.6686216531578220e-11	2.5028625024148855e+09
/SS/Z5/PX-2PY1PZ6	5.9355468750000000e+00	3.3310142919458630e-11	4.0637631846253009e+09
/SS/Z5/PX-2PY1PZ7	1.0281250000000000e+01	4.1268130310524103e-11	4.3303674720355511e+09
/SS/Z5/PX-2PY1PZ8	9.5078125000000000e+00	2.4380800876151728e-11	5.1397367323450918e+09
/SS/Z5/PX-2PY1PZ9	4.3671875000000000e+00	2.3356090496589362e-11	8.6937820008953798e+08
/SS/Z5/PX-2PY2PZ5	6.1328125000000000e-01	9.6172634790851455e-12	7.0747665645192754e+08
/SS/Z5/PX-2PY2PZ6	2.4023437500000000e+00	1.1492894037671909e-11	3.4721101830910211e+09
/SS/Z5/PX-2PY2PZ7	3.9121093750000000e+00	3.4020360718852733e-11	2.4268819766746721e+09
/SS/Z5/PX-2PY2PZ8	2.4003906250000000e+00	1.4070745652323953e-11	6.4198467858084393e+09
/SS/Z5/PX-2PY2PZ9	2.5449218750000000e+00	1.5913801631064801e-11	3.9828414487051039e+09
/SS/Z5/PX0PY-1PZ5	1.5563964843750000e+00	3.0147541967277217e-11	2.1219085604642029e+09
/SS/Z5/PX0PY-1PZ6	3.4980468750000000e+00	1.4372894365800410e-10	1.2415921639516981e+09
/SS/Z5/PX0PY-1PZ7	6.2734375000000000e+00	1.6024845579619881e-11	2.7998124329328294e+09
/SS/Z5/PX0PY-1PZ8	7.5625000000000000e+00	1.9351920619597263e-11	3.2658748382088952e+09
/SS/Z5/PX0PY-1PZ9	1.9500000000000000e+01	5.0968783736026784e-11	4.7300717908664064e+09
/SS/Z5/PX0PY-2PZ5	9.1711425781250000e-01	1.3134778332187736e-11	4.7077527642726135e+09
/SS/Z5/PX0PY-2PZ6	7.2851562500000000e-01	8.9703938170938964e-11	5.4068142510787249e+08
/SS/Z5/PX0PY-2PZ7	3.0185546875000000e+00	2.5822200413083953e-11	2.6609936502317672e+09
/SS/Z5/PX0PY-2PZ8	1.4468750000000000e+01	1.9729966083003286e-11	3.2491686645144978e+09
/SS/Z5/PX0PY-2PZ9	1.8585937500000000e+01	5.1471826826448808e-11	1.4064205145990520e+09
/SS/Z5/PX0PY0PZ5	1.9873046875000000e+00	3.0847404922458826e-11	4.0031721580661435e+09
/SS/Z5/PX0PY0PZ6	2.4042968750000000e+00	4.9974682550432887e-11	3.0187442668744178e+09
/SS/Z5/PX0PY0PZ7	5.2968750000000000e+00	8.3561399318271266e-12	2.1092786130784470e+10
/SS/Z5/PX0PY0PZ8	4.1601562500000000e+00	5.6126958587408547e-11	1.5614820644481010e+09
/SS/Z5/PX0PY0PZ9	1.1906250000000000e+01	1.1745266276549115e-11	4.4406031899563934e+10
/SS/Z5/PX0PY1PZ5	3.3808593750000000e+00	4.8742683415344655e-11	2.2103227974448290e+09
/SS/Z5/PX0PY1PZ6	5.9179687500000000e+00	5.7678772382704096e-11	1.8388382942874329e+09
/SS/Z5/PX0PY1PZ7	3.3476562500000000e+00	1.8447711558707120e-11	3.0151633492598633e+10
/SS/Z5/PX0PY1PZ8	2.7929687500000000e+00	2.3190015626457203e-11	2.7700539593946762e+09
/SS/Z5/PX0PY1PZ9	1.9941406250000000e+00	1.4804085479059386e-11	1.2588763272617750e+10
/SS/Z5/PX0PY2PZ5	1.7578125000000000e+00	3.5773746852365969e-11	1.1508006549915345e+09
/SS/Z5/PX0PY2PZ6	3.0625000000000000e+00	5.0329954334169479e-11	2.8931715801916537e+09
/SS/Z5/PX0PY2PZ7	1.6674804687500000e+00	1.8966786310835917e-11	9.0142269726721954e+09
/SS/Z5/PX0PY2PZ8	6.6718750000000000e+00	2.1694683041795834e-11	3.3523493707348843e+09
/SS/Z5/PX0PY2PZ9	8.5625000000000000e+00	8.5822096097400778e-12	1.1936306036481934e+10
/SS/Z5/PX1PY-1PZ5	8.7255859375000000e-01	7.2438241747084832e-12	1.6303302803028162e+09
/SS/Z5/PX1PY-1PZ6	3.4589843750000000e+00	1.7688858644743914e-11	9.7318796516592083e+09
/SS/Z5/PX1PY-1PZ7	6.4062500000000000e+00	1.1783273347384721e-11	2.5015260957199608e+10
/SS/Z5/PX1PY-1PZ8	6.8593750000000000e+00	1.7262804809478983e-11	1.2215102379237885e+10
/SS/Z5/PX1PY-1PZ9	1.6562500000000000e+01	2.7568008603149883e-11	3.4555289067117310e+09
/SS/Z5/PX1PY-2PZ5	3.3911132812500000e-01	3.3469630672998833e-11	1.0816572640845652e+09
/SS/Z5/PX1PY-2PZ6	8.1909179687500000e-01	9.6676281171427367e-11	1.0649382372595178e+09
/SS/Z5/PX1PY-2PZ7	2.3583984375000000e+00	1.4800218066108174e-11	8.2045067946075954e+09
/SS/Z5/PX1PY-2PZ8	1.2820312500000000e+01	1.1038567896836545e-11	1.0899043321225817e+10
/SS/Z5/PX1PY-2PZ9	1.7273437500000000e+01	1.1988193225386975e-11	4.1580580081640463e+09
/SS/Z5/PX1PY0PZ5	1.0270996093750000e+00	2.5539572299514162e-11	4.4716648109433594e+09
/SS/Z5/PX1PY0PZ6	2.7578125000000000e+00	1.4252997076489001e-11	1.8441855679706627e+10
/SS/Z5/PX1PY0PZ7	1.0875000000000000e+01	1.5343252206837193e-11	1.0482599861732216e+10
/SS/Z5/PX1PY0PZ8	7.0937500000000000e+00	6.8426977048494028e-11	2.7253252358691797e+09
/SS/Z5/PX1PY0PZ9	3.7812500000000000e+00	1.2734886092351876e-11	6.3182705495759897e+09
/SS/Z5/PX1PY1PZ5	5.4913330078125000e-01	1.8009004543910894e-11	6.9405485628427191e+09
/SS/Z5/PX1PY1PZ6	1.4223632812500000e+00	1.5088078030523212e-11	9.3918230698106995e+09
/SS/Z5/PX1PY1PZ7	5.9296875000000000e+00	1.6586526773442471e-11	3.8957042779785428e+09
/SS/Z5/PX1PY1PZ8	1.0203125000000000e+01	1.7085251228315502e-11	2.5203871203362034e+10
/SS/Z5/PX1PY1PZ9	4.5625000000000000e+00	1.8877151842467450e-11	5.4155453574039688e+09
/SS/Z5/PX1PY2PZ5	5.0622558593750000e-01	1.8358778553078242e-11	1.8703987172036018e+09
/SS/Z5/PX1PY2PZ6	1.3466796875000000e+00	2.3060940943947643e-11	8.8351363342436016e+08
/SS/Z5/PX1PY2PZ7	2.6171875000000000e+00	2.3219904578351260e-11	3.4790978816776409e+09
/SS/Z5/PX1PY2PZ8	7.8515625000000000e+00	1.4048999964726365e-11	7.0247016304912195e+09
/SS/Z5/PX1PY2PZ9	6.9531250000000000e+00	9.8010964100676304e-12	4.5905524256651611e+09
/SS/Z5/PX2PY-1PZ5	5.2478027343750000e-01	2.1744661593786042e-11	1.2699701130740576e+09
/SS/Z5/PX2PY-1PZ6	1.2001953125000000e+00	2.3603206491908420e-11	4.1715361001463675e+09
/SS/Z5/PX2PY-1PZ7	9.8535156250000000e-01	1.7883960193726439e-10	2.3026028092406175e+08
/SS/Z5/PX2PY-1PZ8	7.8906250000000000e+00	3.1344793851775987e-11	1.3601928342828176e+09
/SS/Z5/PX2PY-1PZ9	1.0226562500000000e+01	3.4502632073411986e-11	1.4358060885753725e+09
/SS/Z5/PX2PY-2PZ5	2.6495361328125000e-01	1.1735112230244415e-11	2.5574236795791950e+09
/SS/Z5/PX2PY-2PZ6	5.5517578125000000e-01	1.9298139956400734e-11	1.9975101855395343e+09
/SS/Z5/PX2PY-2PZ7	1.7070312500000000e+00	4.9741789732935821e-11	2.6456799702538290e+09
/SS/Z5/PX2PY-2PZ8	8.3437500000000000e+00	3.8295782621221152e-11	9.0523745133998930e+08
/SS/Z5/PX2PY-2PZ9	1.0214843750000000e+01	2.2201750216995618e-11	2.7776796454183044e+09
/SS/Z5/PX2PY0PZ5	5.2954101562500000e-01	4.7570680860832235e-11	9.6953579907081091e+08
/SS/Z5/PX2PY0PZ6	1.6215820312500000e+00	2.0720004786749371e-11	4.8367201924412861e+09
/SS/Z5/PX2PY0PZ7	3.1445312500000000e+00	2.3322053545700562e-11	8.9368426087422886e+09
/SS/Z5/PX2PY0PZ8	2.7158203125000000e+00	3.2887692892576905e-11	7.9251284523110187e+08
/SS/Z5/PX2PY0PZ9	1.8896484375000000e+00	3.3263588522807616e-11	4.2718337311316996e+09
/SS/Z5/PX2PY1PZ5	7.9492187500000000e-01	1.1014704560772229e-10	3.1630595606563866e+08
/SS/Z5/PX2PY1PZ6	1.2441406250000000e+00	1.5230729969556099e-11	7.2785719255478792e+09
/SS/Z5/PX2PY1PZ7	2.8671875000000000e+00	4.9149916661183361e-11	2.6549639466006250e+09
/SS/Z5/PX2PY1PZ8	4.0234375000000000e+00	7.1770865701132315e-12	1.2604772810044231e+10
/SS/Z5/PX2PY1PZ9	2.5312500000000000e+00	1.9526408652009121e-11	4.1692219308584867e+09
/SS/Z5/PX2PY2PZ5	4.8608398437500000e-01	8.2462862966206399e-11	2.9476458726923060e+08
/SS/Z5/PX2PY2PZ6	5.9375000000000000e-01	3.7142747754180976e-11	8.9923178969139874e+08
/SS/Z5/PX2PY2PZ7	1.4316406250000000e+00	9.7187990059304257e-12	3.4930675547005453e+09
/SS/Z5/PX2PY2PZ8	3.2578125000000000e+00	1.1069204982029807e-11	2.2121319270714846e+09
/SS/Z5/PX2PY2PZ9	2.9140625000000000e+00	2.5366457718391911e-11	2.5330788513193760e+09
