# file_a: LQ2/data/qTMD/S64T64_gpt_lq2_1e-12.qTMD.1050.GI_PDF.D.ex.x33y37z39t49.1HYP_GSRC_W90_k3_T5.PX0PY0PZ9dt10.PpUnpol.5.h5
# file_b: Aurora/data/qTMD/S64T64_pyquda_aurora_1e-12.qTMD.1050.GI_PDF.D.ex.x33y37z39t49.1HYP_GSRC_W90_k3_T5.PX0PY0PZ9dt10.PpUnpol.5.h5
# dataset_path	abs_diff=max(abs(abs(a)-abs(b)))	rel_diff=max(abs(abs(a)-abs(b))/abs(a))	abs(a)_at_max_rel
/SS/5/PX-1PY-1PZ-1/b_X/eta0/bT0/bz-1	3.9114379882812500e-01	4.5070178182277801e-12	8.6785500879587830e+10
/SS/5/PX-1PY-1PZ-1/b_X/eta0/bT0/bz-10	1.4820671081542969e-01	1.8972638401384317e-11	3.7675704098372602e+09
/SS/5/PX-1PY-1PZ-1/b_X/eta0/bT0/bz-11	9.8676681518554688e-02	2.0602272848935535e-11	3.5145270702366910e+09
/SS/5/PX-1PY-1PZ-1/b_X/eta0/bT0/bz-12	8.1462860107421875e-02	2.3575020017983939e-11	1.8723048213022239e+09
/SS/5/PX-1PY-1PZ-1/b_X/eta0/bT0/bz-13	1.0717225074768066e-01	7.3203991088878657e-11	1.4640219631954269e+09
/SS/5/PX-1PY-1PZ-1/b_X/eta0/bT0/bz-14	1.0851931571960449e-01	8.5135217411715076e-11	1.2154737714960754e+09
/SS/5/PX-1PY-1PZ-1/b_X/eta0/bT0/bz-15	1.1807322502136230e-01	1.3286339788742527e-10	6.0736952481835270e+08
/SS/5/PX-1PY-1PZ-1/b_X/eta0/bT0/bz-16	1.0386371612548828e-01	2.1368433183986815e-10	3.1147286450194269e+08
/SS/5/PX-1PY-1PZ-1/b_X/eta0/bT0/bz-17	8.5481166839599609e-02	6.4690234168838334e-11	9.2438738978741097e+08
/SS/5/PX-1PY-1PZ-1/b_X/eta0/bT0/bz-18	8.2323074340820312e-02	4.4698033415594642e-11	1.1575064543770907e+09
/SS/5/PX-1PY-1PZ-1/b_X/eta0/bT0/bz-19	7.8512191772460938e-02	4.1961481479178858e-11	1.0982662957628076e+09
/SS/5/PX-1PY-1PZ-1/b_X/eta0/bT0/bz-2	3.6976623535156250e-01	4.7801528285961883e-12	7.7354479785566528e+10
/SS/5/PX-1PY-1PZ-1/b_X/eta0/bT0/bz-20	6.7954540252685547e-02	3.7908881936222270e-11	9.5566783536060238e+08
/SS/5/PX-1PY-1PZ-1/b_X/eta0/bT0/bz-3	3.3393859863281250e-01	5.0830360959481082e-12	6.5696680552595001e+10
/SS/5/PX-1PY-1PZ-1/b_X/eta0/bT0/bz-4	2.9684448242187500e-01	5.9322769735129467e-12	3.8325243080586555e+10
/SS/5/PX-1PY-1PZ-1/b_X/eta0/bT0/bz-5	2.6083374023437500e-01	7.7105786838163290e-12	2.9519385130687904e+10
/SS/5/PX-1PY-1PZ-1/b_X/eta0/bT0/bz-6	2.5740432739257812e-01	1.0121717847330305e-11	2.1083931833482895e+10
/SS/5/PX-1PY-1PZ-1/b_X/eta0/bT0/bz-7	2.6896667480468750e-01	1.3819779275572758e-11	1.3411690570280331e+10
/SS/5/PX-1PY-1PZ-1/b_X/eta0/bT0/bz-8	2.5325012207031250e-01	1.7555374326368719e-11	7.6071220736504793e+09
/SS/5/PX-1PY-1PZ-1/b_X/eta0/bT0/bz-9	2.0833206176757812e-01	1.3490804299880617e-11	1.5442523450541914e+10
/SS/5/PX-1PY-1PZ-1/b_X/eta0/bT0/bz0	3.7625122070312500e-01	5.2159350734937365e-12	5.2616563705478912e+10
/SS/5/PX-1PY-1PZ-1/b_X/eta0/bT0/bz1	3.3084106445312500e-01	7.2221027383705095e-12	4.5809520639382538e+10
/SS/5/PX-1PY-1PZ-1/b_X/eta0/bT0/bz10	2.0371818542480469e-01	1.3881964267481935e-11	5.8596643277937288e+09
/SS/5/PX-1PY-1PZ-1/b_X/eta0/bT0/bz11	1.7922401428222656e-01	2.0905178988940402e-11	2.0544309151774516e+09
/SS/5/PX-1PY-1PZ-1/b_X/eta0/bT0/bz12	1.5551376342773438e-01	3.1160916090129862e-11	1.5510983286609123e+09
/SS/5/PX-1PY-1PZ-1/b_X/eta0/bT0/bz13	1.3170051574707031e-01	4.2496422544328100e-11	1.4149791025934417e+09
/SS/5/PX-1PY-1PZ-1/b_X/eta0/bT0/bz14	1.2239456176757812e-01	6.2068995805895181e-11	1.2299901205335662e+09
/SS/5/PX-1PY-1PZ-1/b_X/eta0/bT0/bz15	1.1546134948730469e-01	7.6241558018444804e-11	1.0734824199987565e+09
/SS/5/PX-1PY-1PZ-1/b_X/eta0/bT0/bz16	1.1744022369384766e-01	4.9838692812128000e-11	1.1930522203019285e+09
/SS/5/PX-1PY-1PZ-1/b_X/eta0/bT0/bz17	1.0868167877197266e-01	3.9564566669819404e-11	1.3876336244257317e+09
/SS/5/PX-1PY-1PZ-1/b_X/eta0/bT0/bz18	8.9800834655761719e-02	4.7647993430301800e-11	1.5536589279618518e+09
/SS/5/PX-1PY-1PZ-1/b_X/eta0/bT0/bz19	8.5858106613159180e-02	4.6767469460921868e-11	1.8358510221490774e+09
/SS/5/PX-1PY-1PZ-1/b_X/eta0/bT0/bz2	3.6693954467773438e-01	1.0771047733690911e-11	3.4067209964168949e+10
/SS/5/PX-1PY-1PZ-1/b_X/eta0/bT0/bz20	7.8104019165039062e-02	3.0155850755974641e-11	2.5115824943305821e+09
/SS/5/PX-1PY-1PZ-1/b_X/eta0/bT0/bz3	3.7574005126953125e-01	1.7449104776309071e-11	2.1533485877148239e+10
/SS/5/PX-1PY-1PZ-1/b_X/eta0/bT0/bz4	3.3949089050292969e-01	3.1237065363501256e-11	1.0868206937890062e+10
/SS/5/PX-1PY-1PZ-1/b_X/eta0/bT0/bz5	1.8175125122070312e-01	1.5430754197682803e-11	1.1778507316771091e+10
/SS/5/PX-1PY-1PZ-1/b_X/eta0/bT0/bz6	2.2103309631347656e-01	2.5909566758484344e-11	6.6714517125743265e+09
/SS/5/PX-1PY-1PZ-1/b_X/eta0/bT0/bz7	2.5924491882324219e-01	4.3269398163362792e-11	3.5410527884854016e+09
/SS/5/PX-1PY-1PZ-1/b_X/eta0/bT0/bz8	2.5212860107421875e-01	5.3454468818532027e-11	2.1205481614370174e+09
/SS/5/PX-1PY-1PZ-1/b_X/eta0/bT0/bz9	2.2991371154785156e-01	3.4280324566503725e-11	1.8535686671544840e+09
/SS/5/PX-1PY-1PZ-2/b_X/eta0/bT0/bz-1	1.1883850097656250e+00	7.0988070438109874e-12	1.0229835584777950e+11
/SS/5/PX-1PY-1PZ-2/b_X/eta0/bT0/bz-10	1.4326763153076172e-01	2.0925353700862894e-11	6.3251351396265039e+09
/SS/5/PX-1PY-1PZ-2/b_X/eta0/bT0/bz-11	1.1615943908691406e-01	2.6149366787119222e-11	4.4421511248269472e+09
/SS/5/PX-1PY-1PZ-2/b_X/eta0/bT0/bz-12	8.3483695983886719e-02	3.1821476095152556e-11	2.5881826020807385e+09
/SS/5/PX-1PY-1PZ-2/b_X/eta0/bT0/bz-13	7.7181339263916016e-02	2.2341599299365507e-11	3.0705559848241138e+09
/SS/5/PX-1PY-1PZ-2/b_X/eta0/bT0/bz-14	7.6470375061035156e-02	2.8022213370002090e-11	1.7709902142025418e+09
/SS/5/PX-1PY-1PZ-2/b_X/eta0/bT0/bz-15	7.8835010528564453e-02	2.2045132288471114e-11	3.5760733706185374e+09
/SS/5/PX-1PY-1PZ-2/b_X/eta0/bT0/bz-16	9.7521901130676270e-02	1.7971762952301366e-10	5.4263959183919764e+08
/SS/5/PX-1PY-1PZ-2/b_X/eta0/bT0/bz-17	1.0481977462768555e-01	1.6006996434822877e-10	6.5483724604106474e+08
/SS/5/PX-1PY-1PZ-2/b_X/eta0/bT0/bz-18	9.5764160156250000e-02	8.1551418021218226e-11	8.2701450104240823e+08
/SS/5/PX-1PY-1PZ-2/b_X/eta0/bT0/bz-19	8.7436676025390625e-02	5.4248999729716807e-11	8.5686800089309585e+08
/SS/5/PX-1PY-1PZ-2/b_X/eta0/bT0/bz-2	9.9578857421875000e-01	7.5355683991595844e-12	7.9973512560863815e+10
/SS/5/PX-1PY-1PZ-2/b_X/eta0/bT0/bz-20	6.9868087768554688e-02	2.1794156483842450e-11	2.2710973343931046e+09
/SS/5/PX-1PY-1PZ-2/b_X/eta0/bT0/bz-3	7.9512023925781250e-01	8.5952888678816326e-12	6.3015171948551460e+10
/SS/5/PX-1PY-1PZ-2/b_X/eta0/bT0/bz-4	6.2712097167968750e-01	1.0554825745186601e-11	4.5803144982062477e+10
/SS/5/PX-1PY-1PZ-2/b_X/eta0/bT0/bz-5	4.9713134765625000e-01	1.4206586550576856e-11	3.0210209780723896e+10
/SS/5/PX-1PY-1PZ-2/b_X/eta0/bT0/bz-6	3.9608001708984375e-01	2.2524762193679474e-11	1.6978672792555197e+10
/SS/5/PX-1PY-1PZ-2/b_X/eta0/bT0/bz-7	3.3133220672607422e-01	5.0635759716993764e-11	6.5434429853113565e+09
/SS/5/PX-1PY-1PZ-2/b_X/eta0/bT0/bz-8	2.3760986328125000e-01	3.6702561837790249e-11	2.8460384321930485e+09
/SS/5/PX-1PY-1PZ-2/b_X/eta0/bT0/bz-9	1.8193817138671875e-01	2.5625777418350419e-11	7.0998108044298496e+09
/SS/5/PX-1PY-1PZ-2/b_X/eta0/bT0/bz0	1.2862854003906250e+00	7.4305095573644946e-12	1.0796444426423407e+11
/SS/5/PX-1PY-1PZ-2/b_X/eta0/bT0/bz1	1.2003173828125000e+00	7.7210115504460145e-12	9.9354903993610947e+10
/SS/5/PX-1PY-1PZ-2/b_X/eta0/bT0/bz10	1.4773178100585938e-01	2.7695940140869961e-11	4.3662993105914192e+09
/SS/5/PX-1PY-1PZ-2/b_X/eta0/bT0/bz11	1.1584854125976562e-01	6.0839829318476393e-11	1.3494161068560920e+09
/SS/5/PX-1PY-1PZ-2/b_X/eta0/bT0/bz12	1.1442756652832031e-01	5.3723200560450365e-11	1.8584002715533102e+09
/SS/5/PX-1PY-1PZ-2/b_X/eta0/bT0/bz13	1.1246681213378906e-01	7.8115733520078782e-11	9.9588380875282240e+08
/SS/5/PX-1PY-1PZ-2/b_X/eta0/bT0/bz14	1.0156440734863281e-01	3.3034845000692221e-11	1.4135650196158824e+09
/SS/5/PX-1PY-1PZ-2/b_X/eta0/bT0/bz15	8.3713531494140625e-02	9.6211526066061176e-11	3.0169037209591061e+08
/SS/5/PX-1PY-1PZ-2/b_X/eta0/bT0/bz16	6.7113876342773438e-02	1.8917419332084954e-11	1.3654980585816982e+09
/SS/5/PX-1PY-1PZ-2/b_X/eta0/bT0/bz17	6.2295913696289062e-02	1.3479441548601975e-11	1.5930664550541098e+09
/SS/5/PX-1PY-1PZ-2/b_X/eta0/bT0/bz18	6.2492370605468750e-02	1.4665551262600095e-11	4.0497608538107052e+09
/SS/5/PX-1PY-1PZ-2/b_X/eta0/bT0/bz19	6.3040733337402344e-02	3.2877888862377577e-11	1.1172672629473827e+09
/SS/5/PX-1PY-1PZ-2/b_X/eta0/bT0/bz2	1.0001525878906250e+00	8.0761531625453736e-12	8.3317151933019028e+10
/SS/5/PX-1PY-1PZ-2/b_X/eta0/bT0/bz20	6.5417289733886719e-02	4.1712099351679606e-11	1.4304451934072590e+09
/SS/5/PX-1PY-1PZ-2/b_X/eta0/bT0/bz3	7.7368164062500000e-01	8.7140558288140710e-12	4.6747909309298309e+10
/SS/5/PX-1PY-1PZ-2/b_X/eta0/bT0/bz4	5.6962585449218750e-01	1.0074596266378491e-11	3.1602104944774670e+10
/SS/5/PX-1PY-1PZ-2/b_X/eta0/bT0/bz5	4.0431976318359375e-01	1.1861047193579991e-11	2.0525504664036865e+10
/SS/5/PX-1PY-1PZ-2/b_X/eta0/bT0/bz6	3.3756637573242188e-01	1.4092102378214103e-11	1.2371418384180645e+10
/SS/5/PX-1PY-1PZ-2/b_X/eta0/bT0/bz7	2.7856063842773438e-01	1.7758694923865364e-11	6.0779724857937813e+09
/SS/5/PX-1PY-1PZ-2/b_X/eta0/bT0/bz8	2.2883987426757812e-01	1.2496707412766870e-11	1.8312013453543053e+10
/SS/5/PX-1PY-1PZ-2/b_X/eta0/bT0/bz9	1.8598937988281250e-01	2.1361259804447422e-11	4.1565202699519944e+09
/SS/5/PX-1PY-1PZ0/b_X/eta0/bT0/bz-1	1.6146240234375000e+00	5.8086036254637613e-12	2.7797111449631543e+11
/SS/5/PX-1PY-1PZ0/b_X/eta0/bT0/bz-10	2.2738456726074219e-01	2.1304969095811105e-11	1.0672841919561836e+10
/SS/5/PX-1PY-1PZ0/b_X/eta0/bT0/bz-11	1.9689083099365234e-01	3.6096336135247909e-11	5.4545932378269644e+09
/SS/5/PX-1PY-1PZ0/b_X/eta0/bT0/bz-12	1.6671133041381836e-01	5.7871897046354910e-11	2.8806957940273490e+09
/SS/5/PX-1PY-1PZ0/b_X/eta0/bT0/bz-13	1.2691760063171387e-01	2.6361821926611341e-10	1.9193494526160115e+08
/SS/5/PX-1PY-1PZ0/b_X/eta0/bT0/bz-14	9.0373039245605469e-02	7.8481755541189800e-11	8.4163095985443103e+08
/SS/5/PX-1PY-1PZ0/b_X/eta0/bT0/bz-15	9.1712951660156250e-02	5.5269482947948250e-11	1.5068091632578549e+09
/SS/5/PX-1PY-1PZ0/b_X/eta0/bT0/bz-16	1.0042142868041992e-01	5.8025089668077295e-11	1.5217717694146514e+09
/SS/5/PX-1PY-1PZ0/b_X/eta0/bT0/bz-17	1.0236358642578125e-01	3.7836708003360171e-11	2.0297777478186584e+09
/SS/5/PX-1PY-1PZ0/b_X/eta0/bT0/bz-18	8.8756084442138672e-02	3.4445161918506470e-11	1.8384688957186306e+09
/SS/5/PX-1PY-1PZ0/b_X/eta0/bT0/bz-19	7.8905105590820312e-02	7.9553357943665445e-11	7.5525000552504563e+08
/SS/5/PX-1PY-1PZ0/b_X/eta0/bT0/bz-2	1.3261108398437500e+00	5.7498952137515275e-12	2.3063217511724481e+11
/SS/5/PX-1PY-1PZ0/b_X/eta0/bT0/bz-20	7.9007625579833984e-02	1.0446881055250070e-10	7.0160149871328950e+08
/SS/5/PX-1PY-1PZ0/b_X/eta0/bT0/bz-3	1.0361022949218750e+00	5.8615769556604490e-12	1.7371596746425714e+11
/SS/5/PX-1PY-1PZ0/b_X/eta0/bT0/bz-4	8.0450439453125000e-01	6.1515253572834185e-12	1.2862574091466638e+11
/SS/5/PX-1PY-1PZ0/b_X/eta0/bT0/bz-5	6.4343261718750000e-01	6.4667254598561434e-12	9.3076193986556625e+10
/SS/5/PX-1PY-1PZ0/b_X/eta0/bT0/bz-6	5.0976562500000000e-01	7.1405325424119923e-12	7.1390421088649902e+10
/SS/5/PX-1PY-1PZ0/b_X/eta0/bT0/bz-7	4.0243530273437500e-01	8.4185626188405982e-12	4.7803327118305412e+10
/SS/5/PX-1PY-1PZ0/b_X/eta0/bT0/bz-8	3.2331466674804688e-01	1.0467541916351246e-11	3.0887353433283142e+10
/SS/5/PX-1PY-1PZ0/b_X/eta0/bT0/bz-9	2.6770401000976562e-01	1.4154692143743111e-11	1.8912739838577171e+10
/SS/5/PX-1PY-1PZ0/b_X/eta0/bT0/bz0	1.7794189453125000e+00	5.9375795215261479e-12	2.9968759809639270e+11
/SS/5/PX-1PY-1PZ0/b_X/eta0/bT0/bz1	1.6840820312500000e+00	6.0833239725393916e-12	2.7683582838133893e+11
/SS/5/PX-1PY-1PZ0/b_X/eta0/bT0/bz10	2.1430587768554688e-01	1.0588302461902158e-11	2.0239871165056183e+10
/SS/5/PX-1PY-1PZ0/b_X/eta0/bT0/bz11	1.7928695678710938e-01	1.2928482156378600e-11	1.3867595176178785e+10
/SS/5/PX-1PY-1PZ0/b_X/eta0/bT0/bz12	1.5284538269042969e-01	1.6531012075006492e-11	9.2459785279280701e+09
/SS/5/PX-1PY-1PZ0/b_X/eta0/bT0/bz13	1.2809181213378906e-01	2.0846741601804120e-11	6.1444524319668131e+09
/SS/5/PX-1PY-1PZ0/b_X/eta0/bT0/bz14	1.0329866409301758e-01	2.4515472354475336e-11	4.2136110044871421e+09
/SS/5/PX-1PY-1PZ0/b_X/eta0/bT0/bz15	7.7675819396972656e-02	2.2783380480386999e-11	3.2015345638951044e+09
/SS/5/PX-1PY-1PZ0/b_X/eta0/bT0/bz16	7.9812049865722656e-02	1.1413419125240817e-11	6.9928256370799541e+09
/SS/5/PX-1PY-1PZ0/b_X/eta0/bT0/bz17	7.5968742370605469e-02	1.0604142675332671e-11	2.5343437050166831e+09
/SS/5/PX-1PY-1PZ0/b_X/eta0/bT0/bz18	7.4934005737304688e-02	1.3234286039803338e-11	5.6621116932136526e+09
/SS/5/PX-1PY-1PZ0/b_X/eta0/bT0/bz19	1.1312985420227051e-01	8.2137171079450028e-11	1.3773283486089597e+09
/SS/5/PX-1PY-1PZ0/b_X/eta0/bT0/bz2	1.4395446777343750e+00	6.2612395966192420e-12	2.2991368650253497e+11
/SS/5/PX-1PY-1PZ0/b_X/eta0/bT0/bz20	1.1094903945922852e-01	3.1094736529443426e-11	3.5680971071799083e+09
/SS/5/PX-1PY-1PZ0/b_X/eta0/bT0/bz3	1.1612854003906250e+00	6.4596189575234840e-12	1.7977614593475085e+11
/SS/5/PX-1PY-1PZ0/b_X/eta0/bT0/bz4	9.0922546386718750e-01	6.6754180183951966e-12	1.3620502287072800e+11
/SS/5/PX-1PY-1PZ0/b_X/eta0/bT0/bz5	6.9822692871093750e-01	6.9185157332229118e-12	1.0092149178154379e+11
/SS/5/PX-1PY-1PZ0/b_X/eta0/bT0/bz6	5.2519226074218750e-01	7.1446801994907737e-12	7.3508155169719116e+10
/SS/5/PX-1PY-1PZ0/b_X/eta0/bT0/bz7	3.8646697998046875e-01	7.2446715156341128e-12	5.2727877856270317e+10
/SS/5/PX-1PY-1PZ0/b_X/eta0/bT0/bz8	3.1678009033203125e-01	8.0449052755437153e-12	3.9376484803995613e+10
/SS/5/PX-1PY-1PZ0/b_X/eta0/bT0/bz9	2.6100158691406250e-01	9.1666610049199820e-12	2.8472917976783066e+10
/SS/5/PX-1PY-2PZ-1/b_X/eta0/bT0/bz-1	1.3580322265625000e+00	9.8978975150682070e-12	1.3720411072099707e+11
/SS/5/PX-1PY-2PZ-1/b_X/eta0/bT0/bz-10	1.2749290466308594e-01	1.4764959504078804e-11	6.6068851813600111e+09
/SS/5/PX-1PY-2PZ-1/b_X/eta0/bT0/bz-11	1.1614799499511719e-01	1.5220533519394892e-11	7.6310068137305851e+09
/SS/5/PX-1PY-2PZ-1/b_X/eta0/bT0/bz-12	9.8876953125000000e-02	1.7499117201852276e-11	5.6503966448395414e+09
/SS/5/PX-1PY-2PZ-1/b_X/eta0/bT0/bz-13	8.7841033935546875e-02	1.4207942322276253e-11	4.6965026131904001e+09
/SS/5/PX-1PY-2PZ-1/b_X/eta0/bT0/bz-14	7.0434570312500000e-02	1.4752196454809493e-11	3.6775963957578244e+09
/SS/5/PX-1PY-2PZ-1/b_X/eta0/bT0/bz-15	7.0508956909179688e-02	1.9846751801518995e-11	3.5526698582376184e+09
/SS/5/PX-1PY-2PZ-1/b_X/eta0/bT0/bz-16	8.2949161529541016e-02	2.3528279800528453e-11	3.5255089718746862e+09
/SS/5/PX-1PY-2PZ-1/b_X/eta0/bT0/bz-17	8.6959362030029297e-02	2.2872091629743670e-11	3.8019855567972760e+09
/SS/5/PX-1PY-2PZ-1/b_X/eta0/bT0/bz-18	8.1843376159667969e-02	1.9034519505375672e-11	4.2997342873064909e+09
/SS/5/PX-1PY-2PZ-1/b_X/eta0/bT0/bz-19	6.9558143615722656e-02	2.9960358423418297e-11	1.6078498785274978e+09
/SS/5/PX-1PY-2PZ-1/b_X/eta0/bT0/bz-2	1.1873626708984375e+00	1.0387191412934436e-11	1.1431027153498862e+11
/SS/5/PX-1PY-2PZ-1/b_X/eta0/bT0/bz-20	5.7595252990722656e-02	3.3591120505223840e-11	1.2314735717733643e+09
/SS/5/PX-1PY-2PZ-1/b_X/eta0/bT0/bz-3	9.8188781738281250e-01	1.0844638789686703e-11	9.0541311372822479e+10
/SS/5/PX-1PY-2PZ-1/b_X/eta0/bT0/bz-4	7.8155517578125000e-01	1.1105831013685433e-11	7.0373407880793381e+10
/SS/5/PX-1PY-2PZ-1/b_X/eta0/bT0/bz-5	5.9783935546875000e-01	1.1418954028686850e-11	4.6626418270907074e+10
/SS/5/PX-1PY-2PZ-1/b_X/eta0/bT0/bz-6	4.4188690185546875e-01	1.1843538702145180e-11	3.5230958145390869e+10
/SS/5/PX-1PY-2PZ-1/b_X/eta0/bT0/bz-7	3.2057189941406250e-01	1.2438793957494027e-11	2.5771943848376625e+10
/SS/5/PX-1PY-2PZ-1/b_X/eta0/bT0/bz-8	2.4095535278320312e-01	1.3223410604003226e-11	1.8221876337278435e+10
/SS/5/PX-1PY-2PZ-1/b_X/eta0/bT0/bz-9	1.6958427429199219e-01	3.2302920630460642e-11	2.4419678686886554e+09
/SS/5/PX-1PY-2PZ-1/b_X/eta0/bT0/bz0	1.4219665527343750e+00	9.4791371045810751e-12	1.2786194150917940e+11
/SS/5/PX-1PY-2PZ-1/b_X/eta0/bT0/bz1	1.3116760253906250e+00	9.5541003363246386e-12	1.2077857919026262e+11
/SS/5/PX-1PY-2PZ-1/b_X/eta0/bT0/bz10	2.0220947265625000e-01	1.4150050445583874e-11	1.2354048504502361e+10
/SS/5/PX-1PY-2PZ-1/b_X/eta0/bT0/bz11	1.8181610107421875e-01	1.5175489793172497e-11	9.3838523972044945e+09
/SS/5/PX-1PY-2PZ-1/b_X/eta0/bT0/bz12	1.5753555297851562e-01	2.2740934001805936e-11	4.0251245350290961e+09
/SS/5/PX-1PY-2PZ-1/b_X/eta0/bT0/bz13	1.2757110595703125e-01	9.7047531498555255e-11	1.0204648444143480e+09
/SS/5/PX-1PY-2PZ-1/b_X/eta0/bT0/bz14	1.1604881286621094e-01	1.9547642707914599e-11	1.7495447790345833e+09
/SS/5/PX-1PY-2PZ-1/b_X/eta0/bT0/bz15	1.1553001403808594e-01	1.4841579930385489e-11	7.7842126363891239e+09
/SS/5/PX-1PY-2PZ-1/b_X/eta0/bT0/bz16	1.1307811737060547e-01	1.3626710112377079e-11	8.2982698272782021e+09
/SS/5/PX-1PY-2PZ-1/b_X/eta0/bT0/bz17	1.0741996765136719e-01	1.5481938774957019e-11	3.4943659557319064e+09
/SS/5/PX-1PY-2PZ-1/b_X/eta0/bT0/bz18	9.8461151123046875e-02	2.8254076066836429e-11	1.5095245966432977e+09
/SS/5/PX-1PY-2PZ-1/b_X/eta0/bT0/bz19	8.9744567871093750e-02	4.1806030576736455e-11	6.0720672601304901e+08
/SS/5/PX-1PY-2PZ-1/b_X/eta0/bT0/bz2	1.1079101562500000e+00	9.7590493442782828e-12	1.0343683639857030e+11
/SS/5/PX-1PY-2PZ-1/b_X/eta0/bT0/bz20	8.4619522094726562e-02	1.9027348929222106e-11	1.4726121434236803e+09
/SS/5/PX-1PY-2PZ-1/b_X/eta0/bT0/bz3	8.8879394531250000e-01	1.0193639501969095e-11	6.6920853252744789e+10
/SS/5/PX-1PY-2PZ-1/b_X/eta0/bT0/bz4	6.9448852539062500e-01	1.1515314382973630e-11	5.1633325399131363e+10
/SS/5/PX-1PY-2PZ-1/b_X/eta0/bT0/bz5	5.5043029785156250e-01	1.2664246695226611e-11	3.9746298829086655e+10
/SS/5/PX-1PY-2PZ-1/b_X/eta0/bT0/bz6	4.4814300537109375e-01	1.3531715094343904e-11	3.0950103551433346e+10
/SS/5/PX-1PY-2PZ-1/b_X/eta0/bT0/bz7	3.6620712280273438e-01	1.4027890470377825e-11	2.4543640573471855e+10
/SS/5/PX-1PY-2PZ-1/b_X/eta0/bT0/bz8	2.9310226440429688e-01	1.4021442397271712e-11	1.9788134705168171e+10
/SS/5/PX-1PY-2PZ-1/b_X/eta0/bT0/bz9	2.2525405883789062e-01	1.3865939998062586e-11	1.5881160194421520e+10
/SS/5/PX-1PY-2PZ-2/b_X/eta0/bT0/bz-1	1.2471771240234375e+00	3.4966281087457879e-11	3.5667994571798767e+10
/SS/5/PX-1PY-2PZ-2/b_X/eta0/bT0/bz-10	1.5398788452148438e-01	2.4234426895122607e-11	3.3182039906161590e+09
/SS/5/PX-1PY-2PZ-2/b_X/eta0/bT0/bz-11	1.3045120239257812e-01	2.0064402043249776e-11	3.1230972232829175e+09
/SS/5/PX-1PY-2PZ-2/b_X/eta0/bT0/bz-12	1.1217880249023438e-01	2.1809067133570745e-11	2.6138396968972983e+09
/SS/5/PX-1PY-2PZ-2/b_X/eta0/bT0/bz-13	9.8203659057617188e-02	1.8658666632818190e-11	2.5369754066928706e+09
/SS/5/PX-1PY-2PZ-2/b_X/eta0/bT0/bz-14	8.4547042846679688e-02	1.2726966939380526e-11	3.3125413045399899e+09
/SS/5/PX-1PY-2PZ-2/b_X/eta0/bT0/bz-15	6.7419052124023438e-02	1.8243575518479175e-11	2.5525391108661876e+09
/SS/5/PX-1PY-2PZ-2/b_X/eta0/bT0/bz-16	5.5243492126464844e-02	1.9760974984438644e-11	2.6184210926679316e+09
/SS/5/PX-1PY-2PZ-2/b_X/eta0/bT0/bz-17	5.9834957122802734e-02	1.8173202773942341e-11	3.1190989219948010e+09
/SS/5/PX-1PY-2PZ-2/b_X/eta0/bT0/bz-18	6.4742565155029297e-02	2.1135390281051941e-11	3.0632301695924473e+09
/SS/5/PX-1PY-2PZ-2/b_X/eta0/bT0/bz-19	6.9647312164306641e-02	3.1963950703289847e-11	2.1789331616363144e+09
/SS/5/PX-1PY-2PZ-2/b_X/eta0/bT0/bz-2	1.0752105712890625e+00	3.6701662261281465e-11	2.9295963862197037e+10
/SS/5/PX-1PY-2PZ-2/b_X/eta0/bT0/bz-20	7.1984052658081055e-02	5.2022539895212208e-11	1.3837089231528652e+09
/SS/5/PX-1PY-2PZ-2/b_X/eta0/bT0/bz-3	8.8191604614257812e-01	3.7270047261648161e-11	2.3662863638224911e+10
/SS/5/PX-1PY-2PZ-2/b_X/eta0/bT0/bz-4	7.0918273925781250e-01	3.5392296397970429e-11	5.7352014283023205e+09
/SS/5/PX-1PY-2PZ-2/b_X/eta0/bT0/bz-5	5.5740737915039062e-01	3.3585567782693570e-11	1.7447813425412560e+09
/SS/5/PX-1PY-2PZ-2/b_X/eta0/bT0/bz-6	4.2562103271484375e-01	1.0397803834566052e-10	2.4082244149393868e+09
/SS/5/PX-1PY-2PZ-2/b_X/eta0/bT0/bz-7	3.1786346435546875e-01	2.7912150531230942e-11	5.7215025343086157e+09
/SS/5/PX-1PY-2PZ-2/b_X/eta0/bT0/bz-8	2.3859405517578125e-01	2.3717923605683871e-11	2.9420332226404743e+09
/SS/5/PX-1PY-2PZ-2/b_X/eta0/bT0/bz-9	1.8707275390625000e-01	2.3721553521907744e-11	3.4339675660333867e+09
/SS/5/PX-1PY-2PZ-2/b_X/eta0/bT0/bz0	1.2975234985351562e+00	3.3059824854788517e-11	3.9247742667554321e+10
/SS/5/PX-1PY-2PZ-2/b_X/eta0/bT0/bz1	1.1460647583007812e+00	3.0971251881155921e-11	3.7004147029590698e+10
/SS/5/PX-1PY-2PZ-2/b_X/eta0/bT0/bz10	1.8983316421508789e-01	1.6793109477155813e-10	1.1304229539700425e+09
/SS/5/PX-1PY-2PZ-2/b_X/eta0/bT0/bz11	1.6660118103027344e-01	3.7925178051499819e-11	4.3928912028848047e+09
/SS/5/PX-1PY-2PZ-2/b_X/eta0/bT0/bz12	1.4719009399414062e-01	1.9643779066152729e-11	7.4929621993029308e+09
/SS/5/PX-1PY-2PZ-2/b_X/eta0/bT0/bz13	1.3061141967773438e-01	1.3127198573330722e-11	9.9496795868606071e+09
/SS/5/PX-1PY-2PZ-2/b_X/eta0/bT0/bz14	1.1388587951660156e-01	1.2014835165622857e-11	5.9633442098554869e+09
/SS/5/PX-1PY-2PZ-2/b_X/eta0/bT0/bz15	9.5315933227539062e-02	1.6518327144406498e-11	3.5443962505295143e+09
/SS/5/PX-1PY-2PZ-2/b_X/eta0/bT0/bz16	7.5578212738037109e-02	3.8828110564712027e-11	1.9464818565424738e+09
/SS/5/PX-1PY-2PZ-2/b_X/eta0/bT0/bz17	8.9223861694335938e-02	2.4579168410388712e-11	2.7297619908590889e+09
/SS/5/PX-1PY-2PZ-2/b_X/eta0/bT0/bz18	9.9224090576171875e-02	2.2198356381849356e-11	4.4698845657466402e+09
/SS/5/PX-1PY-2PZ-2/b_X/eta0/bT0/bz19	1.0373926162719727e-01	2.9279500938804265e-11	2.4108698334473925e+09
/SS/5/PX-1PY-2PZ-2/b_X/eta0/bT0/bz2	8.9580154418945312e-01	2.8270715321697331e-11	3.1686553877253311e+10
/SS/5/PX-1PY-2PZ-2/b_X/eta0/bT0/bz20	1.0863685607910156e-01	5.3744491713421876e-11	1.3385458879653571e+09
/SS/5/PX-1PY-2PZ-2/b_X/eta0/bT0/bz3	6.4750671386718750e-01	3.1136104362990778e-11	1.4758685415589724e+10
/SS/5/PX-1PY-2PZ-2/b_X/eta0/bT0/bz4	4.5252609252929688e-01	3.0027310447491137e-11	1.4015091219409534e+10
/SS/5/PX-1PY-2PZ-2/b_X/eta0/bT0/bz5	3.6598396301269531e-01	2.8614839081317399e-11	1.2790005981604345e+10
/SS/5/PX-1PY-2PZ-2/b_X/eta0/bT0/bz6	3.1706428527832031e-01	2.8918094509041841e-11	1.0964217755744024e+10
/SS/5/PX-1PY-2PZ-2/b_X/eta0/bT0/bz7	2.7828788757324219e-01	3.2816797966315024e-11	8.4800439049200430e+09
/SS/5/PX-1PY-2PZ-2/b_X/eta0/bT0/bz8	2.4531555175781250e-01	7.4947792963582349e-11	2.9853175528766160e+09
/SS/5/PX-1PY-2PZ-2/b_X/eta0/bT0/bz9	2.1515846252441406e-01	9.7301926244841845e-11	2.2112456641712170e+09
/SS/5/PX-1PY-2PZ0/b_X/eta0/bT0/bz-1	1.6640930175781250e+00	1.2133570791655613e-10	1.0870888460374693e+10
/SS/5/PX-1PY-2PZ0/b_X/eta0/bT0/bz-10	2.2455215454101562e-01	1.9641462740807685e-10	5.2309407386539847e+08
/SS/5/PX-1PY-2PZ0/b_X/eta0/bT0/bz-11	1.8493843078613281e-01	2.5800223778742474e-11	1.2550134256766286e+09
/SS/5/PX-1PY-2PZ0/b_X/eta0/bT0/bz-12	1.5110015869140625e-01	2.6205572369525276e-11	1.6224118648256578e+09
/SS/5/PX-1PY-2PZ0/b_X/eta0/bT0/bz-13	1.2275314331054688e-01	2.5125620086372939e-11	4.3255701579772701e+09
/SS/5/PX-1PY-2PZ0/b_X/eta0/bT0/bz-14	1.0919094085693359e-01	3.2216887059013126e-11	2.0238749731418567e+09
/SS/5/PX-1PY-2PZ0/b_X/eta0/bT0/bz-15	1.0114479064941406e-01	4.5678790291488945e-11	1.9691140297761149e+09
/SS/5/PX-1PY-2PZ0/b_X/eta0/bT0/bz-16	8.9901924133300781e-02	4.0475035900582619e-11	1.3690604117989013e+09
/SS/5/PX-1PY-2PZ0/b_X/eta0/bT0/bz-17	7.5830459594726562e-02	2.6629164466795140e-11	8.8280315168380594e+08
/SS/5/PX-1PY-2PZ0/b_X/eta0/bT0/bz-18	6.9880485534667969e-02	2.3871264856895525e-11	2.4804006323298354e+09
/SS/5/PX-1PY-2PZ0/b_X/eta0/bT0/bz-19	6.6377639770507812e-02	2.6917379214088684e-11	1.6217584859201763e+09
/SS/5/PX-1PY-2PZ0/b_X/eta0/bT0/bz-2	1.3634490966796875e+00	2.1000666068810562e-10	5.6657719789314089e+09
/SS/5/PX-1PY-2PZ0/b_X/eta0/bT0/bz-20	5.9404373168945312e-02	3.2490008173760507e-11	1.4862154846429400e+09
/SS/5/PX-1PY-2PZ0/b_X/eta0/bT0/bz-3	1.0689620971679688e+00	3.1744498299253416e-10	2.6759136294741139e+09
/SS/5/PX-1PY-2PZ0/b_X/eta0/bT0/bz-4	8.2146453857421875e-01	3.2209824792311866e-10	1.5537788529098351e+09
/SS/5/PX-1PY-2PZ0/b_X/eta0/bT0/bz-5	6.3169860839843750e-01	5.1893657136836362e-10	9.4927967186372256e+08
/SS/5/PX-1PY-2PZ0/b_X/eta0/bT0/bz-6	4.9254989624023438e-01	2.5562569398287703e-10	1.2480564324379823e+09
/SS/5/PX-1PY-2PZ0/b_X/eta0/bT0/bz-7	3.9398193359375000e-01	1.3569214666587875e-10	1.5716032104513454e+09
/SS/5/PX-1PY-2PZ0/b_X/eta0/bT0/bz-8	3.2349395751953125e-01	1.4300268287373114e-10	1.2740983210104737e+09
/SS/5/PX-1PY-2PZ0/b_X/eta0/bT0/bz-9	2.6982498168945312e-01	2.6070546625240039e-10	6.9914988142049289e+08
/SS/5/PX-1PY-2PZ0/b_X/eta0/bT0/bz0	1.8230438232421875e+00	7.9324551613597474e-11	1.6348444610782780e+10
/SS/5/PX-1PY-2PZ0/b_X/eta0/bT0/bz1	1.7062225341796875e+00	5.8271393396618685e-11	1.9704695483092518e+10
/SS/5/PX-1PY-2PZ0/b_X/eta0/bT0/bz10	2.4149894714355469e-01	2.6668792329088553e-11	4.2885640075177312e+09
/SS/5/PX-1PY-2PZ0/b_X/eta0/bT0/bz11	2.0968341827392578e-01	2.5441549788028656e-11	8.2417706476588488e+09
/SS/5/PX-1PY-2PZ0/b_X/eta0/bT0/bz12	1.6044425964355469e-01	2.2104265530227768e-11	7.2585202808094130e+09
/SS/5/PX-1PY-2PZ0/b_X/eta0/bT0/bz13	9.8334312438964844e-02	1.3522604036338923e-11	7.2718473582982788e+09
/SS/5/PX-1PY-2PZ0/b_X/eta0/bT0/bz14	6.2060356140136719e-02	1.6278579113035473e-11	1.4350448301869116e+09
/SS/5/PX-1PY-2PZ0/b_X/eta0/bT0/bz15	6.1056137084960938e-02	3.1212179754485789e-11	1.8637592116650844e+09
/SS/5/PX-1PY-2PZ0/b_X/eta0/bT0/bz16	6.3014507293701172e-02	3.3437331025533773e-11	1.0754006798933120e+09
/SS/5/PX-1PY-2PZ0/b_X/eta0/bT0/bz17	6.7867279052734375e-02	3.4247786819857298e-11	1.8706729985702536e+09
/SS/5/PX-1PY-2PZ0/b_X/eta0/bT0/bz18	7.9866409301757812e-02	3.0513521958646621e-11	1.8782887104713476e+09
/SS/5/PX-1PY-2PZ0/b_X/eta0/bT0/bz19	8.8118553161621094e-02	4.5468244096750909e-11	6.3835932960292840e+08
/SS/5/PX-1PY-2PZ0/b_X/eta0/bT0/bz2	1.4335937500000000e+00	4.6172907245110002e-11	2.0777431136012497e+10
/SS/5/PX-1PY-2PZ0/b_X/eta0/bT0/bz20	9.5489501953125000e-02	6.1956235186512933e-11	1.0351327619439909e+09
/SS/5/PX-1PY-2PZ0/b_X/eta0/bT0/bz3	1.1402587890625000e+00	3.7962956608315528e-11	1.9918383699291550e+10
/SS/5/PX-1PY-2PZ0/b_X/eta0/bT0/bz4	8.8634872436523438e-01	3.2608498001404750e-11	1.7164530207005655e+10
/SS/5/PX-1PY-2PZ0/b_X/eta0/bT0/bz5	6.8361663818359375e-01	2.9447812684717554e-11	1.4395171921001072e+10
/SS/5/PX-1PY-2PZ0/b_X/eta0/bT0/bz6	5.2997207641601562e-01	3.5706642660571502e-11	9.7786582384425545e+09
/SS/5/PX-1PY-2PZ0/b_X/eta0/bT0/bz7	4.1273117065429688e-01	3.8148260606092912e-11	7.2385556058605366e+09
/SS/5/PX-1PY-2PZ0/b_X/eta0/bT0/bz8	3.1574821472167969e-01	4.4136681144819711e-11	4.1259022916359129e+09
/SS/5/PX-1PY-2PZ0/b_X/eta0/bT0/bz9	2.6479911804199219e-01	4.4508282230994309e-11	2.7881962159901438e+09
/SS/5/PX-1PY0PZ-1/b_X/eta0/bT0/bz-1	9.2807006835937500e-01	7.4303990214203312e-12	1.2490178060208307e+11
/SS/5/PX-1PY0PZ-1/b_X/eta0/bT0/bz-10	1.9397544860839844e-01	1.5014146507652685e-11	8.5398561118687811e+09
/SS/5/PX-1PY0PZ-1/b_X/eta0/bT0/bz-11	1.6596794128417969e-01	1.2727697122912150e-11	8.9782990737067719e+09
/SS/5/PX-1PY0PZ-1/b_X/eta0/bT0/bz-12	1.5732383728027344e-01	1.3468967251187266e-11	8.4235653675836010e+09
/SS/5/PX-1PY0PZ-1/b_X/eta0/bT0/bz-13	1.4945983886718750e-01	1.6736135653484733e-11	7.2192834113998919e+09
/SS/5/PX-1PY0PZ-1/b_X/eta0/bT0/bz-14	1.4237403869628906e-01	2.4253943656590688e-11	5.5394946600001612e+09
/SS/5/PX-1PY0PZ-1/b_X/eta0/bT0/bz-15	1.4252424240112305e-01	6.3207628188990098e-11	8.1689434531179988e+08
/SS/5/PX-1PY0PZ-1/b_X/eta0/bT0/bz-16	1.2182903289794922e-01	2.4016804366430450e-11	4.2952424293190737e+09
/SS/5/PX-1PY0PZ-1/b_X/eta0/bT0/bz-17	1.0652685165405273e-01	3.2885379314435582e-11	1.5635539895448146e+09
/SS/5/PX-1PY0PZ-1/b_X/eta0/bT0/bz-18	9.1581821441650391e-02	3.8653821559387887e-11	2.3692824602334266e+09
/SS/5/PX-1PY0PZ-1/b_X/eta0/bT0/bz-19	8.0121040344238281e-02	8.7281280076042155e-11	9.1796362604254138e+08
/SS/5/PX-1PY0PZ-1/b_X/eta0/bT0/bz-2	7.4822998046875000e-01	7.4749717850381706e-12	1.0009803407772049e+11
/SS/5/PX-1PY0PZ-1/b_X/eta0/bT0/bz-20	6.6324472427368164e-02	1.3083849302701108e-10	5.0691865133050519e+08
/SS/5/PX-1PY0PZ-1/b_X/eta0/bT0/bz-3	5.6300354003906250e-01	7.7297892920125921e-12	7.2835561070316605e+10
/SS/5/PX-1PY0PZ-1/b_X/eta0/bT0/bz-4	3.9813232421875000e-01	8.0460495121595774e-12	4.8798050542487350e+10
/SS/5/PX-1PY0PZ-1/b_X/eta0/bT0/bz-5	3.3839416503906250e-01	8.3669473974039935e-12	2.9826588272159748e+10
/SS/5/PX-1PY0PZ-1/b_X/eta0/bT0/bz-6	3.0101013183593750e-01	8.1906346520281395e-12	1.5869820532814615e+10
/SS/5/PX-1PY0PZ-1/b_X/eta0/bT0/bz-7	2.7044677734375000e-01	1.2514294186009409e-11	8.5621388272378311e+09
/SS/5/PX-1PY0PZ-1/b_X/eta0/bT0/bz-8	2.9593515396118164e-01	1.0022986349109911e-10	2.9525646713812203e+09
/SS/5/PX-1PY0PZ-1/b_X/eta0/bT0/bz-9	2.1924972534179688e-01	2.6560804020256576e-11	6.3884909617754602e+09
/SS/5/PX-1PY0PZ-1/b_X/eta0/bT0/bz0	1.0466613769531250e+00	7.5900797470053628e-12	1.3789860078427783e+11
/SS/5/PX-1PY0PZ-1/b_X/eta0/bT0/bz1	1.0355529785156250e+00	7.9163541033328357e-12	1.3081185669545157e+11
/SS/5/PX-1PY0PZ-1/b_X/eta0/bT0/bz10	1.7326354980468750e-01	1.6107939684220650e-11	7.0507511554737558e+09
/SS/5/PX-1PY0PZ-1/b_X/eta0/bT0/bz11	1.4475822448730469e-01	1.4928072242138279e-11	9.1197859412795258e+09
/SS/5/PX-1PY0PZ-1/b_X/eta0/bT0/bz12	1.1792945861816406e-01	1.8890851281204708e-11	3.3399309623434534e+09
/SS/5/PX-1PY0PZ-1/b_X/eta0/bT0/bz13	9.4272613525390625e-02	1.2963688256721330e-11	3.1952241860886240e+09
/SS/5/PX-1PY0PZ-1/b_X/eta0/bT0/bz14	7.4861526489257812e-02	1.0229554364155194e-11	7.3181610678541269e+09
/SS/5/PX-1PY0PZ-1/b_X/eta0/bT0/bz15	6.2520980834960938e-02	1.3915544084233078e-11	4.4928879860184517e+09
/SS/5/PX-1PY0PZ-1/b_X/eta0/bT0/bz16	7.1280479431152344e-02	2.5991209990606036e-11	2.3176986331875110e+09
/SS/5/PX-1PY0PZ-1/b_X/eta0/bT0/bz17	8.7160110473632812e-02	5.8482391226632190e-11	1.0290940820133710e+09
/SS/5/PX-1PY0PZ-1/b_X/eta0/bT0/bz18	9.6266746520996094e-02	3.4853306945252389e-11	1.7123191535349028e+09
/SS/5/PX-1PY0PZ-1/b_X/eta0/bT0/bz19	9.8215103149414062e-02	1.8678804694405514e-11	3.1962642882980471e+09
/SS/5/PX-1PY0PZ-1/b_X/eta0/bT0/bz2	9.3461608886718750e-01	8.3650664800499849e-12	1.1172847114797858e+11
/SS/5/PX-1PY0PZ-1/b_X/eta0/bT0/bz20	9.4974517822265625e-02	2.1966533184120667e-11	2.5461956531686864e+09
/SS/5/PX-1PY0PZ-1/b_X/eta0/bT0/bz3	7.9942321777343750e-01	8.9529398787607544e-12	8.9291699553341782e+10
/SS/5/PX-1PY0PZ-1/b_X/eta0/bT0/bz4	6.6947174072265625e-01	9.8215577626009067e-12	6.8163498795670609e+10
/SS/5/PX-1PY0PZ-1/b_X/eta0/bT0/bz5	5.5378723144531250e-01	1.1138293860357281e-11	4.9719215383274940e+10
/SS/5/PX-1PY0PZ-1/b_X/eta0/bT0/bz6	4.5328521728515625e-01	1.3207533730312879e-11	3.4320201374524006e+10
/SS/5/PX-1PY0PZ-1/b_X/eta0/bT0/bz7	3.6122512817382812e-01	1.6708449153371634e-11	2.1619309180525333e+10
/SS/5/PX-1PY0PZ-1/b_X/eta0/bT0/bz8	2.6171875000000000e-01	2.2624537449548565e-11	1.1567916055018494e+10
/SS/5/PX-1PY0PZ-1/b_X/eta0/bT0/bz9	2.0328140258789062e-01	1.3786785745157199e-11	5.2431113021420441e+09
/SS/5/PX-1PY0PZ-2/b_X/eta0/bT0/bz-1	1.8692474365234375e+00	2.3519332196246483e-11	6.0545116715426224e+10
/SS/5/PX-1PY0PZ-2/b_X/eta0/bT0/bz-10	1.1384963989257812e-01	2.0827083034028598e-11	3.3936191476827598e+09
/SS/5/PX-1PY0PZ-2/b_X/eta0/bT0/bz-11	8.7594985961914062e-02	1.3286015400470075e-11	4.5068703820771313e+09
/SS/5/PX-1PY0PZ-2/b_X/eta0/bT0/bz-12	9.1600418090820312e-02	1.1362518578256536e-11	5.9201990402688437e+09
/SS/5/PX-1PY0PZ-2/b_X/eta0/bT0/bz-13	8.8520050048828125e-02	2.0516507327868323e-11	3.0998762019357772e+09
/SS/5/PX-1PY0PZ-2/b_X/eta0/bT0/bz-14	8.2936286926269531e-02	1.9270336860219636e-11	3.4332665020995965e+09
/SS/5/PX-1PY0PZ-2/b_X/eta0/bT0/bz-15	8.6567401885986328e-02	2.4500018462752549e-11	3.5333606796090789e+09
/SS/5/PX-1PY0PZ-2/b_X/eta0/bT0/bz-16	9.8339557647705078e-02	3.6759742724089381e-11	7.1842908633593106e+08
/SS/5/PX-1PY0PZ-2/b_X/eta0/bT0/bz-17	1.0595226287841797e-01	2.7719563592552840e-11	3.8222918814956808e+09
/SS/5/PX-1PY0PZ-2/b_X/eta0/bT0/bz-18	1.1295175552368164e-01	2.7094756550755498e-11	4.1687680534089222e+09
/SS/5/PX-1PY0PZ-2/b_X/eta0/bT0/bz-19	1.1807441711425781e-01	2.5504079279860076e-11	4.6296286887524767e+09
/SS/5/PX-1PY0PZ-2/b_X/eta0/bT0/bz-2	1.6016235351562500e+00	2.3093866176121154e-11	5.1466500965039993e+10
/SS/5/PX-1PY0PZ-2/b_X/eta0/bT0/bz-20	1.1737823486328125e-01	3.7968409598131424e-11	1.4087819002054794e+09
/SS/5/PX-1PY0PZ-2/b_X/eta0/bT0/bz-3	1.2932434082031250e+00	2.2305517991376166e-11	4.0973053002032158e+10
/SS/5/PX-1PY0PZ-2/b_X/eta0/bT0/bz-4	1.0116653442382812e+00	2.0494391780551889e-11	3.1578701443144123e+10
/SS/5/PX-1PY0PZ-2/b_X/eta0/bT0/bz-5	7.7170562744140625e-01	2.3932230432201741e-11	3.2245453662482143e+10
/SS/5/PX-1PY0PZ-2/b_X/eta0/bT0/bz-6	5.7717132568359375e-01	3.0856279303601329e-11	1.8705149768858566e+10
/SS/5/PX-1PY0PZ-2/b_X/eta0/bT0/bz-7	4.2950630187988281e-01	5.0293517062735636e-11	8.5399933622482777e+09
/SS/5/PX-1PY0PZ-2/b_X/eta0/bT0/bz-8	3.5222673416137695e-01	2.4810562650218314e-10	1.4196644353741717e+09
/SS/5/PX-1PY0PZ-2/b_X/eta0/bT0/bz-9	1.6332006454467773e-01	4.6254636245566908e-11	3.5308906912078571e+09
/SS/5/PX-1PY0PZ-2/b_X/eta0/bT0/bz0	1.9760742187500000e+00	2.3849967402013517e-11	6.3843884349222389e+10
/SS/5/PX-1PY0PZ-2/b_X/eta0/bT0/bz1	1.8089447021484375e+00	2.4020148666793972e-11	5.8012896293230080e+10
/SS/5/PX-1PY0PZ-2/b_X/eta0/bT0/bz10	1.1660480499267578e-01	6.8618527837562857e-10	1.2571092972521719e+08
/SS/5/PX-1PY0PZ-2/b_X/eta0/bT0/bz11	1.0583686828613281e-01	4.8722535671132884e-11	1.3737225862576985e+09
/SS/5/PX-1PY0PZ-2/b_X/eta0/bT0/bz12	8.9315414428710938e-02	1.9784909606714667e-11	1.8923303404605546e+09
/SS/5/PX-1PY0PZ-2/b_X/eta0/bT0/bz13	7.2438240051269531e-02	1.6044300458237933e-11	2.7027993494751039e+09
/SS/5/PX-1PY0PZ-2/b_X/eta0/bT0/bz14	6.8052291870117188e-02	1.1829763114814094e-11	4.3553074092690601e+09
/SS/5/PX-1PY0PZ-2/b_X/eta0/bT0/bz15	6.1958312988281250e-02	2.2926623029914167e-11	1.7802913493206592e+09
/SS/5/PX-1PY0PZ-2/b_X/eta0/bT0/bz16	5.1334381103515625e-02	2.4552503429354743e-11	1.0564216277850958e+09
/SS/5/PX-1PY0PZ-2/b_X/eta0/bT0/bz17	5.4203033447265625e-02	9.5120483862124759e-11	5.5671407498752880e+08
/SS/5/PX-1PY0PZ-2/b_X/eta0/bT0/bz18	6.9122314453125000e-02	2.4301975128632675e-11	1.4977944911378698e+09
/SS/5/PX-1PY0PZ-2/b_X/eta0/bT0/bz19	8.1197261810302734e-02	2.2626263877764289e-11	1.5048456211152763e+09
/SS/5/PX-1PY0PZ-2/b_X/eta0/bT0/bz2	1.4931793212890625e+00	2.3890435822637446e-11	4.7645641751156311e+10
/SS/5/PX-1PY0PZ-2/b_X/eta0/bT0/bz20	7.3832035064697266e-02	4.2831544662602866e-11	8.2709003525679553e+08
/SS/5/PX-1PY0PZ-2/b_X/eta0/bT0/bz3	1.1583251953125000e+00	2.3960131292000723e-11	3.6240380705887581e+10
/SS/5/PX-1PY0PZ-2/b_X/eta0/bT0/bz4	8.6754608154296875e-01	2.5294662653562046e-11	2.5528725876969490e+10
/SS/5/PX-1PY0PZ-2/b_X/eta0/bT0/bz5	6.2928771972656250e-01	2.9054586167946681e-11	1.6332007858289610e+10
/SS/5/PX-1PY0PZ-2/b_X/eta0/bT0/bz6	4.4179153442382812e-01	3.9408585083721406e-11	8.6724801561149273e+09
/SS/5/PX-1PY0PZ-2/b_X/eta0/bT0/bz7	3.0013275146484375e-01	8.4238646816134939e-11	2.6288674444034457e+09
/SS/5/PX-1PY0PZ-2/b_X/eta0/bT0/bz8	1.9365310668945312e-01	3.4953100439225821e-11	2.9700431838058052e+09
/SS/5/PX-1PY0PZ-2/b_X/eta0/bT0/bz9	1.2246131896972656e-01	2.2170578469079497e-10	4.5217855685772717e+08
/SS/5/PX-1PY0PZ0/b_X/eta0/bT0/bz-1	1.3176269531250000e+00	7.0894594698825281e-12	1.8585718117474942e+11
/SS/5/PX-1PY0PZ0/b_X/eta0/bT0/bz-10	1.8728637695312500e-01	8.2603798950572860e-12	2.2672852741941132e+10
/SS/5/PX-1PY0PZ0/b_X/eta0/bT0/bz-11	1.7519950866699219e-01	1.3061917702334373e-11	1.3413000499588299e+10
/SS/5/PX-1PY0PZ0/b_X/eta0/bT0/bz-12	1.4786529541015625e-01	2.1383473571030791e-11	6.9149333909190693e+09
/SS/5/PX-1PY0PZ0/b_X/eta0/bT0/bz-13	1.2205123901367188e-01	3.1531131618502493e-11	2.6703737250615907e+09
/SS/5/PX-1PY0PZ0/b_X/eta0/bT0/bz-14	1.2450408935546875e-01	7.6894066371423999e-11	1.4466458188976355e+09
/SS/5/PX-1PY0PZ0/b_X/eta0/bT0/bz-15	1.1821079254150391e-01	4.0382927579777835e-11	2.7200536838126378e+09
/SS/5/PX-1PY0PZ0/b_X/eta0/bT0/bz-16	8.7842941284179688e-02	3.7405702323661748e-11	2.2541271009123440e+09
/SS/5/PX-1PY0PZ0/b_X/eta0/bT0/bz-17	8.6311817169189453e-02	3.4194376572579725e-11	2.5241523847053380e+09
/SS/5/PX-1PY0PZ0/b_X/eta0/bT0/bz-18	8.9764595031738281e-02	2.7165372158320342e-11	3.3043756775570159e+09
/SS/5/PX-1PY0PZ0/b_X/eta0/bT0/bz-19	9.0149879455566406e-02	7.8836189115669770e-11	8.8817784364430416e+08
/SS/5/PX-1PY0PZ0/b_X/eta0/bT0/bz-2	1.0908508300781250e+00	6.8184527957574067e-12	1.5998509672999081e+11
/SS/5/PX-1PY0PZ0/b_X/eta0/bT0/bz-20	8.2805633544921875e-02	5.3295696652756432e-11	4.2230672480639893e+08
/SS/5/PX-1PY0PZ0/b_X/eta0/bT0/bz-3	8.6016845703125000e-01	6.6604429073167743e-12	1.2914583444388046e+11
/SS/5/PX-1PY0PZ0/b_X/eta0/bT0/bz-4	6.6188049316406250e-01	6.5775145975883611e-12	1.0062774978967592e+11
/SS/5/PX-1PY0PZ0/b_X/eta0/bT0/bz-5	5.0819396972656250e-01	6.6641219077811410e-12	7.6258204270421082e+10
/SS/5/PX-1PY0PZ0/b_X/eta0/bT0/bz-6	3.8858032226562500e-01	6.8585847507080141e-12	5.6656050247904526e+10
/SS/5/PX-1PY0PZ0/b_X/eta0/bT0/bz-7	2.9434967041015625e-01	6.9969017850209805e-12	4.2068572555970734e+10
/SS/5/PX-1PY0PZ0/b_X/eta0/bT0/bz-8	2.1906661987304688e-01	6.9319155440639731e-12	3.1602609477930069e+10
/SS/5/PX-1PY0PZ0/b_X/eta0/bT0/bz-9	1.8742370605468750e-01	6.7120533734290336e-12	2.3945105358005211e+10
/SS/5/PX-1PY0PZ0/b_X/eta0/bT0/bz0	1.4395446777343750e+00	7.4601323538454849e-12	1.9296503191291650e+11
/SS/5/PX-1PY0PZ0/b_X/eta0/bT0/bz1	1.3694152832031250e+00	8.0296741136281007e-12	1.7054431647218781e+11
/SS/5/PX-1PY0PZ0/b_X/eta0/bT0/bz10	1.6883087158203125e-01	1.4289978617929085e-11	1.0671558157497431e+10
/SS/5/PX-1PY0PZ0/b_X/eta0/bT0/bz11	1.5582275390625000e-01	1.4571605927382455e-11	8.1154826601612358e+09
/SS/5/PX-1PY0PZ0/b_X/eta0/bT0/bz12	1.4152526855468750e-01	1.5977046536458833e-11	4.7761174290326080e+09
/SS/5/PX-1PY0PZ0/b_X/eta0/bT0/bz13	1.2849044799804688e-01	2.0919701754172827e-11	4.6517358798713684e+09
/SS/5/PX-1PY0PZ0/b_X/eta0/bT0/bz14	1.1736869812011719e-01	4.0505267862648895e-11	1.8589698298731003e+09
/SS/5/PX-1PY0PZ0/b_X/eta0/bT0/bz15	1.2393617630004883e-01	3.8049471943323619e-11	3.2572377478630261e+09
/SS/5/PX-1PY0PZ0/b_X/eta0/bT0/bz16	1.1799144744873047e-01	2.5372007000103754e-11	4.2262998597156954e+09
/SS/5/PX-1PY0PZ0/b_X/eta0/bT0/bz17	1.1092948913574219e-01	2.5046387796916580e-11	1.2656950059506316e+09
/SS/5/PX-1PY0PZ0/b_X/eta0/bT0/bz18	9.9258899688720703e-02	2.3931632176034206e-11	4.1476025938640862e+09
/SS/5/PX-1PY0PZ0/b_X/eta0/bT0/bz19	9.1669082641601562e-02	2.5614517867092471e-11	3.3455368355540962e+09
/SS/5/PX-1PY0PZ0/b_X/eta0/bT0/bz2	1.1908721923828125e+00	8.8794833607350789e-12	1.3411503169754546e+11
/SS/5/PX-1PY0PZ0/b_X/eta0/bT0/bz20	8.5675239562988281e-02	2.7923472327298052e-11	2.6252324919625874e+09
/SS/5/PX-1PY0PZ0/b_X/eta0/bT0/bz3	9.9291992187500000e-01	1.0187758368117998e-11	9.7462060445238434e+10
/SS/5/PX-1PY0PZ0/b_X/eta0/bT0/bz4	8.1923675537109375e-01	1.2284197448862027e-11	6.6690295298614357e+10
/SS/5/PX-1PY0PZ0/b_X/eta0/bT0/bz5	6.7310333251953125e-01	1.5547267722028308e-11	4.3293995096375542e+10
/SS/5/PX-1PY0PZ0/b_X/eta0/bT0/bz6	5.4981231689453125e-01	2.0284800857869435e-11	2.7104644543810398e+10
/SS/5/PX-1PY0PZ0/b_X/eta0/bT0/bz7	4.3224334716796875e-01	2.4764563815470470e-11	1.7454107021176182e+10
/SS/5/PX-1PY0PZ0/b_X/eta0/bT0/bz8	3.0160713195800781e-01	2.2530189639364755e-11	1.3386799524804697e+10
/SS/5/PX-1PY0PZ0/b_X/eta0/bT0/bz9	2.0421600341796875e-01	1.6855665613954604e-11	1.2115570401972187e+10
/SS/5/PX-1PY1PZ-1/b_X/eta0/bT0/bz-1	1.6252136230468750e+00	3.9457228991841578e-11	4.1189248828976669e+10
/SS/5/PX-1PY1PZ-1/b_X/eta0/bT0/bz-10	1.3321113586425781e-01	9.4045073996763321e-12	1.3167783496905577e+10
/SS/5/PX-1PY1PZ-1/b_X/eta0/bT0/bz-11	1.2676525115966797e-01	1.4940797496631501e-11	8.4845036677759676e+09
/SS/5/PX-1PY1PZ-1/b_X/eta0/bT0/bz-12	1.7341232299804688e-01	1.9954343550988182e-11	4.7421946068683176e+09
/SS/5/PX-1PY1PZ-1/b_X/eta0/bT0/bz-13	1.6925621032714844e-01	8.9688044045731958e-11	9.1029289540371597e+08
/SS/5/PX-1PY1PZ-1/b_X/eta0/bT0/bz-14	1.4915084838867188e-01	7.3874998476525234e-11	7.7667657481965947e+08
/SS/5/PX-1PY1PZ-1/b_X/eta0/bT0/bz-15	1.2609863281250000e-01	1.4391318133909141e-10	2.5066116903361800e+08
/SS/5/PX-1PY1PZ-1/b_X/eta0/bT0/bz-16	1.0656929016113281e-01	1.6739210555470336e-11	4.0599727753309588e+09
/SS/5/PX-1PY1PZ-1/b_X/eta0/bT0/bz-17	9.3080520629882812e-02	3.5389717845637699e-11	9.8090254570243883e+08
/SS/5/PX-1PY1PZ-1/b_X/eta0/bT0/bz-18	8.4410667419433594e-02	2.9449605967928234e-11	1.6636739120234697e+09
/SS/5/PX-1PY1PZ-1/b_X/eta0/bT0/bz-19	7.6868057250976562e-02	3.3324503777971175e-11	2.1329211492006993e+09
/SS/5/PX-1PY1PZ-1/b_X/eta0/bT0/bz-2	1.4156875610351562e+00	4.5964812492798635e-11	3.0799376398129631e+10
/SS/5/PX-1PY1PZ-1/b_X/eta0/bT0/bz-20	7.0497035980224609e-02	4.4819606347135571e-11	9.6123374446184039e+08
/SS/5/PX-1PY1PZ-1/b_X/eta0/bT0/bz-3	1.1136970520019531e+00	4.9726997155831487e-11	2.2396225706368633e+10
/SS/5/PX-1PY1PZ-1/b_X/eta0/bT0/bz-4	7.3502349853515625e-01	4.0379989992418581e-11	1.8202666683997650e+10
/SS/5/PX-1PY1PZ-1/b_X/eta0/bT0/bz-5	4.8337554931640625e-01	2.2811112285211082e-11	1.7533707865948936e+10
/SS/5/PX-1PY1PZ-1/b_X/eta0/bT0/bz-6	3.3674621582031250e-01	1.3299213158031786e-11	2.2678139400297031e+10
/SS/5/PX-1PY1PZ-1/b_X/eta0/bT0/bz-7	2.4920654296875000e-01	8.2129477098571482e-12	2.1239912565180546e+10
/SS/5/PX-1PY1PZ-1/b_X/eta0/bT0/bz-8	1.9251632690429688e-01	9.0152924553645295e-12	1.2383717785880728e+10
/SS/5/PX-1PY1PZ-1/b_X/eta0/bT0/bz-9	1.5741348266601562e-01	8.8688376393190161e-12	1.4279676736895208e+10
/SS/5/PX-1PY1PZ-1/b_X/eta0/bT0/bz0	1.6833877563476562e+00	3.4507162638365201e-11	4.8783719889970291e+10
/SS/5/PX-1PY1PZ-1/b_X/eta0/bT0/bz1	1.5110244750976562e+00	3.0975199242365671e-11	4.8781751596644600e+10
/SS/5/PX-1PY1PZ-1/b_X/eta0/bT0/bz10	1.7401123046875000e-01	3.3414166381537541e-11	2.7390243931820526e+09
/SS/5/PX-1PY1PZ-1/b_X/eta0/bT0/bz11	1.5739822387695312e-01	3.1058481529289250e-11	2.1622997021923299e+09
/SS/5/PX-1PY1PZ-1/b_X/eta0/bT0/bz12	1.4201736450195312e-01	3.3442755828720981e-11	1.0224205887334967e+09
/SS/5/PX-1PY1PZ-1/b_X/eta0/bT0/bz13	1.2333583831787109e-01	1.7084309048338199e-11	7.2192465009211502e+09
/SS/5/PX-1PY1PZ-1/b_X/eta0/bT0/bz14	1.0267066955566406e-01	1.8795067043357300e-11	3.1831398946467781e+09
/SS/5/PX-1PY1PZ-1/b_X/eta0/bT0/bz15	8.4156990051269531e-02	2.5524979248358673e-11	2.1216515314639692e+09
/SS/5/PX-1PY1PZ-1/b_X/eta0/bT0/bz16	6.8316459655761719e-02	2.3864793504261528e-11	1.8558347082766821e+09
/SS/5/PX-1PY1PZ-1/b_X/eta0/bT0/bz17	5.3473472595214844e-02	2.4583118348010045e-11	1.8488091979279270e+09
/SS/5/PX-1PY1PZ-1/b_X/eta0/bT0/bz18	4.8617601394653320e-02	2.4027621509643517e-11	2.0234046626354833e+09
/SS/5/PX-1PY1PZ-1/b_X/eta0/bT0/bz19	4.8708915710449219e-02	1.8406214523146346e-11	2.4082249684563160e+09
/SS/5/PX-1PY1PZ-1/b_X/eta0/bT0/bz2	1.2524108886718750e+00	2.7893917471844733e-11	4.3774649042623474e+10
/SS/5/PX-1PY1PZ-1/b_X/eta0/bT0/bz20	5.6590080261230469e-02	1.2598139320221356e-11	2.8223088056744466e+09
/SS/5/PX-1PY1PZ-1/b_X/eta0/bT0/bz3	1.0104522705078125e+00	2.4984822592294686e-11	3.6801516869715729e+10
/SS/5/PX-1PY1PZ-1/b_X/eta0/bT0/bz4	7.8713989257812500e-01	2.2439771905175026e-11	2.9556214452447495e+10
/SS/5/PX-1PY1PZ-1/b_X/eta0/bT0/bz5	5.9524536132812500e-01	2.0491415392777962e-11	2.2728552173197773e+10
/SS/5/PX-1PY1PZ-1/b_X/eta0/bT0/bz6	4.3576049804687500e-01	1.8673158423417357e-11	1.6896638677052574e+10
/SS/5/PX-1PY1PZ-1/b_X/eta0/bT0/bz7	3.2648468017578125e-01	1.6474776792677096e-11	1.2174201083716591e+10
/SS/5/PX-1PY1PZ-1/b_X/eta0/bT0/bz8	2.4162673950195312e-01	1.4899535663263586e-11	5.9009317179530678e+09
/SS/5/PX-1PY1PZ-1/b_X/eta0/bT0/bz9	1.9936370849609375e-01	3.9695338566449658e-11	1.9569136365958774e+09
/SS/5/PX-1PY1PZ-2/b_X/eta0/bT0/bz-1	1.3308334350585938e+00	2.5508695688469287e-11	5.2171755518655205e+10
/SS/5/PX-1PY1PZ-2/b_X/eta0/bT0/bz-10	1.2404441833496094e-01	2.0318496305696530e-11	3.6270233056955953e+09
/SS/5/PX-1PY1PZ-2/b_X/eta0/bT0/bz-11	1.0762977600097656e-01	2.0734625364568139e-11	3.9400776257760358e+09
/SS/5/PX-1PY1PZ-2/b_X/eta0/bT0/bz-12	9.3788146972656250e-02	2.6402651891126559e-11	2.9785603280980372e+09
/SS/5/PX-1PY1PZ-2/b_X/eta0/bT0/bz-13	7.5623512268066406e-02	2.7958383973172252e-11	1.8737321278425403e+09
/SS/5/PX-1PY1PZ-2/b_X/eta0/bT0/bz-14	7.0010185241699219e-02	1.0117100709282984e-11	6.9199850088930225e+09
/SS/5/PX-1PY1PZ-2/b_X/eta0/bT0/bz-15	6.7390441894531250e-02	1.0869150004150321e-11	6.2001574979458933e+09
/SS/5/PX-1PY1PZ-2/b_X/eta0/bT0/bz-16	6.4412117004394531e-02	1.2303983476585303e-11	2.0552778747720230e+09
/SS/5/PX-1PY1PZ-2/b_X/eta0/bT0/bz-17	5.9342384338378906e-02	1.9627641639397462e-11	8.4821861260526311e+08
/SS/5/PX-1PY1PZ-2/b_X/eta0/bT0/bz-18	5.0862312316894531e-02	2.2616479371811561e-11	1.8691784863636367e+09
/SS/5/PX-1PY1PZ-2/b_X/eta0/bT0/bz-19	3.9082527160644531e-02	2.1793070310386349e-11	1.6962749434465075e+09
/SS/5/PX-1PY1PZ-2/b_X/eta0/bT0/bz-2	1.0931625366210938e+00	2.7400097642873222e-11	3.9896300767578682e+10
/SS/5/PX-1PY1PZ-2/b_X/eta0/bT0/bz-20	3.1230926513671875e-02	1.3446527992303257e-11	1.1357683196488643e+09
/SS/5/PX-1PY1PZ-2/b_X/eta0/bT0/bz-3	8.5247802734375000e-01	3.0792403723163751e-11	2.7684685970211182e+10
/SS/5/PX-1PY1PZ-2/b_X/eta0/bT0/bz-4	6.5187072753906250e-01	3.7083919607927438e-11	1.7234478340868759e+10
/SS/5/PX-1PY1PZ-2/b_X/eta0/bT0/bz-5	5.0363159179687500e-01	5.0823401183851325e-11	8.8778097238572273e+09
/SS/5/PX-1PY1PZ-2/b_X/eta0/bT0/bz-6	3.7810516357421875e-01	7.4044872237652536e-11	2.5127033594939995e+09
/SS/5/PX-1PY1PZ-2/b_X/eta0/bT0/bz-7	2.7562332153320312e-01	6.7297257415142992e-11	3.8762843265509520e+09
/SS/5/PX-1PY1PZ-2/b_X/eta0/bT0/bz-8	2.2411155700683594e-01	2.3598927253601448e-11	9.4966840906988316e+09
/SS/5/PX-1PY1PZ-2/b_X/eta0/bT0/bz-9	1.6649055480957031e-01	1.4360534920318987e-11	7.0603803539091778e+09
/SS/5/PX-1PY1PZ-2/b_X/eta0/bT0/bz0	1.4838104248046875e+00	2.4466878284291105e-11	6.0645678110777382e+10
/SS/5/PX-1PY1PZ-2/b_X/eta0/bT0/bz1	1.4642181396484375e+00	2.4256705986739739e-11	6.0363436834699333e+10
/SS/5/PX-1PY1PZ-2/b_X/eta0/bT0/bz10	1.9966888427734375e-01	3.3997935296599647e-11	4.6020946370202351e+09
/SS/5/PX-1PY1PZ-2/b_X/eta0/bT0/bz11	1.5265178680419922e-01	2.7852891079878241e-11	3.7276406551504707e+09
/SS/5/PX-1PY1PZ-2/b_X/eta0/bT0/bz12	1.1839675903320312e-01	2.3735544194231326e-11	4.9881628187812185e+09
/SS/5/PX-1PY1PZ-2/b_X/eta0/bT0/bz13	1.0071802139282227e-01	3.2958063670563730e-11	3.0559447423720431e+09
/SS/5/PX-1PY1PZ-2/b_X/eta0/bT0/bz14	1.1391830444335938e-01	6.5682706228952399e-11	6.9864509840504241e+08
/SS/5/PX-1PY1PZ-2/b_X/eta0/bT0/bz15	1.2645149230957031e-01	1.7285097167069655e-11	4.2278128269247718e+09
/SS/5/PX-1PY1PZ-2/b_X/eta0/bT0/bz16	1.2967491149902344e-01	4.6958425827361998e-11	9.7932851128661871e+08
/SS/5/PX-1PY1PZ-2/b_X/eta0/bT0/bz17	1.2049102783203125e-01	1.6575379694513267e-11	7.2692770876262846e+09
/SS/5/PX-1PY1PZ-2/b_X/eta0/bT0/bz18	1.0009860992431641e-01	1.5567899789996197e-11	6.4298082127069540e+09
/SS/5/PX-1PY1PZ-2/b_X/eta0/bT0/bz19	9.5136642456054688e-02	1.9942632616310469e-11	4.7705157230969267e+09
/SS/5/PX-1PY1PZ-2/b_X/eta0/bT0/bz2	1.3350524902343750e+00	2.4724145535657318e-11	5.3997922326939629e+10
/SS/5/PX-1PY1PZ-2/b_X/eta0/bT0/bz20	1.0325479507446289e-01	2.7950885530872673e-11	3.6941511194847322e+09
/SS/5/PX-1PY1PZ-2/b_X/eta0/bT0/bz3	1.1643905639648438e+00	2.5826826983644397e-11	4.5084538054257637e+10
/SS/5/PX-1PY1PZ-2/b_X/eta0/bT0/bz4	9.9372100830078125e-01	2.7725315182767926e-11	3.5841648751333481e+10
/SS/5/PX-1PY1PZ-2/b_X/eta0/bT0/bz5	8.2583618164062500e-01	3.0241898662625503e-11	2.7307682988212509e+10
/SS/5/PX-1PY1PZ-2/b_X/eta0/bT0/bz6	6.5440750122070312e-01	3.3070172528403380e-11	1.9788451380428822e+10
/SS/5/PX-1PY1PZ-2/b_X/eta0/bT0/bz7	4.7138214111328125e-01	3.5349411959723396e-11	1.3334935858349417e+10
/SS/5/PX-1PY1PZ-2/b_X/eta0/bT0/bz8	2.8642654418945312e-01	2.8503751410781374e-11	8.5360685042453604e+09
/SS/5/PX-1PY1PZ-2/b_X/eta0/bT0/bz9	2.4611282348632812e-01	3.8516642744470519e-11	4.5992798527373781e+09
/SS/5/PX-1PY1PZ0/b_X/eta0/bT0/bz-1	1.3358459472656250e+00	7.6400515243541517e-12	1.7484776679939343e+11
/SS/5/PX-1PY1PZ0/b_X/eta0/bT0/bz-10	1.9391155242919922e-01	2.3869029832026010e-11	8.1239813177919998e+09
/SS/5/PX-1PY1PZ0/b_X/eta0/bT0/bz-11	1.8646430969238281e-01	3.3005798441661580e-11	5.6494409617741032e+09
/SS/5/PX-1PY1PZ0/b_X/eta0/bT0/bz-12	1.2689208984375000e-01	2.8830845832384825e-11	4.4012614330314207e+09
/SS/5/PX-1PY1PZ0/b_X/eta0/bT0/bz-13	1.0154151916503906e-01	2.6524398427230645e-11	2.9394329254017653e+09
/SS/5/PX-1PY1PZ0/b_X/eta0/bT0/bz-14	1.0272979736328125e-01	5.1623577193818029e-11	1.1938345607758203e+09
/SS/5/PX-1PY1PZ0/b_X/eta0/bT0/bz-15	1.0144233703613281e-01	1.0264973715220760e-10	6.8373351181017423e+08
/SS/5/PX-1PY1PZ0/b_X/eta0/bT0/bz-16	9.8044395446777344e-02	3.0896274681088799e-11	2.0952111920594654e+09
/SS/5/PX-1PY1PZ0/b_X/eta0/bT0/bz-17	9.1523170471191406e-02	2.1542181487317486e-11	2.4018294708345079e+09
/SS/5/PX-1PY1PZ0/b_X/eta0/bT0/bz-18	8.1647872924804688e-02	2.4580834781939214e-11	3.3216070019231210e+09
/SS/5/PX-1PY1PZ0/b_X/eta0/bT0/bz-19	8.3093643188476562e-02	3.4962169690050882e-11	1.9646763036283574e+09
/SS/5/PX-1PY1PZ0/b_X/eta0/bT0/bz-2	1.1127014160156250e+00	7.5490805457668563e-12	1.4739562113157898e+11
/SS/5/PX-1PY1PZ0/b_X/eta0/bT0/bz-20	8.8413238525390625e-02	3.4048224447669460e-11	1.1692572809359493e+09
/SS/5/PX-1PY1PZ0/b_X/eta0/bT0/bz-3	8.6482238769531250e-01	7.4076977628681604e-12	1.1674644611316660e+11
/SS/5/PX-1PY1PZ0/b_X/eta0/bT0/bz-4	6.4202880859375000e-01	7.1407072322152665e-12	8.9911095318015579e+10
/SS/5/PX-1PY1PZ0/b_X/eta0/bT0/bz-5	4.6248626708984375e-01	6.7451210014897640e-12	6.8566044550971962e+10
/SS/5/PX-1PY1PZ0/b_X/eta0/bT0/bz-6	3.2534790039062500e-01	6.2950845556116374e-12	4.7590057355390976e+10
/SS/5/PX-1PY1PZ0/b_X/eta0/bT0/bz-7	2.2457885742187500e-01	5.9002746370598617e-12	3.7362897244783310e+10
/SS/5/PX-1PY1PZ0/b_X/eta0/bT0/bz-8	1.7167663574218750e-01	5.4012552893098292e-12	2.9468044035236755e+10
/SS/5/PX-1PY1PZ0/b_X/eta0/bT0/bz-9	1.3838958740234375e-01	1.0302076102191184e-11	1.3433174636800556e+10
/SS/5/PX-1PY1PZ0/b_X/eta0/bT0/bz0	1.4305419921875000e+00	7.6696301579205864e-12	1.8652033575701816e+11
/SS/5/PX-1PY1PZ0/b_X/eta0/bT0/bz1	1.3157653808593750e+00	7.6753626466629495e-12	1.7142712877956796e+11
/SS/5/PX-1PY1PZ0/b_X/eta0/bT0/bz10	1.5555191040039062e-01	1.2831181120791284e-11	9.2510528607621212e+09
/SS/5/PX-1PY1PZ0/b_X/eta0/bT0/bz11	1.4644718170166016e-01	1.7370622879389459e-11	8.4307386510257063e+09
/SS/5/PX-1PY1PZ0/b_X/eta0/bT0/bz12	1.3620281219482422e-01	1.6746918120763715e-11	8.1330075905699186e+09
/SS/5/PX-1PY1PZ0/b_X/eta0/bT0/bz13	1.2067604064941406e-01	3.3917864334525771e-11	2.0683551703479457e+09
/SS/5/PX-1PY1PZ0/b_X/eta0/bT0/bz14	1.1611747741699219e-01	7.6248547336680129e-11	1.0713687576390957e+09
/SS/5/PX-1PY1PZ0/b_X/eta0/bT0/bz15	1.1563682556152344e-01	8.3962790838635560e-11	1.0053228686423794e+09
/SS/5/PX-1PY1PZ0/b_X/eta0/bT0/bz16	1.1484718322753906e-01	4.2146558614673197e-11	1.5371588918738136e+09
/SS/5/PX-1PY1PZ0/b_X/eta0/bT0/bz17	1.0695838928222656e-01	2.1630639496694374e-11	2.8408778476950531e+09
/SS/5/PX-1PY1PZ0/b_X/eta0/bT0/bz18	8.9553833007812500e-02	2.8330339937547857e-11	2.2560203059675798e+09
/SS/5/PX-1PY1PZ0/b_X/eta0/bT0/bz19	7.4549674987792969e-02	1.6447688111292739e-11	3.4909096246353893e+09
/SS/5/PX-1PY1PZ0/b_X/eta0/bT0/bz2	1.0827331542968750e+00	7.6616132204102437e-12	1.1664541016254922e+11
/SS/5/PX-1PY1PZ0/b_X/eta0/bT0/bz20	6.0574531555175781e-02	2.1212645756732873e-11	1.3246034994921865e+09
/SS/5/PX-1PY1PZ0/b_X/eta0/bT0/bz3	8.3778381347656250e-01	7.7081273339579160e-12	8.9718138781125732e+10
/SS/5/PX-1PY1PZ0/b_X/eta0/bT0/bz4	6.3247680664062500e-01	7.8465041839294225e-12	6.6632829802456398e+10
/SS/5/PX-1PY1PZ0/b_X/eta0/bT0/bz5	4.7560119628906250e-01	8.0642521506367769e-12	4.8967941994694092e+10
/SS/5/PX-1PY1PZ0/b_X/eta0/bT0/bz6	3.5936737060546875e-01	8.2887278448551906e-12	3.6167407704486359e+10
/SS/5/PX-1PY1PZ0/b_X/eta0/bT0/bz7	2.8673553466796875e-01	8.3990905157374244e-12	2.7253513186004326e+10
/SS/5/PX-1PY1PZ0/b_X/eta0/bT0/bz8	2.3852920532226562e-01	8.2211942866559447e-12	2.1380545754863369e+10
/SS/5/PX-1PY1PZ0/b_X/eta0/bT0/bz9	1.9636154174804688e-01	7.8353113112060629e-12	2.5061102737195721e+10
/SS/5/PX-1PY2PZ-1/b_X/eta0/bT0/bz-1	5.7189941406250000e-01	8.5472475118489581e-12	5.0965593186214867e+10
/SS/5/PX-1PY2PZ-1/b_X/eta0/bT0/bz-10	1.1331939697265625e-01	1.9289111584007387e-11	4.8418628689841223e+09
/SS/5/PX-1PY2PZ-1/b_X/eta0/bT0/bz-11	1.1568832397460938e-01	3.6149937746136314e-11	2.2660026687451200e+09
/SS/5/PX-1PY2PZ-1/b_X/eta0/bT0/bz-12	1.1138629913330078e-01	1.5807505961867874e-10	4.7343773325685096e+08
/SS/5/PX-1PY2PZ-1/b_X/eta0/bT0/bz-13	9.6282958984375000e-02	1.0613782064922312e-10	3.4526196803619605e+08
/SS/5/PX-1PY2PZ-1/b_X/eta0/bT0/bz-14	6.3614368438720703e-02	2.4133518630134235e-11	4.7721713726443326e+08
/SS/5/PX-1PY2PZ-1/b_X/eta0/bT0/bz-15	6.0427665710449219e-02	2.7907143283600643e-11	1.2000234833997319e+09
/SS/5/PX-1PY2PZ-1/b_X/eta0/bT0/bz-16	7.1315765380859375e-02	2.0698358750877953e-11	2.2552269639812255e+09
/SS/5/PX-1PY2PZ-1/b_X/eta0/bT0/bz-17	8.7698936462402344e-02	1.7008778375142150e-11	1.7480378808576174e+09
/SS/5/PX-1PY2PZ-1/b_X/eta0/bT0/bz-18	1.0588169097900391e-01	2.6046664279928918e-11	1.4970302122859647e+09
/SS/5/PX-1PY2PZ-1/b_X/eta0/bT0/bz-19	1.1460590362548828e-01	2.4637804004260440e-11	1.0861011654860027e+09
/SS/5/PX-1PY2PZ-1/b_X/eta0/bT0/bz-2	4.5732116699218750e-01	7.8302513866247998e-12	4.3980147424105156e+10
/SS/5/PX-1PY2PZ-1/b_X/eta0/bT0/bz-20	1.0315799713134766e-01	3.4989531540987392e-11	1.0561661995435159e+09
/SS/5/PX-1PY2PZ-1/b_X/eta0/bT0/bz-3	3.4645080566406250e-01	7.0597898417082229e-12	3.6553020190549934e+10
/SS/5/PX-1PY2PZ-1/b_X/eta0/bT0/bz-4	3.0493164062500000e-01	6.0235271319059357e-12	3.0848023050209023e+10
/SS/5/PX-1PY2PZ-1/b_X/eta0/bT0/bz-5	2.6555633544921875e-01	5.0078294889744876e-12	4.0768679945222893e+10
/SS/5/PX-1PY2PZ-1/b_X/eta0/bT0/bz-6	2.1773529052734375e-01	6.1722216667103290e-12	2.8332318813816235e+10
/SS/5/PX-1PY2PZ-1/b_X/eta0/bT0/bz-7	1.6937255859375000e-01	7.6246777772371763e-12	1.9260907755402321e+10
/SS/5/PX-1PY2PZ-1/b_X/eta0/bT0/bz-8	1.2516021728515625e-01	1.1932755625537875e-11	9.1627496999390984e+09
/SS/5/PX-1PY2PZ-1/b_X/eta0/bT0/bz-9	1.0941505432128906e-01	2.1561122841485760e-11	4.3832233646656475e+09
/SS/5/PX-1PY2PZ-1/b_X/eta0/bT0/bz0	6.5194702148437500e-01	9.3555862448906560e-12	5.4190994783197624e+10
/SS/5/PX-1PY2PZ-1/b_X/eta0/bT0/bz1	6.5194702148437500e-01	1.0249274094543987e-11	5.0774425210619392e+10
/SS/5/PX-1PY2PZ-1/b_X/eta0/bT0/bz10	1.4209747314453125e-01	9.4770491113334780e-12	1.1742299456877501e+10
/SS/5/PX-1PY2PZ-1/b_X/eta0/bT0/bz11	1.1080551147460938e-01	9.9776956831186639e-12	9.3588717606636009e+09
/SS/5/PX-1PY2PZ-1/b_X/eta0/bT0/bz12	9.4732284545898438e-02	1.2690932466119944e-11	7.4645645462851763e+09
/SS/5/PX-1PY2PZ-1/b_X/eta0/bT0/bz13	1.0061550140380859e-01	1.6502640607234399e-11	6.0969334422577763e+09
/SS/5/PX-1PY2PZ-1/b_X/eta0/bT0/bz14	1.0275077819824219e-01	1.8514292730219700e-10	1.9306751171429661e+08
/SS/5/PX-1PY2PZ-1/b_X/eta0/bT0/bz15	8.8779449462890625e-02	3.4529625906187573e-11	1.8951133583345366e+09
/SS/5/PX-1PY2PZ-1/b_X/eta0/bT0/bz16	8.3457946777343750e-02	1.3775079918704631e-10	1.2715576568164453e+08
/SS/5/PX-1PY2PZ-1/b_X/eta0/bT0/bz17	8.4892272949218750e-02	2.6165417259609368e-11	1.4395459635541689e+09
/SS/5/PX-1PY2PZ-1/b_X/eta0/bT0/bz18	7.9614639282226562e-02	2.6541435138625823e-11	1.3952032614470651e+09
/SS/5/PX-1PY2PZ-1/b_X/eta0/bT0/bz19	7.0030212402343750e-02	1.6718099764517590e-11	1.8365023413800557e+09
/SS/5/PX-1PY2PZ-1/b_X/eta0/bT0/bz2	5.9545898437500000e-01	1.1064068554296731e-11	4.3719111130049171e+10
/SS/5/PX-1PY2PZ-1/b_X/eta0/bT0/bz20	5.9298515319824219e-02	1.0374650406829568e-11	5.7157121439762802e+09
/SS/5/PX-1PY2PZ-1/b_X/eta0/bT0/bz3	5.1745605468750000e-01	1.1863947455539033e-11	3.5541406309605659e+10
/SS/5/PX-1PY2PZ-1/b_X/eta0/bT0/bz4	4.4099426269531250e-01	1.2744471563692959e-11	2.7991370823759483e+10
/SS/5/PX-1PY2PZ-1/b_X/eta0/bT0/bz5	3.7081909179687500e-01	1.3187327178636025e-11	2.2280148874213215e+10
/SS/5/PX-1PY2PZ-1/b_X/eta0/bT0/bz6	3.0691146850585938e-01	1.2467839339653095e-11	1.8701681126294510e+10
/SS/5/PX-1PY2PZ-1/b_X/eta0/bT0/bz7	2.5234222412109375e-01	1.0694385255604251e-11	1.6741936935263874e+10
/SS/5/PX-1PY2PZ-1/b_X/eta0/bT0/bz8	2.0910644531250000e-01	9.7142835967393208e-12	2.1525668180275105e+10
/SS/5/PX-1PY2PZ-1/b_X/eta0/bT0/bz9	1.7405319213867188e-01	9.0767432412934376e-12	1.9175731593556595e+10
/SS/5/PX-1PY2PZ-2/b_X/eta0/bT0/bz-1	6.7872619628906250e-01	6.6195323888373805e-12	1.0253385834830402e+11
/SS/5/PX-1PY2PZ-2/b_X/eta0/bT0/bz-10	9.5050811767578125e-02	1.2499862606652415e-11	3.3164198141380272e+09
/SS/5/PX-1PY2PZ-2/b_X/eta0/bT0/bz-11	7.8176498413085938e-02	8.7292808736761938e-12	8.9556630774515553e+09
/SS/5/PX-1PY2PZ-2/b_X/eta0/bT0/bz-12	5.7220458984375000e-02	7.0903154826743881e-12	7.1819644588819857e+09
/SS/5/PX-1PY2PZ-2/b_X/eta0/bT0/bz-13	5.6615829467773438e-02	1.1068942466059004e-11	3.0829369048980594e+09
/SS/5/PX-1PY2PZ-2/b_X/eta0/bT0/bz-14	7.2975158691406250e-02	1.6248611768393421e-11	3.1917364327831345e+09
/SS/5/PX-1PY2PZ-2/b_X/eta0/bT0/bz-15	8.5832595825195312e-02	1.6817234626533637e-11	3.3074179690138884e+09
/SS/5/PX-1PY2PZ-2/b_X/eta0/bT0/bz-16	9.4583511352539062e-02	3.4155063842420855e-11	2.4420355136956058e+09
/SS/5/PX-1PY2PZ-2/b_X/eta0/bT0/bz-17	1.0160303115844727e-01	3.6724798503174077e-11	2.7666055444706073e+09
/SS/5/PX-1PY2PZ-2/b_X/eta0/bT0/bz-18	1.0994482040405273e-01	8.2443888765740309e-11	1.3335714999622929e+09
/SS/5/PX-1PY2PZ-2/b_X/eta0/bT0/bz-19	6.3591003417968750e-02	3.8015839710809267e-11	8.6938858541055834e+08
/SS/5/PX-1PY2PZ-2/b_X/eta0/bT0/bz-2	5.5445861816406250e-01	6.3281143958579863e-12	8.7618298829581635e+10
/SS/5/PX-1PY2PZ-2/b_X/eta0/bT0/bz-20	5.9638977050781250e-02	3.2127161104501972e-11	8.6085024117475712e+08
/SS/5/PX-1PY2PZ-2/b_X/eta0/bT0/bz-3	4.3432617187500000e-01	6.1502417422614621e-12	7.0619365884518387e+10
/SS/5/PX-1PY2PZ-2/b_X/eta0/bT0/bz-4	3.3618164062500000e-01	6.0032429023161427e-12	5.6000006345786209e+10
/SS/5/PX-1PY2PZ-2/b_X/eta0/bT0/bz-5	2.5732421875000000e-01	5.7957182418886044e-12	4.4399021486273598e+10
/SS/5/PX-1PY2PZ-2/b_X/eta0/bT0/bz-6	1.9731903076171875e-01	5.6097393242999050e-12	3.5174367177274170e+10
/SS/5/PX-1PY2PZ-2/b_X/eta0/bT0/bz-7	1.5535354614257812e-01	5.6439958500132929e-12	2.0814582454363571e+10
/SS/5/PX-1PY2PZ-2/b_X/eta0/bT0/bz-8	1.2725830078125000e-01	7.9047913188059301e-12	1.2117593555184834e+10
/SS/5/PX-1PY2PZ-2/b_X/eta0/bT0/bz-9	1.0897254943847656e-01	1.4123292552009496e-11	5.8978973341691275e+09
/SS/5/PX-1PY2PZ-2/b_X/eta0/bT0/bz0	7.5042724609375000e-01	7.0323629209384109e-12	1.0671054018833426e+11
/SS/5/PX-1PY2PZ-2/b_X/eta0/bT0/bz1	7.0343017578125000e-01	7.5547618667276647e-12	9.3110833695402740e+10
/SS/5/PX-1PY2PZ-2/b_X/eta0/bT0/bz10	9.9433898925781250e-02	8.5476653716174075e-12	1.0762839045141214e+10
/SS/5/PX-1PY2PZ-2/b_X/eta0/bT0/bz11	9.9084854125976562e-02	1.2443623963954728e-11	2.9837710807588825e+09
/SS/5/PX-1PY2PZ-2/b_X/eta0/bT0/bz12	9.9614143371582031e-02	1.7303769672595066e-11	1.4254738363268535e+09
/SS/5/PX-1PY2PZ-2/b_X/eta0/bT0/bz13	9.2132568359375000e-02	3.9655604065710437e-11	7.4457550191488636e+08
/SS/5/PX-1PY2PZ-2/b_X/eta0/bT0/bz14	7.8502655029296875e-02	3.2099967176096837e-11	1.2349352288303101e+09
/SS/5/PX-1PY2PZ-2/b_X/eta0/bT0/bz15	8.3201408386230469e-02	2.8901066046303958e-11	1.5298648646228471e+09
/SS/5/PX-1PY2PZ-2/b_X/eta0/bT0/bz16	7.9555511474609375e-02	3.3568604420128938e-11	1.2904258472487996e+09
/SS/5/PX-1PY2PZ-2/b_X/eta0/bT0/bz17	6.0749053955078125e-02	6.3549300328339663e-11	6.2118571899615264e+08
/SS/5/PX-1PY2PZ-2/b_X/eta0/bT0/bz18	4.5981407165527344e-02	1.0541287237686206e-11	1.9729329242330995e+09
/SS/5/PX-1PY2PZ-2/b_X/eta0/bT0/bz19	7.5125694274902344e-02	1.9659703550069217e-11	3.8213035147540588e+09
/SS/5/PX-1PY2PZ-2/b_X/eta0/bT0/bz2	5.9465026855468750e-01	8.3556573799426760e-12	7.1167382949678467e+10
/SS/5/PX-1PY2PZ-2/b_X/eta0/bT0/bz20	9.8502635955810547e-02	3.0512732269302956e-11	1.4283752477764776e+09
/SS/5/PX-1PY2PZ-2/b_X/eta0/bT0/bz3	4.8055267333984375e-01	9.6293994205557313e-12	4.9904739885855743e+10
/SS/5/PX-1PY2PZ-2/b_X/eta0/bT0/bz4	3.8800811767578125e-01	1.1612666442178948e-11	3.3412491403910259e+10
/SS/5/PX-1PY2PZ-2/b_X/eta0/bT0/bz5	3.1321334838867188e-01	1.3936568232018018e-11	2.2474209086071293e+10
/SS/5/PX-1PY2PZ-2/b_X/eta0/bT0/bz6	2.4196243286132812e-01	1.4644536226559641e-11	1.6522369101897533e+10
/SS/5/PX-1PY2PZ-2/b_X/eta0/bT0/bz7	1.7899322509765625e-01	1.2497144809509611e-11	7.0381982078992882e+09
/SS/5/PX-1PY2PZ-2/b_X/eta0/bT0/bz8	1.3509750366210938e-01	1.0503962506517633e-11	1.0177223001025640e+10
/SS/5/PX-1PY2PZ-2/b_X/eta0/bT0/bz9	1.1127662658691406e-01	8.6931204180214765e-12	1.2184877377708090e+10
/SS/5/PX-1PY2PZ0/b_X/eta0/bT0/bz-1	7.7511596679687500e-01	5.2547098900737360e-12	1.2469921126354373e+11
/SS/5/PX-1PY2PZ0/b_X/eta0/bT0/bz-10	9.8957061767578125e-02	5.2415774831412283e-11	9.1521769595987463e+08
/SS/5/PX-1PY2PZ0/b_X/eta0/bT0/bz-11	7.2357177734375000e-02	4.6855136425857444e-11	1.2059909859944444e+09
/SS/5/PX-1PY2PZ0/b_X/eta0/bT0/bz-12	8.8219642639160156e-02	3.2466557095996755e-11	1.8287770345910947e+09
/SS/5/PX-1PY2PZ0/b_X/eta0/bT0/bz-13	9.3942642211914062e-02	2.3331712041338404e-11	1.6765839824555161e+09
/SS/5/PX-1PY2PZ0/b_X/eta0/bT0/bz-14	9.1260910034179688e-02	5.1992775338696242e-11	1.5598593653288443e+09
/SS/5/PX-1PY2PZ0/b_X/eta0/bT0/bz-15	8.8772773742675781e-02	3.5179126129277222e-11	1.9348981906542997e+09
/SS/5/PX-1PY2PZ0/b_X/eta0/bT0/bz-16	8.8648796081542969e-02	2.7728613323799086e-11	2.5056784425576768e+09
/SS/5/PX-1PY2PZ0/b_X/eta0/bT0/bz-17	8.6929321289062500e-02	3.2110674375942894e-11	1.8616528590100195e+09
/SS/5/PX-1PY2PZ0/b_X/eta0/bT0/bz-18	8.1904411315917969e-02	2.4268785840625322e-11	2.5540652343251758e+09
/SS/5/PX-1PY2PZ0/b_X/eta0/bT0/bz-19	7.4419975280761719e-02	2.5515604685981685e-11	2.3011169252548881e+09
/SS/5/PX-1PY2PZ0/b_X/eta0/bT0/bz-2	6.6137695312500000e-01	5.3411054892060785e-12	1.0514672151303845e+11
/SS/5/PX-1PY2PZ0/b_X/eta0/bT0/bz-20	6.6437721252441406e-02	2.2267316412071020e-11	2.8028641084498711e+09
/SS/5/PX-1PY2PZ0/b_X/eta0/bT0/bz-3	5.4299926757812500e-01	5.4575855226660520e-12	8.3211170616027237e+10
/SS/5/PX-1PY2PZ0/b_X/eta0/bT0/bz-4	4.4120788574218750e-01	5.6690940141342124e-12	6.2643705635363525e+10
/SS/5/PX-1PY2PZ0/b_X/eta0/bT0/bz-5	3.5667419433593750e-01	6.2632428583396033e-12	4.5714904218034126e+10
/SS/5/PX-1PY2PZ0/b_X/eta0/bT0/bz-6	2.8890991210937500e-01	7.7990807837333163e-12	2.9166308730082382e+10
/SS/5/PX-1PY2PZ0/b_X/eta0/bT0/bz-7	2.3156738281250000e-01	1.0761166455267439e-11	1.6826627783219675e+10
/SS/5/PX-1PY2PZ0/b_X/eta0/bT0/bz-8	1.8045806884765625e-01	1.6797141177303596e-11	8.5246877667857304e+09
/SS/5/PX-1PY2PZ0/b_X/eta0/bT0/bz-9	1.3584899902343750e-01	3.2562158998936576e-11	3.4477170269801679e+09
/SS/5/PX-1PY2PZ0/b_X/eta0/bT0/bz0	8.3724975585937500e-01	5.4733570122161344e-12	1.1086363694056726e+11
/SS/5/PX-1PY2PZ0/b_X/eta0/bT0/bz1	7.7688598632812500e-01	5.6867743570401262e-12	1.0686942569084674e+11
/SS/5/PX-1PY2PZ0/b_X/eta0/bT0/bz10	1.0796546936035156e-01	1.5313677123255527e-11	5.6862333002874355e+09
/SS/5/PX-1PY2PZ0/b_X/eta0/bT0/bz11	9.7947120666503906e-02	2.2350315601225026e-11	3.6526917326538415e+09
/SS/5/PX-1PY2PZ0/b_X/eta0/bT0/bz12	8.4808349609375000e-02	4.6022990495390831e-11	1.3572346803672261e+09
/SS/5/PX-1PY2PZ0/b_X/eta0/bT0/bz13	7.2311401367187500e-02	6.1187552203052529e-11	1.1634621907686651e+09
/SS/5/PX-1PY2PZ0/b_X/eta0/bT0/bz14	6.5811157226562500e-02	1.6729255180221591e-11	3.1018882801168399e+09
/SS/5/PX-1PY2PZ0/b_X/eta0/bT0/bz15	6.1899185180664062e-02	2.4198453800204870e-11	2.4673170405319867e+09
/SS/5/PX-1PY2PZ0/b_X/eta0/bT0/bz16	7.0848941802978516e-02	4.4538605603815744e-11	1.5907310263190794e+09
/SS/5/PX-1PY2PZ0/b_X/eta0/bT0/bz17	6.9086790084838867e-02	4.3266910951538916e-11	1.5967580898534563e+09
/SS/5/PX-1PY2PZ0/b_X/eta0/bT0/bz18	6.8922996520996094e-02	2.5293186918982937e-11	2.2176638163698711e+09
/SS/5/PX-1PY2PZ0/b_X/eta0/bT0/bz19	1.0525560379028320e-01	2.9682434460113500e-11	3.5460569762808037e+09
/SS/5/PX-1PY2PZ0/b_X/eta0/bT0/bz2	6.4840698242187500e-01	5.8231253585334555e-12	9.4202585900542465e+10
/SS/5/PX-1PY2PZ0/b_X/eta0/bT0/bz20	1.2002468109130859e-01	3.4510724027715149e-11	3.4778951897653093e+09
/SS/5/PX-1PY2PZ0/b_X/eta0/bT0/bz3	5.0559997558593750e-01	5.9272721628692199e-12	7.8679425763273697e+10
/SS/5/PX-1PY2PZ0/b_X/eta0/bT0/bz4	4.0278625488281250e-01	5.9723476999073675e-12	6.3948028485643494e+10
/SS/5/PX-1PY2PZ0/b_X/eta0/bT0/bz5	3.2064056396484375e-01	6.5945747466860270e-12	3.5894595757750145e+10
/SS/5/PX-1PY2PZ0/b_X/eta0/bT0/bz6	2.4682617187500000e-01	8.0043137636332843e-12	2.3855697311077229e+10
/SS/5/PX-1PY2PZ0/b_X/eta0/bT0/bz7	1.7852783203125000e-01	9.1439083731157490e-12	1.5626898733576412e+10
/SS/5/PX-1PY2PZ0/b_X/eta0/bT0/bz8	1.1415100097656250e-01	1.0159631556741132e-11	1.0632727827250008e+10
/SS/5/PX-1PY2PZ0/b_X/eta0/bT0/bz9	1.1345481872558594e-01	1.1918086569200229e-11	7.7280826578241167e+09
/SS/5/PX-2PY-1PZ-1/b_X/eta0/bT0/bz-1	6.8392944335937500e-01	9.4760040387108502e-12	5.6937029602019661e+10
/SS/5/PX-2PY-1PZ-1/b_X/eta0/bT0/bz-10	2.0705318450927734e-01	6.6594276808716325e-11	3.1091738574474130e+09
/SS/5/PX-2PY-1PZ-1/b_X/eta0/bT0/bz-11	1.6695165634155273e-01	5.4991652921142804e-11	3.0359454112237520e+09
/SS/5/PX-2PY-1PZ-1/b_X/eta0/bT0/bz-12	1.1449074745178223e-01	5.7042461741323863e-11	2.0071144189213789e+09
/SS/5/PX-2PY-1PZ-1/b_X/eta0/bT0/bz-13	8.2605600357055664e-02	5.0425255746876117e-11	1.6381791055600772e+09
/SS/5/PX-2PY-1PZ-1/b_X/eta0/bT0/bz-14	1.0017609596252441e-01	5.8750484784836383e-11	1.7051109676694968e+09
/SS/5/PX-2PY-1PZ-1/b_X/eta0/bT0/bz-15	7.7571868896484375e-02	1.9427343877726494e-11	3.7115668001672406e+09
/SS/5/PX-2PY-1PZ-1/b_X/eta0/bT0/bz-16	6.7825317382812500e-02	1.1610884262324564e-11	3.8333391478425651e+09
/SS/5/PX-2PY-1PZ-1/b_X/eta0/bT0/bz-17	6.2500000000000000e-02	1.0128340189895530e-11	4.8760234697060518e+09
/SS/5/PX-2PY-1PZ-1/b_X/eta0/bT0/bz-18	5.8853149414062500e-02	1.3548468688245824e-11	2.3448609873413305e+09
/SS/5/PX-2PY-1PZ-1/b_X/eta0/bT0/bz-19	5.4906845092773438e-02	2.1671763730582374e-11	2.0746889039039888e+09
/SS/5/PX-2PY-1PZ-1/b_X/eta0/bT0/bz-2	6.1531066894531250e-01	1.0444417379122569e-11	3.2196453009581387e+10
/SS/5/PX-2PY-1PZ-1/b_X/eta0/bT0/bz-20	5.1355361938476562e-02	1.9999464328525937e-11	2.1584373654147954e+09
/SS/5/PX-2PY-1PZ-1/b_X/eta0/bT0/bz-3	5.2622985839843750e-01	1.1843187122156536e-11	2.4390098996853317e+10
/SS/5/PX-2PY-1PZ-1/b_X/eta0/bT0/bz-4	4.3813323974609375e-01	1.3130794167526649e-11	1.8339362510353710e+10
/SS/5/PX-2PY-1PZ-1/b_X/eta0/bT0/bz-5	3.5918426513671875e-01	1.4143700114246124e-11	2.1442483901807735e+10
/SS/5/PX-2PY-1PZ-1/b_X/eta0/bT0/bz-6	2.9243087768554688e-01	2.0225505883728095e-11	1.3490299369568491e+10
/SS/5/PX-2PY-1PZ-1/b_X/eta0/bT0/bz-7	2.4028682708740234e-01	3.4770490419409061e-11	6.9106539536547070e+09
/SS/5/PX-2PY-1PZ-1/b_X/eta0/bT0/bz-8	1.8840599060058594e-01	8.4338111795850311e-11	1.9271092252344751e+09
/SS/5/PX-2PY-1PZ-1/b_X/eta0/bT0/bz-9	2.3959231376647949e-01	1.3571038601887145e-10	1.7654677788121724e+09
/SS/5/PX-2PY-1PZ-1/b_X/eta0/bT0/bz0	7.1516418457031250e-01	9.3325535917748851e-12	6.1849856673687195e+10
/SS/5/PX-2PY-1PZ-1/b_X/eta0/bT0/bz1	6.4587402343750000e-01	9.2143185223741642e-12	5.7771580539170143e+10
/SS/5/PX-2PY-1PZ-1/b_X/eta0/bT0/bz10	1.0075473785400391e-01	2.3953105674421179e-11	3.7372218633235936e+09
/SS/5/PX-2PY-1PZ-1/b_X/eta0/bT0/bz11	9.7845077514648438e-02	1.9087525550604175e-11	4.0877911421380658e+09
/SS/5/PX-2PY-1PZ-1/b_X/eta0/bT0/bz12	9.8091125488281250e-02	1.6655172195718615e-11	3.9801104496103988e+09
/SS/5/PX-2PY-1PZ-1/b_X/eta0/bT0/bz13	9.2771530151367188e-02	1.2302547734015264e-11	3.9886726046060882e+09
/SS/5/PX-2PY-1PZ-1/b_X/eta0/bT0/bz14	8.2197189331054688e-02	9.8510686175193881e-12	4.4348305885185690e+09
/SS/5/PX-2PY-1PZ-1/b_X/eta0/bT0/bz15	6.8801879882812500e-02	1.1549297742714385e-11	5.1573384033119707e+09
/SS/5/PX-2PY-1PZ-1/b_X/eta0/bT0/bz16	6.4102172851562500e-02	2.2124692109565224e-11	2.8973136681006761e+09
/SS/5/PX-2PY-1PZ-1/b_X/eta0/bT0/bz17	5.3508758544921875e-02	3.0735709989511486e-11	1.4408418549274156e+09
/SS/5/PX-2PY-1PZ-1/b_X/eta0/bT0/bz18	5.7689666748046875e-02	7.1115600898289283e-12	2.5756968040546322e+09
/SS/5/PX-2PY-1PZ-1/b_X/eta0/bT0/bz19	5.6936264038085938e-02	4.5399671054818924e-11	4.7569314977659631e+08
/SS/5/PX-2PY-1PZ-1/b_X/eta0/bT0/bz2	5.1748657226562500e-01	9.2137132064704678e-12	4.8704940872095955e+10
/SS/5/PX-2PY-1PZ-1/b_X/eta0/bT0/bz20	4.8006057739257812e-02	3.0399255439152930e-11	5.7783412718927383e+08
/SS/5/PX-2PY-1PZ-1/b_X/eta0/bT0/bz3	3.8578033447265625e-01	9.3253261913985770e-12	3.8743696467703827e+10
/SS/5/PX-2PY-1PZ-1/b_X/eta0/bT0/bz4	2.8289794921875000e-01	9.5629832575066224e-12	2.9582604256541447e+10
/SS/5/PX-2PY-1PZ-1/b_X/eta0/bT0/bz5	2.1728897094726562e-01	1.0237234326630356e-11	2.1225358726235931e+10
/SS/5/PX-2PY-1PZ-1/b_X/eta0/bT0/bz6	1.6825103759765625e-01	1.2239194158471832e-11	1.3746904854940535e+10
/SS/5/PX-2PY-1PZ-1/b_X/eta0/bT0/bz7	1.3712191581726074e-01	7.8265049074112006e-11	1.7520198024461091e+09
/SS/5/PX-2PY-1PZ-1/b_X/eta0/bT0/bz8	1.3125610351562500e-01	4.1860228175189649e-11	1.9014888680413489e+09
/SS/5/PX-2PY-1PZ-1/b_X/eta0/bT0/bz9	1.3694477081298828e-01	5.3278818629231631e-11	2.0537432623502717e+09
/SS/5/PX-2PY-1PZ-2/b_X/eta0/bT0/bz-1	5.7417297363281250e-01	1.1591131941034897e-11	4.9535539458413612e+10
/SS/5/PX-2PY-1PZ-2/b_X/eta0/bT0/bz-10	1.0859489440917969e-01	1.3196810447537143e-11	4.5241826285195827e+09
/SS/5/PX-2PY-1PZ-2/b_X/eta0/bT0/bz-11	9.3263626098632812e-02	1.6325938550718170e-11	3.4778050133125758e+09
/SS/5/PX-2PY-1PZ-2/b_X/eta0/bT0/bz-12	7.4541091918945312e-02	1.3212031812190441e-11	3.7756013866903706e+09
/SS/5/PX-2PY-1PZ-2/b_X/eta0/bT0/bz-13	5.2289962768554688e-02	8.3334558759529403e-12	4.7151253656907473e+09
/SS/5/PX-2PY-1PZ-2/b_X/eta0/bT0/bz-14	5.3306579589843750e-02	6.9837730198377637e-12	6.6236363332380686e+09
/SS/5/PX-2PY-1PZ-2/b_X/eta0/bT0/bz-15	6.3837051391601562e-02	1.0461746393551606e-11	3.6912703330335984e+09
/SS/5/PX-2PY-1PZ-2/b_X/eta0/bT0/bz-16	6.9457054138183594e-02	1.2092120114609441e-11	5.7439930698560514e+09
/SS/5/PX-2PY-1PZ-2/b_X/eta0/bT0/bz-17	7.3491096496582031e-02	1.5267670933264799e-11	4.8135106407396803e+09
/SS/5/PX-2PY-1PZ-2/b_X/eta0/bT0/bz-18	7.6763153076171875e-02	2.3928868844168848e-11	1.7822955070473518e+09
/SS/5/PX-2PY-1PZ-2/b_X/eta0/bT0/bz-19	8.0512523651123047e-02	1.9237202222937967e-11	4.1852511980729656e+09
/SS/5/PX-2PY-1PZ-2/b_X/eta0/bT0/bz-2	4.3428039550781250e-01	1.2102236452074796e-11	3.5884309253713173e+10
/SS/5/PX-2PY-1PZ-2/b_X/eta0/bT0/bz-20	8.0782413482666016e-02	1.8867705379076960e-11	4.2815176440187783e+09
/SS/5/PX-2PY-1PZ-2/b_X/eta0/bT0/bz-3	2.8681945800781250e-01	1.2721791383099074e-11	2.2545524397519421e+10
/SS/5/PX-2PY-1PZ-2/b_X/eta0/bT0/bz-4	2.0982360839843750e-01	1.5429645857211812e-11	1.2544659054243658e+10
/SS/5/PX-2PY-1PZ-2/b_X/eta0/bT0/bz-5	1.9314575195312500e-01	1.3095625729879483e-11	1.0407406772116438e+10
/SS/5/PX-2PY-1PZ-2/b_X/eta0/bT0/bz-6	1.7110443115234375e-01	9.4060649078940265e-12	1.1553716045543388e+10
/SS/5/PX-2PY-1PZ-2/b_X/eta0/bT0/bz-7	1.5136337280273438e-01	1.0265235961056646e-10	1.4708195285705447e+09
/SS/5/PX-2PY-1PZ-2/b_X/eta0/bT0/bz-8	1.3582229614257812e-01	3.0665969141500193e-11	4.1293274907581644e+09
/SS/5/PX-2PY-1PZ-2/b_X/eta0/bT0/bz-9	1.2228012084960938e-01	1.4577355961548456e-11	6.7946899810376759e+09
/SS/5/PX-2PY-1PZ-2/b_X/eta0/bT0/bz0	6.4244079589843750e-01	1.1130483799904216e-11	5.7719036067773270e+10
/SS/5/PX-2PY-1PZ-2/b_X/eta0/bT0/bz1	5.7595825195312500e-01	1.0375032461150528e-11	5.5513874690012749e+10
/SS/5/PX-2PY-1PZ-2/b_X/eta0/bT0/bz10	1.1935234069824219e-01	2.2988969633616332e-11	3.0549229240695224e+09
/SS/5/PX-2PY-1PZ-2/b_X/eta0/bT0/bz11	9.6757888793945312e-02	1.3082066368610794e-11	1.7516441399633315e+09
/SS/5/PX-2PY-1PZ-2/b_X/eta0/bT0/bz12	7.4913024902343750e-02	8.0147395418893608e-12	7.6670053446096849e+09
/SS/5/PX-2PY-1PZ-2/b_X/eta0/bT0/bz13	5.9459686279296875e-02	8.6038512310281440e-12	3.6450075920377970e+09
/SS/5/PX-2PY-1PZ-2/b_X/eta0/bT0/bz14	5.7075500488281250e-02	8.5610624948948789e-12	2.6856079220062265e+09
/SS/5/PX-2PY-1PZ-2/b_X/eta0/bT0/bz15	4.9566268920898438e-02	7.3750446588852529e-12	3.5296080915395322e+09
/SS/5/PX-2PY-1PZ-2/b_X/eta0/bT0/bz16	3.7799835205078125e-02	1.5915402934290670e-11	2.0762788852979379e+09
/SS/5/PX-2PY-1PZ-2/b_X/eta0/bT0/bz17	6.2427043914794922e-02	2.3247702079552543e-11	2.6679881366780357e+09
/SS/5/PX-2PY-1PZ-2/b_X/eta0/bT0/bz18	7.6244831085205078e-02	3.0648652508493988e-11	2.4877058155843730e+09
/SS/5/PX-2PY-1PZ-2/b_X/eta0/bT0/bz19	7.1690082550048828e-02	2.4876649945156272e-11	2.8818222191532502e+09
/SS/5/PX-2PY-1PZ-2/b_X/eta0/bT0/bz2	4.3342590332031250e-01	8.8066716801909415e-12	4.8125800573822548e+10
/SS/5/PX-2PY-1PZ-2/b_X/eta0/bT0/bz20	5.9351444244384766e-02	3.0209209813537600e-11	8.8420012492662108e+08
/SS/5/PX-2PY-1PZ-2/b_X/eta0/bT0/bz3	3.9904785156250000e-01	6.5412874381645326e-12	4.0460490200278740e+10
/SS/5/PX-2PY-1PZ-2/b_X/eta0/bT0/bz4	3.4375762939453125e-01	5.6303759471383224e-12	6.1054116567340134e+10
/SS/5/PX-2PY-1PZ-2/b_X/eta0/bT0/bz5	2.7604675292968750e-01	6.4747173859044027e-12	4.2634564024469566e+10
/SS/5/PX-2PY-1PZ-2/b_X/eta0/bT0/bz6	2.2402954101562500e-01	7.6181845455682724e-12	2.1851606899106918e+10
/SS/5/PX-2PY-1PZ-2/b_X/eta0/bT0/bz7	1.7028045654296875e-01	9.1031311825888135e-12	5.7336969324076672e+09
/SS/5/PX-2PY-1PZ-2/b_X/eta0/bT0/bz8	1.2778472900390625e-01	1.1161940812079573e-11	1.1448253592745827e+10
/SS/5/PX-2PY-1PZ-2/b_X/eta0/bT0/bz9	1.3376998901367188e-01	2.9385128099132381e-11	1.0814103579800596e+09
/SS/5/PX-2PY-1PZ0/b_X/eta0/bT0/bz-1	1.0014953613281250e+00	4.4856675861120318e-11	1.7546101418044079e+10
/SS/5/PX-2PY-1PZ0/b_X/eta0/bT0/bz-10	1.6251659393310547e-01	2.3254210940146114e-11	4.3720407504174070e+09
/SS/5/PX-2PY-1PZ0/b_X/eta0/bT0/bz-11	1.2583160400390625e-01	1.8091916857788547e-11	6.3112423700890760e+09
/SS/5/PX-2PY-1PZ0/b_X/eta0/bT0/bz-12	1.0480880737304688e-01	1.3451552327645078e-11	5.2458086844378891e+09
/SS/5/PX-2PY-1PZ0/b_X/eta0/bT0/bz-13	8.8240623474121094e-02	3.5519654265381762e-11	1.8880223493022370e+09
/SS/5/PX-2PY-1PZ0/b_X/eta0/bT0/bz-14	7.9127788543701172e-02	1.9009588172753377e-11	4.1625198728458400e+09
/SS/5/PX-2PY-1PZ0/b_X/eta0/bT0/bz-15	7.9684734344482422e-02	2.4992122845193042e-11	3.1883939927019405e+09
/SS/5/PX-2PY-1PZ0/b_X/eta0/bT0/bz-16	7.2439193725585938e-02	2.9674802706333434e-11	2.4411011066343293e+09
/SS/5/PX-2PY-1PZ0/b_X/eta0/bT0/bz-17	6.0577154159545898e-02	3.1781851002804880e-11	1.9060297700785177e+09
/SS/5/PX-2PY-1PZ0/b_X/eta0/bT0/bz-18	6.2355041503906250e-02	2.6337567990188405e-11	1.8029603188407152e+09
/SS/5/PX-2PY-1PZ0/b_X/eta0/bT0/bz-19	6.3419342041015625e-02	1.6226146353449277e-11	2.1852733228159976e+09
/SS/5/PX-2PY-1PZ0/b_X/eta0/bT0/bz-2	8.2595062255859375e-01	7.5843430499798213e-11	8.8351967284774017e+09
/SS/5/PX-2PY-1PZ0/b_X/eta0/bT0/bz-20	6.4249038696289062e-02	1.3113968771034721e-11	2.8463035530042133e+09
/SS/5/PX-2PY-1PZ0/b_X/eta0/bT0/bz-3	6.3210296630859375e-01	1.0482895270029531e-10	2.0956686195785220e+09
/SS/5/PX-2PY-1PZ0/b_X/eta0/bT0/bz-4	5.6057929992675781e-01	1.1571609078507358e-10	4.8444368983044481e+09
/SS/5/PX-2PY-1PZ0/b_X/eta0/bT0/bz-5	4.5658874511718750e-01	5.2682341513169811e-11	8.6668270999884663e+09
/SS/5/PX-2PY-1PZ0/b_X/eta0/bT0/bz-6	3.7582397460937500e-01	3.5468007971796729e-11	1.0596139904677500e+10
/SS/5/PX-2PY-1PZ0/b_X/eta0/bT0/bz-7	3.1312942504882812e-01	2.8580007315539568e-11	1.0956240199370869e+10
/SS/5/PX-2PY-1PZ0/b_X/eta0/bT0/bz-8	2.6105880737304688e-01	2.5364555321218782e-11	1.0292268248623995e+10
/SS/5/PX-2PY-1PZ0/b_X/eta0/bT0/bz-9	2.1176910400390625e-01	2.3124103636437846e-11	9.1579378527871113e+09
/SS/5/PX-2PY-1PZ0/b_X/eta0/bT0/bz0	1.0953521728515625e+00	3.3468891657714926e-11	2.6397165934089062e+10
/SS/5/PX-2PY-1PZ0/b_X/eta0/bT0/bz1	1.0351562500000000e+00	2.7455358995926308e-11	3.2407899235428677e+10
/SS/5/PX-2PY-1PZ0/b_X/eta0/bT0/bz10	1.0556268692016602e-01	4.1132904512249082e-11	2.5663805698119426e+09
/SS/5/PX-2PY-1PZ0/b_X/eta0/bT0/bz11	8.4892272949218750e-02	3.0759544345407328e-11	2.3705327654450235e+09
/SS/5/PX-2PY-1PZ0/b_X/eta0/bT0/bz12	9.6449375152587891e-02	3.2533828734270286e-11	2.9645872897520556e+09
/SS/5/PX-2PY-1PZ0/b_X/eta0/bT0/bz13	8.3263397216796875e-02	1.7212739795781185e-11	4.5169043143309193e+09
/SS/5/PX-2PY-1PZ0/b_X/eta0/bT0/bz14	8.7795257568359375e-02	3.0395836888156270e-11	1.3030810855218406e+09
/SS/5/PX-2PY-1PZ0/b_X/eta0/bT0/bz15	9.4205856323242188e-02	4.6232072351133865e-11	1.4090097225820894e+09
/SS/5/PX-2PY-1PZ0/b_X/eta0/bT0/bz16	9.7962379455566406e-02	4.6449284619180301e-11	1.3431513664091702e+09
/SS/5/PX-2PY-1PZ0/b_X/eta0/bT0/bz17	9.6106052398681641e-02	3.2867966490889191e-11	2.9240036016624780e+09
/SS/5/PX-2PY-1PZ0/b_X/eta0/bT0/bz18	8.2394599914550781e-02	3.6151926405244609e-11	2.2687929683265452e+09
/SS/5/PX-2PY-1PZ0/b_X/eta0/bT0/bz19	6.4979553222656250e-02	3.8486471723088184e-11	1.2916545786443248e+09
/SS/5/PX-2PY-1PZ0/b_X/eta0/bT0/bz2	8.7454223632812500e-01	2.1524447431555947e-11	3.5603337345721611e+10
/SS/5/PX-2PY-1PZ0/b_X/eta0/bT0/bz20	6.6881179809570312e-02	3.7342864909022621e-11	1.7662498884079285e+09
/SS/5/PX-2PY-1PZ0/b_X/eta0/bT0/bz3	6.8287658691406250e-01	1.6372345287483340e-11	3.5688522280128899e+10
/SS/5/PX-2PY-1PZ0/b_X/eta0/bT0/bz4	5.0183868408203125e-01	1.2641706536072556e-11	3.2637511428968544e+10
/SS/5/PX-2PY-1PZ0/b_X/eta0/bT0/bz5	3.5376739501953125e-01	1.0313201024261161e-11	3.4302385281477161e+10
/SS/5/PX-2PY-1PZ0/b_X/eta0/bT0/bz6	2.4097061157226562e-01	9.4341244196696210e-12	2.5542445790714336e+10
/SS/5/PX-2PY-1PZ0/b_X/eta0/bT0/bz7	1.5788650512695312e-01	8.2044857926048400e-12	1.9243924496677784e+10
/SS/5/PX-2PY-1PZ0/b_X/eta0/bT0/bz8	9.9094390869140625e-02	6.7314118910029267e-12	1.4721189621688169e+10
/SS/5/PX-2PY-1PZ0/b_X/eta0/bT0/bz9	8.1609725952148438e-02	1.2936349600920071e-11	6.1853721210303879e+09
/SS/5/PX-2PY-2PZ-1/b_X/eta0/bT0/bz-1	9.0072631835937500e-01	1.2553052036977812e-11	6.0348728560106720e+10
/SS/5/PX-2PY-2PZ-1/b_X/eta0/bT0/bz-10	1.2772178649902344e-01	1.8855187516311411e-11	2.5589374090393705e+09
/SS/5/PX-2PY-2PZ-1/b_X/eta0/bT0/bz-11	1.3346099853515625e-01	2.6144793624484373e-11	1.2219584380697267e+09
/SS/5/PX-2PY-2PZ-1/b_X/eta0/bT0/bz-12	1.3452529907226562e-01	4.7647180435881239e-11	6.4475901599916875e+08
/SS/5/PX-2PY-2PZ-1/b_X/eta0/bT0/bz-13	1.2630653381347656e-01	9.9561905448485086e-11	2.7960245608499461e+08
/SS/5/PX-2PY-2PZ-1/b_X/eta0/bT0/bz-14	1.0715103149414062e-01	2.8704423593560709e-11	1.8791798007870290e+09
/SS/5/PX-2PY-2PZ-1/b_X/eta0/bT0/bz-15	8.0222129821777344e-02	2.4263004434896153e-11	1.0928163117716734e+09
/SS/5/PX-2PY-2PZ-1/b_X/eta0/bT0/bz-16	7.9380989074707031e-02	3.1360221995202231e-11	1.2876032649620483e+09
/SS/5/PX-2PY-2PZ-1/b_X/eta0/bT0/bz-17	7.2721481323242188e-02	1.8940885604123284e-11	1.7963886679794512e+09
/SS/5/PX-2PY-2PZ-1/b_X/eta0/bT0/bz-18	6.2421798706054688e-02	9.6476727415359077e-12	6.4701405591124096e+09
/SS/5/PX-2PY-2PZ-1/b_X/eta0/bT0/bz-19	5.2384376525878906e-02	1.0551573576529329e-11	4.4081201180482845e+09
/SS/5/PX-2PY-2PZ-1/b_X/eta0/bT0/bz-2	7.2390747070312500e-01	1.3137992145370311e-11	4.5325761757512482e+10
/SS/5/PX-2PY-2PZ-1/b_X/eta0/bT0/bz-20	4.2107582092285156e-02	5.9949719453796787e-11	3.0380117577706015e+08
/SS/5/PX-2PY-2PZ-1/b_X/eta0/bT0/bz-3	5.3606414794921875e-01	1.3701964169983115e-11	3.0311916527947319e+10
/SS/5/PX-2PY-2PZ-1/b_X/eta0/bT0/bz-4	3.7921905517578125e-01	1.3940921408286829e-11	1.8319187452506153e+10
/SS/5/PX-2PY-2PZ-1/b_X/eta0/bT0/bz-5	2.6395797729492188e-01	1.2545743421479247e-11	9.9299397227318401e+09
/SS/5/PX-2PY-2PZ-1/b_X/eta0/bT0/bz-6	1.8824005126953125e-01	1.2687482038850829e-11	1.4836675290898077e+10
/SS/5/PX-2PY-2PZ-1/b_X/eta0/bT0/bz-7	1.4438438415527344e-01	2.7387798558108983e-11	2.2357608152980351e+09
/SS/5/PX-2PY-2PZ-1/b_X/eta0/bT0/bz-8	1.3593101501464844e-01	5.7770678952417433e-11	1.0248845082191420e+09
/SS/5/PX-2PY-2PZ-1/b_X/eta0/bT0/bz-9	1.3250923156738281e-01	6.3799674419953065e-11	3.5827899524499238e+08
/SS/5/PX-2PY-2PZ-1/b_X/eta0/bT0/bz0	9.9778747558593750e-01	1.1989568539583189e-11	6.9855697482895340e+10
/SS/5/PX-2PY-2PZ-1/b_X/eta0/bT0/bz1	9.5185852050781250e-01	1.1918744574413047e-11	2.5496191900053215e+10
/SS/5/PX-2PY-2PZ-1/b_X/eta0/bT0/bz10	1.5913963317871094e-01	1.6510806530473776e-11	9.6385135932026711e+09
/SS/5/PX-2PY-2PZ-1/b_X/eta0/bT0/bz11	1.4832496643066406e-01	1.6419194979910685e-11	4.4479297289197235e+09
/SS/5/PX-2PY-2PZ-1/b_X/eta0/bT0/bz12	1.4248085021972656e-01	2.2904305286807487e-11	4.2600618508098469e+09
/SS/5/PX-2PY-2PZ-1/b_X/eta0/bT0/bz13	1.3782501220703125e-01	2.5010621618538933e-11	4.3615502513921528e+09
/SS/5/PX-2PY-2PZ-1/b_X/eta0/bT0/bz14	1.3256549835205078e-01	2.4022884680689151e-11	4.5474321973428240e+09
/SS/5/PX-2PY-2PZ-1/b_X/eta0/bT0/bz15	1.2289619445800781e-01	2.1821609089191658e-11	4.8486086854053497e+09
/SS/5/PX-2PY-2PZ-1/b_X/eta0/bT0/bz16	1.0493564605712891e-01	1.9596679472569170e-11	5.1792316621763487e+09
/SS/5/PX-2PY-2PZ-1/b_X/eta0/bT0/bz17	9.2657089233398438e-02	1.7564212432949302e-11	5.2753341254048977e+09
/SS/5/PX-2PY-2PZ-1/b_X/eta0/bT0/bz18	7.7770233154296875e-02	8.1302334237779668e-11	5.5529553182746685e+08
/SS/5/PX-2PY-2PZ-1/b_X/eta0/bT0/bz19	6.5426826477050781e-02	1.2746644006891228e-11	5.1328668504179630e+09
/SS/5/PX-2PY-2PZ-1/b_X/eta0/bT0/bz2	8.2971191406250000e-01	1.5974804345332624e-11	2.3990978662441132e+10
/SS/5/PX-2PY-2PZ-1/b_X/eta0/bT0/bz20	5.9436798095703125e-02	1.5937652941003518e-11	2.1584097981320353e+09
/SS/5/PX-2PY-2PZ-1/b_X/eta0/bT0/bz3	6.8935394287109375e-01	2.0708572111977176e-11	8.7828822742703857e+09
/SS/5/PX-2PY-2PZ-1/b_X/eta0/bT0/bz4	5.5631256103515625e-01	3.1051608015326477e-11	9.2985341014430714e+09
/SS/5/PX-2PY-2PZ-1/b_X/eta0/bT0/bz5	4.3241882324218750e-01	1.9591451661606672e-11	1.1881833358361324e+10
/SS/5/PX-2PY-2PZ-1/b_X/eta0/bT0/bz6	3.1146240234375000e-01	1.7483719455066120e-11	1.5796970706774815e+10
/SS/5/PX-2PY-2PZ-1/b_X/eta0/bT0/bz7	2.3772811889648438e-01	1.8503888358027893e-11	1.2847468288650061e+10
/SS/5/PX-2PY-2PZ-1/b_X/eta0/bT0/bz8	2.0599937438964844e-01	1.9077516131308622e-11	1.0798018618974058e+10
/SS/5/PX-2PY-2PZ-1/b_X/eta0/bT0/bz9	1.7886352539062500e-01	1.8166299077187434e-11	9.8458978700419617e+09
/SS/5/PX-2PY-2PZ-2/b_X/eta0/bT0/bz-1	1.2782897949218750e+00	2.5632875574965054e-11	2.9458421968032967e+10
/SS/5/PX-2PY-2PZ-2/b_X/eta0/bT0/bz-10	6.8178176879882812e-02	4.3067044474015567e-12	1.5830707148018482e+10
/SS/5/PX-2PY-2PZ-2/b_X/eta0/bT0/bz-11	5.4599761962890625e-02	3.7736092668906087e-11	5.4878911740417874e+08
/SS/5/PX-2PY-2PZ-2/b_X/eta0/bT0/bz-12	7.2659492492675781e-02	3.2375383570971757e-11	1.4840174825439625e+09
/SS/5/PX-2PY-2PZ-2/b_X/eta0/bT0/bz-13	7.9308271408081055e-02	6.8848516874991390e-11	1.1519241809098299e+09
/SS/5/PX-2PY-2PZ-2/b_X/eta0/bT0/bz-14	8.0348014831542969e-02	7.7310327983556526e-11	9.4390659156759429e+08
/SS/5/PX-2PY-2PZ-2/b_X/eta0/bT0/bz-15	9.2768669128417969e-02	3.1573696584596742e-11	9.8116599055316901e+08
/SS/5/PX-2PY-2PZ-2/b_X/eta0/bT0/bz-16	9.7503662109375000e-02	3.7886884860480334e-11	1.0080510630275779e+09
/SS/5/PX-2PY-2PZ-2/b_X/eta0/bT0/bz-17	9.8624229431152344e-02	1.7022948506798819e-11	5.6354518606235037e+09
/SS/5/PX-2PY-2PZ-2/b_X/eta0/bT0/bz-18	1.0239219665527344e-01	2.0199140105667289e-11	5.0691364147004051e+09
/SS/5/PX-2PY-2PZ-2/b_X/eta0/bT0/bz-19	9.5531463623046875e-02	3.1480909882439443e-11	2.6367287577481017e+08
/SS/5/PX-2PY-2PZ-2/b_X/eta0/bT0/bz-2	1.0394515991210938e+00	2.4025226382493466e-11	2.4915414768403263e+10
/SS/5/PX-2PY-2PZ-2/b_X/eta0/bT0/bz-20	8.2856178283691406e-02	2.7831254208992787e-11	2.9770910668093090e+09
/SS/5/PX-2PY-2PZ-2/b_X/eta0/bT0/bz-3	7.6783752441406250e-01	2.2044293521731346e-11	1.9718697403001595e+10
/SS/5/PX-2PY-2PZ-2/b_X/eta0/bT0/bz-4	5.1046752929687500e-01	2.3133487477399867e-11	1.9961232354278549e+10
/SS/5/PX-2PY-2PZ-2/b_X/eta0/bT0/bz-5	2.9251098632812500e-01	2.3227120651614705e-11	1.1758213173795616e+10
/SS/5/PX-2PY-2PZ-2/b_X/eta0/bT0/bz-6	1.7237854003906250e-01	1.7067700663630752e-11	6.6657237443887768e+09
/SS/5/PX-2PY-2PZ-2/b_X/eta0/bT0/bz-7	1.0610198974609375e-01	5.7843775095453826e-12	1.7538284614830482e+10
/SS/5/PX-2PY-2PZ-2/b_X/eta0/bT0/bz-8	7.9063415527343750e-02	5.3934034590121728e-12	1.2666492781527905e+10
/SS/5/PX-2PY-2PZ-2/b_X/eta0/bT0/bz-9	7.6681137084960938e-02	4.8562040036497569e-12	3.5802524871968503e+09
/SS/5/PX-2PY-2PZ-2/b_X/eta0/bT0/bz0	1.3943328857421875e+00	2.6808307970754682e-11	3.1599383594228035e+10
/SS/5/PX-2PY-2PZ-2/b_X/eta0/bT0/bz1	1.3053436279296875e+00	2.7643602778128055e-11	2.9453794098763847e+10
/SS/5/PX-2PY-2PZ-2/b_X/eta0/bT0/bz10	8.6857795715332031e-02	3.4378425148022210e-11	2.4269460103931427e+09
/SS/5/PX-2PY-2PZ-2/b_X/eta0/bT0/bz11	8.8655471801757812e-02	5.9816579998369003e-11	1.4821220438242233e+09
/SS/5/PX-2PY-2PZ-2/b_X/eta0/bT0/bz12	7.8550100326538086e-02	5.5138889352399531e-11	1.4245861904202418e+09
/SS/5/PX-2PY-2PZ-2/b_X/eta0/bT0/bz13	7.5773239135742188e-02	3.0440782122286290e-11	2.4892014545272517e+09
/SS/5/PX-2PY-2PZ-2/b_X/eta0/bT0/bz14	6.9903850555419922e-02	3.0609168692073134e-11	2.2837552779903803e+09
/SS/5/PX-2PY-2PZ-2/b_X/eta0/bT0/bz15	6.4568519592285156e-02	2.3953089877556734e-11	2.2736723932239051e+09
/SS/5/PX-2PY-2PZ-2/b_X/eta0/bT0/bz16	6.2091827392578125e-02	1.4334796921259431e-11	2.6047952207036462e+09
/SS/5/PX-2PY-2PZ-2/b_X/eta0/bT0/bz17	5.5785179138183594e-02	4.0064057427065406e-11	5.6562144107368886e+08
/SS/5/PX-2PY-2PZ-2/b_X/eta0/bT0/bz18	4.9304008483886719e-02	7.6611618681336713e-11	6.3710969730337834e+08
/SS/5/PX-2PY-2PZ-2/b_X/eta0/bT0/bz19	4.7266006469726562e-02	2.4386339542820568e-11	1.4435728173491352e+09
/SS/5/PX-2PY-2PZ-2/b_X/eta0/bT0/bz2	1.1053619384765625e+00	2.8197884475726744e-11	2.4988276948130852e+10
/SS/5/PX-2PY-2PZ-2/b_X/eta0/bT0/bz20	5.3081512451171875e-02	5.1868942697775755e-11	4.9650175810001069e+08
/SS/5/PX-2PY-2PZ-2/b_X/eta0/bT0/bz3	8.8430786132812500e-01	2.9740295374846454e-11	1.9604706907620354e+10
/SS/5/PX-2PY-2PZ-2/b_X/eta0/bT0/bz4	6.8690490722656250e-01	3.3016287921507102e-11	1.4417756899866297e+10
/SS/5/PX-2PY-2PZ-2/b_X/eta0/bT0/bz5	5.2421951293945312e-01	3.4218663945556449e-11	1.0762894058177391e+10
/SS/5/PX-2PY-2PZ-2/b_X/eta0/bT0/bz6	3.9386749267578125e-01	2.7015438220298344e-11	1.3926419754940269e+10
/SS/5/PX-2PY-2PZ-2/b_X/eta0/bT0/bz7	2.8733825683593750e-01	3.1191626389798601e-11	9.1000062194082260e+09
/SS/5/PX-2PY-2PZ-2/b_X/eta0/bT0/bz8	2.0019149780273438e-01	2.4667294580795628e-11	8.1156649403534765e+09
/SS/5/PX-2PY-2PZ-2/b_X/eta0/bT0/bz9	1.3141441345214844e-01	2.4859888191795618e-11	5.2862029160500593e+09
/SS/5/PX-2PY-2PZ0/b_X/eta0/bT0/bz-1	8.0191802978515625e-01	4.3873198141564948e-11	1.3159485370624760e+10
/SS/5/PX-2PY-2PZ0/b_X/eta0/bT0/bz-10	9.7291946411132812e-02	1.2780514068034516e-11	6.0415598791095123e+09
/SS/5/PX-2PY-2PZ0/b_X/eta0/bT0/bz-11	7.6656341552734375e-02	1.8095793359872663e-11	3.9319488227698340e+09
/SS/5/PX-2PY-2PZ0/b_X/eta0/bT0/bz-12	8.1905364990234375e-02	2.3971234075330780e-11	3.1416520461210904e+09
/SS/5/PX-2PY-2PZ0/b_X/eta0/bT0/bz-13	9.1032981872558594e-02	2.0806970521823758e-11	3.1812029710055380e+09
/SS/5/PX-2PY-2PZ0/b_X/eta0/bT0/bz-14	9.7808837890625000e-02	2.2408611066715974e-11	4.3647880539951324e+09
/SS/5/PX-2PY-2PZ0/b_X/eta0/bT0/bz-15	9.3281745910644531e-02	2.3502796844741555e-11	2.3864787147878594e+09
/SS/5/PX-2PY-2PZ0/b_X/eta0/bT0/bz-16	7.7667713165283203e-02	2.9086999840785022e-11	1.4910116214014132e+09
/SS/5/PX-2PY-2PZ0/b_X/eta0/bT0/bz-17	7.2196006774902344e-02	2.6274396795695858e-11	2.2910850054506316e+09
/SS/5/PX-2PY-2PZ0/b_X/eta0/bT0/bz-18	6.2522888183593750e-02	3.2267706123945502e-11	1.8030735502577202e+09
/SS/5/PX-2PY-2PZ0/b_X/eta0/bT0/bz-19	6.1320781707763672e-02	1.7550592853109112e-11	3.4939436075460329e+09
/SS/5/PX-2PY-2PZ0/b_X/eta0/bT0/bz-2	6.8933868408203125e-01	4.3296915724806851e-11	9.7626642796012287e+09
/SS/5/PX-2PY-2PZ0/b_X/eta0/bT0/bz-20	5.6273460388183594e-02	2.3956693710045680e-11	1.7631675930053406e+09
/SS/5/PX-2PY-2PZ0/b_X/eta0/bT0/bz-3	5.5368041992187500e-01	1.8163192673637143e-11	3.0483650637341480e+10
/SS/5/PX-2PY-2PZ0/b_X/eta0/bT0/bz-4	4.2906188964843750e-01	1.9602923542739004e-11	2.1887647968068703e+10
/SS/5/PX-2PY-2PZ0/b_X/eta0/bT0/bz-5	3.2486534118652344e-01	2.0499349779019071e-11	1.5847592469446062e+10
/SS/5/PX-2PY-2PZ0/b_X/eta0/bT0/bz-6	2.3587036132812500e-01	1.9736124866126637e-11	1.1951199281929569e+10
/SS/5/PX-2PY-2PZ0/b_X/eta0/bT0/bz-7	1.9141769409179688e-01	1.5703116472104233e-11	9.8478607973934784e+09
/SS/5/PX-2PY-2PZ0/b_X/eta0/bT0/bz-8	1.5774917602539062e-01	9.6367076875280707e-12	8.8737846343714294e+09
/SS/5/PX-2PY-2PZ0/b_X/eta0/bT0/bz-9	1.2718200683593750e-01	1.1340289376804177e-11	7.2026643357650309e+09
/SS/5/PX-2PY-2PZ0/b_X/eta0/bT0/bz0	8.7724304199218750e-01	3.0165719203718133e-11	1.7740922750014652e+10
/SS/5/PX-2PY-2PZ0/b_X/eta0/bT0/bz1	8.7570190429687500e-01	2.7905691507863015e-11	1.6836539644240112e+10
/SS/5/PX-2PY-2PZ0/b_X/eta0/bT0/bz10	1.2139129638671875e-01	1.1561883191706593e-11	1.0499266804026651e+10
/SS/5/PX-2PY-2PZ0/b_X/eta0/bT0/bz11	1.0280036926269531e-01	1.0190583533629669e-11	1.0087780441958656e+10
/SS/5/PX-2PY-2PZ0/b_X/eta0/bT0/bz12	8.3171844482421875e-02	9.4356247643247694e-12	5.2804891997218037e+09
/SS/5/PX-2PY-2PZ0/b_X/eta0/bT0/bz13	7.5296401977539062e-02	8.1871483421686689e-12	7.3255817016973572e+09
/SS/5/PX-2PY-2PZ0/b_X/eta0/bT0/bz14	6.5708160400390625e-02	4.0878773791222142e-11	1.0898820421002138e+09
/SS/5/PX-2PY-2PZ0/b_X/eta0/bT0/bz15	5.2944183349609375e-02	1.4443396484990069e-11	3.4230771688412185e+09
/SS/5/PX-2PY-2PZ0/b_X/eta0/bT0/bz16	6.2577247619628906e-02	1.8636553549915452e-11	2.6271063886189613e+09
/SS/5/PX-2PY-2PZ0/b_X/eta0/bT0/bz17	7.0486068725585938e-02	1.5349833756124297e-11	2.2575921137535281e+09
/SS/5/PX-2PY-2PZ0/b_X/eta0/bT0/bz18	7.4125289916992188e-02	1.7997931805634442e-11	2.9943515845107098e+09
/SS/5/PX-2PY-2PZ0/b_X/eta0/bT0/bz19	7.5078487396240234e-02	2.8090180993914737e-11	2.6727662385836787e+09
/SS/5/PX-2PY-2PZ0/b_X/eta0/bT0/bz2	7.7244567871093750e-01	3.4655718443041254e-11	1.1314022141550201e+10
/SS/5/PX-2PY-2PZ0/b_X/eta0/bT0/bz20	8.6942672729492188e-02	3.0030910186524886e-11	2.8951061486143060e+09
/SS/5/PX-2PY-2PZ0/b_X/eta0/bT0/bz3	6.3606262207031250e-01	6.3561872443525772e-11	4.7066252064324446e+09
/SS/5/PX-2PY-2PZ0/b_X/eta0/bT0/bz4	5.1164245605468750e-01	1.7530159184871869e-10	6.6959311105205905e+08
/SS/5/PX-2PY-2PZ0/b_X/eta0/bT0/bz5	4.1548156738281250e-01	1.6232727317749667e-11	1.6262614553732944e+10
/SS/5/PX-2PY-2PZ0/b_X/eta0/bT0/bz6	3.4230422973632812e-01	1.7042539997399421e-11	2.0085282463093029e+10
/SS/5/PX-2PY-2PZ0/b_X/eta0/bT0/bz7	2.7061843872070312e-01	2.1214197768603555e-11	1.2756477603938017e+10
/SS/5/PX-2PY-2PZ0/b_X/eta0/bT0/bz8	1.7218494415283203e-01	2.0480871457229740e-11	8.4071102400308657e+09
/SS/5/PX-2PY-2PZ0/b_X/eta0/bT0/bz9	1.4150047302246094e-01	1.3311046101537803e-11	1.0630304481186766e+10
/SS/5/PX-2PY0PZ-1/b_X/eta0/bT0/bz-1	1.2467231750488281e+00	7.8320287841069633e-11	1.4106681109154654e+10
/SS/5/PX-2PY0PZ-1/b_X/eta0/bT0/bz-10	1.0725784301757812e-01	1.7827003673903880e-11	6.0165939817798929e+09
/SS/5/PX-2PY0PZ-1/b_X/eta0/bT0/bz-11	1.0416603088378906e-01	1.7427360096260904e-11	5.0740094585405693e+09
/SS/5/PX-2PY0PZ-1/b_X/eta0/bT0/bz-12	1.0064220428466797e-01	1.7254832293310978e-11	4.0181831557950578e+09
/SS/5/PX-2PY0PZ-1/b_X/eta0/bT0/bz-13	9.4230651855468750e-02	2.2233351583575427e-11	4.2382567244193764e+09
/SS/5/PX-2PY0PZ-1/b_X/eta0/bT0/bz-14	8.8157653808593750e-02	3.1906401543456893e-11	2.7630083476672225e+09
/SS/5/PX-2PY0PZ-1/b_X/eta0/bT0/bz-15	7.7627182006835938e-02	4.5568958354800012e-11	1.6705168868316469e+09
/SS/5/PX-2PY0PZ-1/b_X/eta0/bT0/bz-16	6.9270133972167969e-02	3.1236618467022806e-11	1.0328366791983355e+09
/SS/5/PX-2PY0PZ-1/b_X/eta0/bT0/bz-17	5.2674770355224609e-02	3.8189510981544445e-11	1.0178368681363199e+09
/SS/5/PX-2PY0PZ-1/b_X/eta0/bT0/bz-18	6.6311836242675781e-02	7.4980287745255973e-11	5.2003461850633436e+08
/SS/5/PX-2PY0PZ-1/b_X/eta0/bT0/bz-19	7.6436519622802734e-02	5.0059907349048903e-11	4.1876567317331636e+08
/SS/5/PX-2PY0PZ-1/b_X/eta0/bT0/bz-2	1.0460186004638672e+00	8.3456002959905782e-11	1.0927167384965263e+10
/SS/5/PX-2PY0PZ-1/b_X/eta0/bT0/bz-20	8.1294536590576172e-02	5.3914082107783620e-11	7.8183300337822139e+08
/SS/5/PX-2PY0PZ-1/b_X/eta0/bT0/bz-3	8.4107398986816406e-01	8.6286506553415811e-11	9.7474567399190712e+09
/SS/5/PX-2PY0PZ-1/b_X/eta0/bT0/bz-4	6.8218040466308594e-01	1.1170100653197961e-10	6.1072001573036861e+09
/SS/5/PX-2PY0PZ-1/b_X/eta0/bT0/bz-5	5.5938053131103516e-01	1.3729416648058755e-10	4.0743211867645350e+09
/SS/5/PX-2PY0PZ-1/b_X/eta0/bT0/bz-6	3.3918380737304688e-01	7.8266663125545762e-11	4.1296881995869732e+09
/SS/5/PX-2PY0PZ-1/b_X/eta0/bT0/bz-7	2.4783706665039062e-01	2.7760476967932499e-11	5.1186627533221989e+09
/SS/5/PX-2PY0PZ-1/b_X/eta0/bT0/bz-8	1.8258476257324219e-01	2.0940631537903038e-11	6.8953947562221842e+09
/SS/5/PX-2PY0PZ-1/b_X/eta0/bT0/bz-9	1.3719940185546875e-01	1.8906492025347021e-11	6.6705023216955290e+09
/SS/5/PX-2PY0PZ-1/b_X/eta0/bT0/bz0	1.3494224548339844e+00	6.9368818982359855e-11	1.6541616225059177e+10
/SS/5/PX-2PY0PZ-1/b_X/eta0/bT0/bz1	1.2481079101562500e+00	6.1069596428148027e-11	2.0437467793400639e+10
/SS/5/PX-2PY0PZ-1/b_X/eta0/bT0/bz10	1.7481613159179688e-01	1.6545522574473352e-11	1.0565766708481331e+10
/SS/5/PX-2PY0PZ-1/b_X/eta0/bT0/bz11	1.6345882415771484e-01	3.2899857307031141e-11	4.9683748665615492e+09
/SS/5/PX-2PY0PZ-1/b_X/eta0/bT0/bz12	1.5712738037109375e-01	6.3528097441811543e-11	2.4733525274389701e+09
/SS/5/PX-2PY0PZ-1/b_X/eta0/bT0/bz13	8.6283683776855469e-02	5.0012620063329307e-11	1.0916767833107638e+09
/SS/5/PX-2PY0PZ-1/b_X/eta0/bT0/bz14	6.7615509033203125e-02	4.6212880906404323e-11	8.5678560355188775e+08
/SS/5/PX-2PY0PZ-1/b_X/eta0/bT0/bz15	7.8104972839355469e-02	1.6003501378651682e-11	4.8804927741341515e+09
/SS/5/PX-2PY0PZ-1/b_X/eta0/bT0/bz16	7.9962253570556641e-02	2.1184831362516438e-11	3.2662198570267224e+09
/SS/5/PX-2PY0PZ-1/b_X/eta0/bT0/bz17	7.2658300399780273e-02	4.4781666576485192e-11	1.6225010356790311e+09
/SS/5/PX-2PY0PZ-1/b_X/eta0/bT0/bz18	5.9948444366455078e-02	3.3760865869468906e-11	1.7756785207534764e+09
/SS/5/PX-2PY0PZ-1/b_X/eta0/bT0/bz19	5.6573867797851562e-02	4.0966797032898745e-11	1.0303636404342012e+09
/SS/5/PX-2PY0PZ-1/b_X/eta0/bT0/bz2	1.0335693359375000e+00	7.0902868110333896e-11	1.4537013379753370e+10
/SS/5/PX-2PY0PZ-1/b_X/eta0/bT0/bz20	4.8580169677734375e-02	5.4963857419468672e-11	7.0461279412281084e+08
/SS/5/PX-2PY0PZ-1/b_X/eta0/bT0/bz3	8.1410980224609375e-01	9.0111098059749401e-11	8.8447108537862663e+09
/SS/5/PX-2PY0PZ-1/b_X/eta0/bT0/bz4	6.2192535400390625e-01	1.2996305896802166e-10	4.7650746378618259e+09
/SS/5/PX-2PY0PZ-1/b_X/eta0/bT0/bz5	4.6897506713867188e-01	1.4585237010521895e-10	3.0592178350179014e+09
/SS/5/PX-2PY0PZ-1/b_X/eta0/bT0/bz6	3.5365867614746094e-01	5.9039265595753087e-11	3.8601029627198186e+09
/SS/5/PX-2PY0PZ-1/b_X/eta0/bT0/bz7	3.0581474304199219e-01	3.4698411952589246e-11	7.3958217015257902e+09
/SS/5/PX-2PY0PZ-1/b_X/eta0/bT0/bz8	2.5790405273437500e-01	3.3281742946024014e-11	4.9190741847366590e+09
/SS/5/PX-2PY0PZ-1/b_X/eta0/bT0/bz9	2.1380996704101562e-01	2.0182603687769245e-11	4.4609472881601295e+09
/SS/5/PX-2PY0PZ-2/b_X/eta0/bT0/bz-1	8.4649658203125000e-01	8.4926496598525975e-12	7.3973952587625519e+10
/SS/5/PX-2PY0PZ-2/b_X/eta0/bT0/bz-10	1.0229587554931641e-01	1.3816534634445274e-11	3.5403167767441330e+09
/SS/5/PX-2PY0PZ-2/b_X/eta0/bT0/bz-11	8.2488059997558594e-02	1.7208863810154752e-11	4.7933472486942072e+09
/SS/5/PX-2PY0PZ-2/b_X/eta0/bT0/bz-12	6.7853927612304688e-02	2.4816812460678664e-11	2.6644632814933748e+09
/SS/5/PX-2PY0PZ-2/b_X/eta0/bT0/bz-13	5.9788703918457031e-02	4.0098412653857210e-11	1.0509651327285529e+09
/SS/5/PX-2PY0PZ-2/b_X/eta0/bT0/bz-14	1.0735881328582764e-01	5.9429622158177904e-10	1.8064865531212932e+08
/SS/5/PX-2PY0PZ-2/b_X/eta0/bT0/bz-15	5.9614181518554688e-02	4.6421078752615465e-11	7.1463306809690440e+08
/SS/5/PX-2PY0PZ-2/b_X/eta0/bT0/bz-16	9.0092658996582031e-02	4.3214308034326403e-11	1.4252710468453369e+09
/SS/5/PX-2PY0PZ-2/b_X/eta0/bT0/bz-17	1.1015081405639648e-01	7.1283655041061654e-11	8.3149065792898679e+08
/SS/5/PX-2PY0PZ-2/b_X/eta0/bT0/bz-18	1.3139963150024414e-01	4.3682864904254520e-11	3.0080360294190869e+09
/SS/5/PX-2PY0PZ-2/b_X/eta0/bT0/bz-19	1.3549137115478516e-01	4.5608698875517729e-11	1.6628196930275471e+09
/SS/5/PX-2PY0PZ-2/b_X/eta0/bT0/bz-2	7.0455932617187500e-01	9.2873417783177686e-12	6.0513732795111809e+10
/SS/5/PX-2PY0PZ-2/b_X/eta0/bT0/bz-20	1.3377094268798828e-01	8.5117200461218434e-11	9.2230297397951591e+08
/SS/5/PX-2PY0PZ-2/b_X/eta0/bT0/bz-3	5.5227661132812500e-01	1.0580731762756687e-11	5.2087566825370224e+10
/SS/5/PX-2PY0PZ-2/b_X/eta0/bT0/bz-4	4.6419525146484375e-01	1.2008956642705646e-11	3.8654086718416153e+10
/SS/5/PX-2PY0PZ-2/b_X/eta0/bT0/bz-5	3.6680603027343750e-01	1.2405732968831736e-11	2.9092689533305378e+10
/SS/5/PX-2PY0PZ-2/b_X/eta0/bT0/bz-6	2.8961944580078125e-01	1.1617648682202959e-11	2.2496821483111992e+10
/SS/5/PX-2PY0PZ-2/b_X/eta0/bT0/bz-7	2.2235870361328125e-01	1.1696159760053001e-11	1.9011257384900291e+10
/SS/5/PX-2PY0PZ-2/b_X/eta0/bT0/bz-8	1.6840744018554688e-01	1.1716468131914424e-11	1.4373567041660172e+10
/SS/5/PX-2PY0PZ-2/b_X/eta0/bT0/bz-9	1.2911033630371094e-01	2.1696281135295434e-11	2.2401781390737176e+09
/SS/5/PX-2PY0PZ-2/b_X/eta0/bT0/bz0	9.2004394531250000e-01	8.1499445909231784e-12	8.1177309709406723e+10
/SS/5/PX-2PY0PZ-2/b_X/eta0/bT0/bz1	8.7133789062500000e-01	8.2864532457001996e-12	7.5982256149534912e+10
/SS/5/PX-2PY0PZ-2/b_X/eta0/bT0/bz10	1.2419891357421875e-01	2.8347774757704109e-11	4.3812579518420601e+09
/SS/5/PX-2PY0PZ-2/b_X/eta0/bT0/bz11	1.3041305541992188e-01	2.9498881296503913e-11	4.4209491915674067e+09
/SS/5/PX-2PY0PZ-2/b_X/eta0/bT0/bz12	1.1974048614501953e-01	2.4496791391371199e-11	4.8880069324996243e+09
/SS/5/PX-2PY0PZ-2/b_X/eta0/bT0/bz13	1.0126876831054688e-01	1.7618789354968877e-11	5.7477711022174692e+09
/SS/5/PX-2PY0PZ-2/b_X/eta0/bT0/bz14	8.0796241760253906e-02	1.9052768591889139e-11	5.7439891557696199e+08
/SS/5/PX-2PY0PZ-2/b_X/eta0/bT0/bz15	5.8287620544433594e-02	7.5722111818646269e-12	7.6975693287625008e+09
/SS/5/PX-2PY0PZ-2/b_X/eta0/bT0/bz16	6.4788818359375000e-02	8.0658004425477280e-12	3.5560895591875601e+09
/SS/5/PX-2PY0PZ-2/b_X/eta0/bT0/bz17	7.6536178588867188e-02	1.2622936615050788e-11	2.1480256261902494e+09
/SS/5/PX-2PY0PZ-2/b_X/eta0/bT0/bz18	8.0532073974609375e-02	1.5499926742832373e-11	2.7107243830903664e+09
/SS/5/PX-2PY0PZ-2/b_X/eta0/bT0/bz19	7.9875946044921875e-02	2.0391631834520566e-11	1.6705853712059965e+09
/SS/5/PX-2PY0PZ-2/b_X/eta0/bT0/bz2	7.5534057617187500e-01	8.7112732773163729e-12	6.3616872335299011e+10
/SS/5/PX-2PY0PZ-2/b_X/eta0/bT0/bz20	7.8075408935546875e-02	3.0708375044228729e-11	1.0600560876320045e+09
/SS/5/PX-2PY0PZ-2/b_X/eta0/bT0/bz3	6.2922668457031250e-01	9.3206379019950786e-12	5.0222864119544479e+10
/SS/5/PX-2PY0PZ-2/b_X/eta0/bT0/bz4	5.1750183105468750e-01	1.0162819290514188e-11	3.8947163869251862e+10
/SS/5/PX-2PY0PZ-2/b_X/eta0/bT0/bz5	4.2269134521484375e-01	1.1254877260078263e-11	3.2992491872863041e+10
/SS/5/PX-2PY0PZ-2/b_X/eta0/bT0/bz6	3.3952331542968750e-01	1.1827771062073401e-11	2.5765508442537251e+10
/SS/5/PX-2PY0PZ-2/b_X/eta0/bT0/bz7	2.6330566406250000e-01	1.1101142440466643e-11	2.3718789797947300e+10
/SS/5/PX-2PY0PZ-2/b_X/eta0/bT0/bz8	1.9892120361328125e-01	1.0753035628713443e-11	1.8499074166750561e+10
/SS/5/PX-2PY0PZ-2/b_X/eta0/bT0/bz9	1.5051841735839844e-01	1.8610736626751279e-11	4.8409482374489613e+09
/SS/5/PX-2PY0PZ0/b_X/eta0/bT0/bz-1	1.7562866210937500e+00	6.2776257953655164e-11	2.4226351501946415e+10
/SS/5/PX-2PY0PZ0/b_X/eta0/bT0/bz-10	1.6240930557250977e-01	1.1122418198944794e-10	9.2470433722540450e+08
/SS/5/PX-2PY0PZ0/b_X/eta0/bT0/bz-11	1.4454746246337891e-01	2.7859261162156094e-11	4.7647667683025179e+09
/SS/5/PX-2PY0PZ0/b_X/eta0/bT0/bz-12	1.1239671707153320e-01	2.9638996978844161e-11	3.7921903076463814e+09
/SS/5/PX-2PY0PZ0/b_X/eta0/bT0/bz-13	1.0585331916809082e-01	5.3647185503835085e-11	1.9731383515081825e+09
/SS/5/PX-2PY0PZ0/b_X/eta0/bT0/bz-14	1.0839748382568359e-01	6.9422222868955542e-11	1.1772253034285672e+09
/SS/5/PX-2PY0PZ0/b_X/eta0/bT0/bz-15	1.1939620971679688e-01	1.7153322935682771e-11	1.7333495249918571e+09
/SS/5/PX-2PY0PZ0/b_X/eta0/bT0/bz-16	1.1484527587890625e-01	1.1425831281816380e-11	1.0051371584812090e+10
/SS/5/PX-2PY0PZ0/b_X/eta0/bT0/bz-17	9.8720550537109375e-02	4.0393366897563046e-11	1.0186099711072725e+09
/SS/5/PX-2PY0PZ0/b_X/eta0/bT0/bz-18	8.5214853286743164e-02	4.7601564749799269e-11	1.7901691621828988e+09
/SS/5/PX-2PY0PZ0/b_X/eta0/bT0/bz-19	8.4111213684082031e-02	2.6729513076666283e-11	3.1467544299378767e+09
/SS/5/PX-2PY0PZ0/b_X/eta0/bT0/bz-2	1.5226135253906250e+00	6.4026577273436797e-11	1.9090354210916111e+10
/SS/5/PX-2PY0PZ0/b_X/eta0/bT0/bz-20	7.4937820434570312e-02	1.6994103509427647e-11	4.4096365773574238e+09
/SS/5/PX-2PY0PZ0/b_X/eta0/bT0/bz-3	1.2546081542968750e+00	6.6881436694202186e-11	1.3874037684967319e+10
/SS/5/PX-2PY0PZ0/b_X/eta0/bT0/bz-4	1.0101165771484375e+00	7.5627283231491913e-11	9.1949208920824223e+09
/SS/5/PX-2PY0PZ0/b_X/eta0/bT0/bz-5	8.0660247802734375e-01	9.5256112407295973e-11	5.4952243927948284e+09
/SS/5/PX-2PY0PZ0/b_X/eta0/bT0/bz-6	6.4129638671875000e-01	1.1701180025653417e-10	3.2216719012213621e+09
/SS/5/PX-2PY0PZ0/b_X/eta0/bT0/bz-7	5.1071548461914062e-01	9.3866451374805702e-11	2.2033584802791715e+09
/SS/5/PX-2PY0PZ0/b_X/eta0/bT0/bz-8	4.1033744812011719e-01	4.6024439797742266e-11	6.8400986068799877e+09
/SS/5/PX-2PY0PZ0/b_X/eta0/bT0/bz-9	3.2500553131103516e-01	1.3773242146884335e-10	1.6945026058030536e+09
/SS/5/PX-2PY0PZ0/b_X/eta0/bT0/bz0	1.8470458984375000e+00	6.2019192122363673e-11	2.7345006668612087e+10
/SS/5/PX-2PY0PZ0/b_X/eta0/bT0/bz1	1.7005920410156250e+00	6.2692855664433931e-11	2.5812075553113068e+10
/SS/5/PX-2PY0PZ0/b_X/eta0/bT0/bz10	2.2227001190185547e-01	7.4649629301108924e-11	2.0469797837453840e+09
/SS/5/PX-2PY0PZ0/b_X/eta0/bT0/bz11	1.7228031158447266e-01	9.8891028845375451e-11	1.4569853942767212e+09
/SS/5/PX-2PY0PZ0/b_X/eta0/bT0/bz12	1.3191890716552734e-01	5.4606940644105985e-11	1.8283027256194482e+09
/SS/5/PX-2PY0PZ0/b_X/eta0/bT0/bz13	1.5187644958496094e-01	3.6325114781000065e-11	2.3179660337014880e+09
/SS/5/PX-2PY0PZ0/b_X/eta0/bT0/bz14	1.4941215515136719e-01	2.5799339583451791e-11	5.7913170477899799e+09
/SS/5/PX-2PY0PZ0/b_X/eta0/bT0/bz15	1.2929821014404297e-01	2.1058030610793511e-11	6.1400903310383558e+09
/SS/5/PX-2PY0PZ0/b_X/eta0/bT0/bz16	1.0725116729736328e-01	1.8992431476145560e-11	5.6470477427848263e+09
/SS/5/PX-2PY0PZ0/b_X/eta0/bT0/bz17	8.6194038391113281e-02	2.0472744552302167e-11	2.7452775167659507e+09
/SS/5/PX-2PY0PZ0/b_X/eta0/bT0/bz18	6.5622329711914062e-02	2.7841315188569964e-11	1.5087141171893322e+09
/SS/5/PX-2PY0PZ0/b_X/eta0/bT0/bz19	5.4741859436035156e-02	8.1162697140787969e-11	3.7674229991782689e+08
/SS/5/PX-2PY0PZ0/b_X/eta0/bT0/bz2	1.4259338378906250e+00	6.7345899236091574e-11	2.0551453124956707e+10
/SS/5/PX-2PY0PZ0/b_X/eta0/bT0/bz20	8.0171585083007812e-02	4.8549907044684718e-11	1.6513231427862241e+09
/SS/5/PX-2PY0PZ0/b_X/eta0/bT0/bz3	1.1402130126953125e+00	7.5975816919482499e-11	1.4487785770299120e+10
/SS/5/PX-2PY0PZ0/b_X/eta0/bT0/bz4	9.1653060913085938e-01	7.8856440902385754e-11	1.0021820683638325e+10
/SS/5/PX-2PY0PZ0/b_X/eta0/bT0/bz5	7.4667930603027344e-01	5.4836323767981699e-11	7.9341665954878597e+09
/SS/5/PX-2PY0PZ0/b_X/eta0/bT0/bz6	6.0490417480468750e-01	6.9775034688381832e-11	8.6693496822497387e+09
/SS/5/PX-2PY0PZ0/b_X/eta0/bT0/bz7	4.5864868164062500e-01	7.2577686687969946e-11	5.7685206711705322e+09
/SS/5/PX-2PY0PZ0/b_X/eta0/bT0/bz8	3.6716079711914062e-01	1.2988294586945999e-10	2.6784181554609518e+09
/SS/5/PX-2PY0PZ0/b_X/eta0/bT0/bz9	2.8302764892578125e-01	1.3397189118681491e-10	1.9003527301642306e+09
/SS/5/PX-2PY1PZ-1/b_X/eta0/bT0/bz-1	8.1504821777343750e-01	1.6340173086140073e-11	4.9880023514853157e+10
/SS/5/PX-2PY1PZ-1/b_X/eta0/bT0/bz-10	1.2799644470214844e-01	1.1197469403666860e-11	1.1430836744258766e+10
/SS/5/PX-2PY1PZ-1/b_X/eta0/bT0/bz-11	1.3478851318359375e-01	1.5546209077153972e-11	8.6701852853422031e+09
/SS/5/PX-2PY1PZ-1/b_X/eta0/bT0/bz-12	1.3316059112548828e-01	1.8288700101727106e-11	7.2810309308376255e+09
/SS/5/PX-2PY1PZ-1/b_X/eta0/bT0/bz-13	1.2115478515625000e-01	2.2067892812447278e-11	3.3584684905008116e+09
/SS/5/PX-2PY1PZ-1/b_X/eta0/bT0/bz-14	1.0491275787353516e-01	2.1912505527412327e-11	3.1933991319072065e+09
/SS/5/PX-2PY1PZ-1/b_X/eta0/bT0/bz-15	8.6819648742675781e-02	2.6661958169743146e-11	1.7281215945872190e+09
/SS/5/PX-2PY1PZ-1/b_X/eta0/bT0/bz-16	8.1363677978515625e-02	4.1978747524251667e-11	1.4206774930717061e+09
/SS/5/PX-2PY1PZ-1/b_X/eta0/bT0/bz-17	7.3190689086914062e-02	5.0476770869243922e-11	1.3252396070966153e+09
/SS/5/PX-2PY1PZ-1/b_X/eta0/bT0/bz-18	6.6932678222656250e-02	1.2013619951848076e-10	4.6368512356893808e+08
/SS/5/PX-2PY1PZ-1/b_X/eta0/bT0/bz-19	6.0404777526855469e-02	5.1477982279345805e-11	1.1692045956739106e+09
/SS/5/PX-2PY1PZ-1/b_X/eta0/bT0/bz-2	6.9860839843750000e-01	1.8126119293869463e-11	3.8541531538622299e+10
/SS/5/PX-2PY1PZ-1/b_X/eta0/bT0/bz-20	6.3460350036621094e-02	6.3530078999916390e-11	4.1018039766590601e+08
/SS/5/PX-2PY1PZ-1/b_X/eta0/bT0/bz-3	5.3953552246093750e-01	1.9014450621214799e-11	2.8375025563923840e+10
/SS/5/PX-2PY1PZ-1/b_X/eta0/bT0/bz-4	3.6257553100585938e-01	1.7266768849937777e-11	2.0998458608957748e+10
/SS/5/PX-2PY1PZ-1/b_X/eta0/bT0/bz-5	1.9644355773925781e-01	1.2118538036706421e-11	1.6210169670981804e+10
/SS/5/PX-2PY1PZ-1/b_X/eta0/bT0/bz-6	1.3910675048828125e-01	4.9272618843317545e-12	1.3901188603499426e+10
/SS/5/PX-2PY1PZ-1/b_X/eta0/bT0/bz-7	1.2514877319335938e-01	4.7027048831217671e-12	2.6612083110408291e+10
/SS/5/PX-2PY1PZ-1/b_X/eta0/bT0/bz-8	1.2192916870117188e-01	6.7957888750186602e-11	9.2670385022857559e+08
/SS/5/PX-2PY1PZ-1/b_X/eta0/bT0/bz-9	1.2321662902832031e-01	1.4007795683089667e-11	3.5563148348840742e+09
/SS/5/PX-2PY1PZ-1/b_X/eta0/bT0/bz0	8.5307312011718750e-01	1.4670610320948258e-11	5.8148441097851189e+10
/SS/5/PX-2PY1PZ-1/b_X/eta0/bT0/bz1	7.7402496337890625e-01	1.3238433340347401e-11	5.8468018343218430e+10
/SS/5/PX-2PY1PZ-1/b_X/eta0/bT0/bz10	9.1495513916015625e-02	7.4526166524094389e-12	1.0005329796087748e+10
/SS/5/PX-2PY1PZ-1/b_X/eta0/bT0/bz11	7.9313278198242188e-02	8.0476262244895209e-12	5.9270862337298298e+09
/SS/5/PX-2PY1PZ-1/b_X/eta0/bT0/bz12	6.7974090576171875e-02	8.1838671148087583e-12	7.1505759541756439e+09
/SS/5/PX-2PY1PZ-1/b_X/eta0/bT0/bz13	7.4344635009765625e-02	1.3438937264143341e-11	4.8785292275236845e+09
/SS/5/PX-2PY1PZ-1/b_X/eta0/bT0/bz14	8.3915710449218750e-02	1.7029391378546185e-11	3.3798406473538847e+09
/SS/5/PX-2PY1PZ-1/b_X/eta0/bT0/bz15	9.3317031860351562e-02	4.6881636819009385e-11	4.6807719020476431e+08
/SS/5/PX-2PY1PZ-1/b_X/eta0/bT0/bz16	1.0082340240478516e-01	1.9366859142770795e-11	3.2791133521262779e+09
/SS/5/PX-2PY1PZ-1/b_X/eta0/bT0/bz17	1.0317802429199219e-01	5.7029659736653468e-11	9.4094169773973238e+08
/SS/5/PX-2PY1PZ-1/b_X/eta0/bT0/bz18	9.5317840576171875e-02	3.4083059899029871e-11	2.2410173822881155e+09
/SS/5/PX-2PY1PZ-1/b_X/eta0/bT0/bz19	9.7748756408691406e-02	5.0597131340610678e-11	1.5264224910006666e+09
/SS/5/PX-2PY1PZ-1/b_X/eta0/bT0/bz2	6.3096618652343750e-01	1.1833284324307087e-11	5.3321307021023048e+10
/SS/5/PX-2PY1PZ-1/b_X/eta0/bT0/bz20	1.0108280181884766e-01	5.6958748432958376e-11	8.9455603519160998e+08
/SS/5/PX-2PY1PZ-1/b_X/eta0/bT0/bz3	4.7943115234375000e-01	1.0358698735239172e-11	4.6282951613678764e+10
/SS/5/PX-2PY1PZ-1/b_X/eta0/bT0/bz4	3.9349365234375000e-01	8.9302441734150279e-12	3.9329179631130234e+10
/SS/5/PX-2PY1PZ-1/b_X/eta0/bT0/bz5	3.1829071044921875e-01	7.7125161995041474e-12	3.2840208447759426e+10
/SS/5/PX-2PY1PZ-1/b_X/eta0/bT0/bz6	2.4431610107421875e-01	6.7086298959094483e-12	2.7035862613616207e+10
/SS/5/PX-2PY1PZ-1/b_X/eta0/bT0/bz7	1.7694854736328125e-01	2.4163612827917360e-11	4.4589843149936028e+09
/SS/5/PX-2PY1PZ-1/b_X/eta0/bT0/bz8	1.3337326049804688e-01	1.1125367673270973e-11	8.9206104756045094e+09
/SS/5/PX-2PY1PZ-1/b_X/eta0/bT0/bz9	1.0842514038085938e-01	8.6595971328844238e-12	1.0811601689263474e+10
/SS/5/PX-2PY1PZ-2/b_X/eta0/bT0/bz-1	1.5046539306640625e+00	1.3854097232795172e-11	1.0860714382040517e+11
/SS/5/PX-2PY1PZ-2/b_X/eta0/bT0/bz-10	1.1625099182128906e-01	1.0114756377809199e-11	1.1493207298233356e+10
/SS/5/PX-2PY1PZ-2/b_X/eta0/bT0/bz-11	1.2779235839843750e-01	1.3388535276962333e-11	9.5449095629101372e+09
/SS/5/PX-2PY1PZ-2/b_X/eta0/bT0/bz-12	1.2614345550537109e-01	1.5272099541603191e-11	8.2597324069123478e+09
/SS/5/PX-2PY1PZ-2/b_X/eta0/bT0/bz-13	1.1417865753173828e-01	1.6317302849405293e-11	6.9973977063188286e+09
/SS/5/PX-2PY1PZ-2/b_X/eta0/bT0/bz-14	1.2228202819824219e-01	2.2961858067300779e-11	5.3254413401492090e+09
/SS/5/PX-2PY1PZ-2/b_X/eta0/bT0/bz-15	1.2608242034912109e-01	2.7587788716299941e-11	4.5702256765010920e+09
/SS/5/PX-2PY1PZ-2/b_X/eta0/bT0/bz-16	1.1250972747802734e-01	3.0356558879470844e-11	2.0064145271073451e+09
/SS/5/PX-2PY1PZ-2/b_X/eta0/bT0/bz-17	9.0097427368164062e-02	5.0711048611003838e-11	7.3949839580832279e+08
/SS/5/PX-2PY1PZ-2/b_X/eta0/bT0/bz-18	6.3855171203613281e-02	1.1365246937064938e-10	4.0591795390899670e+08
/SS/5/PX-2PY1PZ-2/b_X/eta0/bT0/bz-19	5.3306579589843750e-02	3.5141796841271244e-11	6.3257749731064761e+08
/SS/5/PX-2PY1PZ-2/b_X/eta0/bT0/bz-2	1.2097625732421875e+00	1.2710277215027426e-11	9.5179873166879395e+10
/SS/5/PX-2PY1PZ-2/b_X/eta0/bT0/bz-20	5.2455902099609375e-02	2.3844789337947725e-11	1.9403014341311283e+09
/SS/5/PX-2PY1PZ-2/b_X/eta0/bT0/bz-3	8.9350891113281250e-01	1.1347363294373685e-11	7.8741544441062988e+10
/SS/5/PX-2PY1PZ-2/b_X/eta0/bT0/bz-4	6.1328125000000000e-01	1.1026082528936416e-11	2.5260330740690060e+10
/SS/5/PX-2PY1PZ-2/b_X/eta0/bT0/bz-5	3.8563537597656250e-01	1.1348286581322452e-11	1.6299116143229280e+10
/SS/5/PX-2PY1PZ-2/b_X/eta0/bT0/bz-6	2.3097991943359375e-01	1.1147531936670159e-11	9.9012455232815704e+09
/SS/5/PX-2PY1PZ-2/b_X/eta0/bT0/bz-7	1.7174530029296875e-01	9.8110837503768890e-12	5.3660368520315838e+09
/SS/5/PX-2PY1PZ-2/b_X/eta0/bT0/bz-8	1.3091278076171875e-01	5.6941862840745137e-12	1.8425041553331707e+10
/SS/5/PX-2PY1PZ-2/b_X/eta0/bT0/bz-9	1.0227012634277344e-01	7.9781452145007265e-12	8.1134953658680763e+09
/SS/5/PX-2PY1PZ-2/b_X/eta0/bT0/bz0	1.6663208007812500e+00	1.4764764012905756e-11	1.1285793659314386e+11
/SS/5/PX-2PY1PZ-2/b_X/eta0/bT0/bz1	1.5866546630859375e+00	1.5429384742399044e-11	1.0283330732727817e+11
/SS/5/PX-2PY1PZ-2/b_X/eta0/bT0/bz10	2.1009445190429688e-01	1.1467443716869311e-11	1.3278737778026569e+10
/SS/5/PX-2PY1PZ-2/b_X/eta0/bT0/bz11	1.4825439453125000e-01	2.7980683354334981e-11	1.5244271833030760e+09
/SS/5/PX-2PY1PZ-2/b_X/eta0/bT0/bz12	9.1234207153320312e-02	1.1182301549549587e-11	4.5958835047590408e+09
/SS/5/PX-2PY1PZ-2/b_X/eta0/bT0/bz13	6.0266494750976562e-02	2.4724267574188825e-11	1.3668322484219196e+09
/SS/5/PX-2PY1PZ-2/b_X/eta0/bT0/bz14	5.4461002349853516e-02	1.8201999858751217e-11	2.5582384467924423e+09
/SS/5/PX-2PY1PZ-2/b_X/eta0/bT0/bz15	4.1970729827880859e-02	3.8090605940225695e-11	8.6759134501135790e+08
/SS/5/PX-2PY1PZ-2/b_X/eta0/bT0/bz16	4.7958374023437500e-02	1.9171623062435379e-11	2.4049261948674917e+09
/SS/5/PX-2PY1PZ-2/b_X/eta0/bT0/bz17	6.1608314514160156e-02	1.3920094030257859e-11	2.3243256565097566e+09
/SS/5/PX-2PY1PZ-2/b_X/eta0/bT0/bz18	7.4724197387695312e-02	9.9433544922113588e-12	7.1801644409886837e+09
/SS/5/PX-2PY1PZ-2/b_X/eta0/bT0/bz19	9.3482971191406250e-02	1.2016921951428259e-11	6.5686262932952814e+09
/SS/5/PX-2PY1PZ-2/b_X/eta0/bT0/bz2	1.3647003173828125e+00	1.5813662654323370e-11	8.6298813071601135e+10
/SS/5/PX-2PY1PZ-2/b_X/eta0/bT0/bz20	9.4179153442382812e-02	1.4416312103451446e-11	5.8308089470784254e+09
/SS/5/PX-2PY1PZ-2/b_X/eta0/bT0/bz3	1.1116485595703125e+00	1.6010512132025021e-11	6.9432417302051056e+10
/SS/5/PX-2PY1PZ-2/b_X/eta0/bT0/bz4	8.8434600830078125e-01	1.6128594105404504e-11	5.4830942022680527e+10
/SS/5/PX-2PY1PZ-2/b_X/eta0/bT0/bz5	6.9269561767578125e-01	1.6172907652189784e-11	4.2830617262690636e+10
/SS/5/PX-2PY1PZ-2/b_X/eta0/bT0/bz6	5.4570770263671875e-01	1.6119810439050058e-11	3.3190149656000931e+10
/SS/5/PX-2PY1PZ-2/b_X/eta0/bT0/bz7	4.3975830078125000e-01	1.5952907818999585e-11	2.5544965476879627e+10
/SS/5/PX-2PY1PZ-2/b_X/eta0/bT0/bz8	3.4609985351562500e-01	1.5437322711621554e-11	1.9782536778023769e+10
/SS/5/PX-2PY1PZ-2/b_X/eta0/bT0/bz9	2.7494049072265625e-01	1.4101531650931850e-11	1.5731211915877144e+10
/SS/5/PX-2PY1PZ0/b_X/eta0/bT0/bz-1	4.7613525390625000e-01	5.0002148365386551e-12	2.5941115604712303e+10
/SS/5/PX-2PY1PZ0/b_X/eta0/bT0/bz-10	1.0095787048339844e-01	7.0830162319028716e-12	1.4253513923725096e+10
/SS/5/PX-2PY1PZ0/b_X/eta0/bT0/bz-11	9.7274780273437500e-02	8.3392435359637935e-12	1.1664700743410433e+10
/SS/5/PX-2PY1PZ0/b_X/eta0/bT0/bz-12	1.0239219665527344e-01	1.1380004616221228e-11	8.9975531740401993e+09
/SS/5/PX-2PY1PZ0/b_X/eta0/bT0/bz-13	1.0976314544677734e-01	1.6225191468700153e-11	6.7649830609715929e+09
/SS/5/PX-2PY1PZ0/b_X/eta0/bT0/bz-14	1.0623645782470703e-01	1.9405604125032356e-11	5.4745246342352610e+09
/SS/5/PX-2PY1PZ0/b_X/eta0/bT0/bz-15	8.8632583618164062e-02	1.5770087706607128e-11	5.2185107014643660e+09
/SS/5/PX-2PY1PZ0/b_X/eta0/bT0/bz-16	9.4529151916503906e-02	1.6678931280842278e-11	5.6675784751917410e+09
/SS/5/PX-2PY1PZ0/b_X/eta0/bT0/bz-17	1.0054397583007812e-01	1.9557354986126966e-11	5.1409802553258924e+09
/SS/5/PX-2PY1PZ0/b_X/eta0/bT0/bz-18	1.0332393646240234e-01	2.6093180829300261e-11	1.3707716927800362e+09
/SS/5/PX-2PY1PZ0/b_X/eta0/bT0/bz-19	1.0111379623413086e-01	3.2421158636628843e-11	1.8183877865794754e+09
/SS/5/PX-2PY1PZ0/b_X/eta0/bT0/bz-2	4.2959594726562500e-01	5.1954553618341967e-12	8.2686870995261719e+10
/SS/5/PX-2PY1PZ0/b_X/eta0/bT0/bz-20	9.1158866882324219e-02	3.0389931323935971e-11	2.1595955057244010e+09
/SS/5/PX-2PY1PZ0/b_X/eta0/bT0/bz-3	3.7323760986328125e-01	6.3108953894281934e-12	5.9141783666469383e+10
/SS/5/PX-2PY1PZ0/b_X/eta0/bT0/bz-4	3.1991577148437500e-01	8.1042626674475090e-12	3.9475000331539673e+10
/SS/5/PX-2PY1PZ0/b_X/eta0/bT0/bz-5	2.6619338989257812e-01	1.0751100734793566e-11	2.4759640566951618e+10
/SS/5/PX-2PY1PZ0/b_X/eta0/bT0/bz-6	1.8664932250976562e-01	1.1791274141775048e-11	1.5829444745796370e+10
/SS/5/PX-2PY1PZ0/b_X/eta0/bT0/bz-7	1.5760421752929688e-01	7.7033889357329291e-12	2.0459075719029865e+10
/SS/5/PX-2PY1PZ0/b_X/eta0/bT0/bz-8	1.3330459594726562e-01	8.2665999326512077e-12	1.5355049542474041e+10
/SS/5/PX-2PY1PZ0/b_X/eta0/bT0/bz-9	1.1338615417480469e-01	7.2463458285429847e-12	1.2125273095999523e+10
/SS/5/PX-2PY1PZ0/b_X/eta0/bT0/bz0	4.9316406250000000e-01	6.7418286621464782e-12	2.5011741825548016e+10
/SS/5/PX-2PY1PZ0/b_X/eta0/bT0/bz1	4.5397949218750000e-01	7.4634321384042282e-12	2.4081853098434769e+10
/SS/5/PX-2PY1PZ0/b_X/eta0/bT0/bz10	1.3526535034179688e-01	7.4934443142316304e-12	1.8051158408543781e+10
/SS/5/PX-2PY1PZ0/b_X/eta0/bT0/bz11	1.1330604553222656e-01	7.8213569569922530e-12	1.4486750336964424e+10
/SS/5/PX-2PY1PZ0/b_X/eta0/bT0/bz12	1.0243225097656250e-01	9.4552873174416645e-12	1.0833330340751379e+10
/SS/5/PX-2PY1PZ0/b_X/eta0/bT0/bz13	1.0047721862792969e-01	1.3479402060552478e-11	7.4541302482531223e+09
/SS/5/PX-2PY1PZ0/b_X/eta0/bT0/bz14	9.0760231018066406e-02	1.9240565822585181e-11	4.7171289999969330e+09
/SS/5/PX-2PY1PZ0/b_X/eta0/bT0/bz15	8.1773757934570312e-02	3.7163379276283485e-11	1.4612395540848570e+09
/SS/5/PX-2PY1PZ0/b_X/eta0/bT0/bz16	8.5167884826660156e-02	3.0347061078689362e-11	1.9541060727101738e+09
/SS/5/PX-2PY1PZ0/b_X/eta0/bT0/bz17	8.1833839416503906e-02	2.4868637573203651e-11	2.3319132179430776e+09
/SS/5/PX-2PY1PZ0/b_X/eta0/bT0/bz18	7.9751491546630859e-02	3.2880221771972626e-11	2.4255156215099406e+09
/SS/5/PX-2PY1PZ0/b_X/eta0/bT0/bz19	7.5368881225585938e-02	2.6197528546726449e-11	2.8769462390758142e+09
/SS/5/PX-2PY1PZ0/b_X/eta0/bT0/bz2	3.9784240722656250e-01	6.9073543227491443e-12	2.4773550327052021e+10
/SS/5/PX-2PY1PZ0/b_X/eta0/bT0/bz20	7.0898532867431641e-02	2.0117630463101356e-11	3.5241989854356756e+09
/SS/5/PX-2PY1PZ0/b_X/eta0/bT0/bz3	3.4556579589843750e-01	5.5006020122958691e-12	2.6795662114754494e+10
/SS/5/PX-2PY1PZ0/b_X/eta0/bT0/bz4	2.9837036132812500e-01	4.1454568435886331e-12	2.9055679676992901e+10
/SS/5/PX-2PY1PZ0/b_X/eta0/bT0/bz5	2.5909423828125000e-01	4.2109101055738325e-12	6.1529273194005287e+10
/SS/5/PX-2PY1PZ0/b_X/eta0/bT0/bz6	2.2762298583984375e-01	4.6400833861267514e-12	4.9055796393747360e+10
/SS/5/PX-2PY1PZ0/b_X/eta0/bT0/bz7	2.0213317871093750e-01	5.2836369834483730e-12	3.8256447092058739e+10
/SS/5/PX-2PY1PZ0/b_X/eta0/bT0/bz8	1.7808532714843750e-01	6.0255687498668322e-12	2.9554940710347595e+10
/SS/5/PX-2PY1PZ0/b_X/eta0/bT0/bz9	1.5586853027343750e-01	6.7966762205033750e-12	2.2933052159117500e+10
/SS/5/PX-2PY2PZ-1/b_X/eta0/bT0/bz-1	1.0047073364257812e+00	1.9058040881892432e-11	5.2718290544773743e+10
/SS/5/PX-2PY2PZ-1/b_X/eta0/bT0/bz-10	8.3158493041992188e-02	1.7794837765529692e-11	4.3546254215016623e+09
/SS/5/PX-2PY2PZ-1/b_X/eta0/bT0/bz-11	9.1272354125976562e-02	1.0781054432672935e-11	8.4659951116996174e+09
/SS/5/PX-2PY2PZ-1/b_X/eta0/bT0/bz-12	9.8947525024414062e-02	1.3544897932068839e-11	7.3051510259185009e+09
/SS/5/PX-2PY2PZ-1/b_X/eta0/bT0/bz-13	9.8900794982910156e-02	1.4529891572861149e-11	6.8067125268599052e+09
/SS/5/PX-2PY2PZ-1/b_X/eta0/bT0/bz-14	9.2459678649902344e-02	1.3621522285103096e-11	6.7877640042492905e+09
/SS/5/PX-2PY2PZ-1/b_X/eta0/bT0/bz-15	8.7102890014648438e-02	1.2729565666352928e-11	6.8425657479328413e+09
/SS/5/PX-2PY2PZ-1/b_X/eta0/bT0/bz-16	8.6454391479492188e-02	1.6849070357100273e-11	4.3079024945190763e+09
/SS/5/PX-2PY2PZ-1/b_X/eta0/bT0/bz-17	9.4891548156738281e-02	2.6424182775330116e-11	3.5910873370634565e+09
/SS/5/PX-2PY2PZ-1/b_X/eta0/bT0/bz-18	9.2630863189697266e-02	2.4160212516337874e-11	3.8340251819828758e+09
/SS/5/PX-2PY2PZ-1/b_X/eta0/bT0/bz-19	8.4692955017089844e-02	3.0908929264951219e-11	1.4449700021340415e+09
/SS/5/PX-2PY2PZ-1/b_X/eta0/bT0/bz-2	8.5226440429687500e-01	1.8596995196817774e-11	4.5828070356371887e+10
/SS/5/PX-2PY2PZ-1/b_X/eta0/bT0/bz-20	7.6743125915527344e-02	3.1979888258466660e-11	1.4919851425705988e+09
/SS/5/PX-2PY2PZ-1/b_X/eta0/bT0/bz-3	6.6554260253906250e-01	1.7433008633350846e-11	3.8177150974721725e+10
/SS/5/PX-2PY2PZ-1/b_X/eta0/bT0/bz-4	4.9755096435546875e-01	1.5588783030964857e-11	3.1503196600179710e+10
/SS/5/PX-2PY2PZ-1/b_X/eta0/bT0/bz-5	3.6777496337890625e-01	1.3374709800140090e-11	2.5964747704098557e+10
/SS/5/PX-2PY2PZ-1/b_X/eta0/bT0/bz-6	2.6477813720703125e-01	1.1637815071301279e-11	1.7193288813056801e+10
/SS/5/PX-2PY2PZ-1/b_X/eta0/bT0/bz-7	1.9080352783203125e-01	1.2729071002398652e-11	1.1085306369088440e+10
/SS/5/PX-2PY2PZ-1/b_X/eta0/bT0/bz-8	1.4200592041015625e-01	1.6370481620138744e-11	5.9383558390607443e+09
/SS/5/PX-2PY2PZ-1/b_X/eta0/bT0/bz-9	1.0868835449218750e-01	6.4527401624593679e-12	1.0055587472302317e+10
/SS/5/PX-2PY2PZ-1/b_X/eta0/bT0/bz0	1.0399246215820312e+00	1.8561174940208033e-11	5.6026874641933411e+10
/SS/5/PX-2PY2PZ-1/b_X/eta0/bT0/bz1	9.2192077636718750e-01	1.7135452451554387e-11	5.2924827733881012e+10
/SS/5/PX-2PY2PZ-1/b_X/eta0/bT0/bz10	4.3600082397460938e-02	4.5011239481017521e-12	9.6864878417419033e+09
/SS/5/PX-2PY2PZ-1/b_X/eta0/bT0/bz11	3.3770561218261719e-02	7.1944018452101109e-12	4.6940054148831682e+09
/SS/5/PX-2PY2PZ-1/b_X/eta0/bT0/bz12	3.6897659301757812e-02	8.2775037940408208e-12	4.1506560163205323e+09
/SS/5/PX-2PY2PZ-1/b_X/eta0/bT0/bz13	8.8651180267333984e-02	2.7173821591213953e-11	3.2623744131740880e+09
/SS/5/PX-2PY2PZ-1/b_X/eta0/bT0/bz14	1.0860967636108398e-01	3.6690119207821622e-11	2.9601887021923470e+09
/SS/5/PX-2PY2PZ-1/b_X/eta0/bT0/bz15	1.0881519317626953e-01	3.9401646500037015e-11	2.7616915241389041e+09
/SS/5/PX-2PY2PZ-1/b_X/eta0/bT0/bz16	1.0230398178100586e-01	3.7732477639412226e-11	2.7112977514666986e+09
/SS/5/PX-2PY2PZ-1/b_X/eta0/bT0/bz17	9.3494415283203125e-02	3.3470683374955707e-11	2.7933225693610997e+09
/SS/5/PX-2PY2PZ-1/b_X/eta0/bT0/bz18	8.2726001739501953e-02	2.6117208447621444e-11	3.1674901973314075e+09
/SS/5/PX-2PY2PZ-1/b_X/eta0/bT0/bz19	7.3957920074462891e-02	1.9140425223136466e-11	3.8639643170029688e+09
/SS/5/PX-2PY2PZ-1/b_X/eta0/bT0/bz2	7.4632263183593750e-01	1.8960030054613094e-11	3.9362945611700256e+10
/SS/5/PX-2PY2PZ-1/b_X/eta0/bT0/bz20	7.1040153503417969e-02	2.4816793517719645e-11	1.1298196811559055e+09
/SS/5/PX-2PY2PZ-1/b_X/eta0/bT0/bz3	5.6446838378906250e-01	2.6798362680295717e-11	2.1063539982765606e+10
/SS/5/PX-2PY2PZ-1/b_X/eta0/bT0/bz4	4.1086578369140625e-01	5.5024003805280920e-11	7.4670281200433741e+09
/SS/5/PX-2PY2PZ-1/b_X/eta0/bT0/bz5	2.4753570556640625e-01	3.9132701131707988e-11	2.9584771211962719e+09
/SS/5/PX-2PY2PZ-1/b_X/eta0/bT0/bz6	1.4579772949218750e-01	1.7813529706689561e-11	8.1846625510403872e+09
/SS/5/PX-2PY2PZ-1/b_X/eta0/bT0/bz7	8.7408065795898438e-02	7.2494473464103932e-12	1.2057204034895027e+10
/SS/5/PX-2PY2PZ-1/b_X/eta0/bT0/bz8	5.2120208740234375e-02	6.0424627769209663e-12	8.5129668443786469e+09
/SS/5/PX-2PY2PZ-1/b_X/eta0/bT0/bz9	5.3380966186523438e-02	4.2946698813195798e-12	6.1490629606882124e+09
/SS/5/PX-2PY2PZ-2/b_X/eta0/bT0/bz-1	6.2344360351562500e-01	2.1593811221532755e-11	2.3108144958880302e+10
/SS/5/PX-2PY2PZ-2/b_X/eta0/bT0/bz-10	1.6978454589843750e-01	1.8306199390731912e-11	3.7187214799667578e+09
/SS/5/PX-2PY2PZ-2/b_X/eta0/bT0/bz-11	1.8125724792480469e-01	1.9888832522216827e-11	4.9438137173007889e+09
/SS/5/PX-2PY2PZ-2/b_X/eta0/bT0/bz-12	1.7511177062988281e-01	2.1602475313638624e-11	5.7287185633139734e+09
/SS/5/PX-2PY2PZ-2/b_X/eta0/bT0/bz-13	1.5669059753417969e-01	2.5125757242778280e-11	4.1339823977341490e+09
/SS/5/PX-2PY2PZ-2/b_X/eta0/bT0/bz-14	1.3298034667968750e-01	4.1400298834917987e-11	2.2105849839803185e+09
/SS/5/PX-2PY2PZ-2/b_X/eta0/bT0/bz-15	1.1263179779052734e-01	3.9191561091362278e-11	2.5149694402557740e+09
/SS/5/PX-2PY2PZ-2/b_X/eta0/bT0/bz-16	1.0139274597167969e-01	3.9078221588122226e-11	2.0792046808761177e+09
/SS/5/PX-2PY2PZ-2/b_X/eta0/bT0/bz-17	9.5620155334472656e-02	4.8254395114728916e-11	1.2008877605867076e+09
/SS/5/PX-2PY2PZ-2/b_X/eta0/bT0/bz-18	8.1204891204833984e-02	3.9302190048920225e-10	1.7102250939557832e+08
/SS/5/PX-2PY2PZ-2/b_X/eta0/bT0/bz-19	9.5180511474609375e-02	7.0322307737507012e-11	1.3534895901012080e+09
/SS/5/PX-2PY2PZ-2/b_X/eta0/bT0/bz-2	5.3587341308593750e-01	2.1207634592390948e-11	2.2342481180235802e+10
/SS/5/PX-2PY2PZ-2/b_X/eta0/bT0/bz-20	9.8503589630126953e-02	4.0534701969226427e-11	2.4301051899902945e+09
/SS/5/PX-2PY2PZ-2/b_X/eta0/bT0/bz-3	4.3865966796875000e-01	1.8760200414796482e-11	2.1132099048227512e+10
/SS/5/PX-2PY2PZ-2/b_X/eta0/bT0/bz-4	3.5063171386718750e-01	1.6390380040374822e-11	1.9053261174000763e+10
/SS/5/PX-2PY2PZ-2/b_X/eta0/bT0/bz-5	2.8202056884765625e-01	1.4900414018655522e-11	1.6213933000298914e+10
/SS/5/PX-2PY2PZ-2/b_X/eta0/bT0/bz-6	2.4218368530273438e-01	1.4556237114024623e-11	1.2729339927052916e+10
/SS/5/PX-2PY2PZ-2/b_X/eta0/bT0/bz-7	2.0705223083496094e-01	1.6086848168840522e-11	9.0044731198197041e+09
/SS/5/PX-2PY2PZ-2/b_X/eta0/bT0/bz-8	1.5930557250976562e-01	2.1572643127761616e-11	5.3677283996482782e+09
/SS/5/PX-2PY2PZ-2/b_X/eta0/bT0/bz-9	1.3776016235351562e-01	1.4002401983310321e-11	2.9622853826945567e+09
/SS/5/PX-2PY2PZ-2/b_X/eta0/bT0/bz0	6.5606689453125000e-01	1.8351883709316608e-11	2.4664527119767868e+10
/SS/5/PX-2PY2PZ-2/b_X/eta0/bT0/bz1	5.9344482421875000e-01	1.4857006010207161e-11	2.5731287058238113e+10
/SS/5/PX-2PY2PZ-2/b_X/eta0/bT0/bz10	1.1745834350585938e-01	3.4463737060803813e-11	1.6492888768151624e+09
/SS/5/PX-2PY2PZ-2/b_X/eta0/bT0/bz11	1.1817932128906250e-01	1.2763865545280896e-11	5.0232805836797600e+09
/SS/5/PX-2PY2PZ-2/b_X/eta0/bT0/bz12	1.0915374755859375e-01	1.5395392261837337e-11	4.2141171724984832e+09
/SS/5/PX-2PY2PZ-2/b_X/eta0/bT0/bz13	1.1130905151367188e-01	1.4260212903708095e-11	4.0617492878996387e+09
/SS/5/PX-2PY2PZ-2/b_X/eta0/bT0/bz14	1.2107658386230469e-01	1.1068131909433548e-11	4.7123081646509857e+09
/SS/5/PX-2PY2PZ-2/b_X/eta0/bT0/bz15	1.2817192077636719e-01	2.5992291504847479e-11	1.4070776179460671e+09
/SS/5/PX-2PY2PZ-2/b_X/eta0/bT0/bz16	1.2979888916015625e-01	1.6874955458793962e-11	2.0552230263526020e+09
/SS/5/PX-2PY2PZ-2/b_X/eta0/bT0/bz17	1.2584018707275391e-01	1.9494349963170128e-11	6.4552132956727762e+09
/SS/5/PX-2PY2PZ-2/b_X/eta0/bT0/bz18	1.1627674102783203e-01	2.6161365931629694e-11	4.4445974775059729e+09
/SS/5/PX-2PY2PZ-2/b_X/eta0/bT0/bz19	1.0442543029785156e-01	3.4328386631044281e-11	3.0419556683568764e+09
/SS/5/PX-2PY2PZ-2/b_X/eta0/bT0/bz2	4.7520446777343750e-01	1.2461679146490764e-11	2.5368604244891434e+10
/SS/5/PX-2PY2PZ-2/b_X/eta0/bT0/bz20	9.2016696929931641e-02	4.0609348277200264e-11	2.2658993762180996e+09
/SS/5/PX-2PY2PZ-2/b_X/eta0/bT0/bz3	3.4515380859375000e-01	1.2027897522826874e-11	1.7694979869681675e+10
/SS/5/PX-2PY2PZ-2/b_X/eta0/bT0/bz4	2.2630310058593750e-01	1.2521300336072334e-11	9.7642452526325989e+09
/SS/5/PX-2PY2PZ-2/b_X/eta0/bT0/bz5	1.2416076660156250e-01	1.1272495892474060e-11	9.8620408580230827e+09
/SS/5/PX-2PY2PZ-2/b_X/eta0/bT0/bz6	1.7385482788085938e-01	3.7425909283524844e-11	1.9508249689358871e+09
/SS/5/PX-2PY2PZ-2/b_X/eta0/bT0/bz7	1.9896125793457031e-01	3.7411771103981687e-11	2.3950469221589751e+09
/SS/5/PX-2PY2PZ-2/b_X/eta0/bT0/bz8	1.7555999755859375e-01	2.0118687114885902e-11	8.7262154113772240e+09
/SS/5/PX-2PY2PZ-2/b_X/eta0/bT0/bz9	1.2961769104003906e-01	1.9753568435354761e-11	3.4047505915712843e+09
/SS/5/PX-2PY2PZ0/b_X/eta0/bT0/bz-1	5.5297851562500000e-01	7.3913573124709624e-12	7.4814204245273712e+10
/SS/5/PX-2PY2PZ0/b_X/eta0/bT0/bz-10	1.0547256469726562e-01	1.1741207201222515e-11	7.8974633693990955e+09
/SS/5/PX-2PY2PZ0/b_X/eta0/bT0/bz-11	8.5995674133300781e-02	2.1419275610226144e-11	2.1567927133343148e+09
/SS/5/PX-2PY2PZ0/b_X/eta0/bT0/bz-12	8.5168838500976562e-02	1.5875317645597300e-11	5.3648588584050426e+09
/SS/5/PX-2PY2PZ0/b_X/eta0/bT0/bz-13	8.4240913391113281e-02	1.8485443852218942e-11	4.5571485361440878e+09
/SS/5/PX-2PY2PZ0/b_X/eta0/bT0/bz-14	7.8440189361572266e-02	2.0325549211409744e-11	3.8591916285115623e+09
/SS/5/PX-2PY2PZ0/b_X/eta0/bT0/bz-15	6.7120552062988281e-02	1.9846182138628079e-11	3.3820384996037416e+09
/SS/5/PX-2PY2PZ0/b_X/eta0/bT0/bz-16	6.0923099517822266e-02	2.3452356181731532e-11	2.5977389668539562e+09
/SS/5/PX-2PY2PZ0/b_X/eta0/bT0/bz-17	6.7394256591796875e-02	2.5272984977319665e-11	2.5052597307895160e+09
/SS/5/PX-2PY2PZ0/b_X/eta0/bT0/bz-18	6.9351196289062500e-02	1.8428268983701550e-11	2.9958950512336597e+09
/SS/5/PX-2PY2PZ0/b_X/eta0/bT0/bz-19	6.8148612976074219e-02	1.1265097679546359e-11	2.5193207186709862e+09
/SS/5/PX-2PY2PZ0/b_X/eta0/bT0/bz-2	5.0270843505859375e-01	8.8898005986626031e-12	5.6548898873414780e+10
/SS/5/PX-2PY2PZ0/b_X/eta0/bT0/bz-20	6.5033912658691406e-02	1.1830650155204065e-11	5.2214628410532122e+09
/SS/5/PX-2PY2PZ0/b_X/eta0/bT0/bz-3	4.2992401123046875e-01	1.1205299508536016e-11	3.8367917868055161e+10
/SS/5/PX-2PY2PZ0/b_X/eta0/bT0/bz-4	3.6907196044921875e-01	1.5988951285201600e-11	2.2688797663807018e+10
/SS/5/PX-2PY2PZ0/b_X/eta0/bT0/bz-5	3.2611274719238281e-01	3.0958102520236323e-11	1.0534003076552038e+10
/SS/5/PX-2PY2PZ0/b_X/eta0/bT0/bz-6	2.6818084716796875e-01	4.8097967986204318e-11	4.4617783117054443e+09
/SS/5/PX-2PY2PZ0/b_X/eta0/bT0/bz-7	2.2854614257812500e-01	2.9582191550771168e-11	5.5508244162924547e+09
/SS/5/PX-2PY2PZ0/b_X/eta0/bT0/bz-8	1.8782806396484375e-01	1.1328131555620768e-11	6.8052055176256084e+09
/SS/5/PX-2PY2PZ0/b_X/eta0/bT0/bz-9	1.4671325683593750e-01	1.0109622641688037e-11	1.0543069714522108e+10
/SS/5/PX-2PY2PZ0/b_X/eta0/bT0/bz0	5.4531860351562500e-01	6.2427891194924330e-12	8.7351757856584763e+10
/SS/5/PX-2PY2PZ0/b_X/eta0/bT0/bz1	4.8294067382812500e-01	5.2549657274534509e-12	8.7647869032775238e+10
/SS/5/PX-2PY2PZ0/b_X/eta0/bT0/bz10	1.6696357727050781e-01	3.6119275392796888e-11	1.6577684623713107e+09
/SS/5/PX-2PY2PZ0/b_X/eta0/bT0/bz11	1.6484069824218750e-01	2.6318171405591961e-11	6.2633796133405733e+09
/SS/5/PX-2PY2PZ0/b_X/eta0/bT0/bz12	1.2679290771484375e-01	4.1083148155566103e-11	1.2832587245797584e+09
/SS/5/PX-2PY2PZ0/b_X/eta0/bT0/bz13	8.3935678005218506e-02	2.1194743293828213e-10	3.9602120602074051e+08
/SS/5/PX-2PY2PZ0/b_X/eta0/bT0/bz14	6.7428827285766602e-02	2.3560250127355789e-10	2.8619741692587143e+08
/SS/5/PX-2PY2PZ0/b_X/eta0/bT0/bz15	8.1221103668212891e-02	3.4334058376498406e-11	2.3656132571793079e+09
/SS/5/PX-2PY2PZ0/b_X/eta0/bT0/bz16	4.9250125885009766e-02	3.2587958477659630e-11	1.0309158456471785e+09
/SS/5/PX-2PY2PZ0/b_X/eta0/bT0/bz17	3.1465530395507812e-02	1.5312103116964200e-11	1.7479707329600976e+09
/SS/5/PX-2PY2PZ0/b_X/eta0/bT0/bz18	5.2883625030517578e-02	1.3192769540464017e-11	4.0085309508603415e+09
/SS/5/PX-2PY2PZ0/b_X/eta0/bT0/bz19	5.6047439575195312e-02	1.6315761670159186e-11	3.4351715052141042e+09
/SS/5/PX-2PY2PZ0/b_X/eta0/bT0/bz2	4.0135192871093750e-01	4.4672251852836735e-12	7.9798043593696381e+10
/SS/5/PX-2PY2PZ0/b_X/eta0/bT0/bz20	5.5547237396240234e-02	1.7913128692012291e-11	3.1009232586493673e+09
/SS/5/PX-2PY2PZ0/b_X/eta0/bT0/bz3	3.3859252929687500e-01	4.0139749195157470e-12	7.8088690439473312e+10
/SS/5/PX-2PY2PZ0/b_X/eta0/bT0/bz4	2.9104614257812500e-01	4.3211872134210302e-12	5.4392171807372704e+10
/SS/5/PX-2PY2PZ0/b_X/eta0/bT0/bz5	2.4427795410156250e-01	4.9160071651082977e-12	3.4892479096359283e+10
/SS/5/PX-2PY2PZ0/b_X/eta0/bT0/bz6	1.9691848754882812e-01	5.9491477675101391e-12	2.0082930031065392e+10
/SS/5/PX-2PY2PZ0/b_X/eta0/bT0/bz7	1.5018844604492188e-01	7.1275719508263175e-12	2.1071473859693573e+10
/SS/5/PX-2PY2PZ0/b_X/eta0/bT0/bz8	1.5352821350097656e-01	9.6961418939936156e-12	1.1447071717193052e+10
/SS/5/PX-2PY2PZ0/b_X/eta0/bT0/bz9	1.6077232360839844e-01	2.0909363162016942e-11	4.4379817448407736e+09
/SS/5/PX0PY-1PZ-1/b_X/eta0/bT0/bz-1	9.8403930664062500e-01	5.5413533495638007e-12	1.7758104285446545e+11
/SS/5/PX0PY-1PZ-1/b_X/eta0/bT0/bz-10	1.3483047485351562e-01	1.0028414148623234e-11	1.0631488917077702e+10
/SS/5/PX0PY-1PZ-1/b_X/eta0/bT0/bz-11	1.2040138244628906e-01	1.3337792589898806e-11	6.6663858068357401e+09
/SS/5/PX0PY-1PZ-1/b_X/eta0/bT0/bz-12	9.8358154296875000e-02	1.5551011225554155e-11	4.7340258319668913e+09
/SS/5/PX0PY-1PZ-1/b_X/eta0/bT0/bz-13	8.4085464477539062e-02	1.5022183248760905e-11	4.0049769682956858e+09
/SS/5/PX0PY-1PZ-1/b_X/eta0/bT0/bz-14	8.4016799926757812e-02	1.1905617005138960e-11	3.9302482445282145e+09
/SS/5/PX0PY-1PZ-1/b_X/eta0/bT0/bz-15	8.5338592529296875e-02	1.3659069319293001e-11	6.2477604099101267e+09
/SS/5/PX0PY-1PZ-1/b_X/eta0/bT0/bz-16	8.0200195312500000e-02	2.0274427679369868e-11	3.0855468911607213e+09
/SS/5/PX0PY-1PZ-1/b_X/eta0/bT0/bz-17	6.8498611450195312e-02	1.6836324979956979e-11	3.4865424368630528e+09
/SS/5/PX0PY-1PZ-1/b_X/eta0/bT0/bz-18	5.6902885437011719e-02	2.8778867509997966e-11	1.4530601896336229e+09
/SS/5/PX0PY-1PZ-1/b_X/eta0/bT0/bz-19	4.9419403076171875e-02	1.1358125628934798e-11	7.5067016293780363e+08
/SS/5/PX0PY-1PZ-1/b_X/eta0/bT0/bz-2	7.8598022460937500e-01	5.1069942286389427e-12	1.5390270468718454e+11
/SS/5/PX0PY-1PZ-1/b_X/eta0/bT0/bz-20	4.5502662658691406e-02	1.2071351356196176e-11	3.1768336156072288e+09
/SS/5/PX0PY-1PZ-1/b_X/eta0/bT0/bz-3	5.8207702636718750e-01	4.5957615002524467e-12	1.2665518572606821e+11
/SS/5/PX0PY-1PZ-1/b_X/eta0/bT0/bz-4	4.1496276855468750e-01	4.0905262599407454e-12	1.0144483672394235e+11
/SS/5/PX0PY-1PZ-1/b_X/eta0/bT0/bz-5	2.9310607910156250e-01	3.6670505219927563e-12	7.9929653912235214e+10
/SS/5/PX0PY-1PZ-1/b_X/eta0/bT0/bz-6	2.0729827880859375e-01	3.3084127719878077e-12	6.2657924840509499e+10
/SS/5/PX0PY-1PZ-1/b_X/eta0/bT0/bz-7	1.8164062500000000e-01	4.1786554998052019e-12	4.3468676709163422e+10
/SS/5/PX0PY-1PZ-1/b_X/eta0/bT0/bz-8	1.5863037109375000e-01	5.4998039357247055e-12	2.8842913847045601e+10
/SS/5/PX0PY-1PZ-1/b_X/eta0/bT0/bz-9	1.4199066162109375e-01	6.9764977148175156e-12	1.7628593152483665e+10
/SS/5/PX0PY-1PZ-1/b_X/eta0/bT0/bz0	1.1093139648437500e+00	5.9424314086095702e-12	1.8667678069225052e+11
/SS/5/PX0PY-1PZ-1/b_X/eta0/bT0/bz1	1.0944213867187500e+00	6.4452912051633496e-12	1.6980169737590823e+11
/SS/5/PX0PY-1PZ-1/b_X/eta0/bT0/bz10	1.1731338500976562e-01	8.5966292132530626e-12	1.0271106042664427e+10
/SS/5/PX0PY-1PZ-1/b_X/eta0/bT0/bz11	1.1043930053710938e-01	9.0150322276028957e-12	7.9119246606737366e+09
/SS/5/PX0PY-1PZ-1/b_X/eta0/bT0/bz12	9.9660873413085938e-02	1.4354520177476878e-11	2.8069390361251426e+09
/SS/5/PX0PY-1PZ-1/b_X/eta0/bT0/bz13	8.6387634277343750e-02	1.7956923829340429e-11	3.4714699624687448e+09
/SS/5/PX0PY-1PZ-1/b_X/eta0/bT0/bz14	7.3476791381835938e-02	1.4797650377364565e-11	4.9654363705085745e+09
/SS/5/PX0PY-1PZ-1/b_X/eta0/bT0/bz15	7.7445983886718750e-02	1.4104267964706859e-11	5.4909608978297920e+09
/SS/5/PX0PY-1PZ-1/b_X/eta0/bT0/bz16	7.6586723327636719e-02	1.7274109258852520e-11	2.9131490986061511e+09
/SS/5/PX0PY-1PZ-1/b_X/eta0/bT0/bz17	6.8870544433593750e-02	1.8958667191615589e-11	2.4927559660107336e+09
/SS/5/PX0PY-1PZ-1/b_X/eta0/bT0/bz18	7.6951980590820312e-02	2.1043922941228409e-11	9.5615331942534995e+08
/SS/5/PX0PY-1PZ-1/b_X/eta0/bT0/bz19	8.2294940948486328e-02	3.5166855604926837e-11	4.7180353936952817e+08
/SS/5/PX0PY-1PZ-1/b_X/eta0/bT0/bz2	9.8376464843750000e-01	7.0721732968034498e-12	1.3910358346028534e+11
/SS/5/PX0PY-1PZ-1/b_X/eta0/bT0/bz20	7.6961994171142578e-02	2.8153920576910736e-11	2.7336155176291771e+09
/SS/5/PX0PY-1PZ-1/b_X/eta0/bT0/bz3	8.3651733398437500e-01	7.8319241770429927e-12	1.0680866094648647e+11
/SS/5/PX0PY-1PZ-1/b_X/eta0/bT0/bz4	6.8412780761718750e-01	8.6890049224721678e-12	7.8734885492796066e+10
/SS/5/PX0PY-1PZ-1/b_X/eta0/bT0/bz5	5.3839874267578125e-01	9.5881587394417466e-12	5.6152464441481346e+10
/SS/5/PX0PY-1PZ-1/b_X/eta0/bT0/bz6	3.9821624755859375e-01	1.0169626840313563e-11	3.9157409982834282e+10
/SS/5/PX0PY-1PZ-1/b_X/eta0/bT0/bz7	2.9440307617187500e-01	1.0549695129820189e-11	2.7906311277157528e+10
/SS/5/PX0PY-1PZ-1/b_X/eta0/bT0/bz8	2.2574996948242188e-01	1.1418394779599157e-11	1.9770727307989155e+10
/SS/5/PX0PY-1PZ-1/b_X/eta0/bT0/bz9	1.6408348083496094e-01	1.0824229793995171e-11	1.5158905895178572e+10
/SS/5/PX0PY-1PZ-2/b_X/eta0/bT0/bz-1	1.1994018554687500e+00	8.3656503082936769e-12	1.4337221988345212e+11
/SS/5/PX0PY-1PZ-2/b_X/eta0/bT0/bz-10	1.8626594543457031e-01	2.1918562893388466e-11	8.4980911540854588e+09
/SS/5/PX0PY-1PZ-2/b_X/eta0/bT0/bz-11	1.6369152069091797e-01	4.0529441454479080e-11	1.8684438574474254e+09
/SS/5/PX0PY-1PZ-2/b_X/eta0/bT0/bz-12	1.1803245544433594e-01	3.8019615989667396e-11	1.4109731447468801e+09
/SS/5/PX0PY-1PZ-2/b_X/eta0/bT0/bz-13	9.9958419799804688e-02	4.7015705236457441e-11	5.6270808864715242e+08
/SS/5/PX0PY-1PZ-2/b_X/eta0/bT0/bz-14	8.2954406738281250e-02	2.1963340927226673e-11	8.6486318712251747e+08
/SS/5/PX0PY-1PZ-2/b_X/eta0/bT0/bz-15	6.6402435302734375e-02	2.9673995836269523e-11	1.0953645571307511e+09
/SS/5/PX0PY-1PZ-2/b_X/eta0/bT0/bz-16	5.2593231201171875e-02	2.0699399534958355e-11	2.0175749706069536e+09
/SS/5/PX0PY-1PZ-2/b_X/eta0/bT0/bz-17	4.8937797546386719e-02	2.9335849512652371e-11	7.5701294247935724e+08
/SS/5/PX0PY-1PZ-2/b_X/eta0/bT0/bz-18	4.2481422424316406e-02	2.6130842434360229e-11	1.0525252413042561e+09
/SS/5/PX0PY-1PZ-2/b_X/eta0/bT0/bz-19	4.6822547912597656e-02	1.7929302522736543e-11	1.6113095325520289e+09
/SS/5/PX0PY-1PZ-2/b_X/eta0/bT0/bz-2	1.0288696289062500e+00	8.6112909014271437e-12	1.1947913973452414e+11
/SS/5/PX0PY-1PZ-2/b_X/eta0/bT0/bz-20	4.5129776000976562e-02	2.1728743007760473e-11	1.8787549180137072e+09
/SS/5/PX0PY-1PZ-2/b_X/eta0/bT0/bz-3	8.2768249511718750e-01	9.7678364580909853e-12	3.7159553846088539e+10
/SS/5/PX0PY-1PZ-2/b_X/eta0/bT0/bz-4	6.4431762695312500e-01	1.2745766517224272e-11	1.6219644066543732e+10
/SS/5/PX0PY-1PZ-2/b_X/eta0/bT0/bz-5	4.8719024658203125e-01	1.8664475271296663e-11	8.0405716887968426e+09
/SS/5/PX0PY-1PZ-2/b_X/eta0/bT0/bz-6	3.6140441894531250e-01	1.3617358765246567e-11	1.3692433030778172e+10
/SS/5/PX0PY-1PZ-2/b_X/eta0/bT0/bz-7	2.6598739624023438e-01	1.5125796009759707e-11	9.0742143340594196e+09
/SS/5/PX0PY-1PZ-2/b_X/eta0/bT0/bz-8	2.1419525146484375e-01	1.7492611156364566e-11	5.3970781210835218e+09
/SS/5/PX0PY-1PZ-2/b_X/eta0/bT0/bz-9	1.9238090515136719e-01	1.6129138393846891e-11	8.4258345233546343e+09
/SS/5/PX0PY-1PZ-2/b_X/eta0/bT0/bz0	1.2568054199218750e+00	8.1529475011390625e-12	1.4881579371707159e+11
/SS/5/PX0PY-1PZ-2/b_X/eta0/bT0/bz1	1.1285400390625000e+00	7.9875135628602567e-12	1.3865941342025070e+11
/SS/5/PX0PY-1PZ-2/b_X/eta0/bT0/bz10	1.2141036987304688e-01	3.2577985110774114e-11	3.6764398815915155e+09
/SS/5/PX0PY-1PZ-2/b_X/eta0/bT0/bz11	1.1252975463867188e-01	6.3850474180544195e-11	1.5077688074631727e+09
/SS/5/PX0PY-1PZ-2/b_X/eta0/bT0/bz12	1.0477828979492188e-01	2.7516320342279375e-10	2.2558847696123174e+08
/SS/5/PX0PY-1PZ-2/b_X/eta0/bT0/bz13	9.8663330078125000e-02	7.2332000463946427e-11	1.0779201470283411e+09
/SS/5/PX0PY-1PZ-2/b_X/eta0/bT0/bz14	9.4800949096679688e-02	3.0393155004318229e-11	1.9617090150842230e+09
/SS/5/PX0PY-1PZ-2/b_X/eta0/bT0/bz15	1.0558938980102539e-01	5.5059027399913762e-11	1.9177489103483651e+09
/SS/5/PX0PY-1PZ-2/b_X/eta0/bT0/bz16	1.0563993453979492e-01	2.9331392510057246e-11	3.6015997025566630e+09
/SS/5/PX0PY-1PZ-2/b_X/eta0/bT0/bz17	1.0600948333740234e-01	2.2059489013788282e-11	4.8056182657332239e+09
/SS/5/PX0PY-1PZ-2/b_X/eta0/bT0/bz18	1.0278224945068359e-01	2.0255807108369183e-11	5.0742115039304743e+09
/SS/5/PX0PY-1PZ-2/b_X/eta0/bT0/bz19	9.4368934631347656e-02	2.8891089716863184e-11	1.4013268213142371e+09
/SS/5/PX0PY-1PZ-2/b_X/eta0/bT0/bz2	9.0617370605468750e-01	9.1333186558922916e-12	3.2290350464501774e+10
/SS/5/PX0PY-1PZ-2/b_X/eta0/bT0/bz20	8.4064960479736328e-02	4.7867418279089958e-11	9.1660376585401654e+08
/SS/5/PX0PY-1PZ-2/b_X/eta0/bT0/bz3	6.8850708007812500e-01	1.2765867377489830e-11	1.6918295381066259e+10
/SS/5/PX0PY-1PZ-2/b_X/eta0/bT0/bz4	4.9609375000000000e-01	2.2159308738371518e-11	6.1495406289910774e+09
/SS/5/PX0PY-1PZ-2/b_X/eta0/bT0/bz5	3.4375762939453125e-01	1.4379849975420747e-11	1.4440026607696930e+10
/SS/5/PX0PY-1PZ-2/b_X/eta0/bT0/bz6	2.3070526123046875e-01	1.7266893043213106e-11	8.5759971660835905e+09
/SS/5/PX0PY-1PZ-2/b_X/eta0/bT0/bz7	1.7792129516601562e-01	2.0338658217815139e-11	3.9303211245425649e+09
/SS/5/PX0PY-1PZ-2/b_X/eta0/bT0/bz8	1.5762138366699219e-01	1.3039418177694548e-11	1.2088068771091492e+10
/SS/5/PX0PY-1PZ-2/b_X/eta0/bT0/bz9	1.3743495941162109e-01	1.9820524861822466e-11	6.9339717474557419e+09
/SS/5/PX0PY-1PZ0/b_X/eta0/bT0/bz-1	1.2554931640625000e+00	4.9777976485783353e-12	2.4012265399403064e+11
/SS/5/PX0PY-1PZ0/b_X/eta0/bT0/bz-10	2.5997543334960938e-01	8.4957146253174857e-12	3.0600772838446663e+10
/SS/5/PX0PY-1PZ0/b_X/eta0/bT0/bz-11	2.3725128173828125e-01	1.0325832291071824e-11	2.2976480253646896e+10
/SS/5/PX0PY-1PZ0/b_X/eta0/bT0/bz-12	2.1738815307617188e-01	1.4383574492844521e-11	5.4713908773726988e+09
/SS/5/PX0PY-1PZ0/b_X/eta0/bT0/bz-13	1.9067001342773438e-01	7.8693235469065421e-11	1.4100232478272972e+09
/SS/5/PX0PY-1PZ0/b_X/eta0/bT0/bz-14	1.5014648437500000e-01	1.6942641758348456e-11	5.3145825318392477e+09
/SS/5/PX0PY-1PZ0/b_X/eta0/bT0/bz-15	1.0258293151855469e-01	1.2955666478707601e-11	4.7986746794307137e+09
/SS/5/PX0PY-1PZ0/b_X/eta0/bT0/bz-16	7.5783729553222656e-02	1.0927338076710930e-11	3.9520360555022511e+09
/SS/5/PX0PY-1PZ0/b_X/eta0/bT0/bz-17	7.2415351867675781e-02	1.1415454011017463e-11	1.8585466752381704e+09
/SS/5/PX0PY-1PZ0/b_X/eta0/bT0/bz-18	6.1884880065917969e-02	2.3044326503146649e-11	1.0238796885821826e+09
/SS/5/PX0PY-1PZ0/b_X/eta0/bT0/bz-19	4.4017791748046875e-02	2.2085926372086978e-10	1.7184511415488285e+08
/SS/5/PX0PY-1PZ0/b_X/eta0/bT0/bz-2	1.0415954589843750e+00	4.5874279121542062e-12	2.0709038381055118e+11
/SS/5/PX0PY-1PZ0/b_X/eta0/bT0/bz-20	3.9496421813964844e-02	2.6521404201587242e-11	6.9383594560298431e+08
/SS/5/PX0PY-1PZ0/b_X/eta0/bT0/bz-3	8.3554077148437500e-01	4.2790213350538771e-12	1.5847095231390381e+11
/SS/5/PX0PY-1PZ0/b_X/eta0/bT0/bz-4	6.5615844726562500e-01	4.4709498041656710e-12	1.4676041467839102e+11
/SS/5/PX0PY-1PZ0/b_X/eta0/bT0/bz-5	5.0526428222656250e-01	4.6823215955879102e-12	1.0790892336456906e+11
/SS/5/PX0PY-1PZ0/b_X/eta0/bT0/bz-6	4.3231201171875000e-01	5.0622074202780042e-12	8.5399900839110321e+10
/SS/5/PX0PY-1PZ0/b_X/eta0/bT0/bz-7	3.7758636474609375e-01	5.7292522074519479e-12	6.5904999653353210e+10
/SS/5/PX0PY-1PZ0/b_X/eta0/bT0/bz-8	3.3039855957031250e-01	6.4487812727762593e-12	5.1234263591029335e+10
/SS/5/PX0PY-1PZ0/b_X/eta0/bT0/bz-9	2.9056549072265625e-01	7.2949712268367524e-12	3.9830930333724068e+10
/SS/5/PX0PY-1PZ0/b_X/eta0/bT0/bz0	1.3685913085937500e+00	5.3813354000471294e-12	2.5389087858086011e+11
/SS/5/PX0PY-1PZ0/b_X/eta0/bT0/bz1	1.3570861816406250e+00	5.8007683019858534e-12	2.3394938583843036e+11
/SS/5/PX0PY-1PZ0/b_X/eta0/bT0/bz10	2.9017257690429688e-01	1.3290192482735957e-11	1.7555677177776306e+10
/SS/5/PX0PY-1PZ0/b_X/eta0/bT0/bz11	2.1986007690429688e-01	1.6156999564257418e-11	1.2648565623210619e+10
/SS/5/PX0PY-1PZ0/b_X/eta0/bT0/bz12	1.7571067810058594e-01	2.1417003324767443e-11	8.2042606725184278e+09
/SS/5/PX0PY-1PZ0/b_X/eta0/bT0/bz13	1.4583396911621094e-01	3.2997209943006274e-11	4.4195848487826557e+09
/SS/5/PX0PY-1PZ0/b_X/eta0/bT0/bz14	8.7890625000000000e-02	2.3153836475170120e-10	3.5198034697891080e+08
/SS/5/PX0PY-1PZ0/b_X/eta0/bT0/bz15	8.1190109252929688e-02	3.0584147323704540e-11	1.1638284824563265e+09
/SS/5/PX0PY-1PZ0/b_X/eta0/bT0/bz16	7.4075698852539062e-02	2.4130163860399752e-11	1.2122015401502423e+09
/SS/5/PX0PY-1PZ0/b_X/eta0/bT0/bz17	6.5641403198242188e-02	3.3731208037480053e-11	1.3934865421678936e+09
/SS/5/PX0PY-1PZ0/b_X/eta0/bT0/bz18	5.8935165405273438e-02	1.9045301416516125e-11	2.8543679025716219e+09
/SS/5/PX0PY-1PZ0/b_X/eta0/bT0/bz19	5.4990768432617188e-02	1.7747483311575182e-11	2.5762261674863133e+09
/SS/5/PX0PY-1PZ0/b_X/eta0/bT0/bz2	1.2303771972656250e+00	6.2717568492660486e-12	1.9617743908704141e+11
/SS/5/PX0PY-1PZ0/b_X/eta0/bT0/bz20	5.3009033203125000e-02	4.2414627667338804e-11	9.9914366150355732e+08
/SS/5/PX0PY-1PZ0/b_X/eta0/bT0/bz3	1.0731811523437500e+00	6.8694191649971524e-12	1.5622589429570715e+11
/SS/5/PX0PY-1PZ0/b_X/eta0/bT0/bz4	9.3022155761718750e-01	7.6502067104297253e-12	1.2159430363482759e+11
/SS/5/PX0PY-1PZ0/b_X/eta0/bT0/bz5	8.0166625976562500e-01	8.5508672862814442e-12	9.3752625660764923e+10
/SS/5/PX0PY-1PZ0/b_X/eta0/bT0/bz6	6.8235778808593750e-01	9.4631384215524763e-12	7.2106922427749207e+10
/SS/5/PX0PY-1PZ0/b_X/eta0/bT0/bz7	5.6843566894531250e-01	1.0238285717119799e-11	5.5520590521791275e+10
/SS/5/PX0PY-1PZ0/b_X/eta0/bT0/bz8	4.6338653564453125e-01	1.0850644994727715e-11	4.2705897747985390e+10
/SS/5/PX0PY-1PZ0/b_X/eta0/bT0/bz9	3.7082672119140625e-01	1.1339867365831721e-11	3.2701151541573433e+10
/SS/5/PX0PY-2PZ-1/b_X/eta0/bT0/bz-1	8.6035156250000000e-01	1.3832208726257324e-11	6.2199145452946854e+10
/SS/5/PX0PY-2PZ-1/b_X/eta0/bT0/bz-10	9.6226692199707031e-02	2.2021522547739894e-11	4.3696657209373083e+09
/SS/5/PX0PY-2PZ-1/b_X/eta0/bT0/bz-11	9.5792770385742188e-02	2.0871290674015837e-11	3.0969195108944106e+09
/SS/5/PX0PY-2PZ-1/b_X/eta0/bT0/bz-12	6.6896438598632812e-02	2.1881321435888223e-11	1.7176214920351989e+09
/SS/5/PX0PY-2PZ-1/b_X/eta0/bT0/bz-13	6.6585540771484375e-02	9.0330261549888641e-12	4.0584093227237697e+09
/SS/5/PX0PY-2PZ-1/b_X/eta0/bT0/bz-14	5.9520721435546875e-02	1.1525421921254968e-11	4.2111557664848089e+09
/SS/5/PX0PY-2PZ-1/b_X/eta0/bT0/bz-15	5.7282447814941406e-02	1.9229047355720689e-11	9.4989031051066482e+08
/SS/5/PX0PY-2PZ-1/b_X/eta0/bT0/bz-16	7.6524734497070312e-02	2.0150846312016527e-11	2.0734446210200968e+09
/SS/5/PX0PY-2PZ-1/b_X/eta0/bT0/bz-17	8.8824748992919922e-02	2.6349838471736368e-11	3.3709788805041833e+09
/SS/5/PX0PY-2PZ-1/b_X/eta0/bT0/bz-18	9.0320587158203125e-02	5.7624929519048990e-11	3.9830949558940506e+08
/SS/5/PX0PY-2PZ-1/b_X/eta0/bT0/bz-19	8.0491781234741211e-02	6.8739957078947818e-11	1.1709605978120763e+09
/SS/5/PX0PY-2PZ-1/b_X/eta0/bT0/bz-2	7.3383331298828125e-01	1.4840405080542927e-11	4.9448334395561829e+10
/SS/5/PX0PY-2PZ-1/b_X/eta0/bT0/bz-20	5.9424400329589844e-02	4.4810983034580005e-11	3.6204538148515326e+08
/SS/5/PX0PY-2PZ-1/b_X/eta0/bT0/bz-3	5.7895660400390625e-01	1.5605951888770339e-11	3.7098448600274696e+10
/SS/5/PX0PY-2PZ-1/b_X/eta0/bT0/bz-4	4.3558883666992188e-01	1.5761721702638946e-11	2.7635866492744400e+10
/SS/5/PX0PY-2PZ-1/b_X/eta0/bT0/bz-5	3.1630325317382812e-01	1.4896618937794068e-11	2.1233224431306236e+10
/SS/5/PX0PY-2PZ-1/b_X/eta0/bT0/bz-6	2.2349548339843750e-01	1.3152135161014627e-11	1.6993095087778572e+10
/SS/5/PX0PY-2PZ-1/b_X/eta0/bT0/bz-7	1.5646743774414062e-01	1.1186780485369795e-11	1.3986815773203970e+10
/SS/5/PX0PY-2PZ-1/b_X/eta0/bT0/bz-8	1.2031173706054688e-01	9.4839787629833318e-12	1.1659308018514404e+10
/SS/5/PX0PY-2PZ-1/b_X/eta0/bT0/bz-9	1.0881805419921875e-01	1.0392215689146273e-11	8.2712460997226963e+09
/SS/5/PX0PY-2PZ-1/b_X/eta0/bT0/bz0	9.0988159179687500e-01	1.2900919755793736e-11	6.9641352477718994e+10
/SS/5/PX0PY-2PZ-1/b_X/eta0/bT0/bz1	8.4127807617187500e-01	1.2165171949830407e-11	6.5724125510374214e+10
/SS/5/PX0PY-2PZ-1/b_X/eta0/bT0/bz10	9.3976020812988281e-02	1.1862283125694024e-11	7.9222540734535065e+09
/SS/5/PX0PY-2PZ-1/b_X/eta0/bT0/bz11	1.0316085815429688e-01	1.0896935143111995e-11	8.6056119726014938e+09
/SS/5/PX0PY-2PZ-1/b_X/eta0/bT0/bz12	9.6566200256347656e-02	1.2205216182502928e-11	7.9118795449754000e+09
/SS/5/PX0PY-2PZ-1/b_X/eta0/bT0/bz13	8.6277008056640625e-02	1.5630087039340365e-11	4.2034654599487200e+09
/SS/5/PX0PY-2PZ-1/b_X/eta0/bT0/bz14	7.6232910156250000e-02	2.1232315419093060e-11	3.1623904144564905e+09
/SS/5/PX0PY-2PZ-1/b_X/eta0/bT0/bz15	6.8500995635986328e-02	2.7359025485520529e-11	2.5037805411687541e+09
/SS/5/PX0PY-2PZ-1/b_X/eta0/bT0/bz16	6.9678783416748047e-02	2.7528836219452029e-11	2.5311198359890213e+09
/SS/5/PX0PY-2PZ-1/b_X/eta0/bT0/bz17	6.9808006286621094e-02	2.0923513826355845e-11	3.3363423976468511e+09
/SS/5/PX0PY-2PZ-1/b_X/eta0/bT0/bz18	7.3083877563476562e-02	1.4690868700515550e-11	4.4417562420372658e+09
/SS/5/PX0PY-2PZ-1/b_X/eta0/bT0/bz19	8.2088470458984375e-02	1.0567102047762135e-11	5.0511670629929457e+09
/SS/5/PX0PY-2PZ-1/b_X/eta0/bT0/bz2	6.8862915039062500e-01	1.1380671498593885e-11	5.5079905746687370e+10
/SS/5/PX0PY-2PZ-1/b_X/eta0/bT0/bz20	8.3002090454101562e-02	1.0939792858172321e-11	3.4308952390816250e+09
/SS/5/PX0PY-2PZ-1/b_X/eta0/bT0/bz3	5.5879211425781250e-01	1.0738149954686881e-11	4.8591416918980217e+10
/SS/5/PX0PY-2PZ-1/b_X/eta0/bT0/bz4	4.4519042968750000e-01	1.1345218996422799e-11	3.9240355768176064e+10
/SS/5/PX0PY-2PZ-1/b_X/eta0/bT0/bz5	3.4703445434570312e-01	1.3770699502565983e-11	2.5200931461835903e+10
/SS/5/PX0PY-2PZ-1/b_X/eta0/bT0/bz6	2.6579475402832031e-01	1.8627107365637362e-11	1.4269244752336008e+10
/SS/5/PX0PY-2PZ-1/b_X/eta0/bT0/bz7	2.0306873321533203e-01	3.3678298035110806e-11	6.0296613862026443e+09
/SS/5/PX0PY-2PZ-1/b_X/eta0/bT0/bz8	1.1418330669403076e-01	1.4712463254214233e-10	7.7609918013779330e+08
/SS/5/PX0PY-2PZ-1/b_X/eta0/bT0/bz9	9.6224784851074219e-02	2.0148194845828230e-11	3.6942689135967355e+09
/SS/5/PX0PY-2PZ-2/b_X/eta0/bT0/bz-1	1.5711364746093750e+00	4.6040495870408675e-11	2.3088943942193478e+10
/SS/5/PX0PY-2PZ-2/b_X/eta0/bT0/bz-10	2.7084732055664062e-01	3.2002913933705811e-11	3.1746566264974031e+09
/SS/5/PX0PY-2PZ-2/b_X/eta0/bT0/bz-11	2.2994041442871094e-01	2.1794993567631929e-11	2.5753371017170177e+09
/SS/5/PX0PY-2PZ-2/b_X/eta0/bT0/bz-12	1.9041442871093750e-01	1.5575017227820613e-11	2.5248614407160029e+09
/SS/5/PX0PY-2PZ-2/b_X/eta0/bT0/bz-13	1.5615653991699219e-01	1.7350958827525027e-11	2.2654147158601174e+09
/SS/5/PX0PY-2PZ-2/b_X/eta0/bT0/bz-14	1.2616539001464844e-01	1.8330846610007593e-11	2.0633114965276558e+09
/SS/5/PX0PY-2PZ-2/b_X/eta0/bT0/bz-15	9.7633361816406250e-02	1.3460089654869738e-11	2.3660317976075559e+09
/SS/5/PX0PY-2PZ-2/b_X/eta0/bT0/bz-16	6.7999839782714844e-02	1.3174395392328471e-11	3.2879566640843296e+09
/SS/5/PX0PY-2PZ-2/b_X/eta0/bT0/bz-17	4.1846752166748047e-02	1.4642019905300396e-11	2.8579903891265416e+09
/SS/5/PX0PY-2PZ-2/b_X/eta0/bT0/bz-18	5.7283401489257812e-02	1.2293209331747203e-11	4.6597597050042477e+09
/SS/5/PX0PY-2PZ-2/b_X/eta0/bT0/bz-19	5.4207801818847656e-02	1.2395829563416324e-11	1.5641289346958151e+09
/SS/5/PX0PY-2PZ-2/b_X/eta0/bT0/bz-2	1.3198242187500000e+00	5.5346265610921509e-11	1.6630514253688492e+10
/SS/5/PX0PY-2PZ-2/b_X/eta0/bT0/bz-20	5.4817199707031250e-02	1.3768495095065234e-11	2.0505373090185177e+09
/SS/5/PX0PY-2PZ-2/b_X/eta0/bT0/bz-3	1.0360412597656250e+00	6.5105477081820520e-11	1.1642724639883989e+10
/SS/5/PX0PY-2PZ-2/b_X/eta0/bT0/bz-4	8.0260467529296875e-01	6.6955227628434894e-11	9.0731999645583611e+09
/SS/5/PX0PY-2PZ-2/b_X/eta0/bT0/bz-5	6.1576080322265625e-01	5.4654677550348095e-11	8.6223973843915100e+09
/SS/5/PX0PY-2PZ-2/b_X/eta0/bT0/bz-6	4.6180725097656250e-01	4.0942997117411109e-11	8.8380084189971695e+09
/SS/5/PX0PY-2PZ-2/b_X/eta0/bT0/bz-7	3.4888076782226562e-01	3.2383759665767477e-11	9.0266956997342567e+09
/SS/5/PX0PY-2PZ-2/b_X/eta0/bT0/bz-8	3.1875419616699219e-01	4.9535143014837312e-11	4.6487229085983458e+09
/SS/5/PX0PY-2PZ-2/b_X/eta0/bT0/bz-9	3.0478858947753906e-01	2.1123760820497494e-10	5.3624810153485185e+08
/SS/5/PX0PY-2PZ-2/b_X/eta0/bT0/bz0	1.6783142089843750e+00	3.9002803236716018e-11	2.8542349948005417e+10
/SS/5/PX0PY-2PZ-2/b_X/eta0/bT0/bz1	1.5388793945312500e+00	3.3477561344870698e-11	3.0164397712566299e+10
/SS/5/PX0PY-2PZ-2/b_X/eta0/bT0/bz10	1.3562774658203125e-01	1.5538661164150062e-11	7.4657529143020544e+09
/SS/5/PX0PY-2PZ-2/b_X/eta0/bT0/bz11	1.0618019104003906e-01	1.9795575813745578e-11	4.3244825077757082e+09
/SS/5/PX0PY-2PZ-2/b_X/eta0/bT0/bz12	9.8831176757812500e-02	1.3335683458425245e-11	3.0209581016753297e+09
/SS/5/PX0PY-2PZ-2/b_X/eta0/bT0/bz13	1.0226249694824219e-01	2.0938270318386794e-11	2.3236231162350249e+09
/SS/5/PX0PY-2PZ-2/b_X/eta0/bT0/bz14	1.0927581787109375e-01	2.2533534969365444e-11	2.4795451424400449e+09
/SS/5/PX0PY-2PZ-2/b_X/eta0/bT0/bz15	1.1529922485351562e-01	2.3913794754252228e-11	1.9097876932174871e+09
/SS/5/PX0PY-2PZ-2/b_X/eta0/bT0/bz16	1.1819648742675781e-01	1.8865286419606706e-11	1.5677379118299870e+09
/SS/5/PX0PY-2PZ-2/b_X/eta0/bT0/bz17	1.1831283569335938e-01	8.9972408402451122e-12	6.0696666178031693e+09
/SS/5/PX0PY-2PZ-2/b_X/eta0/bT0/bz18	1.1670112609863281e-01	1.0523861204965472e-11	7.1018137779294872e+09
/SS/5/PX0PY-2PZ-2/b_X/eta0/bT0/bz19	1.1281394958496094e-01	2.7303599890782209e-11	1.4595493048717978e+09
/SS/5/PX0PY-2PZ-2/b_X/eta0/bT0/bz2	1.2684326171875000e+00	2.8039224542046947e-11	2.9294801009429195e+10
/SS/5/PX0PY-2PZ-2/b_X/eta0/bT0/bz20	1.0665130615234375e-01	2.8213420248350082e-11	1.7193971588154180e+09
/SS/5/PX0PY-2PZ-2/b_X/eta0/bT0/bz3	9.8098754882812500e-01	2.2754072360737883e-11	2.7290573302341503e+10
/SS/5/PX0PY-2PZ-2/b_X/eta0/bT0/bz4	7.3422241210937500e-01	1.9274756937773569e-11	3.1854063923180672e+10
/SS/5/PX0PY-2PZ-2/b_X/eta0/bT0/bz5	5.4126739501953125e-01	1.9110878410271217e-11	2.4624325929800018e+10
/SS/5/PX0PY-2PZ-2/b_X/eta0/bT0/bz6	4.0018844604492188e-01	1.8414645257626081e-11	1.9228599011061855e+10
/SS/5/PX0PY-2PZ-2/b_X/eta0/bT0/bz7	3.0014801025390625e-01	1.7865720224968150e-11	1.2041914850361801e+10
/SS/5/PX0PY-2PZ-2/b_X/eta0/bT0/bz8	2.2370910644531250e-01	1.6923617805552746e-11	1.0619023520683729e+10
/SS/5/PX0PY-2PZ-2/b_X/eta0/bT0/bz9	1.6951751708984375e-01	1.5955057748163673e-11	9.6408324099924107e+09
/SS/5/PX0PY-2PZ0/b_X/eta0/bT0/bz-1	9.4372558593750000e-01	4.7694757509693745e-12	1.6227282394104254e+11
/SS/5/PX0PY-2PZ0/b_X/eta0/bT0/bz-10	1.3689422607421875e-01	4.0070147713150839e-12	1.1594466366990501e+10
/SS/5/PX0PY-2PZ0/b_X/eta0/bT0/bz-11	1.2548065185546875e-01	4.0396011768414322e-12	3.1062633750785809e+10
/SS/5/PX0PY-2PZ0/b_X/eta0/bT0/bz-12	1.1595916748046875e-01	4.4058515215497040e-12	2.6319354366186527e+10
/SS/5/PX0PY-2PZ0/b_X/eta0/bT0/bz-13	1.0842132568359375e-01	9.4699564455753638e-12	5.2271059193935833e+09
/SS/5/PX0PY-2PZ0/b_X/eta0/bT0/bz-14	1.0182952880859375e-01	1.4445931638652608e-11	5.0124582915810537e+09
/SS/5/PX0PY-2PZ0/b_X/eta0/bT0/bz-15	9.4665527343750000e-02	2.1785442130788899e-11	3.1438438554594293e+09
/SS/5/PX0PY-2PZ0/b_X/eta0/bT0/bz-16	8.6887359619140625e-02	4.4727582708557288e-11	1.6821225206862671e+09
/SS/5/PX0PY-2PZ0/b_X/eta0/bT0/bz-17	9.6405982971191406e-02	3.9826397869534936e-11	2.4206553474156103e+09
/SS/5/PX0PY-2PZ0/b_X/eta0/bT0/bz-18	6.5061569213867188e-02	1.6700495185301252e-11	3.7673015862025304e+09
/SS/5/PX0PY-2PZ0/b_X/eta0/bT0/bz-19	6.0600280761718750e-02	1.2021226398512579e-11	2.8319333605568051e+09
/SS/5/PX0PY-2PZ0/b_X/eta0/bT0/bz-2	7.8680419921875000e-01	4.9656882808719224e-12	1.3587504825154922e+11
/SS/5/PX0PY-2PZ0/b_X/eta0/bT0/bz-20	6.8937301635742188e-02	1.3342792297713783e-11	2.4529459901998219e+09
/SS/5/PX0PY-2PZ0/b_X/eta0/bT0/bz-3	6.0708618164062500e-01	5.2286345584440644e-12	1.0650089269436026e+11
/SS/5/PX0PY-2PZ0/b_X/eta0/bT0/bz-4	4.6804809570312500e-01	5.3934167014348045e-12	8.2285850408100006e+10
/SS/5/PX0PY-2PZ0/b_X/eta0/bT0/bz-5	3.6611938476562500e-01	5.3303315795045882e-12	6.3629199952743164e+10
/SS/5/PX0PY-2PZ0/b_X/eta0/bT0/bz-6	2.7120971679687500e-01	5.1146319148837102e-12	4.9174725435330963e+10
/SS/5/PX0PY-2PZ0/b_X/eta0/bT0/bz-7	1.8914794921875000e-01	4.7704093832873300e-12	3.7900602878021912e+10
/SS/5/PX0PY-2PZ0/b_X/eta0/bT0/bz-8	1.6475677490234375e-01	4.3085674175814196e-12	2.9318303048583820e+10
/SS/5/PX0PY-2PZ0/b_X/eta0/bT0/bz-9	1.4971160888671875e-01	4.0170325222091327e-12	1.6852620597451469e+10
/SS/5/PX0PY-2PZ0/b_X/eta0/bT0/bz0	1.0117797851562500e+00	5.0204885231705052e-12	1.7279656936881564e+11
/SS/5/PX0PY-2PZ0/b_X/eta0/bT0/bz1	9.3789672851562500e-01	5.3479400049789693e-12	1.5720609411902539e+11
/SS/5/PX0PY-2PZ0/b_X/eta0/bT0/bz10	1.9033813476562500e-01	1.0817449376628699e-11	1.6512858802564240e+10
/SS/5/PX0PY-2PZ0/b_X/eta0/bT0/bz11	1.5565299987792969e-01	1.1711822152536140e-11	1.3290246201717106e+10
/SS/5/PX0PY-2PZ0/b_X/eta0/bT0/bz12	1.3885116577148438e-01	1.2343478934030236e-11	1.1248949061571287e+10
/SS/5/PX0PY-2PZ0/b_X/eta0/bT0/bz13	1.2086296081542969e-01	1.1932966652766492e-11	1.0128492296373701e+10
/SS/5/PX0PY-2PZ0/b_X/eta0/bT0/bz14	1.0867500305175781e-01	1.6725199735179482e-11	1.9923002153286927e+09
/SS/5/PX0PY-2PZ0/b_X/eta0/bT0/bz15	1.1559867858886719e-01	1.9284845850354887e-11	3.6542559975683184e+09
/SS/5/PX0PY-2PZ0/b_X/eta0/bT0/bz16	1.1663389205932617e-01	3.0859041971017679e-11	3.7795694425273104e+09
/SS/5/PX0PY-2PZ0/b_X/eta0/bT0/bz17	1.0972404479980469e-01	4.5381051858460617e-11	2.3167150095410795e+09
/SS/5/PX0PY-2PZ0/b_X/eta0/bT0/bz18	8.7097167968750000e-02	3.5989108608563613e-11	1.5507859833073063e+09
/SS/5/PX0PY-2PZ0/b_X/eta0/bT0/bz19	3.9242744445800781e-02	1.8485713126820536e-11	9.4866555897603762e+08
/SS/5/PX0PY-2PZ0/b_X/eta0/bT0/bz2	7.8744506835937500e-01	5.7520815596721332e-12	1.2862350743782028e+11
/SS/5/PX0PY-2PZ0/b_X/eta0/bT0/bz20	1.0273194313049316e-01	1.4213355599820935e-10	7.2278458390070403e+08
/SS/5/PX0PY-2PZ0/b_X/eta0/bT0/bz3	6.8620300292968750e-01	6.2560854299656638e-12	9.9749068850629089e+10
/SS/5/PX0PY-2PZ0/b_X/eta0/bT0/bz4	5.8685302734375000e-01	6.8528234474530251e-12	7.5848355734041840e+10
/SS/5/PX0PY-2PZ0/b_X/eta0/bT0/bz5	4.9375915527343750e-01	7.5807487194950206e-12	5.7313436421959000e+10
/SS/5/PX0PY-2PZ0/b_X/eta0/bT0/bz6	4.1300201416015625e-01	8.4133660434598992e-12	4.3503702483824066e+10
/SS/5/PX0PY-2PZ0/b_X/eta0/bT0/bz7	3.4593200683593750e-01	9.1775380497487647e-12	3.3617828493223228e+10
/SS/5/PX0PY-2PZ0/b_X/eta0/bT0/bz8	2.8804779052734375e-01	9.7065469707157399e-12	2.6515092946406418e+10
/SS/5/PX0PY-2PZ0/b_X/eta0/bT0/bz9	2.3705673217773438e-01	1.0163543099250878e-11	2.0974271522828346e+10
/SS/5/PX0PY0PZ-1/b_X/eta0/bT0/bz-1	2.3457641601562500e+00	9.0078226295858608e-12	1.3175702063361768e+11
/SS/5/PX0PY0PZ-1/b_X/eta0/bT0/bz-10	2.0448303222656250e-01	4.1630606931160528e-11	4.1085170441741214e+09
/SS/5/PX0PY0PZ-1/b_X/eta0/bT0/bz-11	1.5681076049804688e-01	3.1719584279234565e-11	4.5035845448430891e+09
/SS/5/PX0PY0PZ-1/b_X/eta0/bT0/bz-12	1.3710594177246094e-01	2.0783744144523986e-11	3.5494337573783984e+09
/SS/5/PX0PY0PZ-1/b_X/eta0/bT0/bz-13	1.1309528350830078e-01	3.0816386445735880e-11	1.2666988691921949e+09
/SS/5/PX0PY0PZ-1/b_X/eta0/bT0/bz-14	9.9347114562988281e-02	3.3007424276731655e-11	2.9122129688748217e+09
/SS/5/PX0PY0PZ-1/b_X/eta0/bT0/bz-15	1.0943126678466797e-01	4.3472120229715768e-11	1.7516247343543060e+09
/SS/5/PX0PY0PZ-1/b_X/eta0/bT0/bz-16	1.0607242584228516e-01	5.6559179549270804e-11	1.2925796160204566e+09
/SS/5/PX0PY0PZ-1/b_X/eta0/bT0/bz-17	9.8295211791992188e-02	3.5896418857687648e-11	1.9035803742910182e+09
/SS/5/PX0PY0PZ-1/b_X/eta0/bT0/bz-18	9.1744422912597656e-02	2.2595401670036158e-11	1.8516970239762571e+09
/SS/5/PX0PY0PZ-1/b_X/eta0/bT0/bz-19	8.8532447814941406e-02	1.7744201539090301e-11	2.2146716848555827e+09
/SS/5/PX0PY0PZ-1/b_X/eta0/bT0/bz-2	1.9810485839843750e+00	8.9779015728394354e-12	1.0525246700422919e+11
/SS/5/PX0PY0PZ-1/b_X/eta0/bT0/bz-20	8.6316108703613281e-02	1.6139980940284391e-11	4.8578950751820593e+09
/SS/5/PX0PY0PZ-1/b_X/eta0/bT0/bz-3	1.5835571289062500e+00	8.4934079311368496e-12	7.9635447662161682e+10
/SS/5/PX0PY0PZ-1/b_X/eta0/bT0/bz-4	1.2333068847656250e+00	8.2333666165559522e-12	1.4979375293280963e+11
/SS/5/PX0PY0PZ-1/b_X/eta0/bT0/bz-5	9.4419860839843750e-01	8.4995191098993163e-12	1.1108847408775604e+11
/SS/5/PX0PY0PZ-1/b_X/eta0/bT0/bz-6	7.0924377441406250e-01	8.7526706455055586e-12	8.1031699139536880e+10
/SS/5/PX0PY0PZ-1/b_X/eta0/bT0/bz-7	5.2456665039062500e-01	1.0439124176458580e-11	2.4922952654796803e+10
/SS/5/PX0PY0PZ-1/b_X/eta0/bT0/bz-8	3.8270568847656250e-01	1.9167021160757388e-11	1.3520397067485458e+10
/SS/5/PX0PY0PZ-1/b_X/eta0/bT0/bz-9	2.7873611450195312e-01	4.2362123617097772e-11	5.8699808868096418e+09
/SS/5/PX0PY0PZ-1/b_X/eta0/bT0/bz0	2.5206909179687500e+00	8.7266945797735681e-12	1.4811002889041888e+11
/SS/5/PX0PY0PZ-1/b_X/eta0/bT0/bz1	2.3535766601562500e+00	8.4362510259235378e-12	1.7893273679700027e+11
/SS/5/PX0PY0PZ-1/b_X/eta0/bT0/bz10	1.5800094604492188e-01	1.2636978762442483e-11	1.0812754478321583e+10
/SS/5/PX0PY0PZ-1/b_X/eta0/bT0/bz11	1.3761901855468750e-01	2.6200540028278212e-11	5.2525260321411486e+09
/SS/5/PX0PY0PZ-1/b_X/eta0/bT0/bz12	1.1436891555786133e-01	3.6327033091857960e-11	3.1483142393892617e+09
/SS/5/PX0PY0PZ-1/b_X/eta0/bT0/bz13	1.0962390899658203e-01	8.0628132101277349e-11	1.3596235723144741e+09
/SS/5/PX0PY0PZ-1/b_X/eta0/bT0/bz14	8.8596343994140625e-02	1.8196410015104978e-11	4.8688913868502703e+09
/SS/5/PX0PY0PZ-1/b_X/eta0/bT0/bz15	8.2324981689453125e-02	1.6966429714982562e-11	4.8522277858348904e+09
/SS/5/PX0PY0PZ-1/b_X/eta0/bT0/bz16	7.5411796569824219e-02	1.4919870436990110e-11	4.0706970117245989e+09
/SS/5/PX0PY0PZ-1/b_X/eta0/bT0/bz17	9.4266414642333984e-02	2.4514383838482893e-11	3.8453511727410316e+09
/SS/5/PX0PY0PZ-1/b_X/eta0/bT0/bz18	9.8909854888916016e-02	3.5117353578678581e-11	2.8165520692586842e+09
/SS/5/PX0PY0PZ-1/b_X/eta0/bT0/bz19	8.6117267608642578e-02	3.3790749408713870e-11	2.5485456557064366e+09
/SS/5/PX0PY0PZ-1/b_X/eta0/bT0/bz2	1.9942016601562500e+00	8.6790938530534933e-12	1.4794835024577371e+11
/SS/5/PX0PY0PZ-1/b_X/eta0/bT0/bz20	7.8874588012695312e-02	6.7441461636312355e-11	4.6929509530976212e+08
/SS/5/PX0PY0PZ-1/b_X/eta0/bT0/bz3	1.5919189453125000e+00	8.9509132314459084e-12	1.1588848114554321e+11
/SS/5/PX0PY0PZ-1/b_X/eta0/bT0/bz4	1.2281799316406250e+00	9.2121631824831270e-12	8.8900913969887772e+10
/SS/5/PX0PY0PZ-1/b_X/eta0/bT0/bz5	9.2129516601562500e-01	9.4211926051118389e-12	6.7765065542614624e+10
/SS/5/PX0PY0PZ-1/b_X/eta0/bT0/bz6	6.7591857910156250e-01	9.5308303526678945e-12	5.1652824917362335e+10
/SS/5/PX0PY0PZ-1/b_X/eta0/bT0/bz7	4.8646545410156250e-01	9.5573496770449388e-12	4.2820276109989288e+10
/SS/5/PX0PY0PZ-1/b_X/eta0/bT0/bz8	3.4446716308593750e-01	1.0988498290972550e-11	2.8382240783704029e+10
/SS/5/PX0PY0PZ-1/b_X/eta0/bT0/bz9	2.3543930053710938e-01	1.2908022865760380e-11	1.7411396496493828e+10
/SS/5/PX0PY0PZ-2/b_X/eta0/bT0/bz-1	1.2404632568359375e+00	9.6540606805453115e-12	1.1935098792256778e+11
/SS/5/PX0PY0PZ-2/b_X/eta0/bT0/bz-10	1.3848114013671875e-01	1.6139360759700395e-11	3.2909271520464768e+09
/SS/5/PX0PY0PZ-2/b_X/eta0/bT0/bz-11	8.1739425659179688e-02	1.8109063089871895e-11	2.4450557038498230e+09
/SS/5/PX0PY0PZ-2/b_X/eta0/bT0/bz-12	6.0139656066894531e-02	7.7793686988709827e-12	2.6951454106082249e+09
/SS/5/PX0PY0PZ-2/b_X/eta0/bT0/bz-13	5.1385879516601562e-02	1.0339653218400496e-10	4.7480438863563651e+08
/SS/5/PX0PY0PZ-2/b_X/eta0/bT0/bz-14	6.2280416488647461e-02	3.3204738451583326e-11	1.8756484584108417e+09
/SS/5/PX0PY0PZ-2/b_X/eta0/bT0/bz-15	6.7749977111816406e-02	2.3087143953901419e-11	2.9345326233116665e+09
/SS/5/PX0PY0PZ-2/b_X/eta0/bT0/bz-16	7.1836471557617188e-02	2.3597422481587476e-11	8.3194944938156486e+08
/SS/5/PX0PY0PZ-2/b_X/eta0/bT0/bz-17	6.4410686492919922e-02	1.3398290441546039e-10	1.6563864246454036e+08
/SS/5/PX0PY0PZ-2/b_X/eta0/bT0/bz-18	5.1768302917480469e-02	1.3774614764462556e-11	3.5234664736876612e+09
/SS/5/PX0PY0PZ-2/b_X/eta0/bT0/bz-19	5.1919937133789062e-02	1.4366870353803943e-11	1.5054675184152987e+09
/SS/5/PX0PY0PZ-2/b_X/eta0/bT0/bz-2	1.0212554931640625e+00	9.4748948370511053e-12	1.0025820121731171e+11
/SS/5/PX0PY0PZ-2/b_X/eta0/bT0/bz-20	4.7653198242187500e-02	4.7243700972799665e-11	8.9267238453268242e+08
/SS/5/PX0PY0PZ-2/b_X/eta0/bT0/bz-3	7.8553771972656250e-01	9.1506828147550559e-12	7.9396477523007965e+10
/SS/5/PX0PY0PZ-2/b_X/eta0/bT0/bz-4	6.8624877929687500e-01	9.3142609889656761e-12	7.3677211762678024e+10
/SS/5/PX0PY0PZ-2/b_X/eta0/bT0/bz-5	5.8242797851562500e-01	1.0520753345154382e-11	5.5359911919603928e+10
/SS/5/PX0PY0PZ-2/b_X/eta0/bT0/bz-6	4.8206329345703125e-01	1.1961933962286417e-11	4.0299778863257423e+10
/SS/5/PX0PY0PZ-2/b_X/eta0/bT0/bz-7	3.8933181762695312e-01	1.3753532457389123e-11	2.8307768846525208e+10
/SS/5/PX0PY0PZ-2/b_X/eta0/bT0/bz-8	3.0569839477539062e-01	1.5765367472731932e-11	1.9390502333937485e+10
/SS/5/PX0PY0PZ-2/b_X/eta0/bT0/bz-9	2.2086906433105469e-01	1.5922955322581195e-11	1.3871109970259630e+10
/SS/5/PX0PY0PZ-2/b_X/eta0/bT0/bz0	1.3497009277343750e+00	9.7744897497475283e-12	1.2826793972971930e+11
/SS/5/PX0PY0PZ-2/b_X/eta0/bT0/bz1	1.2636260986328125e+00	9.8402706368173983e-12	1.1932851207590364e+11
/SS/5/PX0PY0PZ-2/b_X/eta0/bT0/bz10	1.1489582061767578e-01	2.8714117398240789e-11	4.0013704417296500e+09
/SS/5/PX0PY0PZ-2/b_X/eta0/bT0/bz11	9.1347694396972656e-02	2.2801188777979492e-11	2.4772071880893478e+09
/SS/5/PX0PY0PZ-2/b_X/eta0/bT0/bz12	8.3479881286621094e-02	3.4079079416261523e-11	2.2636804540196962e+09
/SS/5/PX0PY0PZ-2/b_X/eta0/bT0/bz13	8.0320358276367188e-02	2.4340264406039699e-11	2.6755485050636544e+09
/SS/5/PX0PY0PZ-2/b_X/eta0/bT0/bz14	7.5984477996826172e-02	2.3008616184840974e-11	2.6829454308725095e+09
/SS/5/PX0PY0PZ-2/b_X/eta0/bT0/bz15	7.0475578308105469e-02	2.6852937917904663e-11	2.6245015917276840e+09
/SS/5/PX0PY0PZ-2/b_X/eta0/bT0/bz16	6.3579082489013672e-02	4.9552235499628545e-11	1.0241239869133068e+09
/SS/5/PX0PY0PZ-2/b_X/eta0/bT0/bz17	6.1406135559082031e-02	3.7919353399795749e-11	1.6193877282573283e+09
/SS/5/PX0PY0PZ-2/b_X/eta0/bT0/bz18	4.4561386108398438e-02	1.5833849050849455e-11	2.6626823889409175e+09
/SS/5/PX0PY0PZ-2/b_X/eta0/bT0/bz19	4.1790008544921875e-02	1.1705622729882325e-11	2.7057083263205562e+09
/SS/5/PX0PY0PZ-2/b_X/eta0/bT0/bz2	1.0706634521484375e+00	9.8725699546991381e-12	1.0037885970931317e+11
/SS/5/PX0PY0PZ-2/b_X/eta0/bT0/bz20	4.7113418579101562e-02	8.3070615168814671e-12	5.2117048674688768e+09
/SS/5/PX0PY0PZ-2/b_X/eta0/bT0/bz3	8.5517883300781250e-01	9.9403957119442787e-12	7.9205926972291443e+10
/SS/5/PX0PY0PZ-2/b_X/eta0/bT0/bz4	6.6135406494140625e-01	1.0068216136209547e-11	6.0014645028066658e+10
/SS/5/PX0PY0PZ-2/b_X/eta0/bT0/bz5	4.9935150146484375e-01	1.0300290159214170e-11	4.4096658152598099e+10
/SS/5/PX0PY0PZ-2/b_X/eta0/bT0/bz6	3.7004089355468750e-01	1.2481150225837428e-11	2.7714522491386395e+10
/SS/5/PX0PY0PZ-2/b_X/eta0/bT0/bz7	2.9238319396972656e-01	1.8060881928914876e-11	1.6188755074115772e+10
/SS/5/PX0PY0PZ-2/b_X/eta0/bT0/bz8	2.0936584472656250e-01	2.1819099386914386e-11	9.5955310076696339e+09
/SS/5/PX0PY0PZ-2/b_X/eta0/bT0/bz9	1.4889335632324219e-01	2.0475350397852627e-11	6.6715072223334570e+09
/SS/5/PX0PY0PZ0/b_X/eta0/bT0/bz-1	1.0021972656250000e+00	2.1887297030208983e-12	4.5577057430762848e+11
/SS/5/PX0PY0PZ0/b_X/eta0/bT0/bz-10	1.3293457031250000e-01	3.8255078763585281e-12	3.4749522052752747e+10
/SS/5/PX0PY0PZ0/b_X/eta0/bT0/bz-11	1.0731124877929688e-01	4.9167134799692653e-12	1.4969117479425711e+10
/SS/5/PX0PY0PZ0/b_X/eta0/bT0/bz-12	9.1692924499511719e-02	1.1693907612700004e-11	7.8410850792022600e+09
/SS/5/PX0PY0PZ0/b_X/eta0/bT0/bz-13	9.8469734191894531e-02	3.4148219252273659e-11	2.8835979253980637e+09
/SS/5/PX0PY0PZ0/b_X/eta0/bT0/bz-14	1.4399009943008423e-01	3.1103471253344959e-10	4.6293900207231402e+08
/SS/5/PX0PY0PZ0/b_X/eta0/bT0/bz-15	1.2114477157592773e-01	5.3897972892749224e-11	2.2476684200534205e+09
/SS/5/PX0PY0PZ0/b_X/eta0/bT0/bz-16	1.1545944213867188e-01	3.7715511148933966e-11	3.0613251317935634e+09
/SS/5/PX0PY0PZ0/b_X/eta0/bT0/bz-17	1.0736322402954102e-01	3.2151448655202915e-11	3.3392966264419608e+09
/SS/5/PX0PY0PZ0/b_X/eta0/bT0/bz-18	9.7525119781494141e-02	2.7810018942389300e-11	3.5068339933002310e+09
/SS/5/PX0PY0PZ0/b_X/eta0/bT0/bz-19	8.9629650115966797e-02	2.4218860194427817e-11	3.7008203274813256e+09
/SS/5/PX0PY0PZ0/b_X/eta0/bT0/bz-2	8.9672851562500000e-01	2.2538978159080632e-12	3.9785677473746564e+11
/SS/5/PX0PY0PZ0/b_X/eta0/bT0/bz-20	8.2791328430175781e-02	2.1933663009599202e-11	3.7746238917750492e+09
/SS/5/PX0PY0PZ0/b_X/eta0/bT0/bz-3	7.6177978515625000e-01	2.4390341946071487e-12	3.1232845641959058e+11
/SS/5/PX0PY0PZ0/b_X/eta0/bT0/bz-4	6.3015747070312500e-01	2.6558731162787164e-12	2.3726941879891907e+11
/SS/5/PX0PY0PZ0/b_X/eta0/bT0/bz-5	5.0967407226562500e-01	2.8928507832785191e-12	1.7618401723714291e+11
/SS/5/PX0PY0PZ0/b_X/eta0/bT0/bz-6	4.0220642089843750e-01	3.1288361000956508e-12	1.2854825501602393e+11
/SS/5/PX0PY0PZ0/b_X/eta0/bT0/bz-7	3.0574035644531250e-01	3.3031532962975784e-12	9.2560147537811584e+10
/SS/5/PX0PY0PZ0/b_X/eta0/bT0/bz-8	2.2109222412109375e-01	3.3331975168980803e-12	6.6330369862643250e+10
/SS/5/PX0PY0PZ0/b_X/eta0/bT0/bz-9	1.6167449951171875e-01	3.3792849993739703e-12	4.7842812767100075e+10
/SS/5/PX0PY0PZ0/b_X/eta0/bT0/bz0	1.0834350585937500e+00	2.2148249764653130e-12	4.8917411989945471e+11
/SS/5/PX0PY0PZ0/b_X/eta0/bT0/bz1	1.0235595703125000e+00	2.2498401294512965e-12	4.5494769024416479e+11
/SS/5/PX0PY0PZ0/b_X/eta0/bT0/bz10	1.2316131591796875e-01	6.3522679858277724e-12	1.9388557943831684e+10
/SS/5/PX0PY0PZ0/b_X/eta0/bT0/bz11	1.2014770507812500e-01	9.8052902224783099e-12	1.2253355316570873e+10
/SS/5/PX0PY0PZ0/b_X/eta0/bT0/bz12	1.1672592163085938e-01	1.4983575902373329e-11	7.7902579725558386e+09
/SS/5/PX0PY0PZ0/b_X/eta0/bT0/bz13	1.0786628723144531e-01	2.1459658016488568e-11	5.0264681360982571e+09
/SS/5/PX0PY0PZ0/b_X/eta0/bT0/bz14	9.3970298767089844e-02	3.0103519268431237e-11	3.1215718643777971e+09
/SS/5/PX0PY0PZ0/b_X/eta0/bT0/bz15	8.4656715393066406e-02	5.4034499045976093e-11	1.5667160219443309e+09
/SS/5/PX0PY0PZ0/b_X/eta0/bT0/bz16	6.7935347557067871e-02	9.1003058555407001e-11	7.4651719003164709e+08
/SS/5/PX0PY0PZ0/b_X/eta0/bT0/bz17	5.4399490356445312e-02	3.5599918815973649e-11	9.5376690296398187e+08
/SS/5/PX0PY0PZ0/b_X/eta0/bT0/bz18	4.3201446533203125e-02	1.6215235913957176e-11	1.8195564800263925e+09
/SS/5/PX0PY0PZ0/b_X/eta0/bT0/bz19	4.7930717468261719e-02	2.0289016320566966e-11	1.8177213387590497e+09
/SS/5/PX0PY0PZ0/b_X/eta0/bT0/bz2	8.7725830078125000e-01	2.2906964524012018e-12	3.8296575692587811e+11
/SS/5/PX0PY0PZ0/b_X/eta0/bT0/bz20	4.8601150512695312e-02	2.0292047315456071e-11	1.7267682639459589e+09
/SS/5/PX0PY0PZ0/b_X/eta0/bT0/bz3	7.0013427734375000e-01	2.3041061998149517e-12	3.0386371834769574e+11
/SS/5/PX0PY0PZ0/b_X/eta0/bT0/bz4	5.3213500976562500e-01	2.2831432964655350e-12	2.3307122710580939e+11
/SS/5/PX0PY0PZ0/b_X/eta0/bT0/bz5	3.8879394531250000e-01	2.2282578205621982e-12	1.7448337518429791e+11
/SS/5/PX0PY0PZ0/b_X/eta0/bT0/bz6	2.7235412597656250e-01	2.1240534132026782e-12	1.2822376512928789e+11
/SS/5/PX0PY0PZ0/b_X/eta0/bT0/bz7	1.8809509277343750e-01	2.1478902418691145e-12	6.9172449413556290e+10
/SS/5/PX0PY0PZ0/b_X/eta0/bT0/bz8	1.4117431640625000e-01	3.0345446557268137e-12	4.6522405310406242e+10
/SS/5/PX0PY0PZ0/b_X/eta0/bT0/bz9	1.3121414184570312e-01	4.3179735434337321e-12	3.0387898519025944e+10
/SS/5/PX0PY1PZ-1/b_X/eta0/bT0/bz-1	2.9271545410156250e+00	2.9446809884582668e-11	6.6371523235463120e+10
/SS/5/PX0PY1PZ-1/b_X/eta0/bT0/bz-10	2.4895858764648438e-01	5.1381333259044561e-11	4.8453119422054052e+09
/SS/5/PX0PY1PZ-1/b_X/eta0/bT0/bz-11	1.6571807861328125e-01	2.2828739863288345e-11	5.6471246853531218e+09
/SS/5/PX0PY1PZ-1/b_X/eta0/bT0/bz-12	1.1570739746093750e-01	1.4598756864803209e-11	7.3017171276404495e+09
/SS/5/PX0PY1PZ-1/b_X/eta0/bT0/bz-13	9.9973678588867188e-02	1.3328436638083584e-11	6.3955191248593664e+09
/SS/5/PX0PY1PZ-1/b_X/eta0/bT0/bz-14	1.0276985168457031e-01	1.5074483594163533e-11	4.0031653052846618e+09
/SS/5/PX0PY1PZ-1/b_X/eta0/bT0/bz-15	1.0308265686035156e-01	2.0612043826853770e-11	3.7715212792520800e+09
/SS/5/PX0PY1PZ-1/b_X/eta0/bT0/bz-16	1.0169410705566406e-01	3.3437943782977093e-11	2.7964140623910403e+09
/SS/5/PX0PY1PZ-1/b_X/eta0/bT0/bz-17	1.0611462593078613e-01	1.2127597880038646e-10	1.6427428488059804e+08
/SS/5/PX0PY1PZ-1/b_X/eta0/bT0/bz-18	1.0808902978897095e-01	2.7347535085357376e-10	3.9524231142442083e+08
/SS/5/PX0PY1PZ-1/b_X/eta0/bT0/bz-19	9.5806121826171875e-02	7.2018234764068259e-11	1.0091027341270061e+09
/SS/5/PX0PY1PZ-1/b_X/eta0/bT0/bz-2	2.4638671875000000e+00	2.9734445122582607e-11	5.6111157823465492e+10
/SS/5/PX0PY1PZ-1/b_X/eta0/bT0/bz-20	9.2164993286132812e-02	2.6386062964967367e-11	2.4192931308047419e+09
/SS/5/PX0PY1PZ-1/b_X/eta0/bT0/bz-3	1.9326019287109375e+00	2.9716617400981593e-11	4.4992107499581779e+10
/SS/5/PX0PY1PZ-1/b_X/eta0/bT0/bz-4	1.4502716064453125e+00	2.9172330413907551e-11	3.5614945138915207e+10
/SS/5/PX0PY1PZ-1/b_X/eta0/bT0/bz-5	1.0881347656250000e+00	2.8320470686460003e-11	2.4918098963558422e+10
/SS/5/PX0PY1PZ-1/b_X/eta0/bT0/bz-6	8.1784820556640625e-01	3.1759514593500305e-11	1.8963635184522930e+10
/SS/5/PX0PY1PZ-1/b_X/eta0/bT0/bz-7	6.0953521728515625e-01	3.4587996321492224e-11	1.5219803301622423e+10
/SS/5/PX0PY1PZ-1/b_X/eta0/bT0/bz-8	4.4601058959960938e-01	5.9990552785927629e-11	7.1316980913631887e+09
/SS/5/PX0PY1PZ-1/b_X/eta0/bT0/bz-9	3.5493373870849609e-01	1.1282471781531818e-10	3.1458863410541306e+09
/SS/5/PX0PY1PZ-1/b_X/eta0/bT0/bz0	3.1184082031250000e+00	2.9100976806466675e-11	7.0979826179979691e+10
/SS/5/PX0PY1PZ-1/b_X/eta0/bT0/bz1	2.8630676269531250e+00	2.8647764842919379e-11	6.5728966514454643e+10
/SS/5/PX0PY1PZ-1/b_X/eta0/bT0/bz10	2.1908760070800781e-01	1.8659331422005698e-11	3.4563499550273099e+09
/SS/5/PX0PY1PZ-1/b_X/eta0/bT0/bz11	1.4685153961181641e-01	2.0452030659911396e-11	7.1802913878700686e+09
/SS/5/PX0PY1PZ-1/b_X/eta0/bT0/bz12	9.6759319305419922e-02	4.3081177838687285e-11	2.2459766459432588e+09
/SS/5/PX0PY1PZ-1/b_X/eta0/bT0/bz13	8.7959289550781250e-02	2.2336488424077922e-11	2.8857453020655241e+09
/SS/5/PX0PY1PZ-1/b_X/eta0/bT0/bz14	8.6797714233398438e-02	3.1482140842204105e-11	1.7538477504983740e+09
/SS/5/PX0PY1PZ-1/b_X/eta0/bT0/bz15	9.6359252929687500e-02	3.7536698556270887e-10	1.3000358239112754e+08
/SS/5/PX0PY1PZ-1/b_X/eta0/bT0/bz16	9.4365119934082031e-02	2.3523929335256793e-11	2.2601589734041872e+09
/SS/5/PX0PY1PZ-1/b_X/eta0/bT0/bz17	7.8187942504882812e-02	1.6336384214819030e-11	3.4588853531598005e+09
/SS/5/PX0PY1PZ-1/b_X/eta0/bT0/bz18	5.7414054870605469e-02	1.4450221422033592e-11	2.9123579384993711e+09
/SS/5/PX0PY1PZ-1/b_X/eta0/bT0/bz19	6.4457893371582031e-02	1.2250302114337032e-11	5.2617390795729284e+09
/SS/5/PX0PY1PZ-1/b_X/eta0/bT0/bz2	2.3735656738281250e+00	2.8227874609732400e-11	5.4814691771383720e+10
/SS/5/PX0PY1PZ-1/b_X/eta0/bT0/bz20	6.9473266601562500e-02	1.2202476457923971e-11	5.6933743606158218e+09
/SS/5/PX0PY1PZ-1/b_X/eta0/bT0/bz3	1.8599853515625000e+00	2.7793039638911079e-11	4.2979071684422310e+10
/SS/5/PX0PY1PZ-1/b_X/eta0/bT0/bz4	1.4152832031250000e+00	2.7383943777610100e-11	3.2701512086085522e+10
/SS/5/PX0PY1PZ-1/b_X/eta0/bT0/bz5	1.0825347900390625e+00	2.6855359590372802e-11	2.4506349611144844e+10
/SS/5/PX0PY1PZ-1/b_X/eta0/bT0/bz6	8.2318878173828125e-01	2.6214853627972165e-11	1.8142577400426182e+10
/SS/5/PX0PY1PZ-1/b_X/eta0/bT0/bz7	6.1597442626953125e-01	2.4720152163725132e-11	1.3549730541236338e+10
/SS/5/PX0PY1PZ-1/b_X/eta0/bT0/bz8	4.4990158081054688e-01	5.1099890857363319e-11	3.0286876024552698e+09
/SS/5/PX0PY1PZ-1/b_X/eta0/bT0/bz9	3.1894683837890625e-01	2.3851295302021344e-11	3.4214456792192287e+09
/SS/5/PX0PY1PZ-2/b_X/eta0/bT0/bz-1	2.5324172973632812e+00	4.0484982877948040e-11	6.2552016015367416e+10
/SS/5/PX0PY1PZ-2/b_X/eta0/bT0/bz-10	1.5692996978759766e-01	4.1490301130889670e-11	3.1067858780241628e+09
/SS/5/PX0PY1PZ-2/b_X/eta0/bT0/bz-11	1.1992359161376953e-01	3.6788172557273551e-11	2.5730524614086471e+09
/SS/5/PX0PY1PZ-2/b_X/eta0/bT0/bz-12	1.3966751098632812e-01	7.9362210723402411e-11	1.2763029792061658e+09
/SS/5/PX0PY1PZ-2/b_X/eta0/bT0/bz-13	1.4974212646484375e-01	5.3479126444843567e-11	1.8530481750016856e+09
/SS/5/PX0PY1PZ-2/b_X/eta0/bT0/bz-14	1.4599990844726562e-01	3.7743791722129555e-11	2.2864028259208064e+09
/SS/5/PX0PY1PZ-2/b_X/eta0/bT0/bz-15	1.3273239135742188e-01	2.8347878269390292e-11	2.7909088539205842e+09
/SS/5/PX0PY1PZ-2/b_X/eta0/bT0/bz-16	1.1642837524414062e-01	2.2306850543027621e-11	3.5227016621871614e+09
/SS/5/PX0PY1PZ-2/b_X/eta0/bT0/bz-17	1.1142063140869141e-01	2.0448293474796264e-11	5.4488963368030663e+09
/SS/5/PX0PY1PZ-2/b_X/eta0/bT0/bz-18	1.0712718963623047e-01	5.7751136497469132e-11	5.8084434749529004e+08
/SS/5/PX0PY1PZ-2/b_X/eta0/bT0/bz-19	1.0063362121582031e-01	3.3510346180694989e-11	1.1211676163526378e+09
/SS/5/PX0PY1PZ-2/b_X/eta0/bT0/bz-2	2.1220245361328125e+00	3.6000605070137011e-11	5.7190463670695267e+10
/SS/5/PX0PY1PZ-2/b_X/eta0/bT0/bz-20	1.0312652587890625e-01	5.0639884725171494e-11	6.7331509165609848e+08
/SS/5/PX0PY1PZ-2/b_X/eta0/bT0/bz-3	1.6635437011718750e+00	3.0714549765678376e-11	5.0233027618208336e+10
/SS/5/PX0PY1PZ-2/b_X/eta0/bT0/bz-4	1.2345428466796875e+00	2.6820398182192011e-11	3.2341524583129021e+10
/SS/5/PX0PY1PZ-2/b_X/eta0/bT0/bz-5	8.6413574218750000e-01	2.2363233371428206e-11	2.9642871869893879e+10
/SS/5/PX0PY1PZ-2/b_X/eta0/bT0/bz-6	5.6784057617187500e-01	1.7336538961890074e-11	2.7767694722330200e+10
/SS/5/PX0PY1PZ-2/b_X/eta0/bT0/bz-7	3.5086822509765625e-01	2.1133707191621914e-11	1.0178653664819592e+10
/SS/5/PX0PY1PZ-2/b_X/eta0/bT0/bz-8	2.0797348022460938e-01	1.6686999824213153e-11	9.8597592226436787e+09
/SS/5/PX0PY1PZ-2/b_X/eta0/bT0/bz-9	2.0802974700927734e-01	4.7847753718773730e-11	4.3477432238925352e+09
/SS/5/PX0PY1PZ-2/b_X/eta0/bT0/bz0	2.7756881713867188e+00	4.4476980542455061e-11	6.2407297832127190e+10
/SS/5/PX0PY1PZ-2/b_X/eta0/bT0/bz1	2.6101074218750000e+00	4.8627485439273146e-11	5.3675558139532997e+10
/SS/5/PX0PY1PZ-2/b_X/eta0/bT0/bz10	1.7156982421875000e-01	1.4207338301087569e-10	6.4686973252875268e+08
/SS/5/PX0PY1PZ-2/b_X/eta0/bT0/bz11	1.2532424926757812e-01	1.9163199786205346e-10	1.7308230170971009e+08
/SS/5/PX0PY1PZ-2/b_X/eta0/bT0/bz12	1.1202239990234375e-01	4.3087505455792736e-11	2.3647357368920383e+09
/SS/5/PX0PY1PZ-2/b_X/eta0/bT0/bz13	9.9754333496093750e-02	2.8228850245684611e-11	3.0221693672641711e+09
/SS/5/PX0PY1PZ-2/b_X/eta0/bT0/bz14	8.7985992431640625e-02	2.2378578486816956e-11	3.2673730172922964e+09
/SS/5/PX0PY1PZ-2/b_X/eta0/bT0/bz15	7.8717231750488281e-02	2.4558048896541669e-11	2.8098347360000558e+09
/SS/5/PX0PY1PZ-2/b_X/eta0/bT0/bz16	9.6099853515625000e-02	2.5152806978575609e-11	2.6063683434711003e+09
/SS/5/PX0PY1PZ-2/b_X/eta0/bT0/bz17	1.0765361785888672e-01	2.6336722423177831e-11	2.1092350044620991e+09
/SS/5/PX0PY1PZ-2/b_X/eta0/bT0/bz18	1.0213565826416016e-01	3.3443725361369814e-11	1.2535399588134708e+09
/SS/5/PX0PY1PZ-2/b_X/eta0/bT0/bz19	8.1403732299804688e-02	5.6144073027727955e-10	8.6672789667305663e+07
/SS/5/PX0PY1PZ-2/b_X/eta0/bT0/bz2	2.2089614868164062e+00	5.4044731481001809e-11	4.0872836746222267e+10
/SS/5/PX0PY1PZ-2/b_X/eta0/bT0/bz20	5.4254531860351562e-02	2.5796521645520243e-11	1.7561433930807950e+09
/SS/5/PX0PY1PZ-2/b_X/eta0/bT0/bz3	1.7630767822265625e+00	6.3059429055684286e-11	2.7958971538890514e+10
/SS/5/PX0PY1PZ-2/b_X/eta0/bT0/bz4	1.3599529266357422e+00	7.9973190093624143e-11	1.7005110400668692e+10
/SS/5/PX0PY1PZ-2/b_X/eta0/bT0/bz5	9.9137115478515625e-01	1.0351762126396580e-10	9.4293951030458164e+09
/SS/5/PX0PY1PZ-2/b_X/eta0/bT0/bz6	6.4494323730468750e-01	1.5602106892963744e-10	3.4520823851915107e+09
/SS/5/PX0PY1PZ-2/b_X/eta0/bT0/bz7	5.3799343109130859e-01	8.9123253750177085e-11	6.0365102086529198e+09
/SS/5/PX0PY1PZ-2/b_X/eta0/bT0/bz8	4.0103721618652344e-01	8.9169663239435629e-11	2.8421890700182056e+09
/SS/5/PX0PY1PZ-2/b_X/eta0/bT0/bz9	2.7146720886230469e-01	2.6735478590867804e-10	7.0110929441994059e+08
/SS/5/PX0PY1PZ0/b_X/eta0/bT0/bz-1	1.5586853027343750e+00	7.7926074075957984e-12	2.0002102264449454e+11
/SS/5/PX0PY1PZ0/b_X/eta0/bT0/bz-10	1.6398048400878906e-01	1.5978996225821937e-11	5.8026192902183914e+09
/SS/5/PX0PY1PZ0/b_X/eta0/bT0/bz-11	1.7910575866699219e-01	3.8969075803376563e-11	4.0607128186822796e+09
/SS/5/PX0PY1PZ0/b_X/eta0/bT0/bz-12	1.6504096984863281e-01	2.8615292088608153e-11	4.0372022814211740e+09
/SS/5/PX0PY1PZ0/b_X/eta0/bT0/bz-13	1.3611412048339844e-01	5.3808708235651119e-11	1.6999417948766263e+09
/SS/5/PX0PY1PZ0/b_X/eta0/bT0/bz-14	1.0286712646484375e-01	2.4489563369756662e-11	2.0462403291840167e+09
/SS/5/PX0PY1PZ0/b_X/eta0/bT0/bz-15	7.6211929321289062e-02	2.2373241329692226e-11	1.4813910897764647e+09
/SS/5/PX0PY1PZ0/b_X/eta0/bT0/bz-16	7.1863174438476562e-02	6.0840977870771837e-11	9.4556879700052142e+08
/SS/5/PX0PY1PZ0/b_X/eta0/bT0/bz-17	6.8792343139648438e-02	5.0563889830605406e-11	1.0229520330063277e+09
/SS/5/PX0PY1PZ0/b_X/eta0/bT0/bz-18	5.3688049316406250e-02	3.8269095199450392e-11	1.0837554985304968e+09
/SS/5/PX0PY1PZ0/b_X/eta0/bT0/bz-19	3.6713600158691406e-02	2.9319786613196860e-11	1.1840837532449412e+09
/SS/5/PX0PY1PZ0/b_X/eta0/bT0/bz-2	1.3199462890625000e+00	8.0756994288877158e-12	1.6344668355794653e+11
/SS/5/PX0PY1PZ0/b_X/eta0/bT0/bz-20	3.3896923065185547e-02	2.0353462346161998e-11	1.4900676277485113e+09
/SS/5/PX0PY1PZ0/b_X/eta0/bT0/bz-3	1.0500030517578125e+00	8.3879494454128216e-12	1.2517994518100432e+11
/SS/5/PX0PY1PZ0/b_X/eta0/bT0/bz-4	8.0834960937500000e-01	8.8079609952910730e-12	9.1774885221126801e+10
/SS/5/PX0PY1PZ0/b_X/eta0/bT0/bz-5	6.1005401611328125e-01	9.3541416960036208e-12	6.4590320667996445e+10
/SS/5/PX0PY1PZ0/b_X/eta0/bT0/bz-6	4.6866607666015625e-01	9.8826623959731422e-12	4.3852568223894104e+10
/SS/5/PX0PY1PZ0/b_X/eta0/bT0/bz-7	3.5530471801757812e-01	1.0507840016122816e-11	3.3813297259228592e+10
/SS/5/PX0PY1PZ0/b_X/eta0/bT0/bz-8	2.7038192749023438e-01	1.1281948571487059e-11	2.3965889028564831e+10
/SS/5/PX0PY1PZ0/b_X/eta0/bT0/bz-9	2.0825195312500000e-01	1.2183039163219918e-11	1.7093596296866867e+10
/SS/5/PX0PY1PZ0/b_X/eta0/bT0/bz0	1.6631164550781250e+00	7.5537232583379124e-12	2.2017174818290466e+11
/SS/5/PX0PY1PZ0/b_X/eta0/bT0/bz1	1.5187683105468750e+00	7.2896653955900196e-12	2.0834540793404236e+11
/SS/5/PX0PY1PZ0/b_X/eta0/bT0/bz10	1.4588928222656250e-01	8.0734219708728579e-12	1.7505677208998981e+10
/SS/5/PX0PY1PZ0/b_X/eta0/bT0/bz11	1.5332412719726562e-01	8.0926757338394675e-12	1.3132313954862812e+10
/SS/5/PX0PY1PZ0/b_X/eta0/bT0/bz12	1.4667510986328125e-01	8.6484965173431665e-12	1.6959607900534845e+10
/SS/5/PX0PY1PZ0/b_X/eta0/bT0/bz13	1.2174034118652344e-01	1.2813019511347957e-11	9.5012999144115162e+09
/SS/5/PX0PY1PZ0/b_X/eta0/bT0/bz14	9.8285675048828125e-02	1.2211232649241709e-11	4.8808201260358496e+09
/SS/5/PX0PY1PZ0/b_X/eta0/bT0/bz15	7.8977584838867188e-02	5.3683993363362659e-11	8.9402759125002766e+08
/SS/5/PX0PY1PZ0/b_X/eta0/bT0/bz16	6.5891265869140625e-02	1.4052276891307510e-11	3.5451255089436255e+09
/SS/5/PX0PY1PZ0/b_X/eta0/bT0/bz17	5.7455062866210938e-02	1.2837181277381627e-11	3.1431731482271500e+09
/SS/5/PX0PY1PZ0/b_X/eta0/bT0/bz18	5.1588058471679688e-02	9.9543079814014553e-12	2.5169459142994499e+09
/SS/5/PX0PY1PZ0/b_X/eta0/bT0/bz19	4.8091888427734375e-02	8.1691015073480046e-11	4.3283714568158364e+08
/SS/5/PX0PY1PZ0/b_X/eta0/bT0/bz2	1.2454528808593750e+00	7.0262437693667679e-12	1.7725728308621152e+11
/SS/5/PX0PY1PZ0/b_X/eta0/bT0/bz20	5.0593972206115723e-02	1.2788027046451130e-10	3.9563548014356375e+08
/SS/5/PX0PY1PZ0/b_X/eta0/bT0/bz3	9.5541381835937500e-01	6.7605465898878898e-12	1.4132197828330011e+11
/SS/5/PX0PY1PZ0/b_X/eta0/bT0/bz4	7.0849609375000000e-01	6.6884407874361328e-12	1.0162121809865694e+11
/SS/5/PX0PY1PZ0/b_X/eta0/bT0/bz5	5.0869750976562500e-01	6.6894500295303720e-12	7.4879140488900970e+10
/SS/5/PX0PY1PZ0/b_X/eta0/bT0/bz6	3.7272644042968750e-01	6.4525527211979196e-12	5.5283542206672546e+10
/SS/5/PX0PY1PZ0/b_X/eta0/bT0/bz7	2.8858947753906250e-01	6.4674745206263567e-12	4.4621664394452599e+10
/SS/5/PX0PY1PZ0/b_X/eta0/bT0/bz8	2.2760391235351562e-01	6.9060256503911774e-12	3.2957293221264458e+10
/SS/5/PX0PY1PZ0/b_X/eta0/bT0/bz9	1.8104934692382812e-01	7.5303957658959261e-12	2.4042474333656467e+10
/SS/5/PX0PY2PZ-1/b_X/eta0/bT0/bz-1	6.0128784179687500e-01	1.1422773075438692e-11	3.7207979860928139e+10
/SS/5/PX0PY2PZ-1/b_X/eta0/bT0/bz-10	1.3491821289062500e-01	1.1473549907037023e-11	1.1759064455533173e+10
/SS/5/PX0PY2PZ-1/b_X/eta0/bT0/bz-11	1.4142990112304688e-01	1.3863458131681651e-11	1.0201632217566433e+10
/SS/5/PX0PY2PZ-1/b_X/eta0/bT0/bz-12	1.3162803649902344e-01	1.4774846807620018e-11	8.9089273285146523e+09
/SS/5/PX0PY2PZ-1/b_X/eta0/bT0/bz-13	1.1619377136230469e-01	1.4884738150047742e-11	7.8062355004835615e+09
/SS/5/PX0PY2PZ-1/b_X/eta0/bT0/bz-14	1.0076713562011719e-01	1.5890336326971264e-11	2.9143166121517701e+09
/SS/5/PX0PY2PZ-1/b_X/eta0/bT0/bz-15	9.4768524169921875e-02	1.9494635901342963e-11	2.5606841547467961e+09
/SS/5/PX0PY2PZ-1/b_X/eta0/bT0/bz-16	8.7685585021972656e-02	1.7988849856091304e-11	2.5613809736928577e+09
/SS/5/PX0PY2PZ-1/b_X/eta0/bT0/bz-17	7.7507019042968750e-02	2.3606249390709698e-11	1.8107844207289774e+09
/SS/5/PX0PY2PZ-1/b_X/eta0/bT0/bz-18	6.6695213317871094e-02	3.0634704428775749e-11	1.8714657617836390e+09
/SS/5/PX0PY2PZ-1/b_X/eta0/bT0/bz-19	6.8894386291503906e-02	1.1968387804276355e-10	2.6767385376487792e+08
/SS/5/PX0PY2PZ-1/b_X/eta0/bT0/bz-2	5.1913452148437500e-01	9.7917411831265716e-12	3.6411998496117348e+10
/SS/5/PX0PY2PZ-1/b_X/eta0/bT0/bz-20	7.9232931137084961e-02	3.7948695238814033e-11	2.0878960564642892e+09
/SS/5/PX0PY2PZ-1/b_X/eta0/bT0/bz-3	4.2718505859375000e-01	8.7939075267056244e-12	1.8710172009572613e+10
/SS/5/PX0PY2PZ-1/b_X/eta0/bT0/bz-4	3.4080505371093750e-01	9.4212849828445973e-12	1.9790395746595642e+10
/SS/5/PX0PY2PZ-1/b_X/eta0/bT0/bz-5	2.6477050781250000e-01	8.9456472361259839e-12	1.9995754891837849e+10
/SS/5/PX0PY2PZ-1/b_X/eta0/bT0/bz-6	2.0147705078125000e-01	8.0059361652504106e-12	1.9337133838615505e+10
/SS/5/PX0PY2PZ-1/b_X/eta0/bT0/bz-7	1.5347290039062500e-01	6.9778499191227018e-12	1.8031911845016346e+10
/SS/5/PX0PY2PZ-1/b_X/eta0/bT0/bz-8	1.2588882446289062e-01	7.7395587478624727e-12	1.6265633295652527e+10
/SS/5/PX0PY2PZ-1/b_X/eta0/bT0/bz-9	1.2039566040039062e-01	8.7893728973950396e-12	1.3106524972915707e+10
/SS/5/PX0PY2PZ-1/b_X/eta0/bT0/bz0	6.2988281250000000e-01	2.5093534792847333e-11	1.1759059561563501e+10
/SS/5/PX0PY2PZ-1/b_X/eta0/bT0/bz1	5.5462646484375000e-01	2.9589861484533421e-11	1.1903161698404375e+10
/SS/5/PX0PY2PZ-1/b_X/eta0/bT0/bz10	1.1059761047363281e-01	1.4782768782246699e-11	6.5606697033456650e+09
/SS/5/PX0PY2PZ-1/b_X/eta0/bT0/bz11	8.0984115600585938e-02	2.0794128844304219e-11	2.8679075539636660e+09
/SS/5/PX0PY2PZ-1/b_X/eta0/bT0/bz12	5.7889938354492188e-02	1.7385291437460008e-11	1.6918864218152127e+09
/SS/5/PX0PY2PZ-1/b_X/eta0/bT0/bz13	5.7699203491210938e-02	1.9473625046419838e-11	2.9580682979884567e+09
/SS/5/PX0PY2PZ-1/b_X/eta0/bT0/bz14	5.4003715515136719e-02	2.1901622633883644e-11	1.2564599106875308e+09
/SS/5/PX0PY2PZ-1/b_X/eta0/bT0/bz15	5.6386947631835938e-02	8.3003262421493390e-11	6.6864016717816961e+08
/SS/5/PX0PY2PZ-1/b_X/eta0/bT0/bz16	6.1228632926940918e-02	9.5776794326259293e-11	6.3928463421283829e+08
/SS/5/PX0PY2PZ-1/b_X/eta0/bT0/bz17	7.0346355438232422e-02	2.2724306113155178e-11	3.0956437168177681e+09
/SS/5/PX0PY2PZ-1/b_X/eta0/bT0/bz18	7.2227478027343750e-02	3.1882450510133925e-11	2.1670044674655333e+09
/SS/5/PX0PY2PZ-1/b_X/eta0/bT0/bz19	7.4161529541015625e-02	5.8779294134521471e-11	1.2242888327282033e+09
/SS/5/PX0PY2PZ-1/b_X/eta0/bT0/bz2	4.3113708496093750e-01	2.4326754045099915e-11	1.2326424947737116e+10
/SS/5/PX0PY2PZ-1/b_X/eta0/bT0/bz20	7.4274063110351562e-02	1.1457947470483391e-10	2.9961485230523008e+08
/SS/5/PX0PY2PZ-1/b_X/eta0/bT0/bz3	3.5434722900390625e-01	1.7297553075559091e-11	1.3436690957659494e+10
/SS/5/PX0PY2PZ-1/b_X/eta0/bT0/bz4	2.7377700805664062e-01	1.1788067744588376e-11	1.5212425619295372e+10
/SS/5/PX0PY2PZ-1/b_X/eta0/bT0/bz5	2.4610137939453125e-01	8.7257194750813951e-12	2.3189698263354378e+10
/SS/5/PX0PY2PZ-1/b_X/eta0/bT0/bz6	2.1599578857421875e-01	7.9009341318551013e-12	2.7338006490063469e+10
/SS/5/PX0PY2PZ-1/b_X/eta0/bT0/bz7	1.9156837463378906e-01	1.1202813432759643e-11	1.7100023648845066e+10
/SS/5/PX0PY2PZ-1/b_X/eta0/bT0/bz8	1.7463684082031250e-01	1.7714074293719656e-11	9.1057910509540424e+09
/SS/5/PX0PY2PZ-1/b_X/eta0/bT0/bz9	1.4515876770019531e-01	1.1179043816193423e-11	1.1110317690281372e+10
/SS/5/PX0PY2PZ-2/b_X/eta0/bT0/bz-1	5.9704589843750000e-01	9.0247276891817349e-12	6.3308554888210915e+10
/SS/5/PX0PY2PZ-2/b_X/eta0/bT0/bz-10	1.1601257324218750e-01	2.5676435870345019e-11	3.1783342459506721e+09
/SS/5/PX0PY2PZ-2/b_X/eta0/bT0/bz-11	1.0334110260009766e-01	5.8976445789662294e-11	8.4986509372814453e+08
/SS/5/PX0PY2PZ-2/b_X/eta0/bT0/bz-12	1.0581588745117188e-01	2.0464764584551391e-11	5.1706379036996613e+09
/SS/5/PX0PY2PZ-2/b_X/eta0/bT0/bz-13	1.0388278961181641e-01	2.3996652219004666e-11	4.3290534306091328e+09
/SS/5/PX0PY2PZ-2/b_X/eta0/bT0/bz-14	1.0051536560058594e-01	2.7164447979028560e-11	3.7002543058554182e+09
/SS/5/PX0PY2PZ-2/b_X/eta0/bT0/bz-15	9.7610473632812500e-02	2.8534125836336834e-11	3.4208328018414450e+09
/SS/5/PX0PY2PZ-2/b_X/eta0/bT0/bz-16	9.4923973083496094e-02	2.8977785909989519e-11	3.2757496855814967e+09
/SS/5/PX0PY2PZ-2/b_X/eta0/bT0/bz-17	8.8005065917968750e-02	6.1378522336978750e-11	5.6138478079221880e+08
/SS/5/PX0PY2PZ-2/b_X/eta0/bT0/bz-18	6.3170433044433594e-02	2.3576676036551704e-11	2.6356956138996811e+09
/SS/5/PX0PY2PZ-2/b_X/eta0/bT0/bz-19	5.7171821594238281e-02	2.7435013440392449e-11	1.6893601384131255e+09
/SS/5/PX0PY2PZ-2/b_X/eta0/bT0/bz-2	4.9756622314453125e-01	8.9670708592415734e-12	5.5488155603424660e+10
/SS/5/PX0PY2PZ-2/b_X/eta0/bT0/bz-20	6.0812950134277344e-02	5.4554717082333013e-11	1.1147147925357127e+09
/SS/5/PX0PY2PZ-2/b_X/eta0/bT0/bz-3	4.0699768066406250e-01	8.8128615754713732e-12	4.6182239126148239e+10
/SS/5/PX0PY2PZ-2/b_X/eta0/bT0/bz-4	3.2253265380859375e-01	8.4737226006504251e-12	3.8062687322787369e+10
/SS/5/PX0PY2PZ-2/b_X/eta0/bT0/bz-5	2.4698638916015625e-01	7.8338747365643843e-12	3.1527998272343365e+10
/SS/5/PX0PY2PZ-2/b_X/eta0/bT0/bz-6	1.8128204345703125e-01	6.9396167813352641e-12	2.6122774379214417e+10
/SS/5/PX0PY2PZ-2/b_X/eta0/bT0/bz-7	1.3752365112304688e-01	6.7633651327738645e-12	2.0333613286178471e+10
/SS/5/PX0PY2PZ-2/b_X/eta0/bT0/bz-8	1.4033699035644531e-01	1.0383245965849981e-11	1.3515714721389364e+10
/SS/5/PX0PY2PZ-2/b_X/eta0/bT0/bz-9	1.3124275207519531e-01	1.4064169574694194e-11	5.1991033294552927e+09
/SS/5/PX0PY2PZ-2/b_X/eta0/bT0/bz0	6.6229248046875000e-01	8.9423724665340688e-12	6.4566458341644142e+10
/SS/5/PX0PY2PZ-2/b_X/eta0/bT0/bz1	6.2149047851562500e-01	8.3445539007798090e-12	5.5663271395925011e+10
/SS/5/PX0PY2PZ-2/b_X/eta0/bT0/bz10	8.2085609436035156e-02	4.0344730726372302e-11	1.9342970214287083e+09
/SS/5/PX0PY2PZ-2/b_X/eta0/bT0/bz11	8.8215827941894531e-02	5.4081728479042954e-11	1.0980438173815660e+09
/SS/5/PX0PY2PZ-2/b_X/eta0/bT0/bz12	9.4889163970947266e-02	3.8954524810861127e-11	7.8504658508384824e+08
/SS/5/PX0PY2PZ-2/b_X/eta0/bT0/bz13	1.0883140563964844e-01	3.6746203315221911e-11	2.9617047700426135e+09
/SS/5/PX0PY2PZ-2/b_X/eta0/bT0/bz14	1.0428190231323242e-01	3.2441870053222694e-11	3.2144232789956980e+09
/SS/5/PX0PY2PZ-2/b_X/eta0/bT0/bz15	8.9418411254882812e-02	2.1279584014986011e-11	3.8594986030946350e+09
/SS/5/PX0PY2PZ-2/b_X/eta0/bT0/bz16	9.2720031738281250e-02	3.2123578294688003e-11	7.3289589421999991e+08
/SS/5/PX0PY2PZ-2/b_X/eta0/bT0/bz17	8.6986541748046875e-02	3.2818219495169174e-11	2.2960911224210520e+09
/SS/5/PX0PY2PZ-2/b_X/eta0/bT0/bz18	7.4819564819335938e-02	2.2987366202437021e-11	2.7662005728659787e+09
/SS/5/PX0PY2PZ-2/b_X/eta0/bT0/bz19	5.9867858886718750e-02	4.4271069326279069e-11	9.0086333314016712e+08
/SS/5/PX0PY2PZ-2/b_X/eta0/bT0/bz2	5.1763916015625000e-01	6.3212757196237205e-12	4.2612190207761826e+10
/SS/5/PX0PY2PZ-2/b_X/eta0/bT0/bz20	5.2498340606689453e-02	2.6399771472709565e-11	1.9885907217401090e+09
/SS/5/PX0PY2PZ-2/b_X/eta0/bT0/bz3	3.9579772949218750e-01	4.3466748450014474e-12	9.1057588525938080e+10
/SS/5/PX0PY2PZ-2/b_X/eta0/bT0/bz4	2.8585815429687500e-01	4.4616067252764037e-12	2.5293620921282146e+10
/SS/5/PX0PY2PZ-2/b_X/eta0/bT0/bz5	1.9819641113281250e-01	7.3441645513942928e-12	2.2867932852147446e+10
/SS/5/PX0PY2PZ-2/b_X/eta0/bT0/bz6	1.3626098632812500e-01	6.1402596446929083e-12	2.2191404633173260e+10
/SS/5/PX0PY2PZ-2/b_X/eta0/bT0/bz7	9.5550537109375000e-02	9.6312475018287020e-12	9.6889870022168255e+09
/SS/5/PX0PY2PZ-2/b_X/eta0/bT0/bz8	1.0253429412841797e-01	3.1279772879398339e-11	3.2779743805604706e+09
/SS/5/PX0PY2PZ-2/b_X/eta0/bT0/bz9	8.4436416625976562e-02	1.6528199180194134e-11	2.5471013850005541e+09
/SS/5/PX0PY2PZ0/b_X/eta0/bT0/bz-1	7.4298095703125000e-01	6.5887625685724251e-12	1.1276487038327597e+11
/SS/5/PX0PY2PZ0/b_X/eta0/bT0/bz-10	1.0221862792968750e-01	2.3363347595294826e-11	4.3751704464763193e+09
/SS/5/PX0PY2PZ0/b_X/eta0/bT0/bz-11	1.0315895080566406e-01	2.6408280268601495e-11	3.3726734390207834e+09
/SS/5/PX0PY2PZ0/b_X/eta0/bT0/bz-12	1.1363601684570312e-01	4.2953879332742585e-11	2.0216791124937580e+09
/SS/5/PX0PY2PZ0/b_X/eta0/bT0/bz-13	1.2489700317382812e-01	2.7218280022477205e-11	1.0566587298415164e+09
/SS/5/PX0PY2PZ0/b_X/eta0/bT0/bz-14	1.3172912597656250e-01	2.7085123623356998e-11	4.8635231578919287e+09
/SS/5/PX0PY2PZ0/b_X/eta0/bT0/bz-15	1.2317276000976562e-01	3.5559112306058231e-11	3.4638873701237078e+09
/SS/5/PX0PY2PZ0/b_X/eta0/bT0/bz-16	9.3033790588378906e-02	3.4971833046795735e-11	2.5278407576399040e+09
/SS/5/PX0PY2PZ0/b_X/eta0/bT0/bz-17	8.7647438049316406e-02	1.2738160698621158e-10	2.9009614246320951e+08
/SS/5/PX0PY2PZ0/b_X/eta0/bT0/bz-18	7.8194618225097656e-02	2.6821347646390376e-11	1.6958513898521156e+09
/SS/5/PX0PY2PZ0/b_X/eta0/bT0/bz-19	6.8994522094726562e-02	1.2573398371319776e-11	2.4118329044801321e+09
/SS/5/PX0PY2PZ0/b_X/eta0/bT0/bz-2	5.7685852050781250e-01	5.7524639010194098e-12	9.5097136825620850e+10
/SS/5/PX0PY2PZ0/b_X/eta0/bT0/bz-20	6.5841674804687500e-02	2.4277346449837052e-11	1.3826155410076530e+09
/SS/5/PX0PY2PZ0/b_X/eta0/bT0/bz-3	4.1125488281250000e-01	4.5668679514972534e-12	9.0051844542093567e+10
/SS/5/PX0PY2PZ0/b_X/eta0/bT0/bz-4	2.7970886230468750e-01	6.7337273291702693e-12	2.5899523557235184e+10
/SS/5/PX0PY2PZ0/b_X/eta0/bT0/bz-5	1.8695068359375000e-01	1.2490133382698060e-11	1.2644410536422344e+10
/SS/5/PX0PY2PZ0/b_X/eta0/bT0/bz-6	1.7811203002929688e-01	3.4876426854649276e-11	4.3746908519648066e+09
/SS/5/PX0PY2PZ0/b_X/eta0/bT0/bz-7	1.4298057556152344e-01	2.1302512257158309e-11	6.7119114325812674e+09
/SS/5/PX0PY2PZ0/b_X/eta0/bT0/bz-8	1.0291290283203125e-01	1.3622426471933751e-11	6.1160799418410988e+09
/SS/5/PX0PY2PZ0/b_X/eta0/bT0/bz-9	1.0332775115966797e-01	1.5441670051765711e-11	6.6914880847264786e+09
/SS/5/PX0PY2PZ0/b_X/eta0/bT0/bz0	8.6654663085937500e-01	7.0397814447599859e-12	1.2309283145492865e+11
/SS/5/PX0PY2PZ0/b_X/eta0/bT0/bz1	8.5041809082031250e-01	7.2202359442639694e-12	1.1778259012379187e+11
/SS/5/PX0PY2PZ0/b_X/eta0/bT0/bz10	1.3718223571777344e-01	1.1628098655438983e-11	1.1797477797765945e+10
/SS/5/PX0PY2PZ0/b_X/eta0/bT0/bz11	1.4085006713867188e-01	1.6361317412899669e-11	8.6087240766823692e+09
/SS/5/PX0PY2PZ0/b_X/eta0/bT0/bz12	1.4254570007324219e-01	2.1380189984843474e-11	6.6671858470057364e+09
/SS/5/PX0PY2PZ0/b_X/eta0/bT0/bz13	1.3142299652099609e-01	2.2403464513776743e-11	5.8661907599237204e+09
/SS/5/PX0PY2PZ0/b_X/eta0/bT0/bz14	1.0637569427490234e-01	1.9319710465226078e-11	5.5060708319811535e+09
/SS/5/PX0PY2PZ0/b_X/eta0/bT0/bz15	9.1752052307128906e-02	5.8646342070661885e-11	7.4866273857992661e+08
/SS/5/PX0PY2PZ0/b_X/eta0/bT0/bz16	1.0817575454711914e-01	2.7123164583279384e-11	3.9883161205240130e+09
/SS/5/PX0PY2PZ0/b_X/eta0/bT0/bz17	1.1301136016845703e-01	5.1323460637161727e-11	2.2019434926145453e+09
/SS/5/PX0PY2PZ0/b_X/eta0/bT0/bz18	9.0797424316406250e-02	2.9750294936947857e-11	2.5875091481273003e+09
/SS/5/PX0PY2PZ0/b_X/eta0/bT0/bz19	7.5136899948120117e-02	5.0366472172538536e-11	4.8011194228361654e+08
/SS/5/PX0PY2PZ0/b_X/eta0/bT0/bz2	7.4494934082031250e-01	7.1679798404376619e-12	1.0307162186048740e+11
/SS/5/PX0PY2PZ0/b_X/eta0/bT0/bz20	9.2502593994140625e-02	9.8215053369857634e-11	5.2436522799828792e+08
/SS/5/PX0PY2PZ0/b_X/eta0/bT0/bz3	6.3348388671875000e-01	6.9186860255981546e-12	8.5783031225743256e+10
/SS/5/PX0PY2PZ0/b_X/eta0/bT0/bz4	5.2827453613281250e-01	6.8492508540596245e-12	7.7128805381642365e+10
/SS/5/PX0PY2PZ0/b_X/eta0/bT0/bz5	4.3833923339843750e-01	7.1923451934835016e-12	6.0945244090284637e+10
/SS/5/PX0PY2PZ0/b_X/eta0/bT0/bz6	3.5976409912109375e-01	7.5039451840982470e-12	4.7943327182543480e+10
/SS/5/PX0PY2PZ0/b_X/eta0/bT0/bz7	2.8565216064453125e-01	7.6570888922129692e-12	3.7305582404173340e+10
/SS/5/PX0PY2PZ0/b_X/eta0/bT0/bz8	2.1485137939453125e-01	7.5898837903865656e-12	2.8307598024974304e+10
/SS/5/PX0PY2PZ0/b_X/eta0/bT0/bz9	1.5015029907226562e-01	8.3626740757837333e-12	1.7102488502523819e+10
/SS/5/PX1PY-1PZ-1/b_X/eta0/bT0/bz-1	8.5711669921875000e-01	3.2404877254086433e-12	1.8685436233268503e+11
/SS/5/PX1PY-1PZ-1/b_X/eta0/bT0/bz-10	1.0262393951416016e-01	1.4627336144266970e-11	7.0159008107831392e+09
/SS/5/PX1PY-1PZ-1/b_X/eta0/bT0/bz-11	9.3584060668945312e-02	2.7748640749855570e-11	1.8775416199636593e+09
/SS/5/PX1PY-1PZ-1/b_X/eta0/bT0/bz-12	8.7249755859375000e-02	6.8887309882206492e-12	1.2665577449397760e+10
/SS/5/PX1PY-1PZ-1/b_X/eta0/bT0/bz-13	7.7759742736816406e-02	1.0027175084095476e-11	7.7549002669908895e+09
/SS/5/PX1PY-1PZ-1/b_X/eta0/bT0/bz-14	9.1438293457031250e-02	1.4243242228838364e-11	2.6126669802739882e+09
/SS/5/PX1PY-1PZ-1/b_X/eta0/bT0/bz-15	9.4993591308593750e-02	1.5865174025883549e-11	5.9875543220398712e+09
/SS/5/PX1PY-1PZ-1/b_X/eta0/bT0/bz-16	1.1226654052734375e-01	2.2471507762956053e-11	4.9959505037046728e+09
/SS/5/PX1PY-1PZ-1/b_X/eta0/bT0/bz-17	1.2010192871093750e-01	2.5915632850882718e-11	3.6094670232480583e+09
/SS/5/PX1PY-1PZ-1/b_X/eta0/bT0/bz-18	1.0688877105712891e-01	3.2479906386896385e-11	3.2851649761577153e+09
/SS/5/PX1PY-1PZ-1/b_X/eta0/bT0/bz-19	1.0616111755371094e-01	3.4226417516975922e-11	3.1017303374230213e+09
/SS/5/PX1PY-1PZ-1/b_X/eta0/bT0/bz-2	7.4285888671875000e-01	3.5962717637512199e-12	1.5588585818427911e+11
/SS/5/PX1PY-1PZ-1/b_X/eta0/bT0/bz-20	9.8326683044433594e-02	3.2986573124166718e-11	2.9808092727400413e+09
/SS/5/PX1PY-1PZ-1/b_X/eta0/bT0/bz-3	6.1004638671875000e-01	3.9939718970454903e-12	1.2145989866224507e+11
/SS/5/PX1PY-1PZ-1/b_X/eta0/bT0/bz-4	4.8265075683593750e-01	4.4630061139122725e-12	9.0205543158463501e+10
/SS/5/PX1PY-1PZ-1/b_X/eta0/bT0/bz-5	3.6990356445312500e-01	5.0486759807710004e-12	6.4153589429934814e+10
/SS/5/PX1PY-1PZ-1/b_X/eta0/bT0/bz-6	2.7265930175781250e-01	5.6340844031916835e-12	4.4133097655958061e+10
/SS/5/PX1PY-1PZ-1/b_X/eta0/bT0/bz-7	1.9223022460937500e-01	5.9605960770724481e-12	3.0197093286289845e+10
/SS/5/PX1PY-1PZ-1/b_X/eta0/bT0/bz-8	1.2903594970703125e-01	6.2663005992859283e-12	1.7514744671170685e+10
/SS/5/PX1PY-1PZ-1/b_X/eta0/bT0/bz-9	1.3146781921386719e-01	1.3934998717378723e-11	9.4343617735615597e+09
/SS/5/PX1PY-1PZ-1/b_X/eta0/bT0/bz0	9.0289306640625000e-01	3.0775521739262287e-12	2.5732501273355609e+11
/SS/5/PX1PY-1PZ-1/b_X/eta0/bT0/bz1	8.3154296875000000e-01	3.0020167535181537e-12	2.7699477951796564e+11
/SS/5/PX1PY-1PZ-1/b_X/eta0/bT0/bz10	1.6236114501953125e-01	2.8067480903404194e-11	4.1379826777504091e+09
/SS/5/PX1PY-1PZ-1/b_X/eta0/bT0/bz11	1.5343332290649414e-01	7.3207466516919533e-11	2.0958698641897819e+09
/SS/5/PX1PY-1PZ-1/b_X/eta0/bT0/bz12	1.2685203552246094e-01	5.2036417828698956e-11	1.3935526444117553e+09
/SS/5/PX1PY-1PZ-1/b_X/eta0/bT0/bz13	1.0603904724121094e-01	2.5473670297755936e-11	3.1348415030445037e+09
/SS/5/PX1PY-1PZ-1/b_X/eta0/bT0/bz14	8.7081909179687500e-02	1.7011712452911989e-11	4.0399261958424406e+09
/SS/5/PX1PY-1PZ-1/b_X/eta0/bT0/bz15	7.0967674255371094e-02	1.6481704431928250e-11	4.3058455846285524e+09
/SS/5/PX1PY-1PZ-1/b_X/eta0/bT0/bz16	8.0681800842285156e-02	4.5146916224684521e-11	1.2738494848761816e+09
/SS/5/PX1PY-1PZ-1/b_X/eta0/bT0/bz17	8.7016582489013672e-02	3.1249385283846228e-11	1.8814075534452717e+09
/SS/5/PX1PY-1PZ-1/b_X/eta0/bT0/bz18	5.7575225830078125e-02	2.4305746441656546e-11	1.8990601849418340e+09
/SS/5/PX1PY-1PZ-1/b_X/eta0/bT0/bz19	4.6461105346679688e-02	2.2143964943107747e-11	1.7772892881002619e+09
/SS/5/PX1PY-1PZ-1/b_X/eta0/bT0/bz2	6.9268798828125000e-01	3.0181186908600817e-12	2.2950985671271027e+11
/SS/5/PX1PY-1PZ-1/b_X/eta0/bT0/bz20	6.3311815261840820e-02	6.3739532423795601e-11	9.9328960935717332e+08
/SS/5/PX1PY-1PZ-1/b_X/eta0/bT0/bz3	5.3332519531250000e-01	2.9769672493621501e-12	1.7915050809738373e+11
/SS/5/PX1PY-1PZ-1/b_X/eta0/bT0/bz4	3.8449096679687500e-01	3.1704038227832296e-12	1.1068672966439601e+11
/SS/5/PX1PY-1PZ-1/b_X/eta0/bT0/bz5	2.9508972167968750e-01	3.7679540327966896e-12	7.8315637375401566e+10
/SS/5/PX1PY-1PZ-1/b_X/eta0/bT0/bz6	2.5038909912109375e-01	4.6613128808016155e-12	5.3716432585412247e+10
/SS/5/PX1PY-1PZ-1/b_X/eta0/bT0/bz7	2.1948242187500000e-01	6.0463539968157083e-12	3.6299962256690506e+10
/SS/5/PX1PY-1PZ-1/b_X/eta0/bT0/bz8	1.9829559326171875e-01	7.9166157300511661e-12	2.5048025573477867e+10
/SS/5/PX1PY-1PZ-1/b_X/eta0/bT0/bz9	1.8098831176757812e-01	9.9851059775405113e-12	1.8125827825430691e+10
/SS/5/PX1PY-1PZ-2/b_X/eta0/bT0/bz-1	1.8869934082031250e+00	1.1699605756832941e-11	1.4290272273505276e+11
/SS/5/PX1PY-1PZ-2/b_X/eta0/bT0/bz-10	1.7807388305664062e-01	3.1938897953561052e-11	1.0872157832037983e+09
/SS/5/PX1PY-1PZ-2/b_X/eta0/bT0/bz-11	1.3462257385253906e-01	1.1820836204075272e-11	2.3113267977863841e+09
/SS/5/PX1PY-1PZ-2/b_X/eta0/bT0/bz-12	1.0009956359863281e-01	5.2639498429777636e-11	6.3411386002802777e+08
/SS/5/PX1PY-1PZ-2/b_X/eta0/bT0/bz-13	8.4578514099121094e-02	1.0640713293285569e-10	3.7837281702113068e+08
/SS/5/PX1PY-1PZ-2/b_X/eta0/bT0/bz-14	6.9985866546630859e-02	1.0596508092821358e-10	4.5810689315803039e+08
/SS/5/PX1PY-1PZ-2/b_X/eta0/bT0/bz-15	9.5376014709472656e-02	7.7726027669212380e-11	6.4769856586344528e+08
/SS/5/PX1PY-1PZ-2/b_X/eta0/bT0/bz-16	9.2252731323242188e-02	5.8202490934408035e-11	9.9382292691898668e+08
/SS/5/PX1PY-1PZ-2/b_X/eta0/bT0/bz-17	8.7944030761718750e-02	5.2423412528800349e-11	1.1472408179880261e+09
/SS/5/PX1PY-1PZ-2/b_X/eta0/bT0/bz-18	8.6426734924316406e-02	2.9395839711869508e-11	1.8975857321679251e+09
/SS/5/PX1PY-1PZ-2/b_X/eta0/bT0/bz-19	8.4852218627929688e-02	2.5059890866285976e-11	1.0344566723504027e+09
/SS/5/PX1PY-1PZ-2/b_X/eta0/bT0/bz-2	1.5741271972656250e+00	1.1659020440666467e-11	1.2090138120764035e+11
/SS/5/PX1PY-1PZ-2/b_X/eta0/bT0/bz-20	8.1097602844238281e-02	2.0825462043407887e-11	3.0259998564476666e+09
/SS/5/PX1PY-1PZ-2/b_X/eta0/bT0/bz-3	1.2368316650390625e+00	1.1425613062814285e-11	9.6782941736257278e+10
/SS/5/PX1PY-1PZ-2/b_X/eta0/bT0/bz-4	9.4416809082031250e-01	1.1109686566392519e-11	7.4719357527984131e+10
/SS/5/PX1PY-1PZ-2/b_X/eta0/bT0/bz-5	7.1038055419921875e-01	1.0846591072786600e-11	5.5524278685016251e+10
/SS/5/PX1PY-1PZ-2/b_X/eta0/bT0/bz-6	5.3456878662109375e-01	1.0787672721121570e-11	3.9679995920918945e+10
/SS/5/PX1PY-1PZ-2/b_X/eta0/bT0/bz-7	4.0357208251953125e-01	1.0988081210473835e-11	2.7384866315234463e+10
/SS/5/PX1PY-1PZ-2/b_X/eta0/bT0/bz-8	3.0616378784179688e-01	1.1243986531343034e-11	1.8673175827338997e+10
/SS/5/PX1PY-1PZ-2/b_X/eta0/bT0/bz-9	2.3302841186523438e-01	1.3025121085595618e-11	6.1752858181848850e+09
/SS/5/PX1PY-1PZ-2/b_X/eta0/bT0/bz0	2.0310058593750000e+00	1.1600468881022404e-11	1.5335778536566199e+11
/SS/5/PX1PY-1PZ-2/b_X/eta0/bT0/bz1	1.8787841796875000e+00	1.1373410726095554e-11	1.4233509087159201e+11
/SS/5/PX1PY-1PZ-2/b_X/eta0/bT0/bz10	1.7416000366210938e-01	1.0747391407088624e-11	1.6204862842088285e+10
/SS/5/PX1PY-1PZ-2/b_X/eta0/bT0/bz11	1.2793922424316406e-01	2.8692900908084505e-11	7.9746649375482225e+08
/SS/5/PX1PY-1PZ-2/b_X/eta0/bT0/bz12	9.5174789428710938e-02	1.1950611864486887e-11	2.4333809230799899e+09
/SS/5/PX1PY-1PZ-2/b_X/eta0/bT0/bz13	7.3779106140136719e-02	1.3744943115639108e-11	2.4422350809869280e+09
/SS/5/PX1PY-1PZ-2/b_X/eta0/bT0/bz14	6.2776565551757812e-02	6.9031117722270121e-11	3.1538229814342958e+08
/SS/5/PX1PY-1PZ-2/b_X/eta0/bT0/bz15	6.7584991455078125e-02	3.7234300670028902e-11	1.4453233252086701e+09
/SS/5/PX1PY-1PZ-2/b_X/eta0/bT0/bz16	5.7193756103515625e-02	2.4441651907818720e-11	1.1816626945965583e+09
/SS/5/PX1PY-1PZ-2/b_X/eta0/bT0/bz17	6.6030502319335938e-02	1.9903332243430984e-11	1.5757069183201461e+09
/SS/5/PX1PY-1PZ-2/b_X/eta0/bT0/bz18	7.5309753417968750e-02	1.4107981059642738e-11	3.8883506406232209e+09
/SS/5/PX1PY-1PZ-2/b_X/eta0/bT0/bz19	8.3555221557617188e-02	1.5418911178735612e-11	2.2279640235429869e+09
/SS/5/PX1PY-1PZ-2/b_X/eta0/bT0/bz2	1.5625305175781250e+00	1.1069713622383166e-11	1.1929731908627458e+11
/SS/5/PX1PY-1PZ-2/b_X/eta0/bT0/bz20	8.9050292968750000e-02	1.8688308214957236e-11	2.4464292347812419e+09
/SS/5/PX1PY-1PZ-2/b_X/eta0/bT0/bz3	1.2158813476562500e+00	1.0908757890603296e-11	1.0654952742585747e+11
/SS/5/PX1PY-1PZ-2/b_X/eta0/bT0/bz4	9.1441345214843750e-01	1.0869668082103638e-11	7.9656961005835114e+10
/SS/5/PX1PY-1PZ-2/b_X/eta0/bT0/bz5	6.7442321777343750e-01	1.0989531656822919e-11	5.7903254729134621e+10
/SS/5/PX1PY-1PZ-2/b_X/eta0/bT0/bz6	5.0744628906250000e-01	1.1052986641242476e-11	4.1545150912736122e+10
/SS/5/PX1PY-1PZ-2/b_X/eta0/bT0/bz7	3.9843750000000000e-01	1.0657591814973804e-11	2.9953929641269379e+10
/SS/5/PX1PY-1PZ-2/b_X/eta0/bT0/bz8	3.0853652954101562e-01	1.0954541637292499e-11	2.8165170187556370e+10
/SS/5/PX1PY-1PZ-2/b_X/eta0/bT0/bz9	2.3409271240234375e-01	1.1078504579298127e-11	2.1130352993650574e+10
/SS/5/PX1PY-1PZ0/b_X/eta0/bT0/bz-1	2.1479492187500000e+00	9.3161874975809728e-12	1.7304520571852499e+11
/SS/5/PX1PY-1PZ0/b_X/eta0/bT0/bz-10	2.6794815063476562e-01	1.2571233552619842e-11	1.1629891910796238e+10
/SS/5/PX1PY-1PZ0/b_X/eta0/bT0/bz-11	2.0833206176757812e-01	1.5728119469371677e-11	7.8332520396665096e+09
/SS/5/PX1PY-1PZ0/b_X/eta0/bT0/bz-12	1.5967941284179688e-01	2.2063580021310303e-11	5.0971802243146658e+09
/SS/5/PX1PY-1PZ0/b_X/eta0/bT0/bz-13	1.1987686157226562e-01	3.1948728441252188e-11	3.2253832656586170e+09
/SS/5/PX1PY-1PZ0/b_X/eta0/bT0/bz-14	1.1094284057617188e-01	4.0816488694020169e-11	1.0354722726121315e+09
/SS/5/PX1PY-1PZ0/b_X/eta0/bT0/bz-15	1.0912322998046875e-01	4.2527764789394539e-11	1.1192975513214376e+09
/SS/5/PX1PY-1PZ0/b_X/eta0/bT0/bz-16	1.0523128509521484e-01	1.1617552752415082e-10	5.1517418874587667e+08
/SS/5/PX1PY-1PZ0/b_X/eta0/bT0/bz-17	9.8915100097656250e-02	2.9716329864474751e-11	2.1546330434104748e+09
/SS/5/PX1PY-1PZ0/b_X/eta0/bT0/bz-18	8.9134216308593750e-02	3.6712396297856793e-11	5.9811816578521180e+08
/SS/5/PX1PY-1PZ0/b_X/eta0/bT0/bz-19	7.5986862182617188e-02	1.6105585967188881e-11	4.1962511791951571e+09
/SS/5/PX1PY-1PZ0/b_X/eta0/bT0/bz-2	1.8333435058593750e+00	9.1913065262158521e-12	1.4838930653355405e+11
/SS/5/PX1PY-1PZ0/b_X/eta0/bT0/bz-20	7.4837207794189453e-02	2.3911570626485179e-11	3.1297487297341104e+09
/SS/5/PX1PY-1PZ0/b_X/eta0/bT0/bz-3	1.4804992675781250e+00	8.9768628492411727e-12	1.2056786264520882e+11
/SS/5/PX1PY-1PZ0/b_X/eta0/bT0/bz-4	1.1658630371093750e+00	8.7069499568068565e-12	1.1550270468076364e+11
/SS/5/PX1PY-1PZ0/b_X/eta0/bT0/bz-5	9.0921020507812500e-01	8.4208183944387395e-12	8.9585030471520813e+10
/SS/5/PX1PY-1PZ0/b_X/eta0/bT0/bz-6	7.0820617675781250e-01	8.4113225146581986e-12	5.4690801815598129e+10
/SS/5/PX1PY-1PZ0/b_X/eta0/bT0/bz-7	5.5514526367187500e-01	8.6889453682792018e-12	3.7492181534381111e+10
/SS/5/PX1PY-1PZ0/b_X/eta0/bT0/bz-8	4.3648529052734375e-01	9.7303875464279925e-12	2.1587660710261425e+10
/SS/5/PX1PY-1PZ0/b_X/eta0/bT0/bz-9	3.4246063232421875e-01	1.0928735426440408e-11	1.6231093834611328e+10
/SS/5/PX1PY-1PZ0/b_X/eta0/bT0/bz0	2.2828674316406250e+00	9.4008219164092089e-12	1.8252136306114828e+11
/SS/5/PX1PY-1PZ0/b_X/eta0/bT0/bz1	2.0959777832031250e+00	9.5993462598889007e-12	1.6535295534342676e+11
/SS/5/PX1PY-1PZ0/b_X/eta0/bT0/bz10	2.3195648193359375e-01	1.8782396759921677e-11	8.7990870626580601e+09
/SS/5/PX1PY-1PZ0/b_X/eta0/bT0/bz11	1.7401313781738281e-01	1.8936332634323308e-11	6.4079281527110872e+09
/SS/5/PX1PY-1PZ0/b_X/eta0/bT0/bz12	1.2986564636230469e-01	1.7224014913188523e-11	4.9116067311734838e+09
/SS/5/PX1PY-1PZ0/b_X/eta0/bT0/bz13	9.9676132202148438e-02	5.0237261349042199e-11	1.2490558945717187e+09
/SS/5/PX1PY-1PZ0/b_X/eta0/bT0/bz14	8.7448120117187500e-02	8.8226945561750519e-11	7.2306592076379299e+08
/SS/5/PX1PY-1PZ0/b_X/eta0/bT0/bz15	7.5419425964355469e-02	3.2287717086558647e-11	1.5706759009185932e+09
/SS/5/PX1PY-1PZ0/b_X/eta0/bT0/bz16	9.3370318412780762e-02	1.2843490262497157e-10	7.2698555069116223e+08
/SS/5/PX1PY-1PZ0/b_X/eta0/bT0/bz17	5.8259010314941406e-02	7.4468959410672093e-11	7.8232609634924412e+08
/SS/5/PX1PY-1PZ0/b_X/eta0/bT0/bz18	4.8794746398925781e-02	2.4508164465665195e-11	8.5712596701844895e+08
/SS/5/PX1PY-1PZ0/b_X/eta0/bT0/bz19	5.2094459533691406e-02	2.2380400607850622e-11	1.8682073002658999e+09
/SS/5/PX1PY-1PZ0/b_X/eta0/bT0/bz2	1.7438964843750000e+00	9.8788275585895138e-12	1.3452033557228391e+11
/SS/5/PX1PY-1PZ0/b_X/eta0/bT0/bz20	6.8165779113769531e-02	2.7199446130374063e-11	2.5061458526410103e+09
/SS/5/PX1PY-1PZ0/b_X/eta0/bT0/bz3	1.3630065917968750e+00	1.0310251161617017e-11	1.0250814932225595e+11
/SS/5/PX1PY-1PZ0/b_X/eta0/bT0/bz4	1.0329284667968750e+00	1.1162929847308676e-11	8.6445144088602722e+10
/SS/5/PX1PY-1PZ0/b_X/eta0/bT0/bz5	8.0741882324218750e-01	1.2779731553053904e-11	5.8083717051635201e+10
/SS/5/PX1PY-1PZ0/b_X/eta0/bT0/bz6	6.3890075683593750e-01	1.5806625649970380e-11	3.6445013985143204e+10
/SS/5/PX1PY-1PZ0/b_X/eta0/bT0/bz7	5.0259399414062500e-01	2.1219231377471999e-11	2.1122538915485523e+10
/SS/5/PX1PY-1PZ0/b_X/eta0/bT0/bz8	3.9284515380859375e-01	2.8638833972531461e-11	1.1552050271082172e+10
/SS/5/PX1PY-1PZ0/b_X/eta0/bT0/bz9	3.0331802368164062e-01	2.6791657504104301e-11	6.8344922694903069e+09
/SS/5/PX1PY-2PZ-1/b_X/eta0/bT0/bz-1	9.4244384765625000e-01	1.5630173038721257e-11	4.8302855813467896e+10
/SS/5/PX1PY-2PZ-1/b_X/eta0/bT0/bz-10	1.6293144226074219e-01	1.8177623659041086e-11	8.9632971458127995e+09
/SS/5/PX1PY-2PZ-1/b_X/eta0/bT0/bz-11	1.5797805786132812e-01	1.9106931289881069e-11	8.2681020549329386e+09
/SS/5/PX1PY-2PZ-1/b_X/eta0/bT0/bz-12	1.5099239349365234e-01	1.8713874293551064e-11	8.0684732153878689e+09
/SS/5/PX1PY-2PZ-1/b_X/eta0/bT0/bz-13	1.4049530029296875e-01	1.7565878071254151e-11	7.9981939828492613e+09
/SS/5/PX1PY-2PZ-1/b_X/eta0/bT0/bz-14	1.2665653228759766e-01	1.5790505300035736e-11	8.0210563171345129e+09
/SS/5/PX1PY-2PZ-1/b_X/eta0/bT0/bz-15	1.0961341857910156e-01	1.6787471488713067e-11	3.0881489634610953e+09
/SS/5/PX1PY-2PZ-1/b_X/eta0/bT0/bz-16	9.0837478637695312e-02	1.1411672869675651e-11	7.9600492999653559e+09
/SS/5/PX1PY-2PZ-1/b_X/eta0/bT0/bz-17	7.3578834533691406e-02	1.0209532510922283e-11	4.5993306687623301e+09
/SS/5/PX1PY-2PZ-1/b_X/eta0/bT0/bz-18	6.0034751892089844e-02	1.2012318683419531e-11	3.6062731342809944e+09
/SS/5/PX1PY-2PZ-1/b_X/eta0/bT0/bz-19	6.3794136047363281e-02	1.6514906913873614e-11	3.4197053894973063e+09
/SS/5/PX1PY-2PZ-1/b_X/eta0/bT0/bz-2	8.3071899414062500e-01	1.5743717350728899e-11	4.0333684992195923e+10
/SS/5/PX1PY-2PZ-1/b_X/eta0/bT0/bz-20	6.7809104919433594e-02	1.9981798705054280e-11	2.3759052848936486e+09
/SS/5/PX1PY-2PZ-1/b_X/eta0/bT0/bz-3	6.9462585449218750e-01	1.5126904061509105e-11	3.3245851052633358e+10
/SS/5/PX1PY-2PZ-1/b_X/eta0/bT0/bz-4	5.6455993652343750e-01	1.3588274993261705e-11	2.8275576464582825e+10
/SS/5/PX1PY-2PZ-1/b_X/eta0/bT0/bz-5	4.4881439208984375e-01	1.1484655590299192e-11	2.4538688833701138e+10
/SS/5/PX1PY-2PZ-1/b_X/eta0/bT0/bz-6	3.4896087646484375e-01	1.3796847321581993e-11	1.0019601118880877e+10
/SS/5/PX1PY-2PZ-1/b_X/eta0/bT0/bz-7	2.6836395263671875e-01	2.5135993766705571e-11	4.8160640802675667e+09
/SS/5/PX1PY-2PZ-1/b_X/eta0/bT0/bz-8	2.0731353759765625e-01	2.0364961719819224e-11	3.7938654541373811e+09
/SS/5/PX1PY-2PZ-1/b_X/eta0/bT0/bz-9	1.7028999328613281e-01	2.8581770396330957e-11	3.3692014035855889e+09
/SS/5/PX1PY-2PZ-1/b_X/eta0/bT0/bz0	9.7079467773437500e-01	1.5025974571445901e-11	5.3457134551526131e+10
/SS/5/PX1PY-2PZ-1/b_X/eta0/bT0/bz1	8.8735961914062500e-01	1.4220531670652813e-11	5.1226625382521378e+10
/SS/5/PX1PY-2PZ-1/b_X/eta0/bT0/bz10	1.3364982604980469e-01	2.8978050880957303e-11	2.1857822838325849e+09
/SS/5/PX1PY-2PZ-1/b_X/eta0/bT0/bz11	8.8939666748046875e-02	1.3632566198033173e-11	4.4353947602197685e+09
/SS/5/PX1PY-2PZ-1/b_X/eta0/bT0/bz12	6.9284439086914062e-02	1.7430974055526581e-11	2.5156610161791029e+09
/SS/5/PX1PY-2PZ-1/b_X/eta0/bT0/bz13	5.4937362670898438e-02	2.0296090750956864e-11	1.9878894188803217e+09
/SS/5/PX1PY-2PZ-1/b_X/eta0/bT0/bz14	5.1635742187500000e-02	2.4531127712338048e-11	1.8821955920177724e+09
/SS/5/PX1PY-2PZ-1/b_X/eta0/bT0/bz15	6.4519882202148438e-02	3.7190324076115954e-11	1.4695982896734970e+09
/SS/5/PX1PY-2PZ-1/b_X/eta0/bT0/bz16	6.4188957214355469e-02	8.1324563361884152e-11	7.5875122972004592e+08
/SS/5/PX1PY-2PZ-1/b_X/eta0/bT0/bz17	5.4479598999023438e-02	2.1158868713918297e-11	1.6220767093001425e+09
/SS/5/PX1PY-2PZ-1/b_X/eta0/bT0/bz18	6.8765640258789062e-02	1.8011353397825084e-11	3.8179052256613145e+09
/SS/5/PX1PY-2PZ-1/b_X/eta0/bT0/bz19	7.9190731048583984e-02	2.0309907777032827e-11	3.8991181997456288e+09
/SS/5/PX1PY-2PZ-1/b_X/eta0/bT0/bz2	7.4308776855468750e-01	1.3242843085061492e-11	4.4607397065060219e+10
/SS/5/PX1PY-2PZ-1/b_X/eta0/bT0/bz20	8.1908226013183594e-02	3.0322692096523979e-11	2.3165906818921885e+09
/SS/5/PX1PY-2PZ-1/b_X/eta0/bT0/bz3	5.9700012207031250e-01	1.2029113643850851e-11	3.7391861770278633e+10
/SS/5/PX1PY-2PZ-1/b_X/eta0/bT0/bz4	4.7994995117187500e-01	1.0559323929237123e-11	3.1557441790519547e+10
/SS/5/PX1PY-2PZ-1/b_X/eta0/bT0/bz5	3.9219665527343750e-01	9.8653066450369153e-12	3.9755140857253090e+10
/SS/5/PX1PY-2PZ-1/b_X/eta0/bT0/bz6	3.2326889038085938e-01	1.1025651172564582e-11	2.9319709586428589e+10
/SS/5/PX1PY-2PZ-1/b_X/eta0/bT0/bz7	2.6533889770507812e-01	1.3420199555654499e-11	1.0389494718689125e+10
/SS/5/PX1PY-2PZ-1/b_X/eta0/bT0/bz8	2.1414566040039062e-01	1.8613382334699039e-11	7.7204890429711008e+09
/SS/5/PX1PY-2PZ-1/b_X/eta0/bT0/bz9	1.7243576049804688e-01	1.7653151630778336e-11	6.4560057923834858e+09
/SS/5/PX1PY-2PZ-2/b_X/eta0/bT0/bz-1	9.2422485351562500e-01	1.6365033073642645e-11	4.3799582499187164e+10
/SS/5/PX1PY-2PZ-2/b_X/eta0/bT0/bz-10	1.0001659393310547e-01	1.5476643730823760e-11	6.4624214185346489e+09
/SS/5/PX1PY-2PZ-2/b_X/eta0/bT0/bz-11	8.1821441650390625e-02	2.1360517209464470e-11	3.6640565877379489e+09
/SS/5/PX1PY-2PZ-2/b_X/eta0/bT0/bz-12	6.9472312927246094e-02	2.0431027696827164e-11	3.2598570693712325e+09
/SS/5/PX1PY-2PZ-2/b_X/eta0/bT0/bz-13	7.2607040405273438e-02	1.6756575116678765e-11	4.3330477677985373e+09
/SS/5/PX1PY-2PZ-2/b_X/eta0/bT0/bz-14	6.7889213562011719e-02	4.4083827616646141e-11	9.4819402908336318e+08
/SS/5/PX1PY-2PZ-2/b_X/eta0/bT0/bz-15	6.1721801757812500e-02	5.1692184793094224e-11	1.1397162496556389e+09
/SS/5/PX1PY-2PZ-2/b_X/eta0/bT0/bz-16	5.5953025817871094e-02	4.1265524229326116e-11	1.0326025055677429e+09
/SS/5/PX1PY-2PZ-2/b_X/eta0/bT0/bz-17	6.3666343688964844e-02	3.0279537216316450e-11	2.1026194434258909e+09
/SS/5/PX1PY-2PZ-2/b_X/eta0/bT0/bz-18	7.2299242019653320e-02	1.1087305977925309e-10	3.7113901519592762e+08
/SS/5/PX1PY-2PZ-2/b_X/eta0/bT0/bz-19	7.8215956687927246e-02	1.3668748458547866e-10	5.7222471336806440e+08
/SS/5/PX1PY-2PZ-2/b_X/eta0/bT0/bz-2	8.1999206542968750e-01	2.1042878309150378e-11	3.0761397756498764e+10
/SS/5/PX1PY-2PZ-2/b_X/eta0/bT0/bz-20	7.1241378784179688e-02	1.3959758121462295e-10	5.0006430813952798e+08
/SS/5/PX1PY-2PZ-2/b_X/eta0/bT0/bz-3	6.8466186523437500e-01	2.6619039202471934e-11	2.0701283566892284e+10
/SS/5/PX1PY-2PZ-2/b_X/eta0/bT0/bz-4	5.4762268066406250e-01	3.0700916631066694e-11	1.4665457765525249e+10
/SS/5/PX1PY-2PZ-2/b_X/eta0/bT0/bz-5	4.2198181152343750e-01	2.8459259765667601e-11	1.2197094650119299e+10
/SS/5/PX1PY-2PZ-2/b_X/eta0/bT0/bz-6	3.1343078613281250e-01	2.1646212900666206e-11	1.2056023648859154e+10
/SS/5/PX1PY-2PZ-2/b_X/eta0/bT0/bz-7	2.3075866699218750e-01	1.5232196140912201e-11	1.2989638259843754e+10
/SS/5/PX1PY-2PZ-2/b_X/eta0/bT0/bz-8	1.6960906982421875e-01	1.0194917177986397e-11	1.4191387793297915e+10
/SS/5/PX1PY-2PZ-2/b_X/eta0/bT0/bz-9	1.2242698669433594e-01	1.0894901114032425e-11	1.0554675120045387e+10
/SS/5/PX1PY-2PZ-2/b_X/eta0/bT0/bz0	9.3801879882812500e-01	1.3180696549654626e-11	5.4757982579433044e+10
/SS/5/PX1PY-2PZ-2/b_X/eta0/bT0/bz1	8.2119750976562500e-01	1.1280818349895093e-11	5.6098358164722939e+10
/SS/5/PX1PY-2PZ-2/b_X/eta0/bT0/bz10	6.6986560821533203e-02	2.2640521857601694e-11	2.9587021554912639e+09
/SS/5/PX1PY-2PZ-2/b_X/eta0/bT0/bz11	5.8103561401367188e-02	1.6575120849265272e-11	2.5845680112809501e+09
/SS/5/PX1PY-2PZ-2/b_X/eta0/bT0/bz12	5.0297617912292480e-02	4.7314602649588667e-11	1.0630463978487991e+09
/SS/5/PX1PY-2PZ-2/b_X/eta0/bT0/bz13	4.2742729187011719e-02	1.7813807525305434e-11	2.3402587576048269e+09
/SS/5/PX1PY-2PZ-2/b_X/eta0/bT0/bz14	4.4623374938964844e-02	9.9474421047253180e-12	4.4859145164330711e+09
/SS/5/PX1PY-2PZ-2/b_X/eta0/bT0/bz15	4.5974731445312500e-02	8.3270938847657319e-12	2.3677243333899908e+09
/SS/5/PX1PY-2PZ-2/b_X/eta0/bT0/bz16	4.9209594726562500e-02	6.0855438799377744e-12	2.1728040513460007e+09
/SS/5/PX1PY-2PZ-2/b_X/eta0/bT0/bz17	4.9341201782226562e-02	6.0771188720050545e-12	4.6656469452471552e+09
/SS/5/PX1PY-2PZ-2/b_X/eta0/bT0/bz18	4.8801422119140625e-02	1.2676361860692274e-11	3.0979612502155352e+09
/SS/5/PX1PY-2PZ-2/b_X/eta0/bT0/bz19	4.7988891601562500e-02	3.2037797027998902e-11	1.4649611446941838e+09
/SS/5/PX1PY-2PZ-2/b_X/eta0/bT0/bz2	6.4495849609375000e-01	1.0236906253654664e-11	4.9456249686615303e+10
/SS/5/PX1PY-2PZ-2/b_X/eta0/bT0/bz20	4.8944950103759766e-02	2.9044918104606597e-11	4.9189105226539826e+08
/SS/5/PX1PY-2PZ-2/b_X/eta0/bT0/bz3	4.7113037109375000e-01	1.0436208098381891e-11	3.0031552110612312e+10
/SS/5/PX1PY-2PZ-2/b_X/eta0/bT0/bz4	3.3200073242187500e-01	1.2375688564645762e-11	2.1695249596920937e+10
/SS/5/PX1PY-2PZ-2/b_X/eta0/bT0/bz5	2.3367309570312500e-01	1.4258816314348436e-11	1.5987209188593536e+10
/SS/5/PX1PY-2PZ-2/b_X/eta0/bT0/bz6	1.8410301208496094e-01	1.4781457230370195e-11	1.2454997448201536e+10
/SS/5/PX1PY-2PZ-2/b_X/eta0/bT0/bz7	1.4267158508300781e-01	1.4863501093157131e-11	6.1639944269261990e+09
/SS/5/PX1PY-2PZ-2/b_X/eta0/bT0/bz8	1.0775089263916016e-01	1.4471148590009542e-11	3.7852659065057716e+09
/SS/5/PX1PY-2PZ-2/b_X/eta0/bT0/bz9	8.4527969360351562e-02	4.7052062383791276e-11	6.5810271068246818e+08
/SS/5/PX1PY-2PZ0/b_X/eta0/bT0/bz-1	1.4797172546386719e+00	5.6061545772278081e-11	2.6394513998049236e+10
/SS/5/PX1PY-2PZ0/b_X/eta0/bT0/bz-10	1.2683916091918945e-01	7.5012774110932190e-11	1.4839696602019160e+09
/SS/5/PX1PY-2PZ0/b_X/eta0/bT0/bz-11	1.3690137863159180e-01	3.7486285066122995e-11	3.6520390961683197e+09
/SS/5/PX1PY-2PZ0/b_X/eta0/bT0/bz-12	1.0868883132934570e-01	5.0376731544067189e-11	2.1575205059556084e+09
/SS/5/PX1PY-2PZ0/b_X/eta0/bT0/bz-13	1.0627269744873047e-01	6.3620282386810686e-11	1.2160267919770563e+09
/SS/5/PX1PY-2PZ0/b_X/eta0/bT0/bz-14	1.0882806777954102e-01	6.0097029234467397e-11	2.1968323187741807e+08
/SS/5/PX1PY-2PZ0/b_X/eta0/bT0/bz-15	1.1258816719055176e-01	6.3215021862682304e-11	8.1121125030394566e+08
/SS/5/PX1PY-2PZ0/b_X/eta0/bT0/bz-16	8.5742950439453125e-02	6.8852981472302289e-11	1.2453048307566059e+09
/SS/5/PX1PY-2PZ0/b_X/eta0/bT0/bz-17	7.7128887176513672e-02	4.1577452805470885e-11	1.8550652330092916e+09
/SS/5/PX1PY-2PZ0/b_X/eta0/bT0/bz-18	1.0189127922058105e-01	5.8948210754349119e-11	1.3887221854063735e+09
/SS/5/PX1PY-2PZ0/b_X/eta0/bT0/bz-19	1.0938882827758789e-01	7.0957769502718750e-11	1.1181463809816782e+09
/SS/5/PX1PY-2PZ0/b_X/eta0/bT0/bz-2	1.2637138366699219e+00	5.7561636131076940e-11	2.1954098625554108e+10
/SS/5/PX1PY-2PZ0/b_X/eta0/bT0/bz-20	1.1068868637084961e-01	6.2452741462324260e-11	1.1645730506754985e+09
/SS/5/PX1PY-2PZ0/b_X/eta0/bT0/bz-3	1.0306682586669922e+00	6.1463736264958563e-11	1.6768721221631824e+10
/SS/5/PX1PY-2PZ0/b_X/eta0/bT0/bz-4	8.1068229675292969e-01	7.0888904013293995e-11	1.1435954724323290e+10
/SS/5/PX1PY-2PZ0/b_X/eta0/bT0/bz-5	6.0629653930664062e-01	9.1658493368323816e-11	6.6147338563626242e+09
/SS/5/PX1PY-2PZ0/b_X/eta0/bT0/bz-6	4.2813396453857422e-01	9.9579711277477634e-11	3.5348350362716136e+09
/SS/5/PX1PY-2PZ0/b_X/eta0/bT0/bz-7	3.3303594589233398e-01	9.2976259429556343e-11	3.5819460573659596e+09
/SS/5/PX1PY-2PZ0/b_X/eta0/bT0/bz-8	2.4742841720581055e-01	1.5760951335101826e-10	1.5698825023001823e+09
/SS/5/PX1PY-2PZ0/b_X/eta0/bT0/bz-9	1.5373373031616211e-01	1.4210048784087108e-10	1.0818663092016850e+09
/SS/5/PX1PY-2PZ0/b_X/eta0/bT0/bz0	1.5848731994628906e+00	5.5907048959759001e-11	2.8348360876705494e+10
/SS/5/PX1PY-2PZ0/b_X/eta0/bT0/bz1	1.4618034362792969e+00	5.6336874173373406e-11	2.5947542488436314e+10
/SS/5/PX1PY-2PZ0/b_X/eta0/bT0/bz10	1.5911817550659180e-01	4.0249223178616690e-11	3.9533228952137127e+09
/SS/5/PX1PY-2PZ0/b_X/eta0/bT0/bz11	1.2541770935058594e-01	3.3879914732992007e-10	3.2054413616195202e+08
/SS/5/PX1PY-2PZ0/b_X/eta0/bT0/bz12	1.1029052734375000e-01	4.4986092583394088e-11	1.4003048074846776e+09
/SS/5/PX1PY-2PZ0/b_X/eta0/bT0/bz13	9.4106674194335938e-02	1.7974079248840889e-11	1.8900432132685854e+09
/SS/5/PX1PY-2PZ0/b_X/eta0/bT0/bz14	7.9096794128417969e-02	1.3510530724312326e-11	3.7985593514528575e+09
/SS/5/PX1PY-2PZ0/b_X/eta0/bT0/bz15	6.5729141235351562e-02	1.3113130210984955e-11	5.0124676700220537e+09
/SS/5/PX1PY-2PZ0/b_X/eta0/bT0/bz16	6.2417030334472656e-02	1.8331645940352413e-11	2.9682463851813269e+09
/SS/5/PX1PY-2PZ0/b_X/eta0/bT0/bz17	6.3762664794921875e-02	1.4831502681118427e-11	1.9643025322312453e+09
/SS/5/PX1PY-2PZ0/b_X/eta0/bT0/bz18	6.1715126037597656e-02	1.0789798399716890e-11	4.7770341825998363e+09
/SS/5/PX1PY-2PZ0/b_X/eta0/bT0/bz19	5.6528091430664062e-02	1.0003044007022572e-11	3.3481896405092483e+09
/SS/5/PX1PY-2PZ0/b_X/eta0/bT0/bz2	1.2136001586914062e+00	5.2622152212552385e-11	2.2404159247667076e+10
/SS/5/PX1PY-2PZ0/b_X/eta0/bT0/bz20	4.8770904541015625e-02	9.1659412727081131e-12	4.3529487248940229e+09
/SS/5/PX1PY-2PZ0/b_X/eta0/bT0/bz3	9.9648666381835938e-01	4.2381092903375557e-11	1.9992170588763069e+10
/SS/5/PX1PY-2PZ0/b_X/eta0/bT0/bz4	7.7530288696289062e-01	3.5315313933889615e-11	2.1953730566129475e+10
/SS/5/PX1PY-2PZ0/b_X/eta0/bT0/bz5	5.7153320312500000e-01	3.5942815363528499e-11	1.5709399485132179e+10
/SS/5/PX1PY-2PZ0/b_X/eta0/bT0/bz6	4.2760658264160156e-01	3.4720138331236779e-11	1.0992041534965971e+10
/SS/5/PX1PY-2PZ0/b_X/eta0/bT0/bz7	3.2080078125000000e-01	3.6242348597888202e-11	8.8515450477371292e+09
/SS/5/PX1PY-2PZ0/b_X/eta0/bT0/bz8	2.4488735198974609e-01	3.8506266337692673e-11	6.3596753277019987e+09
/SS/5/PX1PY-2PZ0/b_X/eta0/bT0/bz9	1.8706321716308594e-01	3.6520988818868567e-11	5.1220742705202913e+09
/SS/5/PX1PY0PZ-1/b_X/eta0/bT0/bz-1	1.7131652832031250e+00	2.3542554611791513e-11	7.2768877951123871e+10
/SS/5/PX1PY0PZ-1/b_X/eta0/bT0/bz-10	2.3396873474121094e-01	1.7818055975654794e-11	1.0682638839590273e+10
/SS/5/PX1PY0PZ-1/b_X/eta0/bT0/bz-11	1.9016456604003906e-01	2.0742267125315198e-11	6.6066682293581390e+09
/SS/5/PX1PY0PZ-1/b_X/eta0/bT0/bz-12	1.6055488586425781e-01	1.9455554750458776e-11	4.8049991925066147e+09
/SS/5/PX1PY0PZ-1/b_X/eta0/bT0/bz-13	1.3870620727539062e-01	2.9646043377228467e-11	2.4430027483407435e+09
/SS/5/PX1PY0PZ-1/b_X/eta0/bT0/bz-14	1.2743377685546875e-01	6.8692265682429569e-11	8.1793027751108968e+08
/SS/5/PX1PY0PZ-1/b_X/eta0/bT0/bz-15	1.2277030944824219e-01	6.0106460501520327e-11	7.9959614343345881e+08
/SS/5/PX1PY0PZ-1/b_X/eta0/bT0/bz-16	1.0600280761718750e-01	3.4365751853148923e-11	6.8763853025827801e+08
/SS/5/PX1PY0PZ-1/b_X/eta0/bT0/bz-17	8.0410003662109375e-02	3.3216143909137370e-11	9.4712403810832345e+08
/SS/5/PX1PY0PZ-1/b_X/eta0/bT0/bz-18	8.3425521850585938e-02	3.1578935302288952e-10	1.4637906978684315e+08
/SS/5/PX1PY0PZ-1/b_X/eta0/bT0/bz-19	8.4360122680664062e-02	2.8631818511703987e-11	1.3757285543852491e+09
/SS/5/PX1PY0PZ-1/b_X/eta0/bT0/bz-2	1.4968032836914062e+00	2.3462211191591631e-11	6.3796343467738861e+10
/SS/5/PX1PY0PZ-1/b_X/eta0/bT0/bz-20	8.2476615905761719e-02	2.7174267975685889e-11	1.1508272536200457e+09
/SS/5/PX1PY0PZ-1/b_X/eta0/bT0/bz-3	1.2420959472656250e+00	2.3603838230968027e-11	5.2622625825151016e+10
/SS/5/PX1PY0PZ-1/b_X/eta0/bT0/bz-4	1.0064926147460938e+00	2.3870706567397631e-11	4.2164341131014160e+10
/SS/5/PX1PY0PZ-1/b_X/eta0/bT0/bz-5	8.0577850341796875e-01	2.3964766059272611e-11	3.3623466276491837e+10
/SS/5/PX1PY0PZ-1/b_X/eta0/bT0/bz-6	6.3685226440429688e-01	2.3385240977300276e-11	2.7233085390160419e+10
/SS/5/PX1PY0PZ-1/b_X/eta0/bT0/bz-7	4.9732971191406250e-01	2.5954384737670144e-11	1.6103386592875793e+10
/SS/5/PX1PY0PZ-1/b_X/eta0/bT0/bz-8	3.8318252563476562e-01	2.5947168542079297e-11	1.2214979133482538e+10
/SS/5/PX1PY0PZ-1/b_X/eta0/bT0/bz-9	2.9697799682617188e-01	2.1052879175922112e-11	1.0913796815302402e+10
/SS/5/PX1PY0PZ-1/b_X/eta0/bT0/bz0	1.8324890136718750e+00	2.3675230951036203e-11	7.5031261573028702e+10
/SS/5/PX1PY0PZ-1/b_X/eta0/bT0/bz1	1.6845550537109375e+00	2.3126185963524376e-11	6.8144731554983673e+10
/SS/5/PX1PY0PZ-1/b_X/eta0/bT0/bz10	2.0034599304199219e-01	1.3225573893420497e-11	1.5148378033081875e+10
/SS/5/PX1PY0PZ-1/b_X/eta0/bT0/bz11	1.8474388122558594e-01	1.6389729871526550e-11	1.1271929596993338e+10
/SS/5/PX1PY0PZ-1/b_X/eta0/bT0/bz12	1.6062736511230469e-01	1.8601613754001284e-11	8.6351306524549828e+09
/SS/5/PX1PY0PZ-1/b_X/eta0/bT0/bz13	1.3345623016357422e-01	2.0068187847881097e-11	6.6501385762972727e+09
/SS/5/PX1PY0PZ-1/b_X/eta0/bT0/bz14	1.0860824584960938e-01	2.1826902346271646e-11	4.9758891173195381e+09
/SS/5/PX1PY0PZ-1/b_X/eta0/bT0/bz15	8.6454868316650391e-02	2.4037347917130338e-11	3.5966891445223827e+09
/SS/5/PX1PY0PZ-1/b_X/eta0/bT0/bz16	7.7241897583007812e-02	2.7321316810055799e-11	2.4652968381097097e+09
/SS/5/PX1PY0PZ-1/b_X/eta0/bT0/bz17	6.1368942260742188e-02	2.8011349207206232e-11	1.7818568434516654e+09
/SS/5/PX1PY0PZ-1/b_X/eta0/bT0/bz18	6.1562538146972656e-02	1.8081635906361085e-11	3.1359227740349832e+09
/SS/5/PX1PY0PZ-1/b_X/eta0/bT0/bz19	6.2734127044677734e-02	2.0554032973024520e-11	3.0521565829446282e+09
/SS/5/PX1PY0PZ-1/b_X/eta0/bT0/bz2	1.3861236572265625e+00	2.1510076686648311e-11	5.7941338377912537e+10
/SS/5/PX1PY0PZ-1/b_X/eta0/bT0/bz20	6.4775705337524414e-02	9.4875419812966740e-11	6.8274486126354337e+08
/SS/5/PX1PY0PZ-1/b_X/eta0/bT0/bz3	1.0643157958984375e+00	1.9147787386795873e-11	4.8141264963614067e+10
/SS/5/PX1PY0PZ-1/b_X/eta0/bT0/bz4	7.8496551513671875e-01	1.6695906703194882e-11	3.9817381846848541e+10
/SS/5/PX1PY0PZ-1/b_X/eta0/bT0/bz5	5.6903839111328125e-01	1.4567225853179625e-11	3.7870371841953110e+10
/SS/5/PX1PY0PZ-1/b_X/eta0/bT0/bz6	4.1365051269531250e-01	1.3614501542160954e-11	2.9127533830012230e+10
/SS/5/PX1PY0PZ-1/b_X/eta0/bT0/bz7	3.0725479125976562e-01	1.2744506593194334e-11	2.2860933550378395e+10
/SS/5/PX1PY0PZ-1/b_X/eta0/bT0/bz8	2.3413848876953125e-01	1.2024060548850924e-11	1.8340213219367889e+10
/SS/5/PX1PY0PZ-1/b_X/eta0/bT0/bz9	2.1295166015625000e-01	1.0947392754168768e-11	1.5003170997606279e+10
/SS/5/PX1PY0PZ-2/b_X/eta0/bT0/bz-1	4.6416473388671875e-01	1.1760055696918229e-11	3.9469603363218346e+10
/SS/5/PX1PY0PZ-2/b_X/eta0/bT0/bz-10	1.1584091186523438e-01	9.1491704854760007e-12	8.6124077416457157e+09
/SS/5/PX1PY0PZ-2/b_X/eta0/bT0/bz-11	1.0067939758300781e-01	1.7138863893555793e-11	5.3671941404394112e+09
/SS/5/PX1PY0PZ-2/b_X/eta0/bT0/bz-12	1.0205936431884766e-01	3.2319968587032444e-11	3.1577804305105777e+09
/SS/5/PX1PY0PZ-2/b_X/eta0/bT0/bz-13	1.0544514656066895e-01	6.8135744302237510e-11	1.5475745901143143e+09
/SS/5/PX1PY0PZ-2/b_X/eta0/bT0/bz-14	8.2254409790039062e-02	4.4949257912320673e-11	7.2779334711612976e+08
/SS/5/PX1PY0PZ-2/b_X/eta0/bT0/bz-15	6.6869735717773438e-02	3.5871835399370781e-11	1.4072556374190295e+09
/SS/5/PX1PY0PZ-2/b_X/eta0/bT0/bz-16	5.7893037796020508e-02	2.6966141347874125e-11	2.1468788229349136e+09
/SS/5/PX1PY0PZ-2/b_X/eta0/bT0/bz-17	5.6314945220947266e-02	3.2826012202474133e-11	3.6544827764748335e+08
/SS/5/PX1PY0PZ-2/b_X/eta0/bT0/bz-18	5.3097248077392578e-02	6.5005894704642295e-11	7.1265653518244934e+08
/SS/5/PX1PY0PZ-2/b_X/eta0/bT0/bz-19	5.1091432571411133e-02	2.8457816668418200e-11	1.7953391564332893e+09
/SS/5/PX1PY0PZ-2/b_X/eta0/bT0/bz-2	4.2318725585937500e-01	1.1158677478699197e-11	3.7924499266799072e+10
/SS/5/PX1PY0PZ-2/b_X/eta0/bT0/bz-20	5.1598072052001953e-02	2.2372726248255545e-11	1.8638927905548017e+09
/SS/5/PX1PY0PZ-2/b_X/eta0/bT0/bz-3	3.6222839355468750e-01	1.0208367136942604e-11	3.5483480236896591e+10
/SS/5/PX1PY0PZ-2/b_X/eta0/bT0/bz-4	3.0762863159179688e-01	9.3279925730883602e-12	3.2979081960176304e+10
/SS/5/PX1PY0PZ-2/b_X/eta0/bT0/bz-5	2.6577758789062500e-01	8.6595860872189165e-12	3.0691719582636684e+10
/SS/5/PX1PY0PZ-2/b_X/eta0/bT0/bz-6	2.3223495483398438e-01	8.1445141662466806e-12	2.8514279684899559e+10
/SS/5/PX1PY0PZ-2/b_X/eta0/bT0/bz-7	2.0229339599609375e-01	8.4767490006167504e-12	9.5899027710451469e+09
/SS/5/PX1PY0PZ-2/b_X/eta0/bT0/bz-8	1.7098236083984375e-01	7.6217285369133432e-12	7.8328704463684072e+09
/SS/5/PX1PY0PZ-2/b_X/eta0/bT0/bz-9	1.4059448242187500e-01	6.6982244161109324e-12	2.0989813671173740e+10
/SS/5/PX1PY0PZ-2/b_X/eta0/bT0/bz0	4.5439147949218750e-01	1.1645269407766043e-11	3.9019404668230446e+10
/SS/5/PX1PY0PZ-2/b_X/eta0/bT0/bz1	3.9297485351562500e-01	1.1107878902022136e-11	3.5378028243005585e+10
/SS/5/PX1PY0PZ-2/b_X/eta0/bT0/bz10	8.6153030395507812e-02	1.1275063415031053e-11	7.6410240212622814e+09
/SS/5/PX1PY0PZ-2/b_X/eta0/bT0/bz11	6.1084747314453125e-02	1.5344438421848346e-11	3.1660100669256487e+09
/SS/5/PX1PY0PZ-2/b_X/eta0/bT0/bz12	7.9880714416503906e-02	5.8833412930537448e-11	1.3577440171763666e+09
/SS/5/PX1PY0PZ-2/b_X/eta0/bT0/bz13	7.1709632873535156e-02	5.0461533749285692e-11	1.3048083081687136e+09
/SS/5/PX1PY0PZ-2/b_X/eta0/bT0/bz14	1.0132706165313721e-01	1.2360557768937876e-10	8.1976124012601161e+08
/SS/5/PX1PY0PZ-2/b_X/eta0/bT0/bz15	1.1093759536743164e-01	8.6306272688975641e-11	1.2853943509670565e+09
/SS/5/PX1PY0PZ-2/b_X/eta0/bT0/bz16	1.0364532470703125e-01	1.8626878644244413e-10	1.0080240834424642e+08
/SS/5/PX1PY0PZ-2/b_X/eta0/bT0/bz17	8.8248252868652344e-02	4.6341973326477822e-11	6.2448705373860085e+08
/SS/5/PX1PY0PZ-2/b_X/eta0/bT0/bz18	6.6057682037353516e-02	3.7920449357701419e-11	8.2773712068933082e+08
/SS/5/PX1PY0PZ-2/b_X/eta0/bT0/bz19	4.0598034858703613e-02	4.7543236372304318e-11	8.5391820070443201e+08
/SS/5/PX1PY0PZ-2/b_X/eta0/bT0/bz2	3.1999206542968750e-01	1.0749830154185559e-11	2.9767174070661503e+10
/SS/5/PX1PY0PZ-2/b_X/eta0/bT0/bz20	3.8510322570800781e-02	2.7087789108891652e-11	1.4216857055402741e+09
/SS/5/PX1PY0PZ-2/b_X/eta0/bT0/bz3	2.5663375854492188e-01	1.0818148932029717e-11	2.3722520382862938e+10
/SS/5/PX1PY0PZ-2/b_X/eta0/bT0/bz4	1.9694137573242188e-01	1.0672286101925772e-11	1.8453532247124126e+10
/SS/5/PX1PY0PZ-2/b_X/eta0/bT0/bz5	1.4125442504882812e-01	9.4762238333044987e-12	1.4629839671867720e+10
/SS/5/PX1PY0PZ-2/b_X/eta0/bT0/bz6	1.3184738159179688e-01	7.0595978789535848e-12	1.2257979697213301e+10
/SS/5/PX1PY0PZ-2/b_X/eta0/bT0/bz7	1.1896133422851562e-01	4.9766093043370511e-12	2.3904093521032955e+10
/SS/5/PX1PY0PZ-2/b_X/eta0/bT0/bz8	1.0598754882812500e-01	5.2054574499000344e-12	2.0360852018905731e+10
/SS/5/PX1PY0PZ-2/b_X/eta0/bT0/bz9	1.0319900512695312e-01	7.7772613459596705e-12	1.3269324577933281e+10
/SS/5/PX1PY0PZ0/b_X/eta0/bT0/bz-1	1.4656066894531250e+00	5.5291679217744661e-12	2.6506821825421616e+11
/SS/5/PX1PY0PZ0/b_X/eta0/bT0/bz-10	1.3965034484863281e-01	1.2127283739273149e-11	1.1515385295751543e+10
/SS/5/PX1PY0PZ0/b_X/eta0/bT0/bz-11	1.4913702011108398e-01	6.5605279401764353e-11	2.2732472366709132e+09
/SS/5/PX1PY0PZ0/b_X/eta0/bT0/bz-12	1.4219331741333008e-01	4.2451616008212794e-11	3.3495383870856886e+09
/SS/5/PX1PY0PZ0/b_X/eta0/bT0/bz-13	7.8183412551879883e-02	4.6965473669655385e-11	1.6646997558633068e+09
/SS/5/PX1PY0PZ0/b_X/eta0/bT0/bz-14	4.8518657684326172e-02	2.0886139535999727e-11	2.1778751305968246e+09
/SS/5/PX1PY0PZ0/b_X/eta0/bT0/bz-15	7.3758125305175781e-02	1.1691586121833865e-11	6.3086500442770176e+09
/SS/5/PX1PY0PZ0/b_X/eta0/bT0/bz-16	8.2998275756835938e-02	1.3837365385929619e-11	2.8077065290493460e+09
/SS/5/PX1PY0PZ0/b_X/eta0/bT0/bz-17	8.1858634948730469e-02	1.6184181826001466e-11	3.6977740477517161e+09
/SS/5/PX1PY0PZ0/b_X/eta0/bT0/bz-18	7.0535659790039062e-02	1.5896134466541807e-11	2.0829352356700206e+09
/SS/5/PX1PY0PZ0/b_X/eta0/bT0/bz-19	5.3637504577636719e-02	2.4352960068102754e-11	1.3202476165044706e+09
/SS/5/PX1PY0PZ0/b_X/eta0/bT0/bz-2	1.2388000488281250e+00	5.6560641499650007e-12	2.1902156976698904e+11
/SS/5/PX1PY0PZ0/b_X/eta0/bT0/bz-20	4.1352272033691406e-02	7.9128838399678121e-12	5.2259420042060947e+09
/SS/5/PX1PY0PZ0/b_X/eta0/bT0/bz-3	9.8013305664062500e-01	5.7681721916041779e-12	1.6992090805944571e+11
/SS/5/PX1PY0PZ0/b_X/eta0/bT0/bz-4	7.4868774414062500e-01	5.9916965694216099e-12	1.2125901784126437e+11
/SS/5/PX1PY0PZ0/b_X/eta0/bT0/bz-5	5.6893920898437500e-01	6.3094420395107123e-12	8.9688984799004303e+10
/SS/5/PX1PY0PZ0/b_X/eta0/bT0/bz-6	4.4147491455078125e-01	6.7736833934749665e-12	5.5373701655610153e+10
/SS/5/PX1PY0PZ0/b_X/eta0/bT0/bz-7	3.4161376953125000e-01	7.6707959439085613e-12	3.4966253319985626e+10
/SS/5/PX1PY0PZ0/b_X/eta0/bT0/bz-8	2.5637817382812500e-01	9.1775841342240426e-12	1.9806316863546326e+10
/SS/5/PX1PY0PZ0/b_X/eta0/bT0/bz-9	1.8295669555664062e-01	1.1296623648972558e-11	9.4234299736287384e+09
/SS/5/PX1PY0PZ0/b_X/eta0/bT0/bz0	1.5519409179687500e+00	5.3829644938080617e-12	2.5663167768864581e+11
/SS/5/PX1PY0PZ0/b_X/eta0/bT0/bz1	1.4081420898437500e+00	5.2756738352077445e-12	2.3941235999244888e+11
/SS/5/PX1PY0PZ0/b_X/eta0/bT0/bz10	1.8127441406250000e-01	9.5714907206714261e-12	9.0418555887356529e+09
/SS/5/PX1PY0PZ0/b_X/eta0/bT0/bz11	1.3351249694824219e-01	3.3869436272932753e-11	2.3454105364020190e+09
/SS/5/PX1PY0PZ0/b_X/eta0/bT0/bz12	1.3253211975097656e-01	3.5526648202631652e-11	2.7921563728179092e+09
/SS/5/PX1PY0PZ0/b_X/eta0/bT0/bz13	1.2062644958496094e-01	1.2465009137217431e-11	6.3455063095184202e+09
/SS/5/PX1PY0PZ0/b_X/eta0/bT0/bz14	1.0883522033691406e-01	1.2835798859911420e-11	4.6195530908532953e+09
/SS/5/PX1PY0PZ0/b_X/eta0/bT0/bz15	9.2542648315429688e-02	1.2944277400062255e-11	7.1493097262412348e+09
/SS/5/PX1PY0PZ0/b_X/eta0/bT0/bz16	6.4547538757324219e-02	1.1850096040791007e-11	4.9754838049029312e+09
/SS/5/PX1PY0PZ0/b_X/eta0/bT0/bz17	6.7393779754638672e-02	2.4807326516006278e-11	2.7166885440538945e+09
/SS/5/PX1PY0PZ0/b_X/eta0/bT0/bz18	5.0811052322387695e-02	4.8484868272030360e-11	1.0479775264584817e+09
/SS/5/PX1PY0PZ0/b_X/eta0/bT0/bz19	4.9104452133178711e-02	3.5410388455799066e-11	1.3867244691334925e+09
/SS/5/PX1PY0PZ0/b_X/eta0/bT0/bz2	1.1849060058593750e+00	5.1966972949262303e-12	2.0203731297522192e+11
/SS/5/PX1PY0PZ0/b_X/eta0/bT0/bz20	6.0635566711425781e-02	7.8565964390616544e-11	2.9871297846654433e+08
/SS/5/PX1PY0PZ0/b_X/eta0/bT0/bz3	9.5025634765625000e-01	5.2027842349994142e-12	1.6123428333946555e+11
/SS/5/PX1PY0PZ0/b_X/eta0/bT0/bz4	7.5161743164062500e-01	5.3372722770001486e-12	1.2507737788853983e+11
/SS/5/PX1PY0PZ0/b_X/eta0/bT0/bz5	5.9429931640625000e-01	5.6501497452726292e-12	9.5215020880938461e+10
/SS/5/PX1PY0PZ0/b_X/eta0/bT0/bz6	4.7106933593750000e-01	6.1711452681742042e-12	7.1549697813579041e+10
/SS/5/PX1PY0PZ0/b_X/eta0/bT0/bz7	3.7304687500000000e-01	6.8671129479508825e-12	5.3192681427525604e+10
/SS/5/PX1PY0PZ0/b_X/eta0/bT0/bz8	2.9652404785156250e-01	7.6084413521458020e-12	3.8973034571388802e+10
/SS/5/PX1PY0PZ0/b_X/eta0/bT0/bz9	2.3577499389648438e-01	8.3708695873715051e-12	2.8166129150092148e+10
/SS/5/PX1PY1PZ-1/b_X/eta0/bT0/bz-1	6.3485717773437500e-01	1.2673039444150195e-11	5.0095099958630806e+10
/SS/5/PX1PY1PZ-1/b_X/eta0/bT0/bz-10	7.1258544921875000e-02	4.7611819126966153e-12	1.4343226472214457e+10
/SS/5/PX1PY1PZ-1/b_X/eta0/bT0/bz-11	6.3224792480468750e-02	4.7613765953695533e-12	1.3278679225238131e+10
/SS/5/PX1PY1PZ-1/b_X/eta0/bT0/bz-12	5.4712295532226562e-02	4.8017533635286800e-12	7.2750696600313396e+09
/SS/5/PX1PY1PZ-1/b_X/eta0/bT0/bz-13	4.2619705200195312e-02	9.0578023371797864e-12	4.4680901016363974e+09
/SS/5/PX1PY1PZ-1/b_X/eta0/bT0/bz-14	3.6363601684570312e-02	1.5166485923388330e-11	2.3416022701663656e+09
/SS/5/PX1PY1PZ-1/b_X/eta0/bT0/bz-15	5.4430484771728516e-02	7.1901335717251431e-11	4.9981089347044164e+08
/SS/5/PX1PY1PZ-1/b_X/eta0/bT0/bz-16	6.9558620452880859e-02	7.2427028009737653e-11	5.3373652156141078e+08
/SS/5/PX1PY1PZ-1/b_X/eta0/bT0/bz-17	7.8742980957031250e-02	3.6108707668617458e-11	2.1807199991670647e+09
/SS/5/PX1PY1PZ-1/b_X/eta0/bT0/bz-18	8.3590388298034668e-02	1.3678419582896080e-10	6.1111145035029256e+08
/SS/5/PX1PY1PZ-1/b_X/eta0/bT0/bz-19	8.3590030670166016e-02	6.6135571374322453e-11	1.2639193845782719e+09
/SS/5/PX1PY1PZ-1/b_X/eta0/bT0/bz-2	5.7548522949218750e-01	1.2467769449349831e-11	4.6157833751264778e+10
/SS/5/PX1PY1PZ-1/b_X/eta0/bT0/bz-20	8.0880641937255859e-02	3.0274004862071033e-11	9.2709877294326818e+08
/SS/5/PX1PY1PZ-1/b_X/eta0/bT0/bz-3	4.9913024902343750e-01	1.2500096780707077e-11	3.9930110764726723e+10
/SS/5/PX1PY1PZ-1/b_X/eta0/bT0/bz-4	4.1996002197265625e-01	1.2137925499099298e-11	3.4598994861504105e+10
/SS/5/PX1PY1PZ-1/b_X/eta0/bT0/bz-5	3.3641815185546875e-01	1.0753511766637812e-11	3.1284491908883930e+10
/SS/5/PX1PY1PZ-1/b_X/eta0/bT0/bz-6	2.5478363037109375e-01	8.6993180037609384e-12	2.9287770634542187e+10
/SS/5/PX1PY1PZ-1/b_X/eta0/bT0/bz-7	1.8650817871093750e-01	6.8122230170935912e-12	2.7378460488293072e+10
/SS/5/PX1PY1PZ-1/b_X/eta0/bT0/bz-8	1.3401031494140625e-01	5.3111844258997044e-12	2.5231719367136299e+10
/SS/5/PX1PY1PZ-1/b_X/eta0/bT0/bz-9	9.5745086669921875e-02	4.3776097455049037e-12	1.6462260818830215e+10
/SS/5/PX1PY1PZ-1/b_X/eta0/bT0/bz0	6.4243316650390625e-01	1.3646914533984241e-11	4.7075341822071686e+10
/SS/5/PX1PY1PZ-1/b_X/eta0/bT0/bz1	5.6813812255859375e-01	1.6115064569670233e-11	3.5255094393346245e+10
/SS/5/PX1PY1PZ-1/b_X/eta0/bT0/bz10	1.0240745544433594e-01	1.3830082551252283e-11	5.7253216565513849e+09
/SS/5/PX1PY1PZ-1/b_X/eta0/bT0/bz11	8.6753845214843750e-02	1.3864005066558903e-11	5.8251567096603346e+09
/SS/5/PX1PY1PZ-1/b_X/eta0/bT0/bz12	8.2693099975585938e-02	1.4357160384522237e-11	5.7597113747321081e+09
/SS/5/PX1PY1PZ-1/b_X/eta0/bT0/bz13	1.0223913192749023e-01	2.4850415050350798e-11	4.1141820657859387e+09
/SS/5/PX1PY1PZ-1/b_X/eta0/bT0/bz14	1.0068511962890625e-01	2.0586314770669712e-11	3.5198225310235848e+09
/SS/5/PX1PY1PZ-1/b_X/eta0/bT0/bz15	1.0532665252685547e-01	1.9758550503391096e-11	2.7393842810233173e+09
/SS/5/PX1PY1PZ-1/b_X/eta0/bT0/bz16	9.8937988281250000e-02	2.8111264423101122e-11	2.5539579310368629e+09
/SS/5/PX1PY1PZ-1/b_X/eta0/bT0/bz17	1.0932922363281250e-01	2.5149287934822069e-11	2.7187502869371500e+09
/SS/5/PX1PY1PZ-1/b_X/eta0/bT0/bz18	1.1597824096679688e-01	2.4341205889817492e-11	2.6153633788067818e+09
/SS/5/PX1PY1PZ-1/b_X/eta0/bT0/bz19	1.1826419830322266e-01	2.2430842574480614e-11	2.2843957310281420e+09
/SS/5/PX1PY1PZ-1/b_X/eta0/bT0/bz2	4.4870758056640625e-01	2.1240277351004019e-11	2.1125316451915165e+10
/SS/5/PX1PY1PZ-1/b_X/eta0/bT0/bz20	1.1488151550292969e-01	1.6855322627045913e-11	1.8687104127657306e+09
/SS/5/PX1PY1PZ-1/b_X/eta0/bT0/bz3	3.6441802978515625e-01	3.0632882563230224e-11	9.8387014752245750e+09
/SS/5/PX1PY1PZ-1/b_X/eta0/bT0/bz4	3.0007934570312500e-01	1.7882600364049864e-11	3.2312485687047234e+09
/SS/5/PX1PY1PZ-1/b_X/eta0/bT0/bz5	2.5339126586914062e-01	1.1420187078500217e-10	2.1774483110039725e+09
/SS/5/PX1PY1PZ-1/b_X/eta0/bT0/bz6	2.1857452392578125e-01	4.9162233697689059e-11	3.1695621249523225e+09
/SS/5/PX1PY1PZ-1/b_X/eta0/bT0/bz7	1.9163131713867188e-01	2.2871345658924743e-11	4.0367405042658868e+09
/SS/5/PX1PY1PZ-1/b_X/eta0/bT0/bz8	1.6165542602539062e-01	1.5114245048109352e-11	4.9140499922627287e+09
/SS/5/PX1PY1PZ-1/b_X/eta0/bT0/bz9	1.2631797790527344e-01	1.3750270409952129e-11	5.4900043372831345e+09
/SS/5/PX1PY1PZ-2/b_X/eta0/bT0/bz-1	7.5598144531250000e-01	1.8957369364726959e-11	2.8930324140681271e+10
/SS/5/PX1PY1PZ-2/b_X/eta0/bT0/bz-10	1.6077899932861328e-01	1.9312261695058099e-11	8.3252289072778940e+09
/SS/5/PX1PY1PZ-2/b_X/eta0/bT0/bz-11	1.2318801879882812e-01	1.2218846377476280e-11	1.0081804369511337e+10
/SS/5/PX1PY1PZ-2/b_X/eta0/bT0/bz-12	9.5401763916015625e-02	1.4339556627313879e-11	4.6919034822648592e+09
/SS/5/PX1PY1PZ-2/b_X/eta0/bT0/bz-13	7.3169708251953125e-02	1.6410574142849352e-11	4.1288992034365816e+09
/SS/5/PX1PY1PZ-2/b_X/eta0/bT0/bz-14	7.4376106262207031e-02	2.0009936988394417e-11	3.4554955871427975e+09
/SS/5/PX1PY1PZ-2/b_X/eta0/bT0/bz-15	8.3348274230957031e-02	1.8878565521745793e-11	4.4149686126814051e+09
/SS/5/PX1PY1PZ-2/b_X/eta0/bT0/bz-16	8.8786125183105469e-02	1.7141406322804787e-11	5.1796289937416124e+09
/SS/5/PX1PY1PZ-2/b_X/eta0/bT0/bz-17	9.1767311096191406e-02	1.5912686533783452e-11	5.7669275958754473e+09
/SS/5/PX1PY1PZ-2/b_X/eta0/bT0/bz-18	9.3154907226562500e-02	1.6284974636704401e-11	5.7202979620614443e+09
/SS/5/PX1PY1PZ-2/b_X/eta0/bT0/bz-19	9.1695785522460938e-02	1.8586043979486704e-11	4.9335827260316925e+09
/SS/5/PX1PY1PZ-2/b_X/eta0/bT0/bz-2	6.6107177734375000e-01	1.9883925869980021e-11	1.8526597949166000e+10
/SS/5/PX1PY1PZ-2/b_X/eta0/bT0/bz-20	8.2306385040283203e-02	2.1926372986966935e-11	3.7537619691686459e+09
/SS/5/PX1PY1PZ-2/b_X/eta0/bT0/bz-3	5.3569793701171875e-01	2.2134381343516157e-11	1.7108107169888838e+10
/SS/5/PX1PY1PZ-2/b_X/eta0/bT0/bz-4	4.1065216064453125e-01	2.8571853612857991e-11	1.2229403717469711e+10
/SS/5/PX1PY1PZ-2/b_X/eta0/bT0/bz-5	3.4307479858398438e-01	6.7135145532754587e-11	3.3719668794367895e+09
/SS/5/PX1PY1PZ-2/b_X/eta0/bT0/bz-6	3.2379245758056641e-01	5.0156941304847188e-11	6.4555861892095671e+09
/SS/5/PX1PY1PZ-2/b_X/eta0/bT0/bz-7	2.8943538665771484e-01	5.4254854654345622e-11	5.3347371124978600e+09
/SS/5/PX1PY1PZ-2/b_X/eta0/bT0/bz-8	2.5079345703125000e-01	4.6287857666454198e-11	5.4181262576125965e+09
/SS/5/PX1PY1PZ-2/b_X/eta0/bT0/bz-9	2.0648860931396484e-01	3.1475704644503738e-11	6.5602537463771029e+09
/SS/5/PX1PY1PZ-2/b_X/eta0/bT0/bz0	8.0990600585937500e-01	2.1826298989717440e-11	2.5629045368377945e+10
/SS/5/PX1PY1PZ-2/b_X/eta0/bT0/bz1	7.3094940185546875e-01	2.3112350074791397e-11	2.4619708328474201e+10
/SS/5/PX1PY1PZ-2/b_X/eta0/bT0/bz10	6.0029983520507812e-02	7.7927808993963350e-12	5.8739569904259834e+09
/SS/5/PX1PY1PZ-2/b_X/eta0/bT0/bz11	6.3272476196289062e-02	8.6683520102856075e-12	5.4398375283739052e+09
/SS/5/PX1PY1PZ-2/b_X/eta0/bT0/bz12	6.4353942871093750e-02	8.6474154412457534e-12	5.4556549386164780e+09
/SS/5/PX1PY1PZ-2/b_X/eta0/bT0/bz13	6.9847106933593750e-02	6.0152957767369234e-12	7.4333791152792034e+09
/SS/5/PX1PY1PZ-2/b_X/eta0/bT0/bz14	6.7417144775390625e-02	6.7627615587347945e-12	6.2337216521094112e+09
/SS/5/PX1PY1PZ-2/b_X/eta0/bT0/bz15	6.5309524536132812e-02	7.4391367792440964e-12	5.0695466371189966e+09
/SS/5/PX1PY1PZ-2/b_X/eta0/bT0/bz16	6.9568634033203125e-02	8.2965495147498306e-12	3.6729432371799402e+09
/SS/5/PX1PY1PZ-2/b_X/eta0/bT0/bz17	6.0661315917968750e-02	1.1249826350504087e-11	2.1381496280517900e+09
/SS/5/PX1PY1PZ-2/b_X/eta0/bT0/bz18	6.2784194946289062e-02	2.3343222980505223e-11	8.0933668167265296e+08
/SS/5/PX1PY1PZ-2/b_X/eta0/bT0/bz19	6.8083763122558594e-02	3.1778983020551380e-11	2.5502807789147460e+08
/SS/5/PX1PY1PZ-2/b_X/eta0/bT0/bz2	5.7541275024414062e-01	2.4009150009968903e-11	2.1387370399006504e+10
/SS/5/PX1PY1PZ-2/b_X/eta0/bT0/bz20	6.9093704223632812e-02	2.6566309796768332e-11	4.1228495801902354e+08
/SS/5/PX1PY1PZ-2/b_X/eta0/bT0/bz3	4.3459320068359375e-01	2.4685187626477517e-11	1.7500341219995556e+10
/SS/5/PX1PY1PZ-2/b_X/eta0/bT0/bz4	3.6781120300292969e-01	2.5485617048421974e-11	1.4432108993245031e+10
/SS/5/PX1PY1PZ-2/b_X/eta0/bT0/bz5	3.0720520019531250e-01	3.3198927383637159e-11	5.9884638770156898e+09
/SS/5/PX1PY1PZ-2/b_X/eta0/bT0/bz6	2.4421691894531250e-01	3.4732582800641256e-11	2.8861810441829791e+09
/SS/5/PX1PY1PZ-2/b_X/eta0/bT0/bz7	1.7680263519287109e-01	2.1343143990221423e-11	8.2838140094952745e+09
/SS/5/PX1PY1PZ-2/b_X/eta0/bT0/bz8	1.1253738403320312e-01	4.1208771847101643e-11	2.6694419687386322e+09
/SS/5/PX1PY1PZ-2/b_X/eta0/bT0/bz9	7.9290390014648438e-02	2.0791801876658679e-11	2.1997740653672242e+09
/SS/5/PX1PY1PZ0/b_X/eta0/bT0/bz-1	3.9392089843750000e-01	2.4275231835633755e-12	1.6227276472773422e+11
/SS/5/PX1PY1PZ0/b_X/eta0/bT0/bz-10	3.8875198364257812e-01	6.5815720774742037e-11	5.9066736497971878e+09
/SS/5/PX1PY1PZ0/b_X/eta0/bT0/bz-11	2.7642726898193359e-01	6.4566956654256958e-11	4.2812497801645803e+09
/SS/5/PX1PY1PZ0/b_X/eta0/bT0/bz-12	1.2682819366455078e-01	2.8706175426922512e-11	4.1909952732083888e+09
/SS/5/PX1PY1PZ0/b_X/eta0/bT0/bz-13	1.0374355316162109e-01	1.5441308464809869e-11	6.7185726778302851e+09
/SS/5/PX1PY1PZ0/b_X/eta0/bT0/bz-14	8.6887359619140625e-02	1.1243593772382454e-11	7.7277213476496572e+09
/SS/5/PX1PY1PZ0/b_X/eta0/bT0/bz-15	8.0661773681640625e-02	1.0303429641384253e-11	7.8286334248994598e+09
/SS/5/PX1PY1PZ0/b_X/eta0/bT0/bz-16	8.1062316894531250e-02	1.1036118521502117e-11	7.3451836111214514e+09
/SS/5/PX1PY1PZ0/b_X/eta0/bT0/bz-17	7.9790115356445312e-02	1.3707677237737523e-11	5.3006422045481691e+09
/SS/5/PX1PY1PZ0/b_X/eta0/bT0/bz-18	7.6470375061035156e-02	1.8637714186086042e-11	4.1029910802111135e+09
/SS/5/PX1PY1PZ0/b_X/eta0/bT0/bz-19	6.2625408172607422e-02	2.1163219467687487e-11	2.9591626296852140e+09
/SS/5/PX1PY1PZ0/b_X/eta0/bT0/bz-2	3.2624816894531250e-01	2.4007557795078814e-12	1.3589394295332631e+11
/SS/5/PX1PY1PZ0/b_X/eta0/bT0/bz-20	4.3798446655273438e-02	1.5790697339976640e-11	2.5106677782339706e+09
/SS/5/PX1PY1PZ0/b_X/eta0/bT0/bz-3	2.9658508300781250e-01	2.6912891169568974e-12	1.1020186613884430e+11
/SS/5/PX1PY1PZ0/b_X/eta0/bT0/bz-4	2.7320861816406250e-01	3.3020990975605379e-12	8.2737861612299393e+10
/SS/5/PX1PY1PZ0/b_X/eta0/bT0/bz-5	3.7950134277343750e-01	6.7746932127368296e-12	5.6017494941313683e+10
/SS/5/PX1PY1PZ0/b_X/eta0/bT0/bz-6	4.5230102539062500e-01	1.2336404912299778e-11	3.6663925074286987e+10
/SS/5/PX1PY1PZ0/b_X/eta0/bT0/bz-7	4.8603057861328125e-01	2.0681978672532325e-11	2.3500197263948299e+10
/SS/5/PX1PY1PZ0/b_X/eta0/bT0/bz-8	4.8026084899902344e-01	3.2298288452041062e-11	1.4869544858767084e+10
/SS/5/PX1PY1PZ0/b_X/eta0/bT0/bz-9	4.4630241394042969e-01	4.8050653500641741e-11	9.2881653302481956e+09
/SS/5/PX1PY1PZ0/b_X/eta0/bT0/bz0	4.3551635742187500e-01	2.4460864159811287e-12	1.7804618617580148e+11
/SS/5/PX1PY1PZ0/b_X/eta0/bT0/bz1	3.7567138671875000e-01	2.2391964550565542e-12	1.6567178768516342e+11
/SS/5/PX1PY1PZ0/b_X/eta0/bT0/bz10	9.2156410217285156e-02	1.9548037457499946e-11	4.7143561300025921e+09
/SS/5/PX1PY1PZ0/b_X/eta0/bT0/bz11	8.4501266479492188e-02	1.3690280772510871e-11	6.1723545253479996e+09
/SS/5/PX1PY1PZ0/b_X/eta0/bT0/bz12	8.4352493286132812e-02	1.3059396956272540e-11	3.7106654466365294e+09
/SS/5/PX1PY1PZ0/b_X/eta0/bT0/bz13	5.9937477111816406e-02	7.6011210464312399e-12	7.8853470094332104e+09
/SS/5/PX1PY1PZ0/b_X/eta0/bT0/bz14	5.3518295288085938e-02	7.8003694992814045e-12	6.6546197647142448e+09
/SS/5/PX1PY1PZ0/b_X/eta0/bT0/bz15	5.3722381591796875e-02	1.2791599007227537e-11	1.6887020998355725e+09
/SS/5/PX1PY1PZ0/b_X/eta0/bT0/bz16	5.9732437133789062e-02	6.1406046214403292e-11	7.8912273724884284e+08
/SS/5/PX1PY1PZ0/b_X/eta0/bT0/bz17	7.0566177368164062e-02	2.2098488664421860e-11	1.2407784580182528e+09
/SS/5/PX1PY1PZ0/b_X/eta0/bT0/bz18	7.7908515930175781e-02	1.7372281084693199e-11	2.6198171201568046e+09
/SS/5/PX1PY1PZ0/b_X/eta0/bT0/bz19	8.3944320678710938e-02	2.5566346910014149e-11	1.3947847827456262e+09
/SS/5/PX1PY1PZ0/b_X/eta0/bT0/bz2	3.1665039062500000e-01	2.1151730055515911e-12	1.4970425104419507e+11
/SS/5/PX1PY1PZ0/b_X/eta0/bT0/bz20	9.1571331024169922e-02	2.9738210729458923e-11	3.0792481718968582e+09
/SS/5/PX1PY1PZ0/b_X/eta0/bT0/bz3	2.4157714843750000e-01	2.0703729877144768e-12	1.1668291166423183e+11
/SS/5/PX1PY1PZ0/b_X/eta0/bT0/bz4	1.9497680664062500e-01	1.9154352114465651e-12	8.7413393771937256e+10
/SS/5/PX1PY1PZ0/b_X/eta0/bT0/bz5	1.6891479492187500e-01	2.0586928946698869e-12	5.8564986593921684e+10
/SS/5/PX1PY1PZ0/b_X/eta0/bT0/bz6	1.3640594482421875e-01	2.6912750268739528e-12	4.3775946038635887e+10
/SS/5/PX1PY1PZ0/b_X/eta0/bT0/bz7	1.0821914672851562e-01	3.4402878891171656e-12	3.1456421734602692e+10
/SS/5/PX1PY1PZ0/b_X/eta0/bT0/bz8	9.5695495605468750e-02	4.3786288889903121e-12	2.1855128176330925e+10
/SS/5/PX1PY1PZ0/b_X/eta0/bT0/bz9	8.9328765869140625e-02	8.2835886120571557e-12	9.0357185217869301e+09
/SS/5/PX1PY2PZ-1/b_X/eta0/bT0/bz-1	6.3516235351562500e-01	4.4177464221978552e-12	1.4377519504608142e+11
/SS/5/PX1PY2PZ-1/b_X/eta0/bT0/bz-10	1.3250541687011719e-01	1.7980085259973098e-11	4.6071055796078472e+09
/SS/5/PX1PY2PZ-1/b_X/eta0/bT0/bz-11	1.1978149414062500e-01	3.1015310592928472e-11	3.6940326941694441e+09
/SS/5/PX1PY2PZ-1/b_X/eta0/bT0/bz-12	1.0498523712158203e-01	1.8902494647241551e-11	5.0601638050054655e+09
/SS/5/PX1PY2PZ-1/b_X/eta0/bT0/bz-13	1.1644840240478516e-01	2.1221714911109976e-11	5.4872286661349020e+09
/SS/5/PX1PY2PZ-1/b_X/eta0/bT0/bz-14	1.1002922058105469e-01	1.9487061094830478e-11	5.6462706226257591e+09
/SS/5/PX1PY2PZ-1/b_X/eta0/bT0/bz-15	1.0237121582031250e-01	1.6240424127531805e-11	4.3988253512768908e+09
/SS/5/PX1PY2PZ-1/b_X/eta0/bT0/bz-16	9.6590042114257812e-02	1.6568187788570078e-11	4.5819939740940495e+09
/SS/5/PX1PY2PZ-1/b_X/eta0/bT0/bz-17	8.3992958068847656e-02	1.7327176648077403e-11	4.4925214293917332e+09
/SS/5/PX1PY2PZ-1/b_X/eta0/bT0/bz-18	6.9985389709472656e-02	2.3567396038088418e-11	2.9535606974855995e+09
/SS/5/PX1PY2PZ-1/b_X/eta0/bT0/bz-19	6.4274787902832031e-02	4.5387037034398881e-11	1.2226171664282823e+09
/SS/5/PX1PY2PZ-1/b_X/eta0/bT0/bz-2	5.5961608886718750e-01	4.6079712194785186e-12	1.2144522224913525e+11
/SS/5/PX1PY2PZ-1/b_X/eta0/bT0/bz-20	6.7334175109863281e-02	3.0074513614592326e-11	1.1844699727698798e+09
/SS/5/PX1PY2PZ-1/b_X/eta0/bT0/bz-3	4.7392272949218750e-01	4.8972528706270665e-12	9.6773179170448730e+10
/SS/5/PX1PY2PZ-1/b_X/eta0/bT0/bz-4	3.9601135253906250e-01	5.2781440992148197e-12	7.5028522354661255e+10
/SS/5/PX1PY2PZ-1/b_X/eta0/bT0/bz-5	3.2958984375000000e-01	5.7064422730607180e-12	5.7757500729648247e+10
/SS/5/PX1PY2PZ-1/b_X/eta0/bT0/bz-6	2.7229309082031250e-01	6.0926610181462373e-12	4.4691981058739555e+10
/SS/5/PX1PY2PZ-1/b_X/eta0/bT0/bz-7	2.2309875488281250e-01	6.4007754456559402e-12	3.4854957305872139e+10
/SS/5/PX1PY2PZ-1/b_X/eta0/bT0/bz-8	1.7827224731445312e-01	7.6278480805719045e-12	1.8518753684394669e+10
/SS/5/PX1PY2PZ-1/b_X/eta0/bT0/bz-9	1.3731765747070312e-01	1.0539496769623235e-11	1.3007870112397955e+10
/SS/5/PX1PY2PZ-1/b_X/eta0/bT0/bz0	6.6781616210937500e-01	4.3348335326375141e-12	1.5405808714021011e+11
/SS/5/PX1PY2PZ-1/b_X/eta0/bT0/bz1	6.2585449218750000e-01	4.3763523154669314e-12	1.4300825140965027e+11
/SS/5/PX1PY2PZ-1/b_X/eta0/bT0/bz10	1.9825744628906250e-01	1.3844525667832071e-11	6.6640319019481859e+09
/SS/5/PX1PY2PZ-1/b_X/eta0/bT0/bz11	1.8761444091796875e-01	1.2447429104564507e-11	1.0874592386615831e+10
/SS/5/PX1PY2PZ-1/b_X/eta0/bT0/bz12	1.7574501037597656e-01	1.6759955177843123e-11	7.1088757954899607e+09
/SS/5/PX1PY2PZ-1/b_X/eta0/bT0/bz13	1.5706825256347656e-01	2.1143961316255404e-11	4.8732016815874996e+09
/SS/5/PX1PY2PZ-1/b_X/eta0/bT0/bz14	1.3053512573242188e-01	2.1505261387290528e-11	3.8276443047848744e+09
/SS/5/PX1PY2PZ-1/b_X/eta0/bT0/bz15	1.1624908447265625e-01	1.8056541398698189e-11	3.4964457029297795e+09
/SS/5/PX1PY2PZ-1/b_X/eta0/bT0/bz16	1.1042976379394531e-01	1.5947050285941152e-11	3.2887217850165396e+09
/SS/5/PX1PY2PZ-1/b_X/eta0/bT0/bz17	1.0231971740722656e-01	1.8851155039330470e-11	2.6631683892404656e+09
/SS/5/PX1PY2PZ-1/b_X/eta0/bT0/bz18	9.3290328979492188e-02	2.9429059343474957e-11	1.7144083290219719e+09
/SS/5/PX1PY2PZ-1/b_X/eta0/bT0/bz19	8.5559844970703125e-02	4.4246301384427129e-11	9.4026946219323087e+08
/SS/5/PX1PY2PZ-1/b_X/eta0/bT0/bz2	5.4269409179687500e-01	4.5403529409386062e-12	1.1952685151491469e+11
/SS/5/PX1PY2PZ-1/b_X/eta0/bT0/bz20	7.9380035400390625e-02	1.5502226731125356e-11	2.4487146256979628e+09
/SS/5/PX1PY2PZ-1/b_X/eta0/bT0/bz3	4.5327758789062500e-01	4.8521977654141054e-12	9.3416964807480499e+10
/SS/5/PX1PY2PZ-1/b_X/eta0/bT0/bz4	3.7828063964843750e-01	5.4094416669650993e-12	6.9929701240436371e+10
/SS/5/PX1PY2PZ-1/b_X/eta0/bT0/bz5	3.1916809082031250e-01	6.3261866553346758e-12	5.0451892776696373e+10
/SS/5/PX1PY2PZ-1/b_X/eta0/bT0/bz6	2.7456665039062500e-01	7.8116794265600281e-12	3.5148222987375443e+10
/SS/5/PX1PY2PZ-1/b_X/eta0/bT0/bz7	2.4708557128906250e-01	1.0206388057992287e-11	2.3476352583008808e+10
/SS/5/PX1PY2PZ-1/b_X/eta0/bT0/bz8	2.2970581054687500e-01	1.4276954520928031e-11	1.4721646852953012e+10
/SS/5/PX1PY2PZ-1/b_X/eta0/bT0/bz9	2.1211624145507812e-01	1.9416724568944310e-11	8.8493508946596260e+09
/SS/5/PX1PY2PZ-2/b_X/eta0/bT0/bz-1	7.6824474334716797e-01	9.9890413511728529e-11	7.6908755939524193e+09
/SS/5/PX1PY2PZ-2/b_X/eta0/bT0/bz-10	1.2803173065185547e-01	2.9049661257247445e-11	3.8553677628518791e+09
/SS/5/PX1PY2PZ-2/b_X/eta0/bT0/bz-11	1.4763784408569336e-01	9.5921126000661299e-11	1.5391587884891543e+09
/SS/5/PX1PY2PZ-2/b_X/eta0/bT0/bz-12	1.2385979294776917e-01	8.1932227802730384e-10	1.5117347137928250e+08
/SS/5/PX1PY2PZ-2/b_X/eta0/bT0/bz-13	1.4492058753967285e-01	9.8833598652096131e-11	1.1966546148629351e+09
/SS/5/PX1PY2PZ-2/b_X/eta0/bT0/bz-14	1.3618946075439453e-01	7.5947825175384234e-11	1.0659169590791324e+09
/SS/5/PX1PY2PZ-2/b_X/eta0/bT0/bz-15	1.2383270263671875e-01	4.2831466154909282e-11	1.5164973288841846e+09
/SS/5/PX1PY2PZ-2/b_X/eta0/bT0/bz-16	1.0938644409179688e-01	2.5654343928413231e-11	1.7394081510516679e+09
/SS/5/PX1PY2PZ-2/b_X/eta0/bT0/bz-17	9.2885971069335938e-02	2.0217875829400956e-11	2.1980445922232852e+09
/SS/5/PX1PY2PZ-2/b_X/eta0/bT0/bz-18	7.5307846069335938e-02	1.8218780889652446e-11	2.5974707296924682e+09
/SS/5/PX1PY2PZ-2/b_X/eta0/bT0/bz-19	6.2536239624023438e-02	2.6556533200005372e-11	2.3548344640109420e+09
/SS/5/PX1PY2PZ-2/b_X/eta0/bT0/bz-2	6.3333320617675781e-01	8.9710432843387572e-11	7.0597497537705832e+09
/SS/5/PX1PY2PZ-2/b_X/eta0/bT0/bz-20	7.0190429687500000e-02	1.2621185815688718e-10	5.0340224450836605e+08
/SS/5/PX1PY2PZ-2/b_X/eta0/bT0/bz-3	4.6033287048339844e-01	7.7913809631364318e-11	5.9082320921205578e+09
/SS/5/PX1PY2PZ-2/b_X/eta0/bT0/bz-4	3.0343437194824219e-01	6.4008147091329971e-11	4.7405585966312551e+09
/SS/5/PX1PY2PZ-2/b_X/eta0/bT0/bz-5	2.0108795166015625e-01	4.3937435912770805e-11	3.9268105971219907e+09
/SS/5/PX1PY2PZ-2/b_X/eta0/bT0/bz-6	1.9419479370117188e-01	2.0134352547925789e-11	3.6089693319561734e+09
/SS/5/PX1PY2PZ-2/b_X/eta0/bT0/bz-7	1.8725204467773438e-01	1.7754867576506884e-11	5.6607478723418064e+09
/SS/5/PX1PY2PZ-2/b_X/eta0/bT0/bz-8	1.8684387207031250e-01	2.5204409732230366e-11	7.4131421467642708e+09
/SS/5/PX1PY2PZ-2/b_X/eta0/bT0/bz-9	1.4320135116577148e-01	3.3982254212507628e-11	4.2140038818573809e+09
/SS/5/PX1PY2PZ-2/b_X/eta0/bT0/bz0	7.7896022796630859e-01	1.0735226587168505e-10	7.2561135216035070e+09
/SS/5/PX1PY2PZ-2/b_X/eta0/bT0/bz1	5.4728984832763672e-01	8.8186932298946725e-11	6.2060198042989798e+09
/SS/5/PX1PY2PZ-2/b_X/eta0/bT0/bz10	1.8285560607910156e-01	1.0673258782611920e-10	1.3946601428820293e+09
/SS/5/PX1PY2PZ-2/b_X/eta0/bT0/bz11	1.6490840911865234e-01	4.5682797045253109e-11	1.2670326128867824e+09
/SS/5/PX1PY2PZ-2/b_X/eta0/bT0/bz12	1.3811683654785156e-01	2.6839252192981721e-11	3.8676763885147266e+09
/SS/5/PX1PY2PZ-2/b_X/eta0/bT0/bz13	1.1969089508056641e-01	3.8596241694239404e-11	2.1342270290199280e+09
/SS/5/PX1PY2PZ-2/b_X/eta0/bT0/bz14	1.0711383819580078e-01	2.5842977131517401e-11	1.1092475031955884e+09
/SS/5/PX1PY2PZ-2/b_X/eta0/bT0/bz15	9.4677925109863281e-02	2.6298974345505924e-11	3.6000615030084710e+09
/SS/5/PX1PY2PZ-2/b_X/eta0/bT0/bz16	8.0441951751708984e-02	4.9491453883532964e-11	1.6253705526819050e+09
/SS/5/PX1PY2PZ-2/b_X/eta0/bT0/bz17	9.2890083789825439e-02	2.0304347252591706e-10	4.5748864828919178e+08
/SS/5/PX1PY2PZ-2/b_X/eta0/bT0/bz18	8.0277442932128906e-02	1.2933700356240708e-10	3.9428874444125247e+08
/SS/5/PX1PY2PZ-2/b_X/eta0/bT0/bz19	7.2288990020751953e-02	4.1474860774989465e-11	1.2054334363154917e+09
/SS/5/PX1PY2PZ-2/b_X/eta0/bT0/bz2	3.5886001586914062e-01	2.2513272227060345e-11	6.2946488171845655e+09
/SS/5/PX1PY2PZ-2/b_X/eta0/bT0/bz20	6.4299583435058594e-02	2.0663970650054099e-11	1.9962046174310956e+09
/SS/5/PX1PY2PZ-2/b_X/eta0/bT0/bz3	3.3723068237304688e-01	2.3584395497165781e-11	1.2176854888275240e+10
/SS/5/PX1PY2PZ-2/b_X/eta0/bT0/bz4	3.8330650329589844e-01	3.9579308647837841e-11	9.6845174004027958e+09
/SS/5/PX1PY2PZ-2/b_X/eta0/bT0/bz5	4.2006874084472656e-01	5.8327947476219063e-11	7.2018433533254910e+09
/SS/5/PX1PY2PZ-2/b_X/eta0/bT0/bz6	3.6925601959228516e-01	5.8546279984662642e-11	6.3070791122684326e+09
/SS/5/PX1PY2PZ-2/b_X/eta0/bT0/bz7	2.4906539916992188e-01	5.8015447508071986e-11	2.8197572295947809e+09
/SS/5/PX1PY2PZ-2/b_X/eta0/bT0/bz8	1.6132354736328125e-01	4.9895263699104402e-11	1.8544992154863689e+09
/SS/5/PX1PY2PZ-2/b_X/eta0/bT0/bz9	1.7026710510253906e-01	3.0529197781179456e-11	3.1309797454018583e+09
/SS/5/PX1PY2PZ0/b_X/eta0/bT0/bz-1	1.3589477539062500e+00	6.9290052685279610e-12	1.9612450867640240e+11
/SS/5/PX1PY2PZ0/b_X/eta0/bT0/bz-10	9.4528198242187500e-02	5.9065019031572246e-12	1.6004091726722206e+10
/SS/5/PX1PY2PZ0/b_X/eta0/bT0/bz-11	8.2759857177734375e-02	6.1728866669562288e-12	1.3406994432726593e+10
/SS/5/PX1PY2PZ0/b_X/eta0/bT0/bz-12	8.0556869506835938e-02	9.2187494238133312e-12	3.8174389137814398e+09
/SS/5/PX1PY2PZ0/b_X/eta0/bT0/bz-13	8.3772659301757812e-02	2.5719396505888818e-11	1.5132982523007970e+09
/SS/5/PX1PY2PZ0/b_X/eta0/bT0/bz-14	8.6257934570312500e-02	1.0679403601355454e-11	8.0770366764080772e+09
/SS/5/PX1PY2PZ0/b_X/eta0/bT0/bz-15	8.6710929870605469e-02	1.4216562176636023e-11	6.0992896027359648e+09
/SS/5/PX1PY2PZ0/b_X/eta0/bT0/bz-16	8.7483406066894531e-02	2.0565976878956700e-11	4.2537928823798480e+09
/SS/5/PX1PY2PZ0/b_X/eta0/bT0/bz-17	8.6969375610351562e-02	2.8828086766416040e-11	3.0168278705081668e+09
/SS/5/PX1PY2PZ0/b_X/eta0/bT0/bz-18	7.6896667480468750e-02	2.5553702423334296e-11	2.8856877282028832e+09
/SS/5/PX1PY2PZ0/b_X/eta0/bT0/bz-19	8.0738067626953125e-02	1.7835023930795685e-11	3.3596454668245273e+09
/SS/5/PX1PY2PZ0/b_X/eta0/bT0/bz-2	1.1208801269531250e+00	6.8801863074500925e-12	1.6291421145665765e+11
/SS/5/PX1PY2PZ0/b_X/eta0/bT0/bz-20	7.9645156860351562e-02	1.5795115136693519e-11	3.3992399999531245e+09
/SS/5/PX1PY2PZ0/b_X/eta0/bT0/bz-3	8.5978698730468750e-01	6.8666896726129538e-12	1.1926925846350610e+11
/SS/5/PX1PY2PZ0/b_X/eta0/bT0/bz-4	6.2246704101562500e-01	6.8280915619189770e-12	8.8691080783091293e+10
/SS/5/PX1PY2PZ0/b_X/eta0/bT0/bz-5	4.5178985595703125e-01	7.0633088705086386e-12	6.3132288243029709e+10
/SS/5/PX1PY2PZ0/b_X/eta0/bT0/bz-6	3.2683563232421875e-01	7.1377487937133588e-12	4.4073115179411064e+10
/SS/5/PX1PY2PZ0/b_X/eta0/bT0/bz-7	2.3310089111328125e-01	7.0515650285316472e-12	3.0038536723594044e+10
/SS/5/PX1PY2PZ0/b_X/eta0/bT0/bz-8	1.6485977172851562e-01	6.8713829295215096e-12	1.9822995845343899e+10
/SS/5/PX1PY2PZ0/b_X/eta0/bT0/bz-9	1.2012481689453125e-01	6.4391291608768771e-12	1.2622194385418747e+10
/SS/5/PX1PY2PZ0/b_X/eta0/bT0/bz0	1.4898376464843750e+00	7.0625202090939835e-12	2.1094985959346359e+11
/SS/5/PX1PY2PZ0/b_X/eta0/bT0/bz1	1.4242553710937500e+00	7.3547377584163032e-12	1.9365141462235294e+11
/SS/5/PX1PY2PZ0/b_X/eta0/bT0/bz10	1.6293144226074219e-01	9.8298828911770801e-12	1.6575115295318838e+10
/SS/5/PX1PY2PZ0/b_X/eta0/bT0/bz11	1.2411308288574219e-01	1.1554109215825547e-11	1.0741899749030046e+10
/SS/5/PX1PY2PZ0/b_X/eta0/bT0/bz12	9.1470718383789062e-02	1.3232559084164016e-11	6.9125494019713907e+09
/SS/5/PX1PY2PZ0/b_X/eta0/bT0/bz13	7.0676803588867188e-02	1.8428193066287012e-11	3.8352541312455134e+09
/SS/5/PX1PY2PZ0/b_X/eta0/bT0/bz14	9.4619750976562500e-02	4.0004357569643026e-11	1.7487051425305092e+09
/SS/5/PX1PY2PZ0/b_X/eta0/bT0/bz15	1.2760686874389648e-01	5.7553148728971377e-11	2.2172004757692976e+09
/SS/5/PX1PY2PZ0/b_X/eta0/bT0/bz16	1.3311004638671875e-01	7.1772892281033738e-11	1.8546005623615308e+09
/SS/5/PX1PY2PZ0/b_X/eta0/bT0/bz17	1.1633634567260742e-01	1.2727615703262780e-10	9.1404665559460664e+08
/SS/5/PX1PY2PZ0/b_X/eta0/bT0/bz18	1.3380515575408936e-01	1.4161393813515728e-10	9.4485865950839412e+08
/SS/5/PX1PY2PZ0/b_X/eta0/bT0/bz19	1.5160703659057617e-01	5.7321687174067326e-11	2.6448460271274796e+09
/SS/5/PX1PY2PZ0/b_X/eta0/bT0/bz2	1.2389221191406250e+00	7.8146119354487248e-12	1.5853917371387482e+11
/SS/5/PX1PY2PZ0/b_X/eta0/bT0/bz20	1.5132331848144531e-01	3.5571457103027821e-11	4.2540657821004682e+09
/SS/5/PX1PY2PZ0/b_X/eta0/bT0/bz3	1.0209503173828125e+00	8.4340108020086550e-12	1.2105157811034125e+11
/SS/5/PX1PY2PZ0/b_X/eta0/bT0/bz4	8.1356811523437500e-01	9.1637924426401289e-12	8.8780722645872421e+10
/SS/5/PX1PY2PZ0/b_X/eta0/bT0/bz5	6.3388061523437500e-01	1.0006784945445808e-11	6.3345082230717934e+10
/SS/5/PX1PY2PZ0/b_X/eta0/bT0/bz6	4.7988891601562500e-01	1.0834932209050574e-11	4.4290901572486710e+10
/SS/5/PX1PY2PZ0/b_X/eta0/bT0/bz7	3.4964752197265625e-01	1.1378933961090295e-11	3.0423552218204781e+10
/SS/5/PX1PY2PZ0/b_X/eta0/bT0/bz8	2.7410888671875000e-01	1.0879922574674527e-11	2.0797961644420334e+10
/SS/5/PX1PY2PZ0/b_X/eta0/bT0/bz9	2.1207427978515625e-01	8.6836124982880954e-12	2.4422356459015759e+10
/SS/5/PX2PY-1PZ-1/b_X/eta0/bT0/bz-1	1.6972045898437500e+00	9.8181205936800676e-12	1.2983798706536613e+11
/SS/5/PX2PY-1PZ-1/b_X/eta0/bT0/bz-10	1.8253517150878906e-01	1.3536942731925070e-11	1.3432655032243080e+10
/SS/5/PX2PY-1PZ-1/b_X/eta0/bT0/bz-11	1.5180587768554688e-01	1.4643915508002719e-11	1.0366481396494457e+10
/SS/5/PX2PY-1PZ-1/b_X/eta0/bT0/bz-12	1.2914562225341797e-01	1.5923421825274865e-11	8.1104189583440046e+09
/SS/5/PX2PY-1PZ-1/b_X/eta0/bT0/bz-13	1.0934829711914062e-01	2.0974502279955398e-11	3.2781712741745224e+09
/SS/5/PX2PY-1PZ-1/b_X/eta0/bT0/bz-14	9.1063499450683594e-02	4.1096709231988301e-11	6.7002145599394882e+08
/SS/5/PX2PY-1PZ-1/b_X/eta0/bT0/bz-15	7.3613166809082031e-02	3.3340741873856197e-11	1.6368279772689810e+09
/SS/5/PX2PY-1PZ-1/b_X/eta0/bT0/bz-16	5.4333209991455078e-02	3.4391804806528004e-11	1.4116287377130830e+09
/SS/5/PX2PY-1PZ-1/b_X/eta0/bT0/bz-17	7.1384906768798828e-02	1.0843456501808723e-10	6.5832243396643496e+08
/SS/5/PX2PY-1PZ-1/b_X/eta0/bT0/bz-18	5.7902336120605469e-02	5.7955630226488750e-11	9.5097968340736270e+08
/SS/5/PX2PY-1PZ-1/b_X/eta0/bT0/bz-19	6.7456245422363281e-02	1.8773308487154693e-11	2.7999657603051753e+09
/SS/5/PX2PY-1PZ-1/b_X/eta0/bT0/bz-2	1.4124145507812500e+00	1.0028008897427975e-11	1.0466442704625662e+11
/SS/5/PX2PY-1PZ-1/b_X/eta0/bT0/bz-20	7.6317787170410156e-02	1.7036021152916848e-11	4.4797894112348700e+09
/SS/5/PX2PY-1PZ-1/b_X/eta0/bT0/bz-3	1.1022644042968750e+00	1.0160739518276794e-11	7.9458565652006897e+10
/SS/5/PX2PY-1PZ-1/b_X/eta0/bT0/bz-4	8.4686279296875000e-01	1.0004649556861531e-11	5.9453405385089417e+10
/SS/5/PX2PY-1PZ-1/b_X/eta0/bT0/bz-5	6.3980102539062500e-01	9.4516759205607907e-12	4.4907774972290695e+10
/SS/5/PX2PY-1PZ-1/b_X/eta0/bT0/bz-6	4.7951507568359375e-01	9.9130307502646649e-12	4.5703879697100082e+10
/SS/5/PX2PY-1PZ-1/b_X/eta0/bT0/bz-7	3.6044311523437500e-01	1.0640911764358585e-11	3.3672215126196682e+10
/SS/5/PX2PY-1PZ-1/b_X/eta0/bT0/bz-8	2.8348159790039062e-01	1.1672731856739005e-11	2.3278586732107605e+10
/SS/5/PX2PY-1PZ-1/b_X/eta0/bT0/bz-9	2.2576904296875000e-01	1.2657242839457250e-11	1.7553840939705780e+10
/SS/5/PX2PY-1PZ-1/b_X/eta0/bT0/bz0	1.8408508300781250e+00	9.6988134898936522e-12	1.4274848858981985e+11
/SS/5/PX2PY-1PZ-1/b_X/eta0/bT0/bz1	1.7315368652343750e+00	9.8293500500036588e-12	1.3148419460391548e+11
/SS/5/PX2PY-1PZ-1/b_X/eta0/bT0/bz10	2.2869682312011719e-01	7.7313045301401411e-11	1.8564801040601468e+09
/SS/5/PX2PY-1PZ-1/b_X/eta0/bT0/bz11	1.9935512542724609e-01	2.8675102486059801e-11	6.9522027174675722e+09
/SS/5/PX2PY-1PZ-1/b_X/eta0/bT0/bz12	1.6051292419433594e-01	5.3818340594793867e-11	2.9824948599374542e+09
/SS/5/PX2PY-1PZ-1/b_X/eta0/bT0/bz13	1.1138916015625000e-01	8.7085866117312898e-11	1.0049824248438905e+09
/SS/5/PX2PY-1PZ-1/b_X/eta0/bT0/bz14	1.3288354873657227e-01	4.9045723582493111e-11	2.7093809415018010e+09
/SS/5/PX2PY-1PZ-1/b_X/eta0/bT0/bz15	1.1113834381103516e-01	2.9756377087593714e-11	3.7349420423016458e+09
/SS/5/PX2PY-1PZ-1/b_X/eta0/bT0/bz16	9.2360019683837891e-02	2.4926734265110010e-11	3.7052595298500195e+09
/SS/5/PX2PY-1PZ-1/b_X/eta0/bT0/bz17	7.8320980072021484e-02	2.6194755778578010e-11	2.9899488559489508e+09
/SS/5/PX2PY-1PZ-1/b_X/eta0/bT0/bz18	6.8656444549560547e-02	3.1982077280990785e-11	2.1105979433654325e+09
/SS/5/PX2PY-1PZ-1/b_X/eta0/bT0/bz19	6.4858436584472656e-02	3.8152948164275835e-11	1.4560969106348412e+09
/SS/5/PX2PY-1PZ-1/b_X/eta0/bT0/bz2	1.4790039062500000e+00	1.0566407567141700e-11	1.0153793789744836e+11
/SS/5/PX2PY-1PZ-1/b_X/eta0/bT0/bz20	5.8844566345214844e-02	6.2837120232463541e-11	6.6447806608133960e+08
/SS/5/PX2PY-1PZ-1/b_X/eta0/bT0/bz3	1.1952819824218750e+00	1.1725723865414367e-11	7.8587347003064835e+10
/SS/5/PX2PY-1PZ-1/b_X/eta0/bT0/bz4	9.3493652343750000e-01	1.2824850241099125e-11	6.0060841786758896e+10
/SS/5/PX2PY-1PZ-1/b_X/eta0/bT0/bz5	7.1208190917968750e-01	1.3598990931348159e-11	4.5581160485742516e+10
/SS/5/PX2PY-1PZ-1/b_X/eta0/bT0/bz6	5.3225708007812500e-01	1.4069603135087255e-11	3.3790982990075314e+10
/SS/5/PX2PY-1PZ-1/b_X/eta0/bT0/bz7	3.9218139648437500e-01	1.4627577886552796e-11	2.3824812337255112e+10
/SS/5/PX2PY-1PZ-1/b_X/eta0/bT0/bz8	3.0871963500976562e-01	2.1710787020666846e-11	1.1606819185385252e+10
/SS/5/PX2PY-1PZ-1/b_X/eta0/bT0/bz9	2.6266479492187500e-01	4.5491400834501371e-11	5.2096602654501581e+09
/SS/5/PX2PY-1PZ-2/b_X/eta0/bT0/bz-1	7.5904846191406250e-01	8.5413929060759420e-12	8.8867058366336411e+10
/SS/5/PX2PY-1PZ-2/b_X/eta0/bT0/bz-10	1.7538070678710938e-01	4.3830725925759569e-11	4.0013187799848218e+09
/SS/5/PX2PY-1PZ-2/b_X/eta0/bT0/bz-11	1.5875148773193359e-01	4.8791854045487267e-11	2.9521538834552541e+09
/SS/5/PX2PY-1PZ-2/b_X/eta0/bT0/bz-12	1.5215873718261719e-01	3.7387939650625495e-11	2.5064472722679057e+09
/SS/5/PX2PY-1PZ-2/b_X/eta0/bT0/bz-13	1.4349746704101562e-01	4.8529907847091326e-11	2.4505723079780483e+09
/SS/5/PX2PY-1PZ-2/b_X/eta0/bT0/bz-14	1.3186550140380859e-01	3.1064247270278709e-11	2.8317583665488591e+09
/SS/5/PX2PY-1PZ-2/b_X/eta0/bT0/bz-15	1.1992359161376953e-01	2.3170178641853209e-11	5.1757732845937929e+09
/SS/5/PX2PY-1PZ-2/b_X/eta0/bT0/bz-16	1.1234188079833984e-01	2.0499980937371573e-11	3.3649615432422752e+09
/SS/5/PX2PY-1PZ-2/b_X/eta0/bT0/bz-17	1.0873222351074219e-01	1.6475467056203583e-11	6.5996443766855612e+09
/SS/5/PX2PY-1PZ-2/b_X/eta0/bT0/bz-18	1.0579586029052734e-01	1.4486408278236149e-11	7.3031118727663631e+09
/SS/5/PX2PY-1PZ-2/b_X/eta0/bT0/bz-19	1.0310268402099609e-01	1.6683715711470763e-11	3.5583907624239850e+09
/SS/5/PX2PY-1PZ-2/b_X/eta0/bT0/bz-2	6.3623046875000000e-01	8.9355328248736506e-12	7.1202297749826279e+10
/SS/5/PX2PY-1PZ-2/b_X/eta0/bT0/bz-20	1.0042858123779297e-01	1.7226231628242344e-11	3.4776590043915448e+09
/SS/5/PX2PY-1PZ-2/b_X/eta0/bT0/bz-3	5.0759887695312500e-01	9.6722942970976286e-12	5.2479676627027420e+10
/SS/5/PX2PY-1PZ-2/b_X/eta0/bT0/bz-4	3.9484405517578125e-01	1.0870994528792908e-11	3.6320877002559204e+10
/SS/5/PX2PY-1PZ-2/b_X/eta0/bT0/bz-5	3.2866668701171875e-01	1.2871952518803340e-11	2.3557442835620522e+10
/SS/5/PX2PY-1PZ-2/b_X/eta0/bT0/bz-6	2.9223251342773438e-01	1.5894535936886653e-11	1.4391512598597836e+10
/SS/5/PX2PY-1PZ-2/b_X/eta0/bT0/bz-7	2.7554130554199219e-01	2.1555855771902881e-11	1.2782666040155468e+10
/SS/5/PX2PY-1PZ-2/b_X/eta0/bT0/bz-8	2.5999450683593750e-01	3.4560327592392753e-11	7.5229178930921412e+09
/SS/5/PX2PY-1PZ-2/b_X/eta0/bT0/bz-9	2.1804237365722656e-01	4.1644685881214416e-11	5.2357790446339693e+09
/SS/5/PX2PY-1PZ-2/b_X/eta0/bT0/bz0	8.3222961425781250e-01	8.4399668857831215e-12	9.8605791411300323e+10
/SS/5/PX2PY-1PZ-2/b_X/eta0/bT0/bz1	8.0253601074218750e-01	8.5242696065932347e-12	9.4147187709953827e+10
/SS/5/PX2PY-1PZ-2/b_X/eta0/bT0/bz10	2.2040176391601562e-01	2.6041528522249092e-11	1.5422597682098358e+09
/SS/5/PX2PY-1PZ-2/b_X/eta0/bT0/bz11	1.9358062744140625e-01	1.5411174253168020e-11	6.2344260584315748e+09
/SS/5/PX2PY-1PZ-2/b_X/eta0/bT0/bz12	1.6829681396484375e-01	1.4194071115444851e-11	5.8781626437648783e+09
/SS/5/PX2PY-1PZ-2/b_X/eta0/bT0/bz13	1.4546394348144531e-01	1.3708701056104157e-11	1.0611066860829510e+10
/SS/5/PX2PY-1PZ-2/b_X/eta0/bT0/bz14	1.2420463562011719e-01	1.3176055920613468e-11	9.4265413237813816e+09
/SS/5/PX2PY-1PZ-2/b_X/eta0/bT0/bz15	1.0563468933105469e-01	1.6050686364220148e-11	1.7776947130898619e+09
/SS/5/PX2PY-1PZ-2/b_X/eta0/bT0/bz16	9.1602325439453125e-02	2.3900538398415742e-11	6.6126247562318873e+08
/SS/5/PX2PY-1PZ-2/b_X/eta0/bT0/bz17	8.2676887512207031e-02	1.7652885858517293e-11	4.0322956541278774e+08
/SS/5/PX2PY-1PZ-2/b_X/eta0/bT0/bz18	7.4666976928710938e-02	1.1164784575914793e-11	7.4972505089300966e+08
/SS/5/PX2PY-1PZ-2/b_X/eta0/bT0/bz19	6.3563346862792969e-02	1.3618533092593745e-11	3.9445543338954639e+09
/SS/5/PX2PY-1PZ-2/b_X/eta0/bT0/bz2	7.1275329589843750e-01	8.7218228323784314e-12	8.1720680366545639e+10
/SS/5/PX2PY-1PZ-2/b_X/eta0/bT0/bz20	5.0283908843994141e-02	4.2643944446723843e-11	6.3112461177048659e+08
/SS/5/PX2PY-1PZ-2/b_X/eta0/bT0/bz3	6.0443115234375000e-01	8.9549712760486244e-12	6.7496715925866692e+10
/SS/5/PX2PY-1PZ-2/b_X/eta0/bT0/bz4	4.9620056152343750e-01	9.1054673752576083e-12	5.4494793191151176e+10
/SS/5/PX2PY-1PZ-2/b_X/eta0/bT0/bz5	4.3177032470703125e-01	9.1845593417350418e-12	4.3419443144792503e+10
/SS/5/PX2PY-1PZ-2/b_X/eta0/bT0/bz6	3.7523651123046875e-01	9.1612777376149573e-12	3.4441578856777557e+10
/SS/5/PX2PY-1PZ-2/b_X/eta0/bT0/bz7	3.2480621337890625e-01	1.4403435814082299e-11	6.8391270500836849e+09
/SS/5/PX2PY-1PZ-2/b_X/eta0/bT0/bz8	2.8332901000976562e-01	7.5872761818913902e-11	2.9616373263293247e+09
/SS/5/PX2PY-1PZ-2/b_X/eta0/bT0/bz9	2.4932479858398438e-01	3.7264278126843129e-11	2.8106361746359372e+09
/SS/5/PX2PY-1PZ0/b_X/eta0/bT0/bz-1	1.0003662109375000e+00	1.4781027251293103e-11	2.7433199895404205e+10
/SS/5/PX2PY-1PZ0/b_X/eta0/bT0/bz-10	2.0533561706542969e-01	1.7591305006994385e-11	1.1672563063615080e+10
/SS/5/PX2PY-1PZ0/b_X/eta0/bT0/bz-11	1.6399383544921875e-01	2.5271934825651681e-11	1.7730304873099086e+09
/SS/5/PX2PY-1PZ0/b_X/eta0/bT0/bz-12	1.3457870483398438e-01	1.5773777976634653e-11	2.3589472895041556e+09
/SS/5/PX2PY-1PZ0/b_X/eta0/bT0/bz-13	1.1350631713867188e-01	2.8381464021603891e-11	2.1958075293057270e+09
/SS/5/PX2PY-1PZ0/b_X/eta0/bT0/bz-14	9.8108291625976562e-02	3.6611091400628360e-11	2.0291023874826455e+09
/SS/5/PX2PY-1PZ0/b_X/eta0/bT0/bz-15	8.7316513061523438e-02	3.2047888265465850e-11	1.7386955707034166e+09
/SS/5/PX2PY-1PZ0/b_X/eta0/bT0/bz-16	7.9170227050781250e-02	3.3390901785804867e-11	2.2436874400346870e+09
/SS/5/PX2PY-1PZ0/b_X/eta0/bT0/bz-17	7.0364952087402344e-02	4.5526117624709970e-11	8.5262989441596770e+08
/SS/5/PX2PY-1PZ0/b_X/eta0/bT0/bz-18	6.5884590148925781e-02	5.5644312024226701e-11	1.1840309953017411e+09
/SS/5/PX2PY-1PZ0/b_X/eta0/bT0/bz-19	7.2178840637207031e-02	4.9120083757971474e-11	1.4278637197115929e+09
/SS/5/PX2PY-1PZ0/b_X/eta0/bT0/bz-2	8.6880493164062500e-01	2.0527734281775062e-11	2.7388200991158192e+10
/SS/5/PX2PY-1PZ0/b_X/eta0/bT0/bz-20	7.4944496154785156e-02	3.2827670584687902e-11	1.4003491771893146e+09
/SS/5/PX2PY-1PZ0/b_X/eta0/bT0/bz-3	7.3104095458984375e-01	2.3785850292842353e-11	2.0563025213936687e+10
/SS/5/PX2PY-1PZ0/b_X/eta0/bT0/bz-4	6.1176300048828125e-01	3.4039197231300820e-11	9.5333819063683681e+09
/SS/5/PX2PY-1PZ0/b_X/eta0/bT0/bz-5	5.1377105712890625e-01	1.8071902828693288e-10	1.3192499681487064e+09
/SS/5/PX2PY-1PZ0/b_X/eta0/bT0/bz-6	4.3562698364257812e-01	2.5254822848298978e-11	4.5270676589104452e+09
/SS/5/PX2PY-1PZ0/b_X/eta0/bT0/bz-7	3.7220001220703125e-01	2.7405660363282019e-11	2.4153947432247477e+09
/SS/5/PX2PY-1PZ0/b_X/eta0/bT0/bz-8	3.1476402282714844e-01	3.0874929178699861e-11	1.8056223661060884e+09
/SS/5/PX2PY-1PZ0/b_X/eta0/bT0/bz-9	2.5797462463378906e-01	5.9151122237628451e-11	8.2044262120949352e+08
/SS/5/PX2PY-1PZ0/b_X/eta0/bT0/bz0	1.0648803710937500e+00	1.9881657686574707e-11	1.4751459216726013e+10
/SS/5/PX2PY-1PZ0/b_X/eta0/bT0/bz1	9.8770141601562500e-01	4.8500039885016742e-11	9.0155379884841976e+09
/SS/5/PX2PY-1PZ0/b_X/eta0/bT0/bz10	1.5940093994140625e-01	3.8189377341198782e-11	2.9497959673547091e+09
/SS/5/PX2PY-1PZ0/b_X/eta0/bT0/bz11	1.2627220153808594e-01	3.2155670637064345e-11	3.8817190325729871e+09
/SS/5/PX2PY-1PZ0/b_X/eta0/bT0/bz12	1.4054727554321289e-01	5.0286103235672507e-11	2.7949526111522183e+09
/SS/5/PX2PY-1PZ0/b_X/eta0/bT0/bz13	1.5098595619201660e-01	8.8414604238398096e-11	1.7077038063180521e+09
/SS/5/PX2PY-1PZ0/b_X/eta0/bT0/bz14	7.2856903076171875e-02	5.5814591929642098e-11	1.1110102952990791e+08
/SS/5/PX2PY-1PZ0/b_X/eta0/bT0/bz15	6.2349319458007812e-02	2.3250030242925826e-11	1.2883918164370441e+09
/SS/5/PX2PY-1PZ0/b_X/eta0/bT0/bz16	4.9823760986328125e-02	1.3452943150754666e-10	3.6927034515745842e+08
/SS/5/PX2PY-1PZ0/b_X/eta0/bT0/bz17	5.0995826721191406e-02	1.9632081197852161e-11	1.6634703444487276e+09
/SS/5/PX2PY-1PZ0/b_X/eta0/bT0/bz18	6.0373783111572266e-02	1.6547957071103845e-11	3.6484130852017603e+09
/SS/5/PX2PY-1PZ0/b_X/eta0/bT0/bz19	6.2738895416259766e-02	1.6523032505087426e-11	1.2899223476212249e+09
/SS/5/PX2PY-1PZ0/b_X/eta0/bT0/bz2	8.2615661621093750e-01	1.0908894322391084e-10	5.1214179420476742e+09
/SS/5/PX2PY-1PZ0/b_X/eta0/bT0/bz20	5.7743072509765625e-02	2.7001671933634788e-11	1.8114010260980229e+09
/SS/5/PX2PY-1PZ0/b_X/eta0/bT0/bz3	6.4935302734375000e-01	8.8265898464088461e-11	5.2143893604400015e+09
/SS/5/PX2PY-1PZ0/b_X/eta0/bT0/bz4	4.8627471923828125e-01	4.8382472350425739e-11	7.1375464897646809e+09
/SS/5/PX2PY-1PZ0/b_X/eta0/bT0/bz5	3.6016082763671875e-01	9.8950601604965878e-11	3.1810651906716199e+09
/SS/5/PX2PY-1PZ0/b_X/eta0/bT0/bz6	2.5498962402343750e-01	3.9449657512939085e-11	1.8159494569367597e+09
/SS/5/PX2PY-1PZ0/b_X/eta0/bT0/bz7	2.0683288574218750e-01	4.3116137076670675e-11	1.4795773354362633e+09
/SS/5/PX2PY-1PZ0/b_X/eta0/bT0/bz8	1.9153404235839844e-01	2.9989965214990339e-11	3.8740559808849864e+09
/SS/5/PX2PY-1PZ0/b_X/eta0/bT0/bz9	1.8066501617431641e-01	4.0595101041197475e-11	3.0661510271418428e+09
/SS/5/PX2PY-2PZ-1/b_X/eta0/bT0/bz-1	1.6156005859375000e-01	4.3054893260458662e-12	3.0285519730540535e+10
/SS/5/PX2PY-2PZ-1/b_X/eta0/bT0/bz-10	1.1875724792480469e-01	9.1588346406849946e-12	1.1810614260047947e+10
/SS/5/PX2PY-2PZ-1/b_X/eta0/bT0/bz-11	1.1554336547851562e-01	1.3157368060200112e-11	4.2756132652014966e+09
/SS/5/PX2PY-2PZ-1/b_X/eta0/bT0/bz-12	1.1395835876464844e-01	5.5770800997345444e-11	2.0433337288821185e+09
/SS/5/PX2PY-2PZ-1/b_X/eta0/bT0/bz-13	1.3700008392333984e-01	7.4116737549093317e-11	1.8484365131775258e+09
/SS/5/PX2PY-2PZ-1/b_X/eta0/bT0/bz-14	1.2636280059814453e-01	6.7361090645217560e-11	1.8759019396476462e+09
/SS/5/PX2PY-2PZ-1/b_X/eta0/bT0/bz-15	1.0810756683349609e-01	5.4314907161323852e-11	1.9903848222072725e+09
/SS/5/PX2PY-2PZ-1/b_X/eta0/bT0/bz-16	9.2146873474121094e-02	3.7953740821526448e-11	2.2804640919040461e+09
/SS/5/PX2PY-2PZ-1/b_X/eta0/bT0/bz-17	1.0533142089843750e-01	2.3309279182615512e-11	2.9163861488455544e+09
/SS/5/PX2PY-2PZ-1/b_X/eta0/bT0/bz-18	1.0968875885009766e-01	2.0309508988919780e-11	5.4008572491801920e+09
/SS/5/PX2PY-2PZ-1/b_X/eta0/bT0/bz-19	1.0030841827392578e-01	2.3494133711586622e-11	4.2695091253548365e+09
/SS/5/PX2PY-2PZ-1/b_X/eta0/bT0/bz-2	1.5620422363281250e-01	3.9329106206448533e-12	2.7828621040490746e+10
/SS/5/PX2PY-2PZ-1/b_X/eta0/bT0/bz-20	6.8360328674316406e-02	2.2072788487627263e-11	3.0970408977839513e+09
/SS/5/PX2PY-2PZ-1/b_X/eta0/bT0/bz-3	1.5072631835937500e-01	3.0272928205379629e-12	2.5973219209461830e+10
/SS/5/PX2PY-2PZ-1/b_X/eta0/bT0/bz-4	1.4117431640625000e-01	2.8349371321444139e-12	1.9657900600907135e+10
/SS/5/PX2PY-2PZ-1/b_X/eta0/bT0/bz-5	1.3703918457031250e-01	3.7558625715382293e-12	2.8668153578216003e+10
/SS/5/PX2PY-2PZ-1/b_X/eta0/bT0/bz-6	1.2881469726562500e-01	4.9826081459118045e-12	2.1380981088091187e+10
/SS/5/PX2PY-2PZ-1/b_X/eta0/bT0/bz-7	1.1088943481445312e-01	6.2868366419547262e-12	1.6824362466610897e+10
/SS/5/PX2PY-2PZ-1/b_X/eta0/bT0/bz-8	1.0488128662109375e-01	7.2491846887512253e-12	1.4250943855704090e+10
/SS/5/PX2PY-2PZ-1/b_X/eta0/bT0/bz-9	1.1558532714843750e-01	7.5608995599857017e-12	1.2868530746256237e+10
/SS/5/PX2PY-2PZ-1/b_X/eta0/bT0/bz0	1.7793655395507812e-01	5.5889287725747959e-12	3.1837327186602077e+10
/SS/5/PX2PY-2PZ-1/b_X/eta0/bT0/bz1	1.7817687988281250e-01	5.5985703246809165e-12	3.1825424983469769e+10
/SS/5/PX2PY-2PZ-1/b_X/eta0/bT0/bz10	2.2998619079589844e-01	3.7752663263972748e-10	3.8483569908089799e+08
/SS/5/PX2PY-2PZ-1/b_X/eta0/bT0/bz11	1.9205284118652344e-01	5.4144278663599075e-11	2.0737915040154757e+09
/SS/5/PX2PY-2PZ-1/b_X/eta0/bT0/bz12	1.5656185150146484e-01	2.7267509428777416e-11	3.2617101795100832e+09
/SS/5/PX2PY-2PZ-1/b_X/eta0/bT0/bz13	1.2953567504882812e-01	3.4510436145389496e-11	1.5843408671056983e+09
/SS/5/PX2PY-2PZ-1/b_X/eta0/bT0/bz14	1.1441516876220703e-01	3.0825765756763809e-11	2.4051177062964129e+09
/SS/5/PX2PY-2PZ-1/b_X/eta0/bT0/bz15	1.0860967636108398e-01	3.4466593544558229e-11	3.1511578369551945e+09
/SS/5/PX2PY-2PZ-1/b_X/eta0/bT0/bz16	7.7540397644042969e-02	2.8568543038202607e-11	2.7141880333328133e+09
/SS/5/PX2PY-2PZ-1/b_X/eta0/bT0/bz17	7.1751594543457031e-02	2.8007066520950881e-11	2.5619103839305253e+09
/SS/5/PX2PY-2PZ-1/b_X/eta0/bT0/bz18	8.0429077148437500e-02	3.6271196325348624e-11	2.2174365694199209e+09
/SS/5/PX2PY-2PZ-1/b_X/eta0/bT0/bz19	7.8652858734130859e-02	3.7263628748827121e-11	2.1107138884483030e+09
/SS/5/PX2PY-2PZ-1/b_X/eta0/bT0/bz2	1.5748977661132812e-01	5.0930100991148953e-12	3.0922730084257633e+10
/SS/5/PX2PY-2PZ-1/b_X/eta0/bT0/bz20	7.0480823516845703e-02	3.3689250587434832e-11	2.0920864159303420e+09
/SS/5/PX2PY-2PZ-1/b_X/eta0/bT0/bz3	1.4048767089843750e-01	4.8300965319920004e-12	2.9085892997773773e+10
/SS/5/PX2PY-2PZ-1/b_X/eta0/bT0/bz4	1.4345550537109375e-01	5.4960784613893223e-12	2.6101429660964203e+10
/SS/5/PX2PY-2PZ-1/b_X/eta0/bT0/bz5	1.6677474975585938e-01	7.5204030148208683e-12	2.2176304837278973e+10
/SS/5/PX2PY-2PZ-1/b_X/eta0/bT0/bz6	2.0290374755859375e-01	1.1242579705485385e-11	1.8047792666268105e+10
/SS/5/PX2PY-2PZ-1/b_X/eta0/bT0/bz7	2.3726463317871094e-01	1.6349104085434532e-11	1.4512393580642179e+10
/SS/5/PX2PY-2PZ-1/b_X/eta0/bT0/bz8	2.5680923461914062e-01	2.1598272015953024e-11	1.1890267630181475e+10
/SS/5/PX2PY-2PZ-1/b_X/eta0/bT0/bz9	2.5544548034667969e-01	4.2982732932594626e-11	3.8187590712612481e+09
/SS/5/PX2PY-2PZ-2/b_X/eta0/bT0/bz-1	2.2758483886718750e-01	2.7393175433104016e-12	6.7812692435206963e+10
/SS/5/PX2PY-2PZ-2/b_X/eta0/bT0/bz-10	1.0880279541015625e-01	2.2690199133847323e-11	3.9879754455636368e+09
/SS/5/PX2PY-2PZ-2/b_X/eta0/bT0/bz-11	1.1081695556640625e-01	3.3317141755974939e-11	2.1244187906295021e+09
/SS/5/PX2PY-2PZ-2/b_X/eta0/bT0/bz-12	1.0072898864746094e-01	2.3713650946002043e-11	1.5670064042954192e+09
/SS/5/PX2PY-2PZ-2/b_X/eta0/bT0/bz-13	9.0375900268554688e-02	5.2548444856745885e-11	1.3940617568933556e+09
/SS/5/PX2PY-2PZ-2/b_X/eta0/bT0/bz-14	9.3101024627685547e-02	3.1800577794984138e-11	1.4663525825104668e+09
/SS/5/PX2PY-2PZ-2/b_X/eta0/bT0/bz-15	7.7098846435546875e-02	5.1475962592351987e-11	7.9456397906251073e+08
/SS/5/PX2PY-2PZ-2/b_X/eta0/bT0/bz-16	6.5036773681640625e-02	1.8231122847826678e-11	1.9924183772789190e+09
/SS/5/PX2PY-2PZ-2/b_X/eta0/bT0/bz-17	5.5862426757812500e-02	2.7543368100635651e-11	1.8829042400487075e+09
/SS/5/PX2PY-2PZ-2/b_X/eta0/bT0/bz-18	5.5383205413818359e-02	3.4481793759598025e-11	1.6061578988593774e+09
/SS/5/PX2PY-2PZ-2/b_X/eta0/bT0/bz-19	5.2377462387084961e-02	4.8637036233619258e-11	1.0769048947698877e+09
/SS/5/PX2PY-2PZ-2/b_X/eta0/bT0/bz-2	1.5657043457031250e-01	2.6176377895381432e-12	5.3844513986475166e+10
/SS/5/PX2PY-2PZ-2/b_X/eta0/bT0/bz-20	5.4102897644042969e-02	6.6359249237096359e-11	5.7039847261736059e+08
/SS/5/PX2PY-2PZ-2/b_X/eta0/bT0/bz-3	1.0614013671875000e-01	2.4647947185124523e-12	4.3062465170652214e+10
/SS/5/PX2PY-2PZ-2/b_X/eta0/bT0/bz-4	9.4810485839843750e-02	2.0144072846027916e-12	3.4556366150577675e+10
/SS/5/PX2PY-2PZ-2/b_X/eta0/bT0/bz-5	9.8808288574218750e-02	2.5434794492001487e-12	3.0651306438546070e+10
/SS/5/PX2PY-2PZ-2/b_X/eta0/bT0/bz-6	1.0499954223632812e-01	3.9921513641144656e-12	1.7464573751023994e+10
/SS/5/PX2PY-2PZ-2/b_X/eta0/bT0/bz-7	1.0938262939453125e-01	8.0872000361358412e-12	7.6318001450932550e+09
/SS/5/PX2PY-2PZ-2/b_X/eta0/bT0/bz-8	1.0901451110839844e-01	5.7330376652757536e-11	1.0971008569112184e+09
/SS/5/PX2PY-2PZ-2/b_X/eta0/bT0/bz-9	1.0301494598388672e-01	1.9041999963451093e-11	2.4241016884410028e+09
/SS/5/PX2PY-2PZ-2/b_X/eta0/bT0/bz0	2.7972412109375000e-01	2.7966203808660754e-12	7.2119432157490082e+10
/SS/5/PX2PY-2PZ-2/b_X/eta0/bT0/bz1	2.8623962402343750e-01	3.2105436404200411e-12	8.9156123100070450e+10
/SS/5/PX2PY-2PZ-2/b_X/eta0/bT0/bz10	8.5624694824218750e-02	9.8990725155456111e-12	8.6497694293836918e+09
/SS/5/PX2PY-2PZ-2/b_X/eta0/bT0/bz11	6.1084747314453125e-02	1.8956985539412422e-11	1.9395467448284078e+09
/SS/5/PX2PY-2PZ-2/b_X/eta0/bT0/bz12	5.1498413085937500e-02	1.5305393140053840e-11	3.3574642322382979e+09
/SS/5/PX2PY-2PZ-2/b_X/eta0/bT0/bz13	4.4482946395874023e-02	2.8324657740814445e-11	1.5704672163355491e+09
/SS/5/PX2PY-2PZ-2/b_X/eta0/bT0/bz14	3.4457206726074219e-02	7.1644613473191194e-11	4.6044950895138854e+08
/SS/5/PX2PY-2PZ-2/b_X/eta0/bT0/bz15	4.2064189910888672e-02	2.2031399991428855e-11	1.2326420402039602e+09
/SS/5/PX2PY-2PZ-2/b_X/eta0/bT0/bz16	7.3525667190551758e-02	6.1528135205026999e-11	1.1949926150946393e+09
/SS/5/PX2PY-2PZ-2/b_X/eta0/bT0/bz17	5.2897453308105469e-02	2.8003646376118419e-11	1.3637214322674351e+09
/SS/5/PX2PY-2PZ-2/b_X/eta0/bT0/bz18	6.3949584960937500e-02	1.5260499604865963e-11	4.1905302327419567e+09
/SS/5/PX2PY-2PZ-2/b_X/eta0/bT0/bz19	6.8926811218261719e-02	1.5483422103227251e-11	4.4516522742020397e+09
/SS/5/PX2PY-2PZ-2/b_X/eta0/bT0/bz2	2.6855468750000000e-01	3.7227528921672213e-12	7.2138735843855438e+10
/SS/5/PX2PY-2PZ-2/b_X/eta0/bT0/bz20	6.6413879394531250e-02	3.9284707489094107e-11	1.5658303047865486e+09
/SS/5/PX2PY-2PZ-2/b_X/eta0/bT0/bz3	2.4768066406250000e-01	4.4891873803287975e-12	5.5172716814587357e+10
/SS/5/PX2PY-2PZ-2/b_X/eta0/bT0/bz4	2.2782897949218750e-01	5.6588994116951279e-12	4.0260298499269691e+10
/SS/5/PX2PY-2PZ-2/b_X/eta0/bT0/bz5	1.9750976562500000e-01	7.1950911977130339e-12	2.7450627128642742e+10
/SS/5/PX2PY-2PZ-2/b_X/eta0/bT0/bz6	1.3936233520507812e-01	8.0893725175232244e-12	1.7227830082394028e+10
/SS/5/PX2PY-2PZ-2/b_X/eta0/bT0/bz7	6.9549560546875000e-02	3.3372351340651939e-12	1.0635705691127495e+10
/SS/5/PX2PY-2PZ-2/b_X/eta0/bT0/bz8	7.5021743774414062e-02	8.9461189207205117e-12	8.3859542265476484e+09
/SS/5/PX2PY-2PZ-2/b_X/eta0/bT0/bz9	1.0365676879882812e-01	1.2038016878605893e-11	8.6107844709080086e+09
/SS/5/PX2PY-2PZ0/b_X/eta0/bT0/bz-1	4.3501281738281250e-01	5.6561187102755211e-12	7.6910128599762390e+10
/SS/5/PX2PY-2PZ0/b_X/eta0/bT0/bz-10	1.3009667396545410e-01	6.7786642129817331e-11	1.9192081194449434e+09
/SS/5/PX2PY-2PZ0/b_X/eta0/bT0/bz-11	1.5245676040649414e-01	9.3008395407966662e-11	1.6391720310598478e+09
/SS/5/PX2PY-2PZ0/b_X/eta0/bT0/bz-12	9.8135471343994141e-02	4.8587755048685234e-11	2.0197572669422941e+09
/SS/5/PX2PY-2PZ0/b_X/eta0/bT0/bz-13	9.4740867614746094e-02	3.3835600436827764e-11	2.8000350634128857e+09
/SS/5/PX2PY-2PZ0/b_X/eta0/bT0/bz-14	7.3117256164550781e-02	3.0536985945948100e-11	2.2569865320538149e+09
/SS/5/PX2PY-2PZ0/b_X/eta0/bT0/bz-15	7.8613281250000000e-02	1.7343968595600813e-11	4.5326005300735931e+09
/SS/5/PX2PY-2PZ0/b_X/eta0/bT0/bz-16	8.2725048065185547e-02	3.7305775509529488e-11	6.7315340277709067e+08
/SS/5/PX2PY-2PZ0/b_X/eta0/bT0/bz-17	8.5088729858398438e-02	3.5775157802075551e-10	1.2513092348651300e+08
/SS/5/PX2PY-2PZ0/b_X/eta0/bT0/bz-18	8.4884643554687500e-02	1.0703331449935194e-10	1.6424460926647481e+08
/SS/5/PX2PY-2PZ0/b_X/eta0/bT0/bz-19	8.2476139068603516e-02	9.2269590058410148e-11	6.4302890142492855e+08
/SS/5/PX2PY-2PZ0/b_X/eta0/bT0/bz-2	3.8115692138671875e-01	6.1458637838993216e-12	6.2018446029548820e+10
/SS/5/PX2PY-2PZ0/b_X/eta0/bT0/bz-20	8.1870079040527344e-02	7.3412981167956545e-11	8.7769288875842822e+08
/SS/5/PX2PY-2PZ0/b_X/eta0/bT0/bz-3	3.2315063476562500e-01	9.1670444367839357e-12	2.3533492823186951e+10
/SS/5/PX2PY-2PZ0/b_X/eta0/bT0/bz-4	2.7649307250976562e-01	1.2802957604861450e-11	1.6212740529912285e+10
/SS/5/PX2PY-2PZ0/b_X/eta0/bT0/bz-5	2.4945449829101562e-01	1.4506096453078487e-11	1.2709962934450228e+10
/SS/5/PX2PY-2PZ0/b_X/eta0/bT0/bz-6	2.3250770568847656e-01	1.9350175419435427e-11	1.2015793172342226e+10
/SS/5/PX2PY-2PZ0/b_X/eta0/bT0/bz-7	2.2192955017089844e-01	3.4317034810031340e-11	6.4670374756861391e+09
/SS/5/PX2PY-2PZ0/b_X/eta0/bT0/bz-8	2.0595216751098633e-01	6.2527497181770263e-11	3.2937855630503497e+09
/SS/5/PX2PY-2PZ0/b_X/eta0/bT0/bz-9	1.2166166305541992e-01	5.4910534875843136e-11	1.7374774667116265e+09
/SS/5/PX2PY-2PZ0/b_X/eta0/bT0/bz0	4.5922851562500000e-01	5.5034247808543521e-12	8.3444134136727371e+10
/SS/5/PX2PY-2PZ0/b_X/eta0/bT0/bz1	4.1921997070312500e-01	5.5295580269990695e-12	7.5814372261979614e+10
/SS/5/PX2PY-2PZ0/b_X/eta0/bT0/bz10	1.1956405639648438e-01	2.5804123442041205e-11	2.9796081713716331e+09
/SS/5/PX2PY-2PZ0/b_X/eta0/bT0/bz11	1.1824607849121094e-01	3.8292113504944608e-11	1.9871331450278182e+09
/SS/5/PX2PY-2PZ0/b_X/eta0/bT0/bz12	1.2175559997558594e-01	3.0367571491478370e-11	1.9130754392388687e+09
/SS/5/PX2PY-2PZ0/b_X/eta0/bT0/bz13	1.2150001525878906e-01	3.7919318081942415e-11	1.5300498242940960e+09
/SS/5/PX2PY-2PZ0/b_X/eta0/bT0/bz14	1.2013816833496094e-01	4.1955621518773509e-11	1.1893589355574505e+09
/SS/5/PX2PY-2PZ0/b_X/eta0/bT0/bz15	1.1488342285156250e-01	3.4472015823338867e-11	5.9266410663341260e+08
/SS/5/PX2PY-2PZ0/b_X/eta0/bT0/bz16	1.0436439514160156e-01	1.6822449765111450e-11	6.2038761654111643e+09
/SS/5/PX2PY-2PZ0/b_X/eta0/bT0/bz17	8.6120605468750000e-02	1.9094330726979867e-11	4.5102709647248068e+09
/SS/5/PX2PY-2PZ0/b_X/eta0/bT0/bz18	5.0334930419921875e-02	2.3887804169495308e-11	9.9895987865137064e+08
/SS/5/PX2PY-2PZ0/b_X/eta0/bT0/bz19	5.0011634826660156e-02	1.4372625874829576e-11	2.3284445421193256e+09
/SS/5/PX2PY-2PZ0/b_X/eta0/bT0/bz2	3.5021209716796875e-01	5.8929925685928930e-12	5.7513770586202866e+10
/SS/5/PX2PY-2PZ0/b_X/eta0/bT0/bz20	5.3956031799316406e-02	1.7527544460902314e-11	2.1739257635231781e+09
/SS/5/PX2PY-2PZ0/b_X/eta0/bT0/bz3	2.7484893798828125e-01	6.3916418800099732e-12	4.0685619983022339e+10
/SS/5/PX2PY-2PZ0/b_X/eta0/bT0/bz4	2.0650100708007812e-01	7.2422370937862980e-12	2.8513428158441826e+10
/SS/5/PX2PY-2PZ0/b_X/eta0/bT0/bz5	1.5193748474121094e-01	9.4074022700415872e-12	1.6150843812118525e+10
/SS/5/PX2PY-2PZ0/b_X/eta0/bT0/bz6	1.0772895812988281e-01	1.7508167231570338e-11	6.1530688338199301e+09
/SS/5/PX2PY-2PZ0/b_X/eta0/bT0/bz7	9.3999862670898438e-02	3.4393705967204360e-11	1.6301040958508000e+09
/SS/5/PX2PY-2PZ0/b_X/eta0/bT0/bz8	1.1909294128417969e-01	1.1708340817185538e-11	1.0171632611631420e+10
/SS/5/PX2PY-2PZ0/b_X/eta0/bT0/bz9	1.2304687500000000e-01	1.6985738357366151e-11	4.8012340574996223e+09
/SS/5/PX2PY0PZ-1/b_X/eta0/bT0/bz-1	9.9777221679687500e-01	7.6583224232974581e-12	1.1132589266345259e+11
/SS/5/PX2PY0PZ-1/b_X/eta0/bT0/bz-10	1.3653945922851562e-01	1.2438619063710873e-11	1.0686938391983885e+10
/SS/5/PX2PY0PZ-1/b_X/eta0/bT0/bz-11	1.2283515930175781e-01	1.5242464903381674e-11	8.0587464088243208e+09
/SS/5/PX2PY0PZ-1/b_X/eta0/bT0/bz-12	9.8315238952636719e-02	1.6012303467159463e-11	6.1399809936326151e+09
/SS/5/PX2PY0PZ-1/b_X/eta0/bT0/bz-13	8.3284378051757812e-02	1.8910762799091685e-11	4.2999344580793219e+09
/SS/5/PX2PY0PZ-1/b_X/eta0/bT0/bz-14	8.1392765045166016e-02	2.3362521521268108e-11	1.7612496158946548e+09
/SS/5/PX2PY0PZ-1/b_X/eta0/bT0/bz-15	7.7177047729492188e-02	5.2377459783478830e-11	6.8056374492787874e+08
/SS/5/PX2PY0PZ-1/b_X/eta0/bT0/bz-16	7.3998451232910156e-02	1.7265734771542601e-11	2.2101490474889359e+09
/SS/5/PX2PY0PZ-1/b_X/eta0/bT0/bz-17	7.8462600708007812e-02	1.8404004588578947e-11	4.2633439005280237e+09
/SS/5/PX2PY0PZ-1/b_X/eta0/bT0/bz-18	8.9653968811035156e-02	2.7302854203050153e-11	1.2764714039836783e+09
/SS/5/PX2PY0PZ-1/b_X/eta0/bT0/bz-19	1.0008144378662109e-01	3.0365869843516384e-11	3.2958530186149154e+09
/SS/5/PX2PY0PZ-1/b_X/eta0/bT0/bz-2	8.6137390136718750e-01	8.6616661301076791e-12	8.3746886839792068e+10
/SS/5/PX2PY0PZ-1/b_X/eta0/bT0/bz-20	1.0143136978149414e-01	4.2803519096094586e-11	2.3696969764046526e+09
/SS/5/PX2PY0PZ-1/b_X/eta0/bT0/bz-3	7.0422363281250000e-01	9.9111654038694526e-12	5.7227586719043083e+10
/SS/5/PX2PY0PZ-1/b_X/eta0/bT0/bz-4	5.5496215820312500e-01	1.1019231445978342e-11	3.7077150847219963e+10
/SS/5/PX2PY0PZ-1/b_X/eta0/bT0/bz-5	4.2668151855468750e-01	1.1756219495476852e-11	2.9096744802822731e+10
/SS/5/PX2PY0PZ-1/b_X/eta0/bT0/bz-6	3.2334899902343750e-01	1.1872313886684356e-11	2.1119407637418022e+10
/SS/5/PX2PY0PZ-1/b_X/eta0/bT0/bz-7	2.4638366699218750e-01	1.1484367060358511e-11	1.5859020583494583e+10
/SS/5/PX2PY0PZ-1/b_X/eta0/bT0/bz-8	1.8915557861328125e-01	1.3864208526752978e-11	4.2368187765079298e+09
/SS/5/PX2PY0PZ-1/b_X/eta0/bT0/bz-9	1.5529251098632812e-01	1.0405964991085620e-11	4.1631973941235476e+09
/SS/5/PX2PY0PZ-1/b_X/eta0/bT0/bz0	1.0523376464843750e+00	7.5169082252523918e-12	1.3067464144493979e+11
/SS/5/PX2PY0PZ-1/b_X/eta0/bT0/bz1	9.6188354492187500e-01	7.3841000951579041e-12	1.1973978153497054e+11
/SS/5/PX2PY0PZ-1/b_X/eta0/bT0/bz10	1.2287902832031250e-01	3.0738630148378785e-11	3.9975440586376743e+09
/SS/5/PX2PY0PZ-1/b_X/eta0/bT0/bz11	1.1734962463378906e-01	2.0868176632363631e-11	3.1890100166726971e+09
/SS/5/PX2PY0PZ-1/b_X/eta0/bT0/bz12	1.4043045043945312e-01	1.5516641465745649e-10	3.5939354371072835e+08
/SS/5/PX2PY0PZ-1/b_X/eta0/bT0/bz13	1.3255596160888672e-01	5.6073215927264156e-11	9.1325618662417662e+08
/SS/5/PX2PY0PZ-1/b_X/eta0/bT0/bz14	1.0776424407958984e-01	4.1167342671436632e-11	1.0314252725683993e+09
/SS/5/PX2PY0PZ-1/b_X/eta0/bT0/bz15	9.7154617309570312e-02	4.8171642447125059e-11	7.0671103480456913e+08
/SS/5/PX2PY0PZ-1/b_X/eta0/bT0/bz16	1.0187721252441406e-01	1.1704164943280034e-10	2.6606167806247592e+08
/SS/5/PX2PY0PZ-1/b_X/eta0/bT0/bz17	1.0949611663818359e-01	2.2046667774275786e-10	1.6218523060562772e+08
/SS/5/PX2PY0PZ-1/b_X/eta0/bT0/bz18	1.0546970367431641e-01	5.4218255570363161e-11	7.2590283382859325e+08
/SS/5/PX2PY0PZ-1/b_X/eta0/bT0/bz19	7.9112052917480469e-02	6.3504348938623105e-11	5.6683232668450415e+08
/SS/5/PX2PY0PZ-1/b_X/eta0/bT0/bz2	7.8660583496093750e-01	7.0405715096789981e-12	1.0025771076408440e+11
/SS/5/PX2PY0PZ-1/b_X/eta0/bT0/bz20	6.1256408691406250e-02	5.1401615198199965e-11	1.0085600701584499e+09
/SS/5/PX2PY0PZ-1/b_X/eta0/bT0/bz3	5.9927368164062500e-01	6.3972021661040626e-12	8.0227161310699600e+10
/SS/5/PX2PY0PZ-1/b_X/eta0/bT0/bz4	4.3267822265625000e-01	5.9885129076397056e-12	7.0179831559231384e+10
/SS/5/PX2PY0PZ-1/b_X/eta0/bT0/bz5	3.2003784179687500e-01	5.8382266901807627e-12	5.4817645627762703e+10
/SS/5/PX2PY0PZ-1/b_X/eta0/bT0/bz6	2.5126647949218750e-01	6.1472090828603168e-12	4.0874887466048637e+10
/SS/5/PX2PY0PZ-1/b_X/eta0/bT0/bz7	2.0926666259765625e-01	7.4770427600280998e-12	2.7987891645663101e+10
/SS/5/PX2PY0PZ-1/b_X/eta0/bT0/bz8	1.8920707702636719e-01	1.1288409295992628e-11	1.6761181497337757e+10
/SS/5/PX2PY0PZ-1/b_X/eta0/bT0/bz9	1.8259048461914062e-01	2.2461228519116251e-11	8.1291405972626085e+09
/SS/5/PX2PY0PZ-2/b_X/eta0/bT0/bz-1	1.1827697753906250e+00	4.7658471375626073e-11	1.5446177428394575e+10
/SS/5/PX2PY0PZ-2/b_X/eta0/bT0/bz-10	9.5991134643554688e-02	2.8984442996593323e-11	5.8652015316205299e+08
/SS/5/PX2PY0PZ-2/b_X/eta0/bT0/bz-11	8.6299896240234375e-02	8.0794404703760996e-11	7.6399855626512516e+08
/SS/5/PX2PY0PZ-2/b_X/eta0/bT0/bz-12	7.5809478759765625e-02	6.0788912691144463e-11	1.2331469502233858e+09
/SS/5/PX2PY0PZ-2/b_X/eta0/bT0/bz-13	8.5541486740112305e-02	4.0024056898908251e-11	2.1372517772541354e+09
/SS/5/PX2PY0PZ-2/b_X/eta0/bT0/bz-14	8.6186408996582031e-02	3.6581455419694619e-11	2.3560136688870296e+09
/SS/5/PX2PY0PZ-2/b_X/eta0/bT0/bz-15	6.2613487243652344e-02	2.3599081218376678e-11	2.6532171597805691e+09
/SS/5/PX2PY0PZ-2/b_X/eta0/bT0/bz-16	6.0266017913818359e-02	1.4514678755594185e-11	4.1520738370176392e+09
/SS/5/PX2PY0PZ-2/b_X/eta0/bT0/bz-17	5.7299137115478516e-02	1.8322692188470745e-11	3.1272226005921259e+09
/SS/5/PX2PY0PZ-2/b_X/eta0/bT0/bz-18	6.5600872039794922e-02	2.6707853864325755e-11	2.4562389914608374e+09
/SS/5/PX2PY0PZ-2/b_X/eta0/bT0/bz-19	8.6749076843261719e-02	6.6696057293214142e-11	7.9328194705739963e+08
/SS/5/PX2PY0PZ-2/b_X/eta0/bT0/bz-2	9.8973083496093750e-01	3.2915103051198620e-11	1.5914533387755899e+10
/SS/5/PX2PY0PZ-2/b_X/eta0/bT0/bz-20	9.5660686492919922e-02	4.1099494029626428e-11	2.9700446477460140e+08
/SS/5/PX2PY0PZ-2/b_X/eta0/bT0/bz-3	7.6912689208984375e-01	2.2807122458747443e-11	1.4925778026444916e+10
/SS/5/PX2PY0PZ-2/b_X/eta0/bT0/bz-4	5.6906127929687500e-01	1.6128239342344644e-11	1.2751302065303114e+10
/SS/5/PX2PY0PZ-2/b_X/eta0/bT0/bz-5	4.0293121337890625e-01	1.4111586740157902e-11	2.8553218061032707e+10
/SS/5/PX2PY0PZ-2/b_X/eta0/bT0/bz-6	2.6870727539062500e-01	1.3338940370519344e-11	2.0144574301006718e+10
/SS/5/PX2PY0PZ-2/b_X/eta0/bT0/bz-7	1.8970108032226562e-01	1.2086043844444393e-11	1.3388793946297205e+10
/SS/5/PX2PY0PZ-2/b_X/eta0/bT0/bz-8	1.3379859924316406e-01	1.0866941313964147e-11	8.8786005006614170e+09
/SS/5/PX2PY0PZ-2/b_X/eta0/bT0/bz-9	1.0117530822753906e-01	9.9672631238927184e-12	1.0150761244078104e+10
/SS/5/PX2PY0PZ-2/b_X/eta0/bT0/bz0	1.2675018310546875e+00	6.7270756759452861e-11	1.3287693758492958e+10
/SS/5/PX2PY0PZ-2/b_X/eta0/bT0/bz1	1.1726531982421875e+00	8.8349363252767122e-11	9.7356439003671627e+09
/SS/5/PX2PY0PZ-2/b_X/eta0/bT0/bz10	1.1362838745117188e-01	1.0082720769311061e-10	1.0347281646594139e+09
/SS/5/PX2PY0PZ-2/b_X/eta0/bT0/bz11	1.0414886474609375e-01	1.3316806754162574e-11	3.2870265565014658e+09
/SS/5/PX2PY0PZ-2/b_X/eta0/bT0/bz12	9.1241836547851562e-02	2.2731879917546987e-11	1.3488047535994847e+09
/SS/5/PX2PY0PZ-2/b_X/eta0/bT0/bz13	8.1674575805664062e-02	2.1973932856733948e-11	9.3116877255289805e+08
/SS/5/PX2PY0PZ-2/b_X/eta0/bT0/bz14	9.3666553497314453e-02	4.8210913420928249e-11	8.4513111626452625e+08
/SS/5/PX2PY0PZ-2/b_X/eta0/bT0/bz15	1.0392141342163086e-01	1.0594751453265830e-10	9.8087636958767080e+08
/SS/5/PX2PY0PZ-2/b_X/eta0/bT0/bz16	8.8584661483764648e-02	1.3609055505001957e-10	6.5092438965515053e+08
/SS/5/PX2PY0PZ-2/b_X/eta0/bT0/bz17	1.1326885223388672e-01	5.1891648575083979e-11	2.1827954082051134e+09
/SS/5/PX2PY0PZ-2/b_X/eta0/bT0/bz18	1.1529064178466797e-01	5.8967834924303734e-11	6.3830963401537597e+08
/SS/5/PX2PY0PZ-2/b_X/eta0/bT0/bz19	1.1084461212158203e-01	2.5338246939152884e-11	8.7595250127607250e+08
/SS/5/PX2PY0PZ-2/b_X/eta0/bT0/bz2	9.7885894775390625e-01	9.3454256715041183e-11	6.3024847330392942e+09
/SS/5/PX2PY0PZ-2/b_X/eta0/bT0/bz20	1.0280513763427734e-01	8.8759507157820392e-11	5.6921811683966410e+08
/SS/5/PX2PY0PZ-2/b_X/eta0/bT0/bz3	7.7264404296875000e-01	1.5648145829379654e-11	4.9166425959286499e+10
/SS/5/PX2PY0PZ-2/b_X/eta0/bT0/bz4	5.9100341796875000e-01	3.3050772054780829e-11	6.5300782335596437e+09
/SS/5/PX2PY0PZ-2/b_X/eta0/bT0/bz5	4.3944549560546875e-01	3.6237919353632898e-11	7.8110779503463125e+09
/SS/5/PX2PY0PZ-2/b_X/eta0/bT0/bz6	3.2169723510742188e-01	3.3563157351886114e-11	8.2426818749942789e+09
/SS/5/PX2PY0PZ-2/b_X/eta0/bT0/bz7	2.4548721313476562e-01	3.1035909100516746e-11	7.5508758696306000e+09
/SS/5/PX2PY0PZ-2/b_X/eta0/bT0/bz8	1.9034957885742188e-01	3.0849131902138399e-11	5.8073444530788002e+09
/SS/5/PX2PY0PZ-2/b_X/eta0/bT0/bz9	1.4771461486816406e-01	3.7286823686227481e-11	3.4717060314753842e+09
/SS/5/PX2PY0PZ0/b_X/eta0/bT0/bz-1	1.2118835449218750e+00	1.2476593973670893e-11	5.7931962892024803e+10
/SS/5/PX2PY0PZ0/b_X/eta0/bT0/bz-10	1.6507911682128906e-01	1.4944937159537299e-11	7.5646568889205732e+09
/SS/5/PX2PY0PZ0/b_X/eta0/bT0/bz-11	1.2673759460449219e-01	3.8925420847981905e-11	2.0445098528071604e+09
/SS/5/PX2PY0PZ0/b_X/eta0/bT0/bz-12	1.2782859802246094e-01	2.0736085363179851e-11	6.1645482155200090e+09
/SS/5/PX2PY0PZ0/b_X/eta0/bT0/bz-13	1.2431430816650391e-01	1.5578916843039673e-10	2.4002714648060089e+08
/SS/5/PX2PY0PZ0/b_X/eta0/bT0/bz-14	1.3772106170654297e-01	2.8125994833518365e-11	2.8997116136689501e+09
/SS/5/PX2PY0PZ0/b_X/eta0/bT0/bz-15	1.2863636016845703e-01	2.5541815680108004e-11	2.1800774339505634e+09
/SS/5/PX2PY0PZ0/b_X/eta0/bT0/bz-16	1.1605453491210938e-01	2.8478023686539317e-11	3.2397540027630973e+09
/SS/5/PX2PY0PZ0/b_X/eta0/bT0/bz-17	9.7375869750976562e-02	3.5852571678368044e-11	2.2339382188048325e+09
/SS/5/PX2PY0PZ0/b_X/eta0/bT0/bz-18	7.1413040161132812e-02	3.7537167678893069e-11	1.8029463075826094e+09
/SS/5/PX2PY0PZ0/b_X/eta0/bT0/bz-19	5.5842161178588867e-02	2.9939615710464187e-11	1.8651595838309805e+09
/SS/5/PX2PY0PZ0/b_X/eta0/bT0/bz-2	9.7074890136718750e-01	1.1548210597141955e-11	5.9371172059291100e+10
/SS/5/PX2PY0PZ0/b_X/eta0/bT0/bz-20	7.0660591125488281e-02	3.7458655656305814e-11	1.8863621741746418e+09
/SS/5/PX2PY0PZ0/b_X/eta0/bT0/bz-3	7.1391296386718750e-01	1.1078949561774987e-11	4.9358874627303894e+10
/SS/5/PX2PY0PZ0/b_X/eta0/bT0/bz-4	5.5529785156250000e-01	1.1012121367242355e-11	5.0426056256003395e+10
/SS/5/PX2PY0PZ0/b_X/eta0/bT0/bz-5	4.6699523925781250e-01	1.1169313706603229e-11	4.1810558063359596e+10
/SS/5/PX2PY0PZ0/b_X/eta0/bT0/bz-6	3.9389038085937500e-01	1.1423299254741392e-11	3.4481315080307083e+10
/SS/5/PX2PY0PZ0/b_X/eta0/bT0/bz-7	3.3023452758789062e-01	1.1606457022180256e-11	2.8452655875673637e+10
/SS/5/PX2PY0PZ0/b_X/eta0/bT0/bz-8	2.7211761474609375e-01	1.1498170085112516e-11	2.3666167114576210e+10
/SS/5/PX2PY0PZ0/b_X/eta0/bT0/bz-9	2.1685028076171875e-01	1.1042441418560442e-11	1.9637892794000317e+10
/SS/5/PX2PY0PZ0/b_X/eta0/bT0/bz0	1.3498077392578125e+00	1.3469129358220109e-11	6.2689694923469307e+10
/SS/5/PX2PY0PZ0/b_X/eta0/bT0/bz1	1.2955322265625000e+00	1.3575418100386306e-11	5.7130181578138580e+10
/SS/5/PX2PY0PZ0/b_X/eta0/bT0/bz10	2.2264003753662109e-01	8.6292407717347448e-11	1.9174657040169749e+09
/SS/5/PX2PY0PZ0/b_X/eta0/bT0/bz11	2.0393657684326172e-01	4.2063353380851963e-11	4.8432862520599451e+09
/SS/5/PX2PY0PZ0/b_X/eta0/bT0/bz12	1.8909931182861328e-01	6.7129664046852226e-11	1.4293608078653798e+09
/SS/5/PX2PY0PZ0/b_X/eta0/bT0/bz13	1.6041374206542969e-01	7.0685306992360873e-11	2.2099688961014795e+09
/SS/5/PX2PY0PZ0/b_X/eta0/bT0/bz14	1.3169097900390625e-01	6.6935643041536838e-11	1.9224933500479820e+09
/SS/5/PX2PY0PZ0/b_X/eta0/bT0/bz15	1.0380601882934570e-01	6.2314980424521945e-11	1.6586041405756383e+09
/SS/5/PX2PY0PZ0/b_X/eta0/bT0/bz16	8.6734771728515625e-02	3.9953846414216532e-11	1.6206606089869480e+09
/SS/5/PX2PY0PZ0/b_X/eta0/bT0/bz17	8.6343765258789062e-02	6.1219935084650734e-11	1.0201751767864631e+09
/SS/5/PX2PY0PZ0/b_X/eta0/bT0/bz18	8.4909439086914062e-02	2.9993102617725782e-11	1.1786309676296949e+09
/SS/5/PX2PY0PZ0/b_X/eta0/bT0/bz19	8.4014892578125000e-02	6.9792263743207582e-11	7.0184818898844588e+08
/SS/5/PX2PY0PZ0/b_X/eta0/bT0/bz2	1.1264801025390625e+00	1.3229391130927903e-11	4.6404193880234352e+10
/SS/5/PX2PY0PZ0/b_X/eta0/bT0/bz20	8.3688735961914062e-02	8.4076795211476776e-11	6.1288217460039067e+08
/SS/5/PX2PY0PZ0/b_X/eta0/bT0/bz3	9.3327331542968750e-01	1.2736392718729608e-11	4.5761777191685707e+10
/SS/5/PX2PY0PZ0/b_X/eta0/bT0/bz4	7.5759887695312500e-01	1.4000340445246474e-11	3.8537314472529533e+10
/SS/5/PX2PY0PZ0/b_X/eta0/bT0/bz5	6.0906982421875000e-01	1.6903786497881949e-11	2.5776386635713177e+10
/SS/5/PX2PY0PZ0/b_X/eta0/bT0/bz6	4.8486328125000000e-01	2.0522954689553918e-11	1.6650001658298506e+10
/SS/5/PX2PY0PZ0/b_X/eta0/bT0/bz7	3.8194274902343750e-01	2.2108993227417769e-11	1.7275447375404831e+10
/SS/5/PX2PY0PZ0/b_X/eta0/bT0/bz8	2.9830360412597656e-01	3.4978712802704226e-11	8.5281469849546471e+09
/SS/5/PX2PY0PZ0/b_X/eta0/bT0/bz9	2.4558830261230469e-01	9.7932076135969236e-11	2.3434250358972287e+09
/SS/5/PX2PY1PZ-1/b_X/eta0/bT0/bz-1	7.6248168945312500e-01	8.8895586869996999e-12	8.5772726892303009e+10
/SS/5/PX2PY1PZ-1/b_X/eta0/bT0/bz-10	8.5805892944335938e-02	1.6708160466028992e-11	1.1595610537595403e+09
/SS/5/PX2PY1PZ-1/b_X/eta0/bT0/bz-11	7.9519271850585938e-02	1.1693523597909839e-11	3.3436234422113919e+09
/SS/5/PX2PY1PZ-1/b_X/eta0/bT0/bz-12	7.3129653930664062e-02	1.2841692236194249e-11	4.2640482309583650e+09
/SS/5/PX2PY1PZ-1/b_X/eta0/bT0/bz-13	8.9120864868164062e-02	1.5198567297706849e-11	3.2757722191787333e+09
/SS/5/PX2PY1PZ-1/b_X/eta0/bT0/bz-14	8.9836120605468750e-02	1.6195369898189362e-11	2.1815942640599289e+09
/SS/5/PX2PY1PZ-1/b_X/eta0/bT0/bz-15	7.9120635986328125e-02	2.9135170524074261e-11	2.5441695293523331e+09
/SS/5/PX2PY1PZ-1/b_X/eta0/bT0/bz-16	6.2530517578125000e-02	2.3813669188584324e-11	2.1566698753859243e+09
/SS/5/PX2PY1PZ-1/b_X/eta0/bT0/bz-17	5.4506301879882812e-02	1.3818795127488232e-11	3.9443599371018481e+09
/SS/5/PX2PY1PZ-1/b_X/eta0/bT0/bz-18	5.0696372985839844e-02	3.4749733166406480e-11	1.0047859393438299e+09
/SS/5/PX2PY1PZ-1/b_X/eta0/bT0/bz-19	5.1878929138183594e-02	2.1798618973906244e-11	2.2505296049321694e+09
/SS/5/PX2PY1PZ-1/b_X/eta0/bT0/bz-2	6.0987091064453125e-01	8.8829199702298294e-12	6.8656580571304184e+10
/SS/5/PX2PY1PZ-1/b_X/eta0/bT0/bz-20	5.7074546813964844e-02	1.6075693031922987e-11	2.9122148637334771e+09
/SS/5/PX2PY1PZ-1/b_X/eta0/bT0/bz-3	4.6109008789062500e-01	9.0213502151777390e-12	4.9788302652088165e+10
/SS/5/PX2PY1PZ-1/b_X/eta0/bT0/bz-4	3.4662628173828125e-01	9.3590372515246188e-12	3.2941424424859913e+10
/SS/5/PX2PY1PZ-1/b_X/eta0/bT0/bz-5	2.8283691406250000e-01	9.7649187873872612e-12	1.9851435579820793e+10
/SS/5/PX2PY1PZ-1/b_X/eta0/bT0/bz-6	2.3151397705078125e-01	8.1998030160414401e-12	1.2321302948671654e+10
/SS/5/PX2PY1PZ-1/b_X/eta0/bT0/bz-7	1.8349838256835938e-01	9.0350909746058446e-12	3.9374161394599900e+09
/SS/5/PX2PY1PZ-1/b_X/eta0/bT0/bz-8	1.4234161376953125e-01	1.9234404217556815e-11	2.1620344947359633e+09
/SS/5/PX2PY1PZ-1/b_X/eta0/bT0/bz-9	1.0732650756835938e-01	3.7134284695633230e-11	1.1797372431769621e+09
/SS/5/PX2PY1PZ-1/b_X/eta0/bT0/bz0	8.4861755371093750e-01	8.9981462100022137e-12	9.4310265015212372e+10
/SS/5/PX2PY1PZ-1/b_X/eta0/bT0/bz1	8.1130981445312500e-01	9.2002192480064722e-12	8.8183747863282898e+10
/SS/5/PX2PY1PZ-1/b_X/eta0/bT0/bz10	1.5900611877441406e-01	1.3648406308968711e-11	6.0551066084917116e+09
/SS/5/PX2PY1PZ-1/b_X/eta0/bT0/bz11	1.7644691467285156e-01	1.4413812920300999e-11	1.2241515527396402e+10
/SS/5/PX2PY1PZ-1/b_X/eta0/bT0/bz12	1.8056106567382812e-01	1.6330901769858773e-11	1.1056405103549257e+10
/SS/5/PX2PY1PZ-1/b_X/eta0/bT0/bz13	1.7210197448730469e-01	1.7845039347596200e-11	9.6442474087616692e+09
/SS/5/PX2PY1PZ-1/b_X/eta0/bT0/bz14	1.5599250793457031e-01	3.1814701099759201e-11	1.7109494640227730e+09
/SS/5/PX2PY1PZ-1/b_X/eta0/bT0/bz15	1.3809013366699219e-01	2.2976177413780695e-11	6.0101439495400238e+09
/SS/5/PX2PY1PZ-1/b_X/eta0/bT0/bz16	1.2411022186279297e-01	2.7095027716594068e-11	4.5805534196513462e+09
/SS/5/PX2PY1PZ-1/b_X/eta0/bT0/bz17	1.1500883102416992e-01	3.0588789762182350e-11	3.7598359372281566e+09
/SS/5/PX2PY1PZ-1/b_X/eta0/bT0/bz18	1.0633802413940430e-01	2.9123103988050226e-11	3.6513286558684421e+09
/SS/5/PX2PY1PZ-1/b_X/eta0/bT0/bz19	9.6694946289062500e-02	3.5910670067337524e-11	1.9465707081334646e+09
/SS/5/PX2PY1PZ-1/b_X/eta0/bT0/bz2	6.9296264648437500e-01	9.4730850996977685e-12	7.3150683139802414e+10
/SS/5/PX2PY1PZ-1/b_X/eta0/bT0/bz20	8.8662147521972656e-02	8.4821354407938896e-11	6.6962451255139542e+08
/SS/5/PX2PY1PZ-1/b_X/eta0/bT0/bz3	5.5230712890625000e-01	9.7425814511589648e-12	5.6690019136616844e+10
/SS/5/PX2PY1PZ-1/b_X/eta0/bT0/bz4	4.3804168701171875e-01	9.5516738445010621e-12	4.3383279341020889e+10
/SS/5/PX2PY1PZ-1/b_X/eta0/bT0/bz5	3.3169555664062500e-01	8.7602693064642592e-12	3.5749930185614777e+10
/SS/5/PX2PY1PZ-1/b_X/eta0/bT0/bz6	2.3522186279296875e-01	1.0307359962600238e-11	1.7121867053115051e+10
/SS/5/PX2PY1PZ-1/b_X/eta0/bT0/bz7	1.7223930358886719e-01	1.4894963842593758e-11	9.0525969497463799e+09
/SS/5/PX2PY1PZ-1/b_X/eta0/bT0/bz8	1.4990234375000000e-01	1.5504349591519513e-11	4.6936522962444143e+09
/SS/5/PX2PY1PZ-1/b_X/eta0/bT0/bz9	1.4390563964843750e-01	9.7384123438042408e-12	1.3413353892461739e+10
/SS/5/PX2PY1PZ-2/b_X/eta0/bT0/bz-1	8.5665893554687500e-01	2.6281812478500563e-11	2.5527679905558006e+10
/SS/5/PX2PY1PZ-2/b_X/eta0/bT0/bz-10	1.1310482025146484e-01	2.1006994797275630e-11	5.3841504386021585e+09
/SS/5/PX2PY1PZ-2/b_X/eta0/bT0/bz-11	6.0084342956542969e-02	8.4779118457892993e-12	4.8697740177669020e+09
/SS/5/PX2PY1PZ-2/b_X/eta0/bT0/bz-12	5.9672355651855469e-02	1.1082400556714065e-11	5.2473425922680006e+09
/SS/5/PX2PY1PZ-2/b_X/eta0/bT0/bz-13	6.5437316894531250e-02	1.3490962749892331e-11	4.7245570326343393e+09
/SS/5/PX2PY1PZ-2/b_X/eta0/bT0/bz-14	6.0582637786865234e-02	2.2460075795389936e-11	2.6973478780200815e+09
/SS/5/PX2PY1PZ-2/b_X/eta0/bT0/bz-15	6.5261363983154297e-02	4.1176646579878822e-11	1.5849120655455365e+09
/SS/5/PX2PY1PZ-2/b_X/eta0/bT0/bz-16	6.4242839813232422e-02	1.5286821957482119e-11	4.2024980726480455e+09
/SS/5/PX2PY1PZ-2/b_X/eta0/bT0/bz-17	7.3479652404785156e-02	1.8780590510930462e-11	1.7942020833674304e+09
/SS/5/PX2PY1PZ-2/b_X/eta0/bT0/bz-18	7.4484825134277344e-02	1.7024620945577362e-11	4.3751238498867683e+09
/SS/5/PX2PY1PZ-2/b_X/eta0/bT0/bz-19	7.0589065551757812e-02	3.2315854815939915e-11	8.8278571756443012e+08
/SS/5/PX2PY1PZ-2/b_X/eta0/bT0/bz-2	7.3036956787109375e-01	2.6576583156887122e-11	2.0312932044344501e+10
/SS/5/PX2PY1PZ-2/b_X/eta0/bT0/bz-20	7.1078300476074219e-02	3.9392640495241742e-11	1.6880768056766162e+09
/SS/5/PX2PY1PZ-2/b_X/eta0/bT0/bz-3	5.7577514648437500e-01	2.8506461703673289e-11	1.4018577973879145e+10
/SS/5/PX2PY1PZ-2/b_X/eta0/bT0/bz-4	4.2862701416015625e-01	3.5624755953887603e-11	7.7514911748930206e+09
/SS/5/PX2PY1PZ-2/b_X/eta0/bT0/bz-5	3.3177947998046875e-01	8.0878151569049152e-11	2.4123099341727767e+09
/SS/5/PX2PY1PZ-2/b_X/eta0/bT0/bz-6	3.0669403076171875e-01	3.5377120415220120e-11	4.7955823008166742e+09
/SS/5/PX2PY1PZ-2/b_X/eta0/bT0/bz-7	2.7838134765625000e-01	2.5409088766965951e-11	1.0955975250012516e+10
/SS/5/PX2PY1PZ-2/b_X/eta0/bT0/bz-8	2.6110649108886719e-01	6.3943715404583208e-11	1.0640516716357232e+09
/SS/5/PX2PY1PZ-2/b_X/eta0/bT0/bz-9	2.1725845336914062e-01	3.7538018967733611e-11	5.7876909688784723e+09
/SS/5/PX2PY1PZ-2/b_X/eta0/bT0/bz0	9.0528869628906250e-01	2.6930513025404823e-11	2.7565018430593601e+10
/SS/5/PX2PY1PZ-2/b_X/eta0/bT0/bz1	8.2423400878906250e-01	2.8350038224018572e-11	2.4604427796322903e+10
/SS/5/PX2PY1PZ-2/b_X/eta0/bT0/bz10	1.5100097656250000e-01	3.7813941064168068e-11	3.2096963662188559e+09
/SS/5/PX2PY1PZ-2/b_X/eta0/bT0/bz11	1.3643455505371094e-01	1.1357719019240872e-10	1.1563650128416333e+09
/SS/5/PX2PY1PZ-2/b_X/eta0/bT0/bz12	1.2575340270996094e-01	7.1979216621276223e-11	1.1161675000839353e+09
/SS/5/PX2PY1PZ-2/b_X/eta0/bT0/bz13	1.1284446716308594e-01	4.4727347616991257e-11	2.5229411797317934e+09
/SS/5/PX2PY1PZ-2/b_X/eta0/bT0/bz14	1.0714149475097656e-01	2.7656110049076656e-11	3.8740623522559948e+09
/SS/5/PX2PY1PZ-2/b_X/eta0/bT0/bz15	9.0871810913085938e-02	1.8066867285239963e-11	5.0297491799989710e+09
/SS/5/PX2PY1PZ-2/b_X/eta0/bT0/bz16	7.8255176544189453e-02	2.6005199454150067e-11	3.0092127031043024e+09
/SS/5/PX2PY1PZ-2/b_X/eta0/bT0/bz17	7.1243762969970703e-02	2.5828655102942455e-11	2.7583225950411358e+09
/SS/5/PX2PY1PZ-2/b_X/eta0/bT0/bz18	4.9459457397460938e-02	1.6143814097787977e-11	3.0636785766901183e+09
/SS/5/PX2PY1PZ-2/b_X/eta0/bT0/bz19	4.6074867248535156e-02	1.4244111833698743e-11	1.5787156282415266e+09
/SS/5/PX2PY1PZ-2/b_X/eta0/bT0/bz2	6.8057250976562500e-01	3.1674903495160085e-11	1.8505944661205864e+10
/SS/5/PX2PY1PZ-2/b_X/eta0/bT0/bz20	5.2801609039306641e-02	2.1137762687657604e-11	2.4979752975530205e+09
/SS/5/PX2PY1PZ-2/b_X/eta0/bT0/bz3	5.2553558349609375e-01	3.6949360459358285e-11	1.2163932842056452e+10
/SS/5/PX2PY1PZ-2/b_X/eta0/bT0/bz4	3.8879394531250000e-01	2.9495475407988213e-11	8.3080038398992081e+09
/SS/5/PX2PY1PZ-2/b_X/eta0/bT0/bz5	2.7955245971679688e-01	1.7233962173588179e-11	1.4519300008801981e+10
/SS/5/PX2PY1PZ-2/b_X/eta0/bT0/bz6	2.0040130615234375e-01	1.5044142748224404e-11	1.1705664291911682e+10
/SS/5/PX2PY1PZ-2/b_X/eta0/bT0/bz7	1.7744636535644531e-01	1.4032513248471497e-11	7.5947947916117954e+09
/SS/5/PX2PY1PZ-2/b_X/eta0/bT0/bz8	1.7166519165039062e-01	1.4008347986487137e-11	7.9928830223234692e+09
/SS/5/PX2PY1PZ-2/b_X/eta0/bT0/bz9	1.6266632080078125e-01	1.5796560665298437e-11	5.5202597778641729e+09
/SS/5/PX2PY1PZ0/b_X/eta0/bT0/bz-1	1.7215023040771484e+00	1.6302852258428015e-10	1.0559516069877838e+10
/SS/5/PX2PY1PZ0/b_X/eta0/bT0/bz-10	1.7065715789794922e-01	5.4630370763799265e-11	3.1238513579892254e+09
/SS/5/PX2PY1PZ0/b_X/eta0/bT0/bz-11	1.6156148910522461e-01	5.6478628786182347e-11	2.8605774002918262e+09
/SS/5/PX2PY1PZ0/b_X/eta0/bT0/bz-12	1.1366891860961914e-01	2.7951818058625964e-11	4.0666019781328955e+09
/SS/5/PX2PY1PZ0/b_X/eta0/bT0/bz-13	7.9107284545898438e-02	1.9385040201038777e-11	3.7886398574333606e+09
/SS/5/PX2PY1PZ0/b_X/eta0/bT0/bz-14	7.4995040893554688e-02	3.4131488319412371e-11	2.1972391063562579e+09
/SS/5/PX2PY1PZ0/b_X/eta0/bT0/bz-15	6.0095787048339844e-02	3.0386631652140514e-11	9.1323496416964078e+08
/SS/5/PX2PY1PZ0/b_X/eta0/bT0/bz-16	5.9314250946044922e-02	2.0548800042394788e-11	2.8865067947360468e+09
/SS/5/PX2PY1PZ0/b_X/eta0/bT0/bz-17	6.5466403961181641e-02	2.2644200209058998e-11	2.8910892571507678e+09
/SS/5/PX2PY1PZ0/b_X/eta0/bT0/bz-18	6.8334579467773438e-02	2.8487563553954806e-11	2.3987512774951525e+09
/SS/5/PX2PY1PZ0/b_X/eta0/bT0/bz-19	6.2554359436035156e-02	3.8243074682713098e-11	1.6357042407029951e+09
/SS/5/PX2PY1PZ0/b_X/eta0/bT0/bz-2	1.4139747619628906e+00	9.9194318623525831e-11	1.4254594230637112e+10
/SS/5/PX2PY1PZ0/b_X/eta0/bT0/bz-20	6.2561035156250000e-02	3.7688017934462416e-11	9.9476511559900689e+08
/SS/5/PX2PY1PZ0/b_X/eta0/bT0/bz-3	1.0701904296875000e+00	6.4536181860405798e-11	1.6582797414361488e+10
/SS/5/PX2PY1PZ0/b_X/eta0/bT0/bz-4	7.7547454833984375e-01	4.4176759629187559e-11	1.7553902885794460e+10
/SS/5/PX2PY1PZ0/b_X/eta0/bT0/bz-5	5.4553604125976562e-01	3.1191873579908481e-11	1.7489684929063061e+10
/SS/5/PX2PY1PZ0/b_X/eta0/bT0/bz-6	3.7207031250000000e-01	6.4707069134340991e-11	5.4986508753430262e+09
/SS/5/PX2PY1PZ0/b_X/eta0/bT0/bz-7	3.3183383941650391e-01	6.5594105269912318e-11	5.0588972599145184e+09
/SS/5/PX2PY1PZ0/b_X/eta0/bT0/bz-8	2.5012779235839844e-01	5.2925174842157633e-11	4.7260645449801846e+09
/SS/5/PX2PY1PZ0/b_X/eta0/bT0/bz-9	1.8706655502319336e-01	4.5259106091795717e-11	4.1332357436264877e+09
/SS/5/PX2PY1PZ0/b_X/eta0/bT0/bz0	1.7338314056396484e+00	3.2097448365671897e-10	5.4017733306613083e+09
/SS/5/PX2PY1PZ0/b_X/eta0/bT0/bz1	1.5698671340942383e+00	7.3974613858914423e-10	2.1221700962012646e+09
/SS/5/PX2PY1PZ0/b_X/eta0/bT0/bz10	1.5009975433349609e-01	2.4024927219607059e-11	6.2476673898515587e+09
/SS/5/PX2PY1PZ0/b_X/eta0/bT0/bz11	1.1318016052246094e-01	2.4897228177009554e-11	4.1866941524283934e+09
/SS/5/PX2PY1PZ0/b_X/eta0/bT0/bz12	9.9526405334472656e-02	2.6255824947965382e-11	2.7501860895294857e+09
/SS/5/PX2PY1PZ0/b_X/eta0/bT0/bz13	8.4915161132812500e-02	2.7324247999841083e-11	1.7983930640349751e+09
/SS/5/PX2PY1PZ0/b_X/eta0/bT0/bz14	7.5792312622070312e-02	3.9119793003674330e-11	1.6342790268807509e+09
/SS/5/PX2PY1PZ0/b_X/eta0/bT0/bz15	7.2057723999023438e-02	3.8982049429204217e-11	8.5047594989016378e+08
/SS/5/PX2PY1PZ0/b_X/eta0/bT0/bz16	7.2174072265625000e-02	1.4747221797681425e-11	3.1362072095522046e+09
/SS/5/PX2PY1PZ0/b_X/eta0/bT0/bz17	7.9245567321777344e-02	1.1842511404209138e-11	6.6916184090488949e+09
/SS/5/PX2PY1PZ0/b_X/eta0/bT0/bz18	7.4494361877441406e-02	1.1492263605141790e-11	3.7410029333711681e+09
/SS/5/PX2PY1PZ0/b_X/eta0/bT0/bz19	7.1100234985351562e-02	1.7406985874727238e-11	2.8949109515226550e+09
/SS/5/PX2PY1PZ0/b_X/eta0/bT0/bz2	1.4839401245117188e+00	1.7566149925216933e-10	8.4477254881074514e+09
/SS/5/PX2PY1PZ0/b_X/eta0/bT0/bz20	6.4710617065429688e-02	2.7445492696206552e-11	1.8661902062028408e+09
/SS/5/PX2PY1PZ0/b_X/eta0/bT0/bz3	1.1481647491455078e+00	8.3615662530787383e-11	1.3731455500011763e+10
/SS/5/PX2PY1PZ0/b_X/eta0/bT0/bz4	8.7040710449218750e-01	5.0938159777938768e-11	1.6967328995563353e+10
/SS/5/PX2PY1PZ0/b_X/eta0/bT0/bz5	7.2306442260742188e-01	4.0259383781961625e-11	4.7015015753723860e+09
/SS/5/PX2PY1PZ0/b_X/eta0/bT0/bz6	5.7073974609375000e-01	3.5622548333785523e-10	1.0885914184966927e+09
/SS/5/PX2PY1PZ0/b_X/eta0/bT0/bz7	4.2777633666992188e-01	5.6313456738901444e-11	3.3939898441791101e+09
/SS/5/PX2PY1PZ0/b_X/eta0/bT0/bz8	3.0798149108886719e-01	2.6329114018144485e-11	1.1697373898590904e+10
/SS/5/PX2PY1PZ0/b_X/eta0/bT0/bz9	2.1584892272949219e-01	2.4341583082154883e-11	8.8674973193396664e+09
/SS/5/PX2PY2PZ-1/b_X/eta0/bT0/bz-1	9.0753936767578125e-01	1.6099439593442901e-11	5.6370866973867256e+10
/SS/5/PX2PY2PZ-1/b_X/eta0/bT0/bz-10	1.3172245025634766e-01	1.0270094898311815e-10	3.8219166534079534e+08
/SS/5/PX2PY2PZ-1/b_X/eta0/bT0/bz-11	1.2236595153808594e-01	2.2011595349113145e-11	2.9896237783433461e+09
/SS/5/PX2PY2PZ-1/b_X/eta0/bT0/bz-12	1.1767196655273438e-01	9.2437770818716136e-11	9.4995097831447613e+08
/SS/5/PX2PY2PZ-1/b_X/eta0/bT0/bz-13	1.0897636413574219e-01	1.6982127509956864e-10	3.4544286046984810e+08
/SS/5/PX2PY2PZ-1/b_X/eta0/bT0/bz-14	9.8721504211425781e-02	1.8132859928233958e-10	3.1950611068351614e+08
/SS/5/PX2PY2PZ-1/b_X/eta0/bT0/bz-15	8.9185714721679688e-02	9.9867971880397237e-11	6.2411335181754076e+08
/SS/5/PX2PY2PZ-1/b_X/eta0/bT0/bz-16	7.8763961791992188e-02	2.8646063203904359e-11	1.9208774746285634e+09
/SS/5/PX2PY2PZ-1/b_X/eta0/bT0/bz-17	6.1669349670410156e-02	3.9026121509207154e-11	1.4960343541639056e+09
/SS/5/PX2PY2PZ-1/b_X/eta0/bT0/bz-18	5.4670333862304688e-02	1.6681251711503426e-11	2.1108608717083580e+09
/SS/5/PX2PY2PZ-1/b_X/eta0/bT0/bz-19	6.1281204223632812e-02	1.5158020543424989e-11	4.0428236687022057e+09
/SS/5/PX2PY2PZ-1/b_X/eta0/bT0/bz-2	7.9840087890625000e-01	1.7844365004674853e-11	4.4742465125381912e+10
/SS/5/PX2PY2PZ-1/b_X/eta0/bT0/bz-20	6.0683250427246094e-02	1.4968907788866224e-11	4.0539531195710816e+09
/SS/5/PX2PY2PZ-1/b_X/eta0/bT0/bz-3	6.6069412231445312e-01	1.9578207474674516e-11	3.3746405188988686e+10
/SS/5/PX2PY2PZ-1/b_X/eta0/bT0/bz-4	5.3724288940429688e-01	2.1459249864698787e-11	2.5035492516822784e+10
/SS/5/PX2PY2PZ-1/b_X/eta0/bT0/bz-5	4.2991638183593750e-01	2.3229946230411998e-11	1.8506989967678143e+10
/SS/5/PX2PY2PZ-1/b_X/eta0/bT0/bz-6	3.3726882934570312e-01	2.4239510006696728e-11	1.3914011844815542e+10
/SS/5/PX2PY2PZ-1/b_X/eta0/bT0/bz-7	2.6234626770019531e-01	2.4164553345304723e-11	1.0856657019533545e+10
/SS/5/PX2PY2PZ-1/b_X/eta0/bT0/bz-8	2.0747375488281250e-01	2.3921025400318022e-11	8.6732801546230621e+09
/SS/5/PX2PY2PZ-1/b_X/eta0/bT0/bz-9	1.6819286346435547e-01	4.1401520383769494e-11	1.6047111849522216e+09
/SS/5/PX2PY2PZ-1/b_X/eta0/bT0/bz0	9.1226196289062500e-01	1.4265651617343284e-11	6.3948145332636200e+10
/SS/5/PX2PY2PZ-1/b_X/eta0/bT0/bz1	7.6341247558593750e-01	1.2280050622453400e-11	6.2166883432066612e+10
/SS/5/PX2PY2PZ-1/b_X/eta0/bT0/bz10	1.2837219238281250e-01	2.7105416385136425e-11	4.7360346935384808e+09
/SS/5/PX2PY2PZ-1/b_X/eta0/bT0/bz11	1.3521289825439453e-01	3.8989797315219841e-11	2.8750531649873953e+09
/SS/5/PX2PY2PZ-1/b_X/eta0/bT0/bz12	1.1746406555175781e-01	5.4516713077817907e-11	1.6277816009113355e+09
/SS/5/PX2PY2PZ-1/b_X/eta0/bT0/bz13	9.8991394042968750e-02	2.0228461473424591e-11	4.8093733916959248e+09
/SS/5/PX2PY2PZ-1/b_X/eta0/bT0/bz14	8.8521957397460938e-02	1.9303267545634805e-11	1.3056950908211491e+09
/SS/5/PX2PY2PZ-1/b_X/eta0/bT0/bz15	8.1396102905273438e-02	1.7879909597363876e-11	1.9860181372529426e+09
/SS/5/PX2PY2PZ-1/b_X/eta0/bT0/bz16	7.8374862670898438e-02	1.5100388464953931e-11	2.8515075835853176e+09
/SS/5/PX2PY2PZ-1/b_X/eta0/bT0/bz17	7.7174186706542969e-02	1.5823071193675825e-11	3.1408187785483379e+09
/SS/5/PX2PY2PZ-1/b_X/eta0/bT0/bz18	7.7352523803710938e-02	1.8521049816737450e-11	2.9469286125498257e+09
/SS/5/PX2PY2PZ-1/b_X/eta0/bT0/bz19	8.1480979919433594e-02	2.8744942823693512e-11	1.6728980387845690e+09
/SS/5/PX2PY2PZ-1/b_X/eta0/bT0/bz2	5.5127716064453125e-01	1.0169951031471954e-11	5.4206471490231140e+10
/SS/5/PX2PY2PZ-1/b_X/eta0/bT0/bz20	7.5766563415527344e-02	7.2946734513658344e-11	8.9208492565946686e+08
/SS/5/PX2PY2PZ-1/b_X/eta0/bT0/bz3	4.4262695312500000e-01	7.9026867262774050e-12	4.4793455659058548e+10
/SS/5/PX2PY2PZ-1/b_X/eta0/bT0/bz4	3.5156250000000000e-01	5.4820267102371456e-12	3.6428024234641136e+10
/SS/5/PX2PY2PZ-1/b_X/eta0/bT0/bz5	2.6752471923828125e-01	5.7024609633954493e-12	4.6913906286346146e+10
/SS/5/PX2PY2PZ-1/b_X/eta0/bT0/bz6	1.9086456298828125e-01	5.6740752847070308e-12	3.3638003271247772e+10
/SS/5/PX2PY2PZ-1/b_X/eta0/bT0/bz7	1.2434005737304688e-01	5.2658709493502910e-12	2.3612439151853519e+10
/SS/5/PX2PY2PZ-1/b_X/eta0/bT0/bz8	9.0656280517578125e-02	7.1282349556451533e-12	1.2717914193580776e+10
/SS/5/PX2PY2PZ-1/b_X/eta0/bT0/bz9	1.0674095153808594e-01	1.2986026336299712e-11	6.0179180169580793e+09
/SS/5/PX2PY2PZ-2/b_X/eta0/bT0/bz-1	7.7828979492187500e-01	1.4320806502652919e-11	5.2947786477133553e+10
/SS/5/PX2PY2PZ-2/b_X/eta0/bT0/bz-10	9.9897384643554688e-02	2.6701928222424870e-11	1.9377834169849560e+09
/SS/5/PX2PY2PZ-2/b_X/eta0/bT0/bz-11	8.6450576782226562e-02	1.5825756197026830e-11	1.3464243606916614e+09
/SS/5/PX2PY2PZ-2/b_X/eta0/bT0/bz-12	7.4462890625000000e-02	1.3587743403571804e-11	4.8035548123234644e+09
/SS/5/PX2PY2PZ-2/b_X/eta0/bT0/bz-13	7.3879241943359375e-02	1.4065598387393958e-11	5.2524777054328756e+09
/SS/5/PX2PY2PZ-2/b_X/eta0/bT0/bz-14	7.2546005249023438e-02	1.5652003853721321e-11	3.5350892244010673e+09
/SS/5/PX2PY2PZ-2/b_X/eta0/bT0/bz-15	6.9856643676757812e-02	2.0299860348649801e-11	3.4412376477951570e+09
/SS/5/PX2PY2PZ-2/b_X/eta0/bT0/bz-16	7.4049472808837891e-02	2.7870261021804544e-11	2.1033676903604457e+09
/SS/5/PX2PY2PZ-2/b_X/eta0/bT0/bz-17	7.3114871978759766e-02	3.1129149217085622e-11	1.6966553421866770e+09
/SS/5/PX2PY2PZ-2/b_X/eta0/bT0/bz-18	6.5430641174316406e-02	2.9044521851409356e-11	1.6420821532560842e+09
/SS/5/PX2PY2PZ-2/b_X/eta0/bT0/bz-19	5.1593303680419922e-02	2.7779146789189646e-11	1.6210214883055418e+09
/SS/5/PX2PY2PZ-2/b_X/eta0/bT0/bz-2	6.2081909179687500e-01	1.5788792944752790e-11	2.2798605608323929e+10
/SS/5/PX2PY2PZ-2/b_X/eta0/bT0/bz-20	4.3036460876464844e-02	2.6442294980102979e-11	1.5890788001751478e+09
/SS/5/PX2PY2PZ-2/b_X/eta0/bT0/bz-3	4.7192382812500000e-01	2.2030861332815150e-11	1.1786572767036957e+10
/SS/5/PX2PY2PZ-2/b_X/eta0/bT0/bz-4	3.5772705078125000e-01	1.8957482110426866e-11	1.0951204810733944e+10
/SS/5/PX2PY2PZ-2/b_X/eta0/bT0/bz-5	2.7800369262695312e-01	4.4750315051825723e-11	5.0594250682142248e+09
/SS/5/PX2PY2PZ-2/b_X/eta0/bT0/bz-6	2.2416305541992188e-01	3.7787943212036132e-11	9.1778167383304536e+08
/SS/5/PX2PY2PZ-2/b_X/eta0/bT0/bz-7	1.8252182006835938e-01	1.8489695401414774e-11	9.8715428299804974e+09
/SS/5/PX2PY2PZ-2/b_X/eta0/bT0/bz-8	1.4316940307617188e-01	2.4684137366137322e-11	5.8000569739405737e+09
/SS/5/PX2PY2PZ-2/b_X/eta0/bT0/bz-9	1.1322498321533203e-01	3.0863885746550928e-11	3.2261558276287103e+09
/SS/5/PX2PY2PZ-2/b_X/eta0/bT0/bz0	8.7896728515625000e-01	1.4050229453441297e-11	5.9978550893867859e+10
/SS/5/PX2PY2PZ-2/b_X/eta0/bT0/bz1	8.5206604003906250e-01	1.4239697895423616e-11	5.6385314981454742e+10
/SS/5/PX2PY2PZ-2/b_X/eta0/bT0/bz10	1.3921165466308594e-01	2.2368457613235731e-11	5.3262780590425158e+09
/SS/5/PX2PY2PZ-2/b_X/eta0/bT0/bz11	1.2922286987304688e-01	3.0851079416460763e-11	3.3955027427104335e+09
/SS/5/PX2PY2PZ-2/b_X/eta0/bT0/bz12	1.2157917022705078e-01	5.2103635229767540e-11	1.8529825480365102e+09
/SS/5/PX2PY2PZ-2/b_X/eta0/bT0/bz13	1.1864423751831055e-01	5.8101337274084720e-11	1.2397726973104925e+09
/SS/5/PX2PY2PZ-2/b_X/eta0/bT0/bz14	1.1815309524536133e-01	4.3638556420817252e-11	2.7075390419880571e+09
/SS/5/PX2PY2PZ-2/b_X/eta0/bT0/bz15	1.1626887321472168e-01	5.6464195213172686e-11	2.0591610803229334e+09
/SS/5/PX2PY2PZ-2/b_X/eta0/bT0/bz16	1.1261463165283203e-01	6.8601711217265644e-11	1.6415717575349524e+09
/SS/5/PX2PY2PZ-2/b_X/eta0/bT0/bz17	1.0349416732788086e-01	9.5603643318799157e-11	5.3490137473378062e+08
/SS/5/PX2PY2PZ-2/b_X/eta0/bT0/bz18	8.6387634277343750e-02	2.0743079678933218e-10	2.1900319790627405e+08
/SS/5/PX2PY2PZ-2/b_X/eta0/bT0/bz19	7.1341514587402344e-02	1.4397359388799805e-10	3.7873900158048415e+08
/SS/5/PX2PY2PZ-2/b_X/eta0/bT0/bz2	7.4434661865234375e-01	1.4745626053754945e-11	4.6676252763943481e+10
/SS/5/PX2PY2PZ-2/b_X/eta0/bT0/bz20	6.1270713806152344e-02	5.3493645739331115e-11	8.7171952438384759e+08
/SS/5/PX2PY2PZ-2/b_X/eta0/bT0/bz3	6.1322784423828125e-01	1.5393375874398781e-11	3.5959328606169090e+10
/SS/5/PX2PY2PZ-2/b_X/eta0/bT0/bz4	4.8754882812500000e-01	3.1342790739271217e-11	2.9461165871977563e+09
/SS/5/PX2PY2PZ-2/b_X/eta0/bT0/bz5	3.7969970703125000e-01	3.3164367407749415e-11	1.2235890683487346e+09
/SS/5/PX2PY2PZ-2/b_X/eta0/bT0/bz6	2.8971481323242188e-01	1.6743924647152803e-11	9.1726066138309555e+09
/SS/5/PX2PY2PZ-2/b_X/eta0/bT0/bz7	2.1803665161132812e-01	1.6017265272306214e-11	7.4203409265037928e+09
/SS/5/PX2PY2PZ-2/b_X/eta0/bT0/bz8	1.6730690002441406e-01	1.7438430294833981e-11	3.2095615357644234e+09
/SS/5/PX2PY2PZ-2/b_X/eta0/bT0/bz9	1.5146255493164062e-01	2.3324442512773587e-11	2.4678573784118032e+09
/SS/5/PX2PY2PZ0/b_X/eta0/bT0/bz-1	7.5918579101562500e-01	4.2451209593300037e-12	7.8620961890503647e+10
/SS/5/PX2PY2PZ0/b_X/eta0/bT0/bz-10	1.4793777465820312e-01	6.7251459160265209e-12	1.4872458710182171e+10
/SS/5/PX2PY2PZ0/b_X/eta0/bT0/bz-11	1.1583709716796875e-01	8.5128658516218927e-12	1.2142651012828936e+10
/SS/5/PX2PY2PZ0/b_X/eta0/bT0/bz-12	1.0200500488281250e-01	1.3943575484280349e-11	4.6878103625698528e+09
/SS/5/PX2PY2PZ0/b_X/eta0/bT0/bz-13	9.0579986572265625e-02	4.1063357376500566e-11	1.4158966453317113e+09
/SS/5/PX2PY2PZ0/b_X/eta0/bT0/bz-14	7.2792053222656250e-02	5.0484058015949115e-11	7.4751534323984826e+08
/SS/5/PX2PY2PZ0/b_X/eta0/bT0/bz-15	7.4822425842285156e-02	3.2514830480554056e-11	1.5355659071017866e+09
/SS/5/PX2PY2PZ0/b_X/eta0/bT0/bz-16	7.0143699645996094e-02	1.4864042834182216e-11	4.7190189390930424e+09
/SS/5/PX2PY2PZ0/b_X/eta0/bT0/bz-17	5.2089691162109375e-02	1.1748105055592340e-11	4.4338802654231977e+09
/SS/5/PX2PY2PZ0/b_X/eta0/bT0/bz-18	5.0838470458984375e-02	2.3390509427196357e-11	1.9421772160195312e+09
/SS/5/PX2PY2PZ0/b_X/eta0/bT0/bz-19	4.9732208251953125e-02	2.6603846233584930e-11	1.6911201762775939e+09
/SS/5/PX2PY2PZ0/b_X/eta0/bT0/bz-2	6.4959716796875000e-01	4.0752631052204293e-12	1.2891814654566216e+11
/SS/5/PX2PY2PZ0/b_X/eta0/bT0/bz-20	5.1792085170745850e-02	1.7973654092085857e-10	2.8815556873073959e+08
/SS/5/PX2PY2PZ0/b_X/eta0/bT0/bz-3	5.3326416015625000e-01	3.9914166182083076e-12	1.0141773053517322e+11
/SS/5/PX2PY2PZ0/b_X/eta0/bT0/bz-4	4.4670104980468750e-01	3.9345047881284927e-12	1.1353424988895938e+11
/SS/5/PX2PY2PZ0/b_X/eta0/bT0/bz-5	3.6791992187500000e-01	4.3814459732948194e-12	8.3972260326270004e+10
/SS/5/PX2PY2PZ0/b_X/eta0/bT0/bz-6	2.9737854003906250e-01	4.8373950150291769e-12	6.1474934156740318e+10
/SS/5/PX2PY2PZ0/b_X/eta0/bT0/bz-7	2.3323822021484375e-01	5.2334282209275798e-12	4.4567004718277054e+10
/SS/5/PX2PY2PZ0/b_X/eta0/bT0/bz-8	1.9718170166015625e-01	5.6411963184180166e-12	3.4953880441348068e+10
/SS/5/PX2PY2PZ0/b_X/eta0/bT0/bz-9	1.7530059814453125e-01	6.2986799863658372e-12	2.7831323154055779e+10
/SS/5/PX2PY2PZ0/b_X/eta0/bT0/bz0	8.0029296875000000e-01	4.5618247515130207e-12	8.4421607169522644e+10
/SS/5/PX2PY2PZ0/b_X/eta0/bT0/bz1	7.2668457031250000e-01	4.9387507697598332e-12	7.8099035141356567e+10
/SS/5/PX2PY2PZ0/b_X/eta0/bT0/bz10	1.5940856933593750e-01	1.3438416748716487e-11	1.0699158786871555e+10
/SS/5/PX2PY2PZ0/b_X/eta0/bT0/bz11	1.4025115966796875e-01	1.5618199333245585e-11	8.9799826904132271e+09
/SS/5/PX2PY2PZ0/b_X/eta0/bT0/bz12	1.1466026306152344e-01	1.7143901799559628e-11	6.4619259131466370e+09
/SS/5/PX2PY2PZ0/b_X/eta0/bT0/bz13	1.0353183746337891e-01	2.8089659295590776e-11	3.6857633755504560e+09
/SS/5/PX2PY2PZ0/b_X/eta0/bT0/bz14	7.6373100280761719e-02	6.2096789745317441e-11	1.2299041640316167e+09
/SS/5/PX2PY2PZ0/b_X/eta0/bT0/bz15	1.0396051406860352e-01	7.5493582091076116e-11	1.3770775102866976e+09
/SS/5/PX2PY2PZ0/b_X/eta0/bT0/bz16	1.0768795013427734e-01	3.5865572038447863e-11	3.0025437770471344e+09
/SS/5/PX2PY2PZ0/b_X/eta0/bT0/bz17	1.0598516464233398e-01	2.5255867710665477e-11	4.1964570711453629e+09
/SS/5/PX2PY2PZ0/b_X/eta0/bT0/bz18	1.0332107543945312e-01	2.4529730571822320e-10	3.2388372815135264e+08
/SS/5/PX2PY2PZ0/b_X/eta0/bT0/bz19	1.0166740417480469e-01	2.6340755570394472e-11	1.4644038357660911e+09
/SS/5/PX2PY2PZ0/b_X/eta0/bT0/bz2	5.9246826171875000e-01	5.5738284213826873e-12	6.4353610618989563e+10
/SS/5/PX2PY2PZ0/b_X/eta0/bT0/bz20	9.8070144653320312e-02	7.5109849317238715e-11	7.5457044643704414e+08
/SS/5/PX2PY2PZ0/b_X/eta0/bT0/bz3	4.8658752441406250e-01	6.7769501151824698e-12	4.8739772496767738e+10
/SS/5/PX2PY2PZ0/b_X/eta0/bT0/bz4	3.9193725585937500e-01	8.9312536065261254e-12	3.4922858645358757e+10
/SS/5/PX2PY2PZ0/b_X/eta0/bT0/bz5	3.1195068359375000e-01	1.2028291238740269e-11	2.4881194954229206e+10
/SS/5/PX2PY2PZ0/b_X/eta0/bT0/bz6	2.7577590942382812e-01	1.4287575981680106e-11	1.9301798274069374e+10
/SS/5/PX2PY2PZ0/b_X/eta0/bT0/bz7	2.3344802856445312e-01	1.3560159793127203e-11	1.7215728437269104e+10
/SS/5/PX2PY2PZ0/b_X/eta0/bT0/bz8	2.0185089111328125e-01	1.1311408703941708e-11	1.6366419351134365e+10
/SS/5/PX2PY2PZ0/b_X/eta0/bT0/bz9	1.8165588378906250e-01	1.2035245400815264e-11	1.2130553348872934e+10
