# file_a: LQ2/data/qTMD/S64T64_gpt_lq2.qTMD.1050.GI_PDF.D.ex.x33y37z39t1.1HYP_GSRC_W90_k3_T5.PX0PY0PZ9dt10.PpUnpol.5.h5
# file_b: Aurora/data/qTMD/S64T64_pyquda_aurora.qTMD.1050.GI_PDF.D.ex.x33y37z39t1.1HYP_GSRC_W90_k3_T5.PX0PY0PZ9dt10.PpUnpol.5.h5
# dataset_path	abs_diff=max(abs(abs(a)-abs(b)))	rel_diff=max(abs(abs(a)-abs(b))/abs(a))	abs(a)_at_max_rel
/SS/5/PX-1PY-1PZ-1/b_X/eta0/bT0/bz-1	2.1692146301269531e+01	5.2654257549707911e-10	4.1197326314574280e+10
/SS/5/PX-1PY-1PZ-1/b_X/eta0/bT0/bz-10	3.5967216491699219e+00	5.3181460546693165e-10	5.4601609378731060e+09
/SS/5/PX-1PY-1PZ-1/b_X/eta0/bT0/bz-11	3.2461996078491211e+00	8.4856725463703394e-10	3.5242199449609795e+09
/SS/5/PX-1PY-1PZ-1/b_X/eta0/bT0/bz-12	3.7850196361541748e+00	2.6986687227053991e-09	1.4025506740818915e+09
/SS/5/PX-1PY-1PZ-1/b_X/eta0/bT0/bz-13	2.4655113220214844e+00	6.1359172837810220e-10	2.1901466328454509e+09
/SS/5/PX-1PY-1PZ-1/b_X/eta0/bT0/bz-14	2.8225088119506836e+00	9.7902563323866548e-10	2.8829774381020894e+09
/SS/5/PX-1PY-1PZ-1/b_X/eta0/bT0/bz-15	3.2372655868530273e+00	6.9955353558878939e-10	4.6276166471352844e+09
/SS/5/PX-1PY-1PZ-1/b_X/eta0/bT0/bz-16	3.1919698715209961e+00	5.6305873004425555e-10	1.7856023449716020e+09
/SS/5/PX-1PY-1PZ-1/b_X/eta0/bT0/bz-17	2.9766349792480469e+00	5.0637972126962273e-10	2.7781029504578876e+09
/SS/5/PX-1PY-1PZ-1/b_X/eta0/bT0/bz-18	2.6486225128173828e+00	9.1586303750766591e-10	2.0695310148109074e+09
/SS/5/PX-1PY-1PZ-1/b_X/eta0/bT0/bz-19	2.2039241790771484e+00	1.1609414527483582e-09	1.6654702081328340e+09
/SS/5/PX-1PY-1PZ-1/b_X/eta0/bT0/bz-2	1.8539211273193359e+01	5.4140266772426537e-10	3.4242925604931301e+10
/SS/5/PX-1PY-1PZ-1/b_X/eta0/bT0/bz-20	2.1872587203979492e+00	1.2661862150161502e-09	1.2825196948955405e+09
/SS/5/PX-1PY-1PZ-1/b_X/eta0/bT0/bz-3	1.5507438659667969e+01	5.7930781042875729e-10	2.6768910034530006e+10
/SS/5/PX-1PY-1PZ-1/b_X/eta0/bT0/bz-4	1.3154930114746094e+01	6.5464658329586876e-10	2.0094705220206882e+10
/SS/5/PX-1PY-1PZ-1/b_X/eta0/bT0/bz-5	1.1074131011962891e+01	7.4290969262582451e-10	1.4906429572645933e+10
/SS/5/PX-1PY-1PZ-1/b_X/eta0/bT0/bz-6	8.5084743499755859e+00	7.1335757876442675e-10	1.1927362382148817e+10
/SS/5/PX-1PY-1PZ-1/b_X/eta0/bT0/bz-7	5.5942535400390625e+00	5.0712331796209229e-10	1.1031347488654102e+10
/SS/5/PX-1PY-1PZ-1/b_X/eta0/bT0/bz-8	4.2362403869628906e+00	3.5738675103768716e-10	1.1853378376962191e+10
/SS/5/PX-1PY-1PZ-1/b_X/eta0/bT0/bz-9	3.6410961151123047e+00	4.5501439361172261e-10	7.8430167962147522e+09
/SS/5/PX-1PY-1PZ-1/b_X/eta0/bT0/bz0	2.3209098815917969e+01	5.2088225212943861e-10	4.4557284724207756e+10
/SS/5/PX-1PY-1PZ-1/b_X/eta0/bT0/bz1	2.1320907592773438e+01	5.1673154217440158e-10	4.1261091790633209e+10
/SS/5/PX-1PY-1PZ-1/b_X/eta0/bT0/bz10	3.2815608978271484e+00	4.6040713135433506e-10	5.8951591583117876e+09
/SS/5/PX-1PY-1PZ-1/b_X/eta0/bT0/bz11	3.3561305999755859e+00	4.3993015452524668e-10	5.9584647693677473e+09
/SS/5/PX-1PY-1PZ-1/b_X/eta0/bT0/bz12	3.4042282104492188e+00	4.9344061679378082e-10	5.8258365102589712e+09
/SS/5/PX-1PY-1PZ-1/b_X/eta0/bT0/bz13	3.3105812072753906e+00	6.9248105272913798e-10	3.8143292668369107e+09
/SS/5/PX-1PY-1PZ-1/b_X/eta0/bT0/bz14	3.0205841064453125e+00	6.7931857939487134e-10	1.5602803981537859e+09
/SS/5/PX-1PY-1PZ-1/b_X/eta0/bT0/bz15	2.5964927673339844e+00	1.8027982323050562e-09	7.7810349487875056e+08
/SS/5/PX-1PY-1PZ-1/b_X/eta0/bT0/bz16	2.8313479423522949e+00	8.0356788190089663e-10	3.5234707684614539e+09
/SS/5/PX-1PY-1PZ-1/b_X/eta0/bT0/bz17	3.1526522636413574e+00	1.4662464974061216e-09	2.1501516076720996e+09
/SS/5/PX-1PY-1PZ-1/b_X/eta0/bT0/bz18	2.3170490264892578e+00	2.1428248716931488e-09	1.0813058300272789e+09
/SS/5/PX-1PY-1PZ-1/b_X/eta0/bT0/bz19	1.6377992630004883e+00	5.6635030191974362e-10	2.5725626708709502e+09
/SS/5/PX-1PY-1PZ-1/b_X/eta0/bT0/bz2	1.7555603027343750e+01	5.0533247450951303e-10	3.4740698278660225e+10
/SS/5/PX-1PY-1PZ-1/b_X/eta0/bT0/bz20	1.6911602020263672e+00	2.5191873044042332e-09	5.3596635606915367e+08
/SS/5/PX-1PY-1PZ-1/b_X/eta0/bT0/bz3	1.3741409301757812e+01	4.7897595795711838e-10	2.8416795640671925e+10
/SS/5/PX-1PY-1PZ-1/b_X/eta0/bT0/bz4	1.1592918395996094e+01	4.3802532069581769e-10	2.3429935750167698e+10
/SS/5/PX-1PY-1PZ-1/b_X/eta0/bT0/bz5	9.7398071289062500e+00	3.9191804598790538e-10	1.9574277536575871e+10
/SS/5/PX-1PY-1PZ-1/b_X/eta0/bT0/bz6	8.0232810974121094e+00	5.2660297151702755e-10	6.3939155709096622e+09
/SS/5/PX-1PY-1PZ-1/b_X/eta0/bT0/bz7	6.1855964660644531e+00	7.3235566205607006e-10	4.0396750935282588e+09
/SS/5/PX-1PY-1PZ-1/b_X/eta0/bT0/bz8	3.9795217514038086e+00	6.1000840871650179e-10	4.0308459224274797e+09
/SS/5/PX-1PY-1PZ-1/b_X/eta0/bT0/bz9	3.3326492309570312e+00	7.8336087069365000e-10	4.2103695469904413e+09
/SS/5/PX-1PY-1PZ-2/b_X/eta0/bT0/bz-1	5.9267570495605469e+01	1.6982482776855629e-09	3.4899237805427109e+10
/SS/5/PX-1PY-1PZ-2/b_X/eta0/bT0/bz-10	3.5863609313964844e+00	7.1344481772272280e-10	2.5760301194935126e+09
/SS/5/PX-1PY-1PZ-2/b_X/eta0/bT0/bz-11	2.9323768615722656e+00	5.1524957400954544e-10	2.8391726894299369e+09
/SS/5/PX-1PY-1PZ-2/b_X/eta0/bT0/bz-12	2.6776647567749023e+00	3.3644490400860471e-10	7.9587020783243017e+09
/SS/5/PX-1PY-1PZ-2/b_X/eta0/bT0/bz-13	2.4526786804199219e+00	3.7792330947467614e-10	6.4898846377832928e+09
/SS/5/PX-1PY-1PZ-2/b_X/eta0/bT0/bz-14	2.0502033233642578e+00	3.4341610559242454e-10	5.4652111958093967e+09
/SS/5/PX-1PY-1PZ-2/b_X/eta0/bT0/bz-15	1.7264270782470703e+00	2.2613937232345841e-10	7.5011749594093647e+09
/SS/5/PX-1PY-1PZ-2/b_X/eta0/bT0/bz-16	1.7742767333984375e+00	2.2623389919090417e-10	7.6044509860416584e+09
/SS/5/PX-1PY-1PZ-2/b_X/eta0/bT0/bz-17	1.7116260528564453e+00	2.9154158162919143e-10	3.8727818906419239e+09
/SS/5/PX-1PY-1PZ-2/b_X/eta0/bT0/bz-18	1.6587076187133789e+00	2.9478472390666130e-10	3.4961189354760571e+09
/SS/5/PX-1PY-1PZ-2/b_X/eta0/bT0/bz-19	1.6313323974609375e+00	2.1481513463263351e-10	6.6475961634344206e+09
/SS/5/PX-1PY-1PZ-2/b_X/eta0/bT0/bz-2	5.0693328857421875e+01	1.5277865814652053e-09	3.3180896777352928e+10
/SS/5/PX-1PY-1PZ-2/b_X/eta0/bT0/bz-20	1.6066265106201172e+00	2.9219351154685114e-10	5.3250576836388359e+09
/SS/5/PX-1PY-1PZ-2/b_X/eta0/bT0/bz-3	3.5447845458984375e+01	1.0118138616520086e-09	3.5033959112902420e+10
/SS/5/PX-1PY-1PZ-2/b_X/eta0/bT0/bz-4	2.3091506958007812e+01	6.1667941664168661e-10	3.7444912761576454e+10
/SS/5/PX-1PY-1PZ-2/b_X/eta0/bT0/bz-5	1.5323040008544922e+01	6.5683139339264146e-10	1.0735969144916601e+10
/SS/5/PX-1PY-1PZ-2/b_X/eta0/bT0/bz-6	1.2124456405639648e+01	7.4781544878380266e-10	7.7757959579332142e+09
/SS/5/PX-1PY-1PZ-2/b_X/eta0/bT0/bz-7	8.7165832519531250e+00	8.6781224717223191e-10	5.6259913449001837e+09
/SS/5/PX-1PY-1PZ-2/b_X/eta0/bT0/bz-8	5.3097133636474609e+00	7.8438029206983304e-10	6.7693100111377344e+09
/SS/5/PX-1PY-1PZ-2/b_X/eta0/bT0/bz-9	4.3274955749511719e+00	7.0527963124829038e-10	2.8642588912066226e+09
/SS/5/PX-1PY-1PZ-2/b_X/eta0/bT0/bz0	5.6528648376464844e+01	1.5416088424925181e-09	3.6668606729751030e+10
/SS/5/PX-1PY-1PZ-2/b_X/eta0/bT0/bz1	4.8181842803955078e+01	1.5564527688887081e-09	3.0956186893069962e+10
/SS/5/PX-1PY-1PZ-2/b_X/eta0/bT0/bz10	4.1079883575439453e+00	1.0979260533021271e-09	3.7415892857162299e+09
/SS/5/PX-1PY-1PZ-2/b_X/eta0/bT0/bz11	2.7982606887817383e+00	6.2553346976910728e-10	4.1752066922971597e+09
/SS/5/PX-1PY-1PZ-2/b_X/eta0/bT0/bz12	2.5248270034790039e+00	9.7223409560656969e-10	2.1749206322030149e+09
/SS/5/PX-1PY-1PZ-2/b_X/eta0/bT0/bz13	2.3315773010253906e+00	4.2612204054984976e-10	1.8515011864212847e+09
/SS/5/PX-1PY-1PZ-2/b_X/eta0/bT0/bz14	2.0445289611816406e+00	7.2142988585581436e-10	2.4565356414145999e+09
/SS/5/PX-1PY-1PZ-2/b_X/eta0/bT0/bz15	2.6686635017395020e+00	1.5119901097530458e-09	1.7650006336188114e+09
/SS/5/PX-1PY-1PZ-2/b_X/eta0/bT0/bz16	1.8501372337341309e+00	1.0024074090134600e-09	1.1080623734397395e+09
/SS/5/PX-1PY-1PZ-2/b_X/eta0/bT0/bz17	1.5624353885650635e+00	1.3532745047651915e-09	4.6383382333847219e+08
/SS/5/PX-1PY-1PZ-2/b_X/eta0/bT0/bz18	2.0301332473754883e+00	2.1562434979128495e-09	5.6416656779395866e+08
/SS/5/PX-1PY-1PZ-2/b_X/eta0/bT0/bz19	2.2455706596374512e+00	1.3337293748593265e-09	1.0449182272450720e+09
/SS/5/PX-1PY-1PZ-2/b_X/eta0/bT0/bz2	3.9487571716308594e+01	1.8472221081941630e-09	2.1376731872764065e+10
/SS/5/PX-1PY-1PZ-2/b_X/eta0/bT0/bz20	2.0740032196044922e+00	7.0687718974930496e-10	1.5044876564328868e+09
/SS/5/PX-1PY-1PZ-2/b_X/eta0/bT0/bz3	3.2357112884521484e+01	2.6181225590261258e-09	1.2358899232187777e+10
/SS/5/PX-1PY-1PZ-2/b_X/eta0/bT0/bz4	2.6512823104858398e+01	4.9324587525070030e-09	5.3751738098940659e+09
/SS/5/PX-1PY-1PZ-2/b_X/eta0/bT0/bz5	1.4625444412231445e+01	1.1837839543947457e-08	9.2332979017746091e+08
/SS/5/PX-1PY-1PZ-2/b_X/eta0/bT0/bz6	1.1747175216674805e+01	2.6598830246641037e-09	3.8244536399971685e+09
/SS/5/PX-1PY-1PZ-2/b_X/eta0/bT0/bz7	9.1347274780273438e+00	1.2986335514684077e-09	6.6818688096136534e+08
/SS/5/PX-1PY-1PZ-2/b_X/eta0/bT0/bz8	6.8622112274169922e+00	8.1841716673081188e-10	4.2241677305142822e+09
/SS/5/PX-1PY-1PZ-2/b_X/eta0/bT0/bz9	5.0531044006347656e+00	1.1218944308511999e-09	2.8585685857094936e+09
/SS/5/PX-1PY-1PZ0/b_X/eta0/bT0/bz-1	2.8217559814453125e+01	6.2355786702303838e-10	4.3492983217708511e+10
/SS/5/PX-1PY-1PZ0/b_X/eta0/bT0/bz-10	3.1494998931884766e+00	2.1389697148626238e-10	1.4724378149462273e+10
/SS/5/PX-1PY-1PZ0/b_X/eta0/bT0/bz-11	2.3483486175537109e+00	1.9619339092713823e-10	8.0690661923146467e+09
/SS/5/PX-1PY-1PZ0/b_X/eta0/bT0/bz-12	1.8905029296875000e+00	2.8215024208514080e-10	5.4624146598721304e+09
/SS/5/PX-1PY-1PZ0/b_X/eta0/bT0/bz-13	1.7492151260375977e+00	5.0323692438729498e-10	3.4496589685153885e+09
/SS/5/PX-1PY-1PZ0/b_X/eta0/bT0/bz-14	2.0047683715820312e+00	9.1169143572932263e-10	2.1989549237986245e+09
/SS/5/PX-1PY-1PZ0/b_X/eta0/bT0/bz-15	2.0439662933349609e+00	1.1705739833347021e-09	1.7461231177478938e+09
/SS/5/PX-1PY-1PZ0/b_X/eta0/bT0/bz-16	2.0548524856567383e+00	7.8856535938795294e-10	2.1520280956443834e+09
/SS/5/PX-1PY-1PZ0/b_X/eta0/bT0/bz-17	2.4981908798217773e+00	1.0246323675220606e-09	2.4381338702615118e+09
/SS/5/PX-1PY-1PZ0/b_X/eta0/bT0/bz-18	2.8275728225708008e+00	1.6117474980871841e-09	1.6560345749372592e+09
/SS/5/PX-1PY-1PZ0/b_X/eta0/bT0/bz-19	3.0160226821899414e+00	2.9324198919736408e-09	9.9415531415492606e+08
/SS/5/PX-1PY-1PZ0/b_X/eta0/bT0/bz-2	2.4537719726562500e+01	5.8956281946877089e-10	3.7068164432988190e+10
/SS/5/PX-1PY-1PZ0/b_X/eta0/bT0/bz-20	3.0150141716003418e+00	4.3558073389825366e-09	6.9218262814732575e+08
/SS/5/PX-1PY-1PZ0/b_X/eta0/bT0/bz-3	2.0008926391601562e+01	5.6971225142647378e-10	3.1224436897475742e+10
/SS/5/PX-1PY-1PZ0/b_X/eta0/bT0/bz-4	1.5714775085449219e+01	5.6058745884540825e-10	2.4640052394963238e+10
/SS/5/PX-1PY-1PZ0/b_X/eta0/bT0/bz-5	1.2069412231445312e+01	5.4236475481170553e-10	1.9004131032626362e+10
/SS/5/PX-1PY-1PZ0/b_X/eta0/bT0/bz-6	9.2459144592285156e+00	5.6488766546499239e-10	1.4757599141532927e+10
/SS/5/PX-1PY-1PZ0/b_X/eta0/bT0/bz-7	7.1928176879882812e+00	6.6543780493092812e-10	1.0216851674834341e+10
/SS/5/PX-1PY-1PZ0/b_X/eta0/bT0/bz-8	5.6028137207031250e+00	8.9612353873146834e-10	6.2471891521193914e+09
/SS/5/PX-1PY-1PZ0/b_X/eta0/bT0/bz-9	4.2801094055175781e+00	8.1537375587658783e-10	4.2395398377828660e+09
/SS/5/PX-1PY-1PZ0/b_X/eta0/bT0/bz0	3.0963401794433594e+01	6.5162333681897145e-10	4.7517331017620674e+10
/SS/5/PX-1PY-1PZ0/b_X/eta0/bT0/bz1	3.0834533691406250e+01	6.6251064846621030e-10	4.6541944288430389e+10
/SS/5/PX-1PY-1PZ0/b_X/eta0/bT0/bz10	3.0521717071533203e+00	3.2418754149803137e-10	4.4902106664062777e+09
/SS/5/PX-1PY-1PZ0/b_X/eta0/bT0/bz11	2.3032302856445312e+00	1.2489058724047007e-09	1.7683760187183344e+09
/SS/5/PX-1PY-1PZ0/b_X/eta0/bT0/bz12	2.8410358428955078e+00	3.7063977301068585e-10	1.3107253386216536e+09
/SS/5/PX-1PY-1PZ0/b_X/eta0/bT0/bz13	2.9703197479248047e+00	5.8494698878455152e-10	3.5681330677150121e+09
/SS/5/PX-1PY-1PZ0/b_X/eta0/bT0/bz14	2.9021606445312500e+00	8.7140824327480485e-10	2.6900825164868298e+09
/SS/5/PX-1PY-1PZ0/b_X/eta0/bT0/bz15	2.7086791992187500e+00	9.6019434733646427e-10	2.1767799044448509e+09
/SS/5/PX-1PY-1PZ0/b_X/eta0/bT0/bz16	2.5674819946289062e+00	7.5522469543321789e-10	2.8299580920121708e+09
/SS/5/PX-1PY-1PZ0/b_X/eta0/bT0/bz17	2.5407810211181641e+00	5.5347791922685038e-10	3.5437806196817274e+09
/SS/5/PX-1PY-1PZ0/b_X/eta0/bT0/bz18	2.5615720748901367e+00	3.5956712562319885e-10	4.1505242186817474e+09
/SS/5/PX-1PY-1PZ0/b_X/eta0/bT0/bz19	2.5221118927001953e+00	4.0881724711957047e-10	4.8504866717558699e+09
/SS/5/PX-1PY-1PZ0/b_X/eta0/bT0/bz2	2.7791145324707031e+01	6.4543465637362623e-10	4.3058030817327881e+10
/SS/5/PX-1PY-1PZ0/b_X/eta0/bT0/bz20	2.3163204193115234e+00	5.5797468234130913e-10	3.1993217091556525e+09
/SS/5/PX-1PY-1PZ0/b_X/eta0/bT0/bz3	2.3182022094726562e+01	5.8507417005463362e-10	3.6604897799872887e+10
/SS/5/PX-1PY-1PZ0/b_X/eta0/bT0/bz4	1.7953414916992188e+01	5.2957045104131234e-10	3.1751800894813316e+10
/SS/5/PX-1PY-1PZ0/b_X/eta0/bT0/bz5	1.2935310363769531e+01	4.5296419380762233e-10	2.8239825500848480e+10
/SS/5/PX-1PY-1PZ0/b_X/eta0/bT0/bz6	9.5703392028808594e+00	3.6546121186824393e-10	2.6187017642603226e+10
/SS/5/PX-1PY-1PZ0/b_X/eta0/bT0/bz7	7.1428108215332031e+00	2.8329419081844270e-10	2.5213403779645027e+10
/SS/5/PX-1PY-1PZ0/b_X/eta0/bT0/bz8	5.3447303771972656e+00	2.4281223984869250e-10	2.0979604529080063e+10
/SS/5/PX-1PY-1PZ0/b_X/eta0/bT0/bz9	4.0148468017578125e+00	2.1382969165710024e-10	1.8775908858326687e+10
/SS/5/PX-1PY-2PZ-1/b_X/eta0/bT0/bz-1	3.0154037475585938e+01	1.1536974443232969e-09	2.5694088065470955e+10
/SS/5/PX-1PY-2PZ-1/b_X/eta0/bT0/bz-10	3.2131538391113281e+00	4.1180427883652177e-10	1.4692840969514203e+09
/SS/5/PX-1PY-2PZ-1/b_X/eta0/bT0/bz-11	3.2510738372802734e+00	1.5892549531137769e-09	1.8167952171526055e+09
/SS/5/PX-1PY-2PZ-1/b_X/eta0/bT0/bz-12	3.1478691101074219e+00	5.9550042847379843e-10	3.8577371508689303e+09
/SS/5/PX-1PY-2PZ-1/b_X/eta0/bT0/bz-13	2.4561243057250977e+00	7.0211344539829213e-10	1.0784785745777659e+09
/SS/5/PX-1PY-2PZ-1/b_X/eta0/bT0/bz-14	2.3490791320800781e+00	7.0623156297010580e-10	9.1767082010147953e+08
/SS/5/PX-1PY-2PZ-1/b_X/eta0/bT0/bz-15	2.4577674865722656e+00	4.6489033993700611e-10	5.2867682449699850e+09
/SS/5/PX-1PY-2PZ-1/b_X/eta0/bT0/bz-16	2.4167146682739258e+00	5.8630827384245212e-10	4.1219180695432677e+09
/SS/5/PX-1PY-2PZ-1/b_X/eta0/bT0/bz-17	2.6105756759643555e+00	7.3500727076081660e-10	2.6201533935103979e+09
/SS/5/PX-1PY-2PZ-1/b_X/eta0/bT0/bz-18	2.9380226135253906e+00	6.3801962419024448e-10	1.8649446914707260e+09
/SS/5/PX-1PY-2PZ-1/b_X/eta0/bT0/bz-19	2.9664907455444336e+00	1.3776245266008857e-09	7.9809146522760296e+08
/SS/5/PX-1PY-2PZ-1/b_X/eta0/bT0/bz-2	2.5725082397460938e+01	1.6482676329558525e-09	1.5261219074867014e+10
/SS/5/PX-1PY-2PZ-1/b_X/eta0/bT0/bz-20	2.6447916030883789e+00	3.0806187141644328e-09	5.4691888328633976e+08
/SS/5/PX-1PY-2PZ-1/b_X/eta0/bT0/bz-3	2.0355422973632812e+01	3.7554685937093510e-09	5.3923728588852482e+09
/SS/5/PX-1PY-2PZ-1/b_X/eta0/bT0/bz-4	1.5059852600097656e+01	3.5921765761645148e-09	3.2399443084996748e+09
/SS/5/PX-1PY-2PZ-1/b_X/eta0/bT0/bz-5	1.0697059631347656e+01	1.2690289878410658e-09	8.4293264644379930e+09
/SS/5/PX-1PY-2PZ-1/b_X/eta0/bT0/bz-6	7.9927635192871094e+00	7.0452272248506561e-10	1.1344933618456202e+10
/SS/5/PX-1PY-2PZ-1/b_X/eta0/bT0/bz-7	7.4879560470581055e+00	1.1950531696243936e-09	6.2657932194025955e+09
/SS/5/PX-1PY-2PZ-1/b_X/eta0/bT0/bz-8	6.3635363578796387e+00	1.5065736006880912e-09	4.2238469829640226e+09
/SS/5/PX-1PY-2PZ-1/b_X/eta0/bT0/bz-9	3.2846159934997559e+00	9.0482153689345550e-10	3.6301257867677455e+09
/SS/5/PX-1PY-2PZ-1/b_X/eta0/bT0/bz0	3.2153640747070312e+01	9.4857187742671604e-10	3.3573114066182808e+10
/SS/5/PX-1PY-2PZ-1/b_X/eta0/bT0/bz1	3.0362899780273438e+01	8.4850856085171530e-10	3.5075681813407074e+10
/SS/5/PX-1PY-2PZ-1/b_X/eta0/bT0/bz10	6.1075458526611328e+00	6.5745218071089115e-10	9.2897187534721603e+09
/SS/5/PX-1PY-2PZ-1/b_X/eta0/bT0/bz11	5.2094268798828125e+00	5.5329642186497766e-10	9.4152549592198200e+09
/SS/5/PX-1PY-2PZ-1/b_X/eta0/bT0/bz12	4.3540935516357422e+00	4.6872197512661563e-10	9.2892882832292500e+09
/SS/5/PX-1PY-2PZ-1/b_X/eta0/bT0/bz13	3.5534191131591797e+00	3.9187472819561353e-10	9.0677424633144665e+09
/SS/5/PX-1PY-2PZ-1/b_X/eta0/bT0/bz14	2.8893280029296875e+00	3.5815216363377667e-10	7.7219833020152159e+09
/SS/5/PX-1PY-2PZ-1/b_X/eta0/bT0/bz15	2.5148010253906250e+00	4.2175831464931915e-10	3.2167484544492464e+09
/SS/5/PX-1PY-2PZ-1/b_X/eta0/bT0/bz16	2.3501796722412109e+00	4.5417073317912686e-10	3.4868859074163570e+09
/SS/5/PX-1PY-2PZ-1/b_X/eta0/bT0/bz17	2.0126914978027344e+00	3.8216121955454148e-10	5.0944951709600840e+09
/SS/5/PX-1PY-2PZ-1/b_X/eta0/bT0/bz18	1.9313249588012695e+00	7.1786346985162829e-10	2.2302228875774922e+09
/SS/5/PX-1PY-2PZ-1/b_X/eta0/bT0/bz19	1.9915356636047363e+00	1.0213698952155767e-09	1.3472260602450011e+09
/SS/5/PX-1PY-2PZ-1/b_X/eta0/bT0/bz2	2.6173660278320312e+01	7.9059319750550766e-10	3.1728165878713322e+10
/SS/5/PX-1PY-2PZ-1/b_X/eta0/bT0/bz20	2.0418152809143066e+00	9.7077665664786819e-10	1.9512230156671033e+09
/SS/5/PX-1PY-2PZ-1/b_X/eta0/bT0/bz3	2.1174621582031250e+01	7.5298072985097490e-10	2.6196627135233368e+10
/SS/5/PX-1PY-2PZ-1/b_X/eta0/bT0/bz4	1.6325080871582031e+01	7.2467561809290455e-10	2.0542175288572063e+10
/SS/5/PX-1PY-2PZ-1/b_X/eta0/bT0/bz5	1.1925140380859375e+01	6.8830107682390443e-10	1.6051514905188919e+10
/SS/5/PX-1PY-2PZ-1/b_X/eta0/bT0/bz6	8.1957740783691406e+00	6.2412075610146477e-10	1.3125150735289360e+10
/SS/5/PX-1PY-2PZ-1/b_X/eta0/bT0/bz7	7.9059944152832031e+00	7.8053134910156585e-10	1.0128990237718746e+10
/SS/5/PX-1PY-2PZ-1/b_X/eta0/bT0/bz8	7.8339710235595703e+00	8.6535831778212184e-10	9.0528638398458099e+09
/SS/5/PX-1PY-2PZ-1/b_X/eta0/bT0/bz9	7.0467109680175781e+00	7.7996511708312316e-10	9.0346488755427113e+09
/SS/5/PX-1PY-2PZ-2/b_X/eta0/bT0/bz-1	3.3464340209960938e+01	1.0829654868297803e-09	2.7156025654881893e+10
/SS/5/PX-1PY-2PZ-2/b_X/eta0/bT0/bz-10	3.5237102508544922e+00	7.4980532230190443e-10	2.5562932679433565e+09
/SS/5/PX-1PY-2PZ-2/b_X/eta0/bT0/bz-11	2.7658214569091797e+00	7.7421339113501832e-10	2.4286426310590682e+09
/SS/5/PX-1PY-2PZ-2/b_X/eta0/bT0/bz-12	2.5853223800659180e+00	4.8132516912656761e-10	5.3712594850532122e+09
/SS/5/PX-1PY-2PZ-2/b_X/eta0/bT0/bz-13	2.5963897705078125e+00	4.9685168666623308e-10	2.4305090096770687e+09
/SS/5/PX-1PY-2PZ-2/b_X/eta0/bT0/bz-14	2.2955331802368164e+00	5.8884982282088980e-10	1.7458128272768090e+09
/SS/5/PX-1PY-2PZ-2/b_X/eta0/bT0/bz-15	1.9440417289733887e+00	4.8354644048373089e-10	1.5374312507698636e+09
/SS/5/PX-1PY-2PZ-2/b_X/eta0/bT0/bz-16	2.2218480110168457e+00	6.9546786556688226e-10	3.1947529440570154e+09
/SS/5/PX-1PY-2PZ-2/b_X/eta0/bT0/bz-17	2.1612806320190430e+00	9.3047822779397284e-10	2.3227632495422506e+09
/SS/5/PX-1PY-2PZ-2/b_X/eta0/bT0/bz-18	1.9117178916931152e+00	1.0619865813071845e-09	1.1401194790420454e+09
/SS/5/PX-1PY-2PZ-2/b_X/eta0/bT0/bz-19	1.9080522060394287e+00	9.1978210036386460e-10	2.0744611199593966e+09
/SS/5/PX-1PY-2PZ-2/b_X/eta0/bT0/bz-2	2.8531898498535156e+01	1.0090707331203437e-09	2.3871904268710384e+10
/SS/5/PX-1PY-2PZ-2/b_X/eta0/bT0/bz-20	1.8389873504638672e+00	7.8651776690376999e-10	2.3381383458167529e+09
/SS/5/PX-1PY-2PZ-2/b_X/eta0/bT0/bz-3	2.3348449707031250e+01	9.4631637408699896e-10	1.9549092318640594e+10
/SS/5/PX-1PY-2PZ-2/b_X/eta0/bT0/bz-4	1.8818119049072266e+01	8.6185873138802880e-10	1.5555948576396872e+10
/SS/5/PX-1PY-2PZ-2/b_X/eta0/bT0/bz-5	1.4863082885742188e+01	9.5080927634151089e-10	1.4073305195880455e+10
/SS/5/PX-1PY-2PZ-2/b_X/eta0/bT0/bz-6	1.0714057922363281e+01	1.2722853684423453e-09	6.6497364854122314e+09
/SS/5/PX-1PY-2PZ-2/b_X/eta0/bT0/bz-7	7.1961879730224609e+00	8.8800606140020041e-10	3.4709765449651546e+09
/SS/5/PX-1PY-2PZ-2/b_X/eta0/bT0/bz-8	6.8044848442077637e+00	1.9026541079284756e-09	3.5763120663146605e+09
/SS/5/PX-1PY-2PZ-2/b_X/eta0/bT0/bz-9	4.7377910614013672e+00	8.7503004273481803e-10	5.3782551070292730e+09
/SS/5/PX-1PY-2PZ-2/b_X/eta0/bT0/bz0	3.5988021850585938e+01	1.2444628341677204e-09	2.6355860745404819e+10
/SS/5/PX-1PY-2PZ-2/b_X/eta0/bT0/bz1	3.4275527954101562e+01	1.6880628996193908e-09	1.9252095870731121e+10
/SS/5/PX-1PY-2PZ-2/b_X/eta0/bT0/bz10	3.5566406250000000e+00	1.0594685930664057e-09	2.8945796168217473e+09
/SS/5/PX-1PY-2PZ-2/b_X/eta0/bT0/bz11	2.3981056213378906e+00	7.1740395974674427e-10	2.0671680665806808e+09
/SS/5/PX-1PY-2PZ-2/b_X/eta0/bT0/bz12	1.9412918090820312e+00	4.7091323865017415e-10	2.8123579343310857e+09
/SS/5/PX-1PY-2PZ-2/b_X/eta0/bT0/bz13	2.2139971256256104e+00	2.5246148800443351e-09	4.5233140185458720e+08
/SS/5/PX-1PY-2PZ-2/b_X/eta0/bT0/bz14	2.5127735137939453e+00	2.0811301564094957e-09	1.2074081508333671e+09
/SS/5/PX-1PY-2PZ-2/b_X/eta0/bT0/bz15	1.6671719551086426e+00	7.9139982216321596e-10	2.1066114856477816e+09
/SS/5/PX-1PY-2PZ-2/b_X/eta0/bT0/bz16	1.6629505157470703e+00	5.8612820441880800e-10	2.6543655788093481e+09
/SS/5/PX-1PY-2PZ-2/b_X/eta0/bT0/bz17	1.5906820297241211e+00	4.8166445201067066e-10	2.9684694946529226e+09
/SS/5/PX-1PY-2PZ-2/b_X/eta0/bT0/bz18	1.6503906250000000e+00	3.5555056293016013e-10	1.2025356766763821e+09
/SS/5/PX-1PY-2PZ-2/b_X/eta0/bT0/bz19	1.6504678726196289e+00	9.2996312586817623e-10	1.1721478446661160e+09
/SS/5/PX-1PY-2PZ-2/b_X/eta0/bT0/bz2	3.0525276184082031e+01	3.2916677247772834e-09	6.7396028317842083e+09
/SS/5/PX-1PY-2PZ-2/b_X/eta0/bT0/bz20	1.5120229721069336e+00	2.9976044261439925e-10	3.4708733972122407e+09
/SS/5/PX-1PY-2PZ-2/b_X/eta0/bT0/bz3	2.5792930603027344e+01	3.6821485239898955e-09	4.1540175553296952e+09
/SS/5/PX-1PY-2PZ-2/b_X/eta0/bT0/bz4	1.3213709831237793e+01	4.0271512747650452e-09	1.9885956842162747e+09
/SS/5/PX-1PY-2PZ-2/b_X/eta0/bT0/bz5	1.1168380737304688e+01	2.7395046247308976e-09	1.6319865612546048e+09
/SS/5/PX-1PY-2PZ-2/b_X/eta0/bT0/bz6	8.4697113037109375e+00	2.8138039448408079e-09	9.9962788849459612e+08
/SS/5/PX-1PY-2PZ-2/b_X/eta0/bT0/bz7	6.3716049194335938e+00	1.7000347210206188e-09	1.9049643879853773e+09
/SS/5/PX-1PY-2PZ-2/b_X/eta0/bT0/bz8	6.0976886749267578e+00	1.2877789082097661e-09	3.8389967099025722e+09
/SS/5/PX-1PY-2PZ-2/b_X/eta0/bT0/bz9	4.9516410827636719e+00	9.0856509991526567e-09	4.3532938472206694e+08
/SS/5/PX-1PY-2PZ0/b_X/eta0/bT0/bz-1	1.2733253479003906e+01	4.8092874669032301e-10	2.6476382554863232e+10
/SS/5/PX-1PY-2PZ0/b_X/eta0/bT0/bz-10	5.0737609863281250e+00	7.9690215115076020e-10	2.9671002873692203e+09
/SS/5/PX-1PY-2PZ0/b_X/eta0/bT0/bz-11	4.8821258544921875e+00	7.1725842820154071e-10	2.3161973954590831e+09
/SS/5/PX-1PY-2PZ0/b_X/eta0/bT0/bz-12	4.4513225555419922e+00	7.9083420391551396e-10	1.6859046055546727e+09
/SS/5/PX-1PY-2PZ0/b_X/eta0/bT0/bz-13	3.9936866760253906e+00	1.8687790051308458e-09	5.5198954540421295e+08
/SS/5/PX-1PY-2PZ0/b_X/eta0/bT0/bz-14	3.4661426544189453e+00	1.3718514516479855e-09	1.0038580318791199e+09
/SS/5/PX-1PY-2PZ0/b_X/eta0/bT0/bz-15	2.8254737854003906e+00	7.1403857117472736e-10	1.4901464811046112e+09
/SS/5/PX-1PY-2PZ0/b_X/eta0/bT0/bz-16	2.4047946929931641e+00	4.6624648201707901e-09	4.1704405597417265e+08
/SS/5/PX-1PY-2PZ0/b_X/eta0/bT0/bz-17	2.3231658935546875e+00	2.3166204715684433e-09	6.8005905896300256e+08
/SS/5/PX-1PY-2PZ0/b_X/eta0/bT0/bz-18	2.0926494598388672e+00	1.3813960359266650e-09	8.3723856643931913e+08
/SS/5/PX-1PY-2PZ0/b_X/eta0/bT0/bz-19	1.9246454238891602e+00	1.2902197714003491e-09	7.9286849651852846e+08
/SS/5/PX-1PY-2PZ0/b_X/eta0/bT0/bz-2	1.0530120849609375e+01	4.2748316246820921e-10	2.4632831826194962e+10
/SS/5/PX-1PY-2PZ0/b_X/eta0/bT0/bz-20	2.3327794075012207e+00	1.5535147337794872e-09	6.7549297514454985e+08
/SS/5/PX-1PY-2PZ0/b_X/eta0/bT0/bz-3	8.7665023803710938e+00	3.6420805648754500e-10	2.2895930767457451e+10
/SS/5/PX-1PY-2PZ0/b_X/eta0/bT0/bz-4	8.2526321411132812e+00	3.0808354244468302e-10	2.1571141883846634e+10
/SS/5/PX-1PY-2PZ0/b_X/eta0/bT0/bz-5	7.4730148315429688e+00	2.6917402333528289e-10	2.0103042146454220e+10
/SS/5/PX-1PY-2PZ0/b_X/eta0/bT0/bz-6	6.3285217285156250e+00	2.7379955922200104e-10	2.3113703128295975e+10
/SS/5/PX-1PY-2PZ0/b_X/eta0/bT0/bz-7	5.3825836181640625e+00	2.9105137409426356e-10	1.6856249123962433e+10
/SS/5/PX-1PY-2PZ0/b_X/eta0/bT0/bz-8	4.3713188171386719e+00	3.0653145274874296e-10	5.1361494911315451e+09
/SS/5/PX-1PY-2PZ0/b_X/eta0/bT0/bz-9	4.3386478424072266e+00	4.8007556741703980e-10	1.5970422889308491e+09
/SS/5/PX-1PY-2PZ0/b_X/eta0/bT0/bz0	1.3932121276855469e+01	5.2718559463483940e-10	2.6427355790147678e+10
/SS/5/PX-1PY-2PZ0/b_X/eta0/bT0/bz1	1.2942058563232422e+01	5.6756855313046295e-10	2.2802635015364429e+10
/SS/5/PX-1PY-2PZ0/b_X/eta0/bT0/bz10	3.9256992340087891e+00	2.7262899062582906e-09	5.3924031828314161e+08
/SS/5/PX-1PY-2PZ0/b_X/eta0/bT0/bz11	3.6435728073120117e+00	3.1073935990170851e-09	6.6516760749501801e+08
/SS/5/PX-1PY-2PZ0/b_X/eta0/bT0/bz12	3.3806266784667969e+00	4.5578090843361747e-10	1.3731372074507818e+09
/SS/5/PX-1PY-2PZ0/b_X/eta0/bT0/bz13	3.1586818695068359e+00	9.8565276717452488e-10	1.7671236012247355e+09
/SS/5/PX-1PY-2PZ0/b_X/eta0/bT0/bz14	3.5011448860168457e+00	1.3927808280315889e-09	2.5137802126160789e+09
/SS/5/PX-1PY-2PZ0/b_X/eta0/bT0/bz15	3.9534254074096680e+00	1.1149717966463127e-09	3.5457626993804216e+09
/SS/5/PX-1PY-2PZ0/b_X/eta0/bT0/bz16	3.9304199218750000e+00	8.7903731372049565e-10	4.4712776813075552e+09
/SS/5/PX-1PY-2PZ0/b_X/eta0/bT0/bz17	3.7298774719238281e+00	7.5073957565183487e-10	4.9682707464640265e+09
/SS/5/PX-1PY-2PZ0/b_X/eta0/bT0/bz18	3.4778823852539062e+00	6.9630875310870290e-10	4.9947417287614698e+09
/SS/5/PX-1PY-2PZ0/b_X/eta0/bT0/bz19	3.2205123901367188e+00	6.7436389949485480e-10	4.7756298825442839e+09
/SS/5/PX-1PY-2PZ0/b_X/eta0/bT0/bz2	1.0201469421386719e+01	5.7455337060313250e-10	1.7755477460131882e+10
/SS/5/PX-1PY-2PZ0/b_X/eta0/bT0/bz20	2.9505825042724609e+00	6.4655977204321004e-10	4.5635108026412621e+09
/SS/5/PX-1PY-2PZ0/b_X/eta0/bT0/bz3	7.0441589355468750e+00	4.9432586493475155e-10	1.3164948093271097e+10
/SS/5/PX-1PY-2PZ0/b_X/eta0/bT0/bz4	6.9026145935058594e+00	2.6220948719391315e-10	9.6647721385265369e+09
/SS/5/PX-1PY-2PZ0/b_X/eta0/bT0/bz5	6.7656135559082031e+00	3.1114599041625531e-10	2.1744177216801266e+10
/SS/5/PX-1PY-2PZ0/b_X/eta0/bT0/bz6	6.5061664581298828e+00	5.8357261059689583e-10	5.4163660838619652e+09
/SS/5/PX-1PY-2PZ0/b_X/eta0/bT0/bz7	6.1534271240234375e+00	9.4660086310179818e-10	6.5005509332201967e+09
/SS/5/PX-1PY-2PZ0/b_X/eta0/bT0/bz8	5.2012650966644287e+00	2.9169699749272773e-09	1.7831054626450520e+09
/SS/5/PX-1PY-2PZ0/b_X/eta0/bT0/bz9	3.9545154571533203e+00	1.3476134745324936e-09	2.7400159921575727e+09
/SS/5/PX-1PY0PZ-1/b_X/eta0/bT0/bz-1	3.2731414794921875e+01	1.2941443814139253e-10	2.5291934396965018e+11
/SS/5/PX-1PY0PZ-1/b_X/eta0/bT0/bz-10	2.5746459960937500e+00	2.4792187870730417e-10	5.9224680376002712e+09
/SS/5/PX-1PY0PZ-1/b_X/eta0/bT0/bz-11	2.3807964324951172e+00	2.4522868853147720e-10	9.7084743500127697e+09
/SS/5/PX-1PY0PZ-1/b_X/eta0/bT0/bz-12	2.4208498001098633e+00	3.5955093286565610e-10	2.4297054666602159e+09
/SS/5/PX-1PY0PZ-1/b_X/eta0/bT0/bz-13	2.1455650329589844e+00	6.6778232820712633e-10	2.0655200088489099e+09
/SS/5/PX-1PY0PZ-1/b_X/eta0/bT0/bz-14	1.8412342071533203e+00	3.4747190210593001e-10	3.2008474496959801e+09
/SS/5/PX-1PY0PZ-1/b_X/eta0/bT0/bz-15	1.4293222427368164e+00	1.9576116727365501e-10	4.4128316969870815e+09
/SS/5/PX-1PY0PZ-1/b_X/eta0/bT0/bz-16	1.3223791122436523e+00	2.6753015620249807e-10	4.9429160847299824e+09
/SS/5/PX-1PY0PZ-1/b_X/eta0/bT0/bz-17	1.5214214324951172e+00	2.7787880793160008e-10	5.4751258068935413e+09
/SS/5/PX-1PY0PZ-1/b_X/eta0/bT0/bz-18	1.4902601242065430e+00	2.5355491696878927e-10	5.8774648980283155e+09
/SS/5/PX-1PY0PZ-1/b_X/eta0/bT0/bz-19	1.3697929382324219e+00	2.5162558737844129e-10	3.3285818460601416e+09
/SS/5/PX-1PY0PZ-1/b_X/eta0/bT0/bz-2	2.7849517822265625e+01	1.2869159254271145e-10	2.1640510675180780e+11
/SS/5/PX-1PY0PZ-1/b_X/eta0/bT0/bz-20	1.2241334915161133e+00	3.9994715511472694e-10	2.2426635508537698e+09
/SS/5/PX-1PY0PZ-1/b_X/eta0/bT0/bz-3	2.2267547607421875e+01	1.2683082974108227e-10	1.7556888694081537e+11
/SS/5/PX-1PY0PZ-1/b_X/eta0/bT0/bz-4	1.6994689941406250e+01	1.2293536358639659e-10	1.3824085637866693e+11
/SS/5/PX-1PY0PZ-1/b_X/eta0/bT0/bz-5	1.2317459106445312e+01	1.1527833165427833e-10	1.0684973428818852e+11
/SS/5/PX-1PY0PZ-1/b_X/eta0/bT0/bz-6	8.3445587158203125e+00	1.1425933933666852e-10	5.0412787868176811e+10
/SS/5/PX-1PY0PZ-1/b_X/eta0/bT0/bz-7	5.0840606689453125e+00	1.2974907985891698e-10	3.3094637148339008e+10
/SS/5/PX-1PY0PZ-1/b_X/eta0/bT0/bz-8	3.6708297729492188e+00	1.4801942501399147e-10	2.1451608945766438e+10
/SS/5/PX-1PY0PZ-1/b_X/eta0/bT0/bz-9	3.1371231079101562e+00	2.1411180722399269e-10	1.1595639318517054e+10
/SS/5/PX-1PY0PZ-1/b_X/eta0/bT0/bz0	3.5044097900390625e+01	1.2998084688030966e-10	2.6960970590274966e+11
/SS/5/PX-1PY0PZ-1/b_X/eta0/bT0/bz1	3.2915466308593750e+01	1.3125564611024020e-10	2.5077371742887469e+11
/SS/5/PX-1PY0PZ-1/b_X/eta0/bT0/bz10	3.8918418884277344e+00	1.8410138500703807e-10	8.4408400124456167e+09
/SS/5/PX-1PY0PZ-1/b_X/eta0/bT0/bz11	2.8976287841796875e+00	8.7331028481068264e-10	2.0083598016376286e+09
/SS/5/PX-1PY0PZ-1/b_X/eta0/bT0/bz12	2.0801315307617188e+00	2.1253841607371044e-10	9.7870849382838554e+09
/SS/5/PX-1PY0PZ-1/b_X/eta0/bT0/bz13	2.0014801025390625e+00	3.6130217571522431e-10	5.5396292551435232e+09
/SS/5/PX-1PY0PZ-1/b_X/eta0/bT0/bz14	2.3459987640380859e+00	5.0846030010256534e-10	4.6139271120377674e+09
/SS/5/PX-1PY0PZ-1/b_X/eta0/bT0/bz15	2.3207874298095703e+00	5.2601789275082709e-10	4.4119933215064974e+09
/SS/5/PX-1PY0PZ-1/b_X/eta0/bT0/bz16	1.9472398757934570e+00	5.7009414069438129e-10	3.4156461833157873e+09
/SS/5/PX-1PY0PZ-1/b_X/eta0/bT0/bz17	1.4011015892028809e+00	4.4375284784780268e-10	3.1573917688601007e+09
/SS/5/PX-1PY0PZ-1/b_X/eta0/bT0/bz18	1.3638534545898438e+00	3.3976111380742076e-10	3.1366522201209540e+09
/SS/5/PX-1PY0PZ-1/b_X/eta0/bT0/bz19	1.5661544799804688e+00	5.7256902798604738e-10	1.5158412246381855e+09
/SS/5/PX-1PY0PZ-1/b_X/eta0/bT0/bz2	2.7972900390625000e+01	1.3186912839988728e-10	2.1212622491746835e+11
/SS/5/PX-1PY0PZ-1/b_X/eta0/bT0/bz20	1.6995811462402344e+00	1.4618021767438247e-09	7.9255343886929488e+08
/SS/5/PX-1PY0PZ-1/b_X/eta0/bT0/bz3	2.2303070068359375e+01	1.3095907167164242e-10	1.7030565186259509e+11
/SS/5/PX-1PY0PZ-1/b_X/eta0/bT0/bz4	1.7257537841796875e+01	1.2964892882942862e-10	1.3310976031665938e+11
/SS/5/PX-1PY0PZ-1/b_X/eta0/bT0/bz5	1.3265243530273438e+01	1.3016431851193334e-10	1.0191151985370932e+11
/SS/5/PX-1PY0PZ-1/b_X/eta0/bT0/bz6	1.0289260864257812e+01	1.3430708041879084e-10	7.6609965998622421e+10
/SS/5/PX-1PY0PZ-1/b_X/eta0/bT0/bz7	8.0989532470703125e+00	1.4264542910351161e-10	5.6776815758977127e+10
/SS/5/PX-1PY0PZ-1/b_X/eta0/bT0/bz8	6.4200668334960938e+00	1.5424872729970411e-10	4.1621522238053558e+10
/SS/5/PX-1PY0PZ-1/b_X/eta0/bT0/bz9	5.0480880737304688e+00	1.6749730832492953e-10	3.0138323560027828e+10
/SS/5/PX-1PY0PZ-2/b_X/eta0/bT0/bz-1	4.0779190063476562e+01	9.6820123934188577e-10	2.4999985649983875e+10
/SS/5/PX-1PY0PZ-2/b_X/eta0/bT0/bz-10	1.7939987182617188e+00	4.4048216929321161e-10	3.3188917370577784e+09
/SS/5/PX-1PY0PZ-2/b_X/eta0/bT0/bz-11	1.5962381362915039e+00	3.4913490773777209e-10	4.5719809188785124e+09
/SS/5/PX-1PY0PZ-2/b_X/eta0/bT0/bz-12	1.5025043487548828e+00	2.9282323251673971e-10	5.1310967911980476e+09
/SS/5/PX-1PY0PZ-2/b_X/eta0/bT0/bz-13	1.3602313995361328e+00	2.8869670639435116e-10	4.7116277027355375e+09
/SS/5/PX-1PY0PZ-2/b_X/eta0/bT0/bz-14	1.1850018501281738e+00	3.2941708914666419e-10	3.5972689006446271e+09
/SS/5/PX-1PY0PZ-2/b_X/eta0/bT0/bz-15	1.0302810668945312e+00	3.7714301117624930e-10	2.3159088082784157e+09
/SS/5/PX-1PY0PZ-2/b_X/eta0/bT0/bz-16	1.1206068992614746e+00	4.0123371895115979e-10	2.7929031044319596e+09
/SS/5/PX-1PY0PZ-2/b_X/eta0/bT0/bz-17	1.5184888839721680e+00	4.7269198753883795e-10	1.3334946395083885e+09
/SS/5/PX-1PY0PZ-2/b_X/eta0/bT0/bz-18	1.6785316467285156e+00	4.0641000370834565e-10	1.8894025444784195e+09
/SS/5/PX-1PY0PZ-2/b_X/eta0/bT0/bz-19	1.5649509429931641e+00	3.0645912230322445e-10	2.4099156972828407e+09
/SS/5/PX-1PY0PZ-2/b_X/eta0/bT0/bz-2	3.4198837280273438e+01	9.8289262630452226e-10	2.0740861400633465e+10
/SS/5/PX-1PY0PZ-2/b_X/eta0/bT0/bz-20	1.3536448478698730e+00	4.8870890137885096e-10	2.7698387405072389e+09
/SS/5/PX-1PY0PZ-2/b_X/eta0/bT0/bz-3	2.6863052368164062e+01	1.0252667844924972e-09	1.5654610163632610e+10
/SS/5/PX-1PY0PZ-2/b_X/eta0/bT0/bz-4	2.0073822021484375e+01	1.0578096731978983e-09	1.1455633441996952e+10
/SS/5/PX-1PY0PZ-2/b_X/eta0/bT0/bz-5	1.4277748107910156e+01	9.2286281890334297e-10	8.9256496453602047e+09
/SS/5/PX-1PY0PZ-2/b_X/eta0/bT0/bz-6	9.7360458374023438e+00	7.0068999860352390e-10	1.0353441401539707e+10
/SS/5/PX-1PY0PZ-2/b_X/eta0/bT0/bz-7	6.3964195251464844e+00	2.8865738702911566e-10	9.8676549907589970e+09
/SS/5/PX-1PY0PZ-2/b_X/eta0/bT0/bz-8	4.0711784362792969e+00	1.5363740905541368e-10	2.6498614245772079e+10
/SS/5/PX-1PY0PZ-2/b_X/eta0/bT0/bz-9	2.6447105407714844e+00	1.3466368683506416e-10	1.1722975174077375e+10
/SS/5/PX-1PY0PZ-2/b_X/eta0/bT0/bz0	4.3868804931640625e+01	9.7856140948554335e-10	2.6002588236039734e+10
/SS/5/PX-1PY0PZ-2/b_X/eta0/bT0/bz1	4.0613418579101562e+01	9.8140770968356553e-10	2.2377357670659626e+10
/SS/5/PX-1PY0PZ-2/b_X/eta0/bT0/bz10	3.0564289093017578e+00	8.6961647741395772e-10	1.4685779795396757e+09
/SS/5/PX-1PY0PZ-2/b_X/eta0/bT0/bz11	2.9707765579223633e+00	5.3121280118007782e-10	2.3934476216301837e+09
/SS/5/PX-1PY0PZ-2/b_X/eta0/bT0/bz12	2.5791406631469727e+00	3.6626762221420018e-10	7.0416834760202818e+09
/SS/5/PX-1PY0PZ-2/b_X/eta0/bT0/bz13	1.8230924606323242e+00	2.9198446857659729e-10	4.2224510608375978e+09
/SS/5/PX-1PY0PZ-2/b_X/eta0/bT0/bz14	1.7952508926391602e+00	3.7308652423812197e-10	4.4792922027206297e+09
/SS/5/PX-1PY0PZ-2/b_X/eta0/bT0/bz15	2.0591030120849609e+00	4.6205403495230565e-10	4.3135733707504568e+09
/SS/5/PX-1PY0PZ-2/b_X/eta0/bT0/bz16	2.1822214126586914e+00	5.1497830631782984e-10	4.0572403323921666e+09
/SS/5/PX-1PY0PZ-2/b_X/eta0/bT0/bz17	2.1604499816894531e+00	5.5408996095571230e-10	2.2439953599167724e+09
/SS/5/PX-1PY0PZ-2/b_X/eta0/bT0/bz18	2.0891795158386230e+00	6.5247561792903581e-10	3.2019273340354080e+09
/SS/5/PX-1PY0PZ-2/b_X/eta0/bT0/bz19	2.1563768386840820e+00	8.5082727678044165e-10	2.5344472345126061e+09
/SS/5/PX-1PY0PZ-2/b_X/eta0/bT0/bz2	3.3889221191406250e+01	9.1289126448425112e-10	1.7100702662376812e+10
/SS/5/PX-1PY0PZ-2/b_X/eta0/bT0/bz20	1.8609261512756348e+00	9.4553761581597774e-10	1.9681143511881304e+09
/SS/5/PX-1PY0PZ-2/b_X/eta0/bT0/bz3	2.6377281188964844e+01	7.6761170664560494e-10	6.4104162574105816e+09
/SS/5/PX-1PY0PZ-2/b_X/eta0/bT0/bz4	1.9588333129882812e+01	7.7886128955110831e-10	3.2529924496784697e+09
/SS/5/PX-1PY0PZ-2/b_X/eta0/bT0/bz5	1.4147300720214844e+01	1.5781617898225377e-09	3.7663708405415592e+09
/SS/5/PX-1PY0PZ-2/b_X/eta0/bT0/bz6	1.0142345428466797e+01	7.2507879846484550e-10	5.5142164314081736e+09
/SS/5/PX-1PY0PZ-2/b_X/eta0/bT0/bz7	7.4611396789550781e+00	1.6944591823689899e-09	9.1230390033802974e+08
/SS/5/PX-1PY0PZ-2/b_X/eta0/bT0/bz8	5.7229728698730469e+00	3.6847900565782403e-09	5.9188985749534047e+08
/SS/5/PX-1PY0PZ-2/b_X/eta0/bT0/bz9	4.3436851501464844e+00	1.5873080517023203e-09	8.9442735117519546e+08
/SS/5/PX-1PY0PZ0/b_X/eta0/bT0/bz-1	3.3528732299804688e+01	4.2601433932346387e-10	7.8703295182622986e+10
/SS/5/PX-1PY0PZ0/b_X/eta0/bT0/bz-10	3.4029369354248047e+00	6.9183449610845288e-10	4.9187153207395945e+09
/SS/5/PX-1PY0PZ0/b_X/eta0/bT0/bz-11	2.8870916366577148e+00	5.6034384568338955e-10	5.1523571801465006e+09
/SS/5/PX-1PY0PZ0/b_X/eta0/bT0/bz-12	2.6944770812988281e+00	4.2806942410807578e-10	5.8067185666663303e+09
/SS/5/PX-1PY0PZ0/b_X/eta0/bT0/bz-13	2.8856639862060547e+00	5.3617180927650277e-10	3.8656638291495237e+09
/SS/5/PX-1PY0PZ0/b_X/eta0/bT0/bz-14	2.9565773010253906e+00	5.9251595386708331e-10	2.8708847841378236e+09
/SS/5/PX-1PY0PZ0/b_X/eta0/bT0/bz-15	2.8397998809814453e+00	5.9572549892080546e-10	2.4985685862114081e+09
/SS/5/PX-1PY0PZ0/b_X/eta0/bT0/bz-16	2.6043739318847656e+00	5.9528537734393217e-10	2.3520063929163642e+09
/SS/5/PX-1PY0PZ0/b_X/eta0/bT0/bz-17	2.3100090026855469e+00	5.9208061894481652e-10	2.0952355685608063e+09
/SS/5/PX-1PY0PZ0/b_X/eta0/bT0/bz-18	1.9323749542236328e+00	3.3524277973387764e-10	1.8633419533480577e+09
/SS/5/PX-1PY0PZ0/b_X/eta0/bT0/bz-19	1.7316074371337891e+00	2.0250517457452486e-10	7.4887752127707901e+09
/SS/5/PX-1PY0PZ0/b_X/eta0/bT0/bz-2	2.7979179382324219e+01	4.1512185294654212e-10	6.7399919285692909e+10
/SS/5/PX-1PY0PZ0/b_X/eta0/bT0/bz-20	1.5984020233154297e+00	2.5516372006157636e-10	3.5340283076540933e+09
/SS/5/PX-1PY0PZ0/b_X/eta0/bT0/bz-3	2.1954872131347656e+01	4.2158323297971852e-10	4.8406832278074539e+10
/SS/5/PX-1PY0PZ0/b_X/eta0/bT0/bz-4	1.7345062255859375e+01	4.6631810876376850e-10	3.4068300256137569e+10
/SS/5/PX-1PY0PZ0/b_X/eta0/bT0/bz-5	1.3941421508789062e+01	5.6459475491506251e-10	2.1625723753798515e+10
/SS/5/PX-1PY0PZ0/b_X/eta0/bT0/bz-6	1.0762207031250000e+01	7.6541066677401333e-10	1.1970750909976860e+10
/SS/5/PX-1PY0PZ0/b_X/eta0/bT0/bz-7	7.8418579101562500e+00	1.0708788838878834e-09	5.6262150097540665e+09
/SS/5/PX-1PY0PZ0/b_X/eta0/bT0/bz-8	5.4012289047241211e+00	7.4216748895643919e-10	7.2776414826776934e+09
/SS/5/PX-1PY0PZ0/b_X/eta0/bT0/bz-9	4.1952857971191406e+00	1.1456362324224621e-09	3.0529357630238328e+09
/SS/5/PX-1PY0PZ0/b_X/eta0/bT0/bz0	3.6058853149414062e+01	4.4296028578949407e-10	8.1404257461017944e+10
/SS/5/PX-1PY0PZ0/b_X/eta0/bT0/bz1	3.3111160278320312e+01	4.6070448122046852e-10	7.1870714586071243e+10
/SS/5/PX-1PY0PZ0/b_X/eta0/bT0/bz10	4.2466201782226562e+00	1.9934435274551928e-09	1.2343302826967695e+09
/SS/5/PX-1PY0PZ0/b_X/eta0/bT0/bz11	3.7668952941894531e+00	8.4152837947709034e-10	2.6937353728219910e+09
/SS/5/PX-1PY0PZ0/b_X/eta0/bT0/bz12	3.2102546691894531e+00	1.2183976750857875e-09	2.3583333030948205e+09
/SS/5/PX-1PY0PZ0/b_X/eta0/bT0/bz13	2.7980339527130127e+00	2.2343937067281532e-09	1.2522564596774683e+09
/SS/5/PX-1PY0PZ0/b_X/eta0/bT0/bz14	2.7910575866699219e+00	2.0571852213904366e-09	9.9228220316794884e+08
/SS/5/PX-1PY0PZ0/b_X/eta0/bT0/bz15	3.0170183181762695e+00	2.0478083644708110e-09	4.8955640458787769e+08
/SS/5/PX-1PY0PZ0/b_X/eta0/bT0/bz16	3.2272377014160156e+00	7.7158032310898926e-10	2.3372773055996714e+09
/SS/5/PX-1PY0PZ0/b_X/eta0/bT0/bz17	3.2873601913452148e+00	6.5636722245348098e-10	2.9732768246156073e+09
/SS/5/PX-1PY0PZ0/b_X/eta0/bT0/bz18	3.1985740661621094e+00	5.8735030967044729e-10	3.4799352061504798e+09
/SS/5/PX-1PY0PZ0/b_X/eta0/bT0/bz19	3.0178508758544922e+00	5.1775363477682239e-10	3.8755882495574055e+09
/SS/5/PX-1PY0PZ0/b_X/eta0/bT0/bz2	2.7131866455078125e+01	4.8008242762235466e-10	5.6515016784619240e+10
/SS/5/PX-1PY0PZ0/b_X/eta0/bT0/bz20	2.7664995193481445e+00	4.9049412305860896e-10	4.4319691626990328e+09
/SS/5/PX-1PY0PZ0/b_X/eta0/bT0/bz3	2.1602493286132812e+01	5.3290468768190698e-10	4.0537255132999374e+10
/SS/5/PX-1PY0PZ0/b_X/eta0/bT0/bz4	1.7017997741699219e+01	6.3146225096411871e-10	2.6950142650199726e+10
/SS/5/PX-1PY0PZ0/b_X/eta0/bT0/bz5	1.2968570709228516e+01	7.8948873428869434e-10	1.6426543085396664e+10
/SS/5/PX-1PY0PZ0/b_X/eta0/bT0/bz6	9.3376102447509766e+00	1.0347269000560684e-09	9.0242268218261280e+09
/SS/5/PX-1PY0PZ0/b_X/eta0/bT0/bz7	7.0107574462890625e+00	1.3782895139261254e-09	4.2303772922542539e+09
/SS/5/PX-1PY0PZ0/b_X/eta0/bT0/bz8	5.5944290161132812e+00	1.0636983481607832e-09	4.0977791265712013e+09
/SS/5/PX-1PY0PZ0/b_X/eta0/bT0/bz9	4.7562294006347656e+00	1.2010808568793595e-09	2.3663144211036572e+09
/SS/5/PX-1PY1PZ-1/b_X/eta0/bT0/bz-1	3.0182083129882812e+01	1.5969286447254880e-09	1.8900082498721233e+10
/SS/5/PX-1PY1PZ-1/b_X/eta0/bT0/bz-10	3.2160406112670898e+00	8.2574349587488623e-10	2.0357939641980972e+09
/SS/5/PX-1PY1PZ-1/b_X/eta0/bT0/bz-11	2.2564325332641602e+00	3.7841203897028766e-10	3.8961006181215334e+09
/SS/5/PX-1PY1PZ-1/b_X/eta0/bT0/bz-12	2.2929172515869141e+00	3.4871266344139890e-10	4.9505550023939905e+09
/SS/5/PX-1PY1PZ-1/b_X/eta0/bT0/bz-13	2.0261774063110352e+00	4.0988321721777218e-10	4.9433041442009592e+09
/SS/5/PX-1PY1PZ-1/b_X/eta0/bT0/bz-14	2.2743244171142578e+00	5.7814315893330495e-10	3.9338429971401353e+09
/SS/5/PX-1PY1PZ-1/b_X/eta0/bT0/bz-15	2.4823579788208008e+00	1.0184530239246876e-09	2.4373809302022023e+09
/SS/5/PX-1PY1PZ-1/b_X/eta0/bT0/bz-16	2.7391359806060791e+00	2.8778909589874639e-09	9.5178588057755899e+08
/SS/5/PX-1PY1PZ-1/b_X/eta0/bT0/bz-17	1.8095798492431641e+00	2.0856190033645809e-09	2.9807255053440738e+08
/SS/5/PX-1PY1PZ-1/b_X/eta0/bT0/bz-18	1.7272605895996094e+00	1.6804107775401174e-09	8.8875240449135125e+08
/SS/5/PX-1PY1PZ-1/b_X/eta0/bT0/bz-19	1.8000106811523438e+00	1.0942320060087073e-09	1.1715259115624609e+09
/SS/5/PX-1PY1PZ-1/b_X/eta0/bT0/bz-2	2.4905334472656250e+01	1.9205374177486614e-09	1.2967898590516075e+10
/SS/5/PX-1PY1PZ-1/b_X/eta0/bT0/bz-20	1.7189350128173828e+00	1.1197889139646527e-09	1.2611792761142232e+09
/SS/5/PX-1PY1PZ-1/b_X/eta0/bT0/bz-3	2.0271816253662109e+01	3.0156846732049865e-09	6.1718664027873449e+09
/SS/5/PX-1PY1PZ-1/b_X/eta0/bT0/bz-4	1.9798011779785156e+01	5.2652833653767206e-09	2.7870981318157163e+09
/SS/5/PX-1PY1PZ-1/b_X/eta0/bT0/bz-5	1.4528484344482422e+01	5.1928175912956019e-09	1.0117299314716808e+09
/SS/5/PX-1PY1PZ-1/b_X/eta0/bT0/bz-6	1.0763084411621094e+01	1.1504325046942102e-09	4.1006716751535811e+09
/SS/5/PX-1PY1PZ-1/b_X/eta0/bT0/bz-7	7.7285823822021484e+00	2.0279393026680278e-09	2.1599326474976635e+09
/SS/5/PX-1PY1PZ-1/b_X/eta0/bT0/bz-8	5.1742687225341797e+00	2.0277431022993909e-08	2.1112215420318690e+08
/SS/5/PX-1PY1PZ-1/b_X/eta0/bT0/bz-9	4.3439502716064453e+00	1.7774448337730446e-09	1.4331896250818288e+09
/SS/5/PX-1PY1PZ-1/b_X/eta0/bT0/bz0	3.0255336761474609e+01	1.2737665233201084e-09	2.3752654986263275e+10
/SS/5/PX-1PY1PZ-1/b_X/eta0/bT0/bz1	2.4935764312744141e+01	1.0709055946999641e-09	2.3284745579959736e+10
/SS/5/PX-1PY1PZ-1/b_X/eta0/bT0/bz10	5.1737031936645508e+00	8.2191183631863003e-10	6.2947179551978912e+09
/SS/5/PX-1PY1PZ-1/b_X/eta0/bT0/bz11	4.5020017623901367e+00	6.3926136484900253e-10	7.0425056321893272e+09
/SS/5/PX-1PY1PZ-1/b_X/eta0/bT0/bz12	3.5415954589843750e+00	5.5751552613723021e-10	5.4556999366966686e+09
/SS/5/PX-1PY1PZ-1/b_X/eta0/bT0/bz13	2.6152772903442383e+00	7.1806179893651162e-10	3.2093239799868646e+09
/SS/5/PX-1PY1PZ-1/b_X/eta0/bT0/bz14	2.1984882354736328e+00	8.3770257102536759e-10	2.1253868151032674e+09
/SS/5/PX-1PY1PZ-1/b_X/eta0/bT0/bz15	1.8625545501708984e+00	5.5779581892496813e-10	1.1961038567055514e+09
/SS/5/PX-1PY1PZ-1/b_X/eta0/bT0/bz16	1.5012998580932617e+00	8.2856021014105517e-10	7.2378102643946648e+08
/SS/5/PX-1PY1PZ-1/b_X/eta0/bT0/bz17	1.5295667648315430e+00	6.8475359286460401e-10	2.2337477024877524e+09
/SS/5/PX-1PY1PZ-1/b_X/eta0/bT0/bz18	1.7415561676025391e+00	4.9595438507669724e-10	2.6604114989716067e+09
/SS/5/PX-1PY1PZ-1/b_X/eta0/bT0/bz19	2.0348882675170898e+00	3.0246573430460318e-10	6.7276654401712208e+09
/SS/5/PX-1PY1PZ-1/b_X/eta0/bT0/bz2	3.0255996704101562e+01	1.3629530052947464e-09	2.2198855416558205e+10
/SS/5/PX-1PY1PZ-1/b_X/eta0/bT0/bz20	2.1749696731567383e+00	3.4304331168316711e-10	6.3402188559954443e+09
/SS/5/PX-1PY1PZ-1/b_X/eta0/bT0/bz3	2.9726268768310547e+01	1.3772084537197191e-09	2.1584436755396400e+10
/SS/5/PX-1PY1PZ-1/b_X/eta0/bT0/bz4	2.5352413177490234e+01	1.1920198091610614e-09	2.1268449553143883e+10
/SS/5/PX-1PY1PZ-1/b_X/eta0/bT0/bz5	2.0202072143554688e+01	9.8847626751729020e-10	2.0437589457049171e+10
/SS/5/PX-1PY1PZ-1/b_X/eta0/bT0/bz6	1.5612125396728516e+01	8.2644969629094755e-10	1.8890593664435619e+10
/SS/5/PX-1PY1PZ-1/b_X/eta0/bT0/bz7	1.1808235168457031e+01	7.0534261280388659e-10	1.6741133959731697e+10
/SS/5/PX-1PY1PZ-1/b_X/eta0/bT0/bz8	8.5617599487304688e+00	5.9232246310521573e-10	1.4454558930360237e+10
/SS/5/PX-1PY1PZ-1/b_X/eta0/bT0/bz9	5.7091121673583984e+00	7.4631400039941089e-10	6.3243240780047321e+09
/SS/5/PX-1PY1PZ-2/b_X/eta0/bT0/bz-1	3.7720275878906250e+01	1.0935310390403823e-09	3.0669372211745041e+10
/SS/5/PX-1PY1PZ-2/b_X/eta0/bT0/bz-10	2.6020240783691406e+00	2.4674443092702044e-10	6.8283810561953545e+09
/SS/5/PX-1PY1PZ-2/b_X/eta0/bT0/bz-11	1.9697914123535156e+00	2.7524381255011169e-10	5.1013177267375746e+09
/SS/5/PX-1PY1PZ-2/b_X/eta0/bT0/bz-12	1.5147476196289062e+00	2.8994498518264495e-10	4.0205986323727236e+09
/SS/5/PX-1PY1PZ-2/b_X/eta0/bT0/bz-13	1.2931766510009766e+00	3.0023145165902601e-10	3.4244248402768760e+09
/SS/5/PX-1PY1PZ-2/b_X/eta0/bT0/bz-14	1.3904438018798828e+00	3.1325984884010105e-10	4.4386275707794733e+09
/SS/5/PX-1PY1PZ-2/b_X/eta0/bT0/bz-15	1.4258041381835938e+00	7.6495364928332592e-10	2.1452240073902842e+08
/SS/5/PX-1PY1PZ-2/b_X/eta0/bT0/bz-16	1.3877086639404297e+00	1.0789210571942449e-09	4.1000704007035565e+08
/SS/5/PX-1PY1PZ-2/b_X/eta0/bT0/bz-17	1.4812393188476562e+00	4.7198245904082169e-10	7.2354317347970259e+08
/SS/5/PX-1PY1PZ-2/b_X/eta0/bT0/bz-18	1.4741554260253906e+00	6.1296541829486712e-10	1.9188025705542207e+09
/SS/5/PX-1PY1PZ-2/b_X/eta0/bT0/bz-19	1.3685021400451660e+00	1.4134193462637284e-09	8.7204036829026282e+08
/SS/5/PX-1PY1PZ-2/b_X/eta0/bT0/bz-2	3.2072479248046875e+01	1.1838812722322794e-09	2.2731747168833214e+10
/SS/5/PX-1PY1PZ-2/b_X/eta0/bT0/bz-20	1.3635057955980301e+00	2.5313965840850106e-08	5.3863776390094087e+07
/SS/5/PX-1PY1PZ-2/b_X/eta0/bT0/bz-3	2.5277664184570312e+01	1.1745428895145947e-09	1.6266528833786949e+10
/SS/5/PX-1PY1PZ-2/b_X/eta0/bT0/bz-4	1.8819976806640625e+01	9.0493061118847080e-10	1.2694528112661764e+10
/SS/5/PX-1PY1PZ-2/b_X/eta0/bT0/bz-5	1.3541473388671875e+01	5.0816443188821813e-10	1.1520122370758678e+10
/SS/5/PX-1PY1PZ-2/b_X/eta0/bT0/bz-6	9.7284469604492188e+00	4.2347241693866893e-10	1.5591237326830780e+10
/SS/5/PX-1PY1PZ-2/b_X/eta0/bT0/bz-7	6.9537506103515625e+00	3.6897370639258062e-10	9.6795484582568226e+09
/SS/5/PX-1PY1PZ-2/b_X/eta0/bT0/bz-8	4.9111862182617188e+00	2.0370323114139385e-10	2.0540723421577438e+10
/SS/5/PX-1PY1PZ-2/b_X/eta0/bT0/bz-9	3.3289489746093750e+00	7.4577718647309230e-10	2.3266797388917375e+09
/SS/5/PX-1PY1PZ-2/b_X/eta0/bT0/bz0	3.9761779785156250e+01	1.0104771524879642e-09	3.6228234606385719e+10
/SS/5/PX-1PY1PZ-2/b_X/eta0/bT0/bz1	3.5967651367187500e+01	9.6181272272341537e-10	3.5174430640707863e+10
/SS/5/PX-1PY1PZ-2/b_X/eta0/bT0/bz10	2.8301639556884766e+00	1.0860297223590873e-09	1.1923972524687779e+09
/SS/5/PX-1PY1PZ-2/b_X/eta0/bT0/bz11	1.6293601989746094e+00	3.6400265138575451e-09	1.9159522149824533e+08
/SS/5/PX-1PY1PZ-2/b_X/eta0/bT0/bz12	1.1985988616943359e+00	4.5654134385033910e-10	1.1775328089836490e+09
/SS/5/PX-1PY1PZ-2/b_X/eta0/bT0/bz13	1.6651668548583984e+00	9.4087325189582588e-10	8.3732608511410677e+08
/SS/5/PX-1PY1PZ-2/b_X/eta0/bT0/bz14	1.9778604507446289e+00	7.7950060241035564e-10	4.6032795985375124e+08
/SS/5/PX-1PY1PZ-2/b_X/eta0/bT0/bz15	1.7523269653320312e+00	6.4505267515865529e-10	1.3117047974031968e+09
/SS/5/PX-1PY1PZ-2/b_X/eta0/bT0/bz16	1.8975505828857422e+00	3.8583155850551559e-10	2.3083210095646839e+09
/SS/5/PX-1PY1PZ-2/b_X/eta0/bT0/bz17	2.1266651153564453e+00	9.1503533491417420e-10	2.2582646440413923e+09
/SS/5/PX-1PY1PZ-2/b_X/eta0/bT0/bz18	2.1489429473876953e+00	9.2705858519247139e-10	2.2791339772003336e+09
/SS/5/PX-1PY1PZ-2/b_X/eta0/bT0/bz19	2.0714778900146484e+00	9.7132070845633350e-10	2.0045678127167804e+09
/SS/5/PX-1PY1PZ-2/b_X/eta0/bT0/bz2	2.9043975830078125e+01	1.1392134464027997e-09	1.6075782342486977e+10
/SS/5/PX-1PY1PZ-2/b_X/eta0/bT0/bz20	1.9140453338623047e+00	1.8977238863997821e-09	1.1840927529260835e+08
/SS/5/PX-1PY1PZ-2/b_X/eta0/bT0/bz3	2.1592102050781250e+01	1.9260898595266332e-09	4.4989546699822245e+09
/SS/5/PX-1PY1PZ-2/b_X/eta0/bT0/bz4	1.9548275947570801e+01	4.5703155800793090e-09	4.2772267264816704e+09
/SS/5/PX-1PY1PZ-2/b_X/eta0/bT0/bz5	1.3686849594116211e+01	1.4657240882232446e-09	9.3379440947221203e+09
/SS/5/PX-1PY1PZ-2/b_X/eta0/bT0/bz6	1.0622159957885742e+01	4.2228566296974290e-09	1.4590827714056025e+09
/SS/5/PX-1PY1PZ-2/b_X/eta0/bT0/bz7	8.2298412322998047e+00	1.2219607457708714e-09	4.0259335603906236e+09
/SS/5/PX-1PY1PZ-2/b_X/eta0/bT0/bz8	6.1590480804443359e+00	1.4489762542843151e-09	1.6289146024825230e+09
/SS/5/PX-1PY1PZ-2/b_X/eta0/bT0/bz9	4.3538150787353516e+00	1.2635904260691877e-09	1.7470980181929913e+09
/SS/5/PX-1PY1PZ0/b_X/eta0/bT0/bz-1	5.3031005859375000e+01	4.6020501756862579e-10	9.7029919929546661e+10
/SS/5/PX-1PY1PZ0/b_X/eta0/bT0/bz-10	5.4232292175292969e+00	3.5510443057696983e-10	1.2732609858907486e+10
/SS/5/PX-1PY1PZ0/b_X/eta0/bT0/bz-11	3.9975643157958984e+00	3.0379435491865806e-10	1.1988637208160154e+10
/SS/5/PX-1PY1PZ0/b_X/eta0/bT0/bz-12	2.9340438842773438e+00	5.3934550253701383e-10	4.0268829324928064e+09
/SS/5/PX-1PY1PZ0/b_X/eta0/bT0/bz-13	2.8472557067871094e+00	1.5811374450289737e-09	1.8007642003158901e+09
/SS/5/PX-1PY1PZ0/b_X/eta0/bT0/bz-14	2.3221750259399414e+00	3.4920948789372822e-10	3.4749888284340100e+09
/SS/5/PX-1PY1PZ0/b_X/eta0/bT0/bz-15	2.5922298431396484e+00	4.2059424696224703e-10	6.1632555886393986e+09
/SS/5/PX-1PY1PZ0/b_X/eta0/bT0/bz-16	2.7969789505004883e+00	4.7432721399187358e-10	5.8967288150335979e+09
/SS/5/PX-1PY1PZ0/b_X/eta0/bT0/bz-17	2.7028532028198242e+00	4.2962465899537523e-10	6.2911966206504908e+09
/SS/5/PX-1PY1PZ0/b_X/eta0/bT0/bz-18	2.3648939132690430e+00	5.5991905036349415e-10	3.6870657800775189e+09
/SS/5/PX-1PY1PZ0/b_X/eta0/bT0/bz-19	1.8745088577270508e+00	4.1176822278312031e-10	4.5523397727423973e+09
/SS/5/PX-1PY1PZ0/b_X/eta0/bT0/bz-2	4.3561767578125000e+01	4.8861980550826286e-10	7.8553252934503418e+10
/SS/5/PX-1PY1PZ0/b_X/eta0/bT0/bz-20	1.8119235038757324e+00	7.5424377928946918e-10	2.4023048696306705e+09
/SS/5/PX-1PY1PZ0/b_X/eta0/bT0/bz-3	3.4033294677734375e+01	5.1865726284031234e-10	5.9409078676613922e+10
/SS/5/PX-1PY1PZ0/b_X/eta0/bT0/bz-4	2.6199005126953125e+01	5.3859954114091760e-10	4.3210485351896530e+10
/SS/5/PX-1PY1PZ0/b_X/eta0/bT0/bz-5	2.0286453247070312e+01	5.2634649573242898e-10	3.0980628520908550e+10
/SS/5/PX-1PY1PZ0/b_X/eta0/bT0/bz-6	1.5823776245117188e+01	4.5621362243918431e-10	2.2853702380425865e+10
/SS/5/PX-1PY1PZ0/b_X/eta0/bT0/bz-7	1.2296279907226562e+01	3.3840166798716277e-10	1.8030736080125484e+10
/SS/5/PX-1PY1PZ0/b_X/eta0/bT0/bz-8	9.4495086669921875e+00	3.1990595767086519e-10	2.6398179347629601e+10
/SS/5/PX-1PY1PZ0/b_X/eta0/bT0/bz-9	7.1892585754394531e+00	3.1532985129073050e-10	1.7240545306426228e+10
/SS/5/PX-1PY1PZ0/b_X/eta0/bT0/bz0	5.8621520996093750e+01	4.3793188384367350e-10	1.0753969736688704e+11
/SS/5/PX-1PY1PZ0/b_X/eta0/bT0/bz1	5.6186462402343750e+01	4.2629815104309905e-10	1.0137177349616507e+11
/SS/5/PX-1PY1PZ0/b_X/eta0/bT0/bz10	4.8252067565917969e+00	1.0505795895543345e-09	3.9815641398581443e+09
/SS/5/PX-1PY1PZ0/b_X/eta0/bT0/bz11	3.3879299163818359e+00	7.8048366022840064e-10	4.0511485145882397e+09
/SS/5/PX-1PY1PZ0/b_X/eta0/bT0/bz12	3.1782398223876953e+00	1.8872416421813903e-09	1.0158625116847342e+09
/SS/5/PX-1PY1PZ0/b_X/eta0/bT0/bz13	2.7745208740234375e+00	4.5408710106399439e-10	6.1101072184660559e+09
/SS/5/PX-1PY1PZ0/b_X/eta0/bT0/bz14	2.3985624313354492e+00	4.0380995387898067e-10	5.9398298835750923e+09
/SS/5/PX-1PY1PZ0/b_X/eta0/bT0/bz15	2.3864202499389648e+00	4.0415154122288772e-10	5.2784840322895260e+09
/SS/5/PX-1PY1PZ0/b_X/eta0/bT0/bz16	2.3769092559814453e+00	5.4011920073357887e-10	2.4639783520376964e+09
/SS/5/PX-1PY1PZ0/b_X/eta0/bT0/bz17	2.3195185661315918e+00	1.0188209523471056e-09	1.4618430018955431e+09
/SS/5/PX-1PY1PZ0/b_X/eta0/bT0/bz18	2.1440753936767578e+00	1.8671325576742599e-09	7.5372680822857392e+08
/SS/5/PX-1PY1PZ0/b_X/eta0/bT0/bz19	2.0194053649902344e+00	1.2961827987589925e-09	9.0281597235069668e+08
/SS/5/PX-1PY1PZ0/b_X/eta0/bT0/bz2	4.8806060791015625e+01	4.1859469989991600e-10	8.6067221404039993e+10
/SS/5/PX-1PY1PZ0/b_X/eta0/bT0/bz20	1.7253684997558594e+00	3.5863709303772208e-10	3.5031102372114763e+09
/SS/5/PX-1PY1PZ0/b_X/eta0/bT0/bz3	4.0015289306640625e+01	4.1201711172427498e-10	6.8997748794599899e+10
/SS/5/PX-1PY1PZ0/b_X/eta0/bT0/bz4	3.1717468261718750e+01	4.0997875985738075e-10	5.3335952510374825e+10
/SS/5/PX-1PY1PZ0/b_X/eta0/bT0/bz5	2.4508285522460938e+01	4.1685641061799054e-10	3.9865586025220757e+10
/SS/5/PX-1PY1PZ0/b_X/eta0/bT0/bz6	1.8547500610351562e+01	4.3736011388239681e-10	2.8776046547539867e+10
/SS/5/PX-1PY1PZ0/b_X/eta0/bT0/bz7	1.3753738403320312e+01	4.8178137053440827e-10	2.0110914656437351e+10
/SS/5/PX-1PY1PZ0/b_X/eta0/bT0/bz8	9.9761161804199219e+00	6.3539163785238496e-10	1.2964870152226046e+10
/SS/5/PX-1PY1PZ0/b_X/eta0/bT0/bz9	7.0581741333007812e+00	5.2918258520450310e-10	8.4154093555197554e+09
/SS/5/PX-1PY2PZ-1/b_X/eta0/bT0/bz-1	3.2252014160156250e+01	7.9729238253078896e-10	4.0451928134294922e+10
/SS/5/PX-1PY2PZ-1/b_X/eta0/bT0/bz-10	3.3482971191406250e+00	1.5734397702813387e-09	1.4458133326425483e+09
/SS/5/PX-1PY2PZ-1/b_X/eta0/bT0/bz-11	3.2172412872314453e+00	6.6256405978110126e-10	3.7867832340806689e+09
/SS/5/PX-1PY2PZ-1/b_X/eta0/bT0/bz-12	3.0695762634277344e+00	4.4861561955462872e-10	6.1757700632391787e+09
/SS/5/PX-1PY2PZ-1/b_X/eta0/bT0/bz-13	2.9038295745849609e+00	3.7148502584967775e-10	6.2087804437004814e+09
/SS/5/PX-1PY2PZ-1/b_X/eta0/bT0/bz-14	2.7314891815185547e+00	4.3244716754098922e-10	5.6843529554784403e+09
/SS/5/PX-1PY2PZ-1/b_X/eta0/bT0/bz-15	2.5429935455322266e+00	4.5819558338599170e-10	5.4249543361231766e+09
/SS/5/PX-1PY2PZ-1/b_X/eta0/bT0/bz-16	2.2949562072753906e+00	4.3378671324038625e-10	5.1688180928074980e+09
/SS/5/PX-1PY2PZ-1/b_X/eta0/bT0/bz-17	2.0099411010742188e+00	3.5588317470457001e-10	4.9019087159309254e+09
/SS/5/PX-1PY2PZ-1/b_X/eta0/bT0/bz-18	1.6741638183593750e+00	3.2740255138845581e-10	3.9482697441332521e+09
/SS/5/PX-1PY2PZ-1/b_X/eta0/bT0/bz-19	1.2813873291015625e+00	2.1131384898170035e-10	3.7591779409568419e+09
/SS/5/PX-1PY2PZ-1/b_X/eta0/bT0/bz-2	2.8609020233154297e+01	8.4273227873991893e-10	3.3947934539699188e+10
/SS/5/PX-1PY2PZ-1/b_X/eta0/bT0/bz-20	1.0853919982910156e+00	2.2835215526227276e-10	2.2378413352038817e+09
/SS/5/PX-1PY2PZ-1/b_X/eta0/bT0/bz-3	2.3004894256591797e+01	8.3806145892927073e-10	2.7450127924965614e+10
/SS/5/PX-1PY2PZ-1/b_X/eta0/bT0/bz-4	1.6967895507812500e+01	7.5661126917034271e-10	2.2426173385467201e+10
/SS/5/PX-1PY2PZ-1/b_X/eta0/bT0/bz-5	1.1486736297607422e+01	2.0300386722167289e-09	4.8754322341043854e+09
/SS/5/PX-1PY2PZ-1/b_X/eta0/bT0/bz-6	9.2641258239746094e+00	7.6453742851107982e-10	5.6896393101484184e+09
/SS/5/PX-1PY2PZ-1/b_X/eta0/bT0/bz-7	7.2226257324218750e+00	1.0149558455291431e-09	4.5423510582064924e+09
/SS/5/PX-1PY2PZ-1/b_X/eta0/bT0/bz-8	5.7545404434204102e+00	2.4914901674597244e-09	2.3096781671378736e+09
/SS/5/PX-1PY2PZ-1/b_X/eta0/bT0/bz-9	5.2409915924072266e+00	1.1391400774695774e-09	4.6008315360559301e+09
/SS/5/PX-1PY2PZ-1/b_X/eta0/bT0/bz0	3.4460044860839844e+01	8.0242253214766352e-10	4.2945011487412262e+10
/SS/5/PX-1PY2PZ-1/b_X/eta0/bT0/bz1	3.2933227539062500e+01	8.0146022216085724e-10	4.1091530968648163e+10
/SS/5/PX-1PY2PZ-1/b_X/eta0/bT0/bz10	6.2631301879882812e+00	4.4290945689891286e-10	1.4140881596524010e+10
/SS/5/PX-1PY2PZ-1/b_X/eta0/bT0/bz11	4.7006587982177734e+00	4.2025006683168445e-10	9.1796760552404385e+09
/SS/5/PX-1PY2PZ-1/b_X/eta0/bT0/bz12	3.6105422973632812e+00	4.4553852997426740e-10	6.0137204685773020e+09
/SS/5/PX-1PY2PZ-1/b_X/eta0/bT0/bz13	3.1204843521118164e+00	7.9073123192555975e-10	3.4402668236849332e+09
/SS/5/PX-1PY2PZ-1/b_X/eta0/bT0/bz14	3.4449114799499512e+00	1.0869196484420644e-09	3.1694260793681602e+09
/SS/5/PX-1PY2PZ-1/b_X/eta0/bT0/bz15	2.7179460525512695e+00	1.3518673964155578e-09	1.9567840416136191e+09
/SS/5/PX-1PY2PZ-1/b_X/eta0/bT0/bz16	3.1865198612213135e+00	1.9589290681072128e-09	1.6266642386905019e+09
/SS/5/PX-1PY2PZ-1/b_X/eta0/bT0/bz17	2.7245841026306152e+00	1.2207787038961266e-09	2.2318411141471257e+09
/SS/5/PX-1PY2PZ-1/b_X/eta0/bT0/bz18	2.3650937080383301e+00	9.3098055099390475e-10	2.3301925837321873e+09
/SS/5/PX-1PY2PZ-1/b_X/eta0/bT0/bz19	2.5851507186889648e+00	8.7490736827410740e-10	2.2825788335399451e+09
/SS/5/PX-1PY2PZ-1/b_X/eta0/bT0/bz2	2.7636047363281250e+01	7.0764092747993756e-10	3.9053771892051514e+10
/SS/5/PX-1PY2PZ-1/b_X/eta0/bT0/bz20	2.5748529434204102e+00	7.6268397823554211e-10	2.2831526524721560e+09
/SS/5/PX-1PY2PZ-1/b_X/eta0/bT0/bz3	2.1625198364257812e+01	6.8747818688732917e-10	3.1455832020168472e+10
/SS/5/PX-1PY2PZ-1/b_X/eta0/bT0/bz4	1.8318752288818359e+01	7.2842122330413698e-10	2.5148570226611519e+10
/SS/5/PX-1PY2PZ-1/b_X/eta0/bT0/bz5	1.4991397857666016e+01	7.3300517903496619e-10	2.0451967170822525e+10
/SS/5/PX-1PY2PZ-1/b_X/eta0/bT0/bz6	1.1587997436523438e+01	6.6582515397732093e-10	1.7403964640419914e+10
/SS/5/PX-1PY2PZ-1/b_X/eta0/bT0/bz7	1.0837314605712891e+01	6.1800483037989525e-10	1.7535970712479801e+10
/SS/5/PX-1PY2PZ-1/b_X/eta0/bT0/bz8	9.8936557769775391e+00	6.3606247941013560e-10	1.5554534495027288e+10
/SS/5/PX-1PY2PZ-1/b_X/eta0/bT0/bz9	8.1786327362060547e+00	5.5389732662947477e-10	1.4765611500553577e+10
/SS/5/PX-1PY2PZ-2/b_X/eta0/bT0/bz-1	1.6789216995239258e+01	2.9020643833647923e-09	5.7852668918988752e+09
/SS/5/PX-1PY2PZ-2/b_X/eta0/bT0/bz-10	3.6900672912597656e+00	4.5621903367862772e-10	6.3368491832236614e+09
/SS/5/PX-1PY2PZ-2/b_X/eta0/bT0/bz-11	3.5569992065429688e+00	6.4570294315459370e-10	4.8332664591856899e+09
/SS/5/PX-1PY2PZ-2/b_X/eta0/bT0/bz-12	3.4551205635070801e+00	9.7138258012828736e-10	3.5569101548545103e+09
/SS/5/PX-1PY2PZ-2/b_X/eta0/bT0/bz-13	3.7893009185791016e+00	1.4672264526416942e-09	2.5826285450051603e+09
/SS/5/PX-1PY2PZ-2/b_X/eta0/bT0/bz-14	3.8477723598480225e+00	2.1684822013836811e-09	1.7744080893967254e+09
/SS/5/PX-1PY2PZ-2/b_X/eta0/bT0/bz-15	3.2007534503936768e+00	2.5975368124118409e-09	1.2322264058393624e+09
/SS/5/PX-1PY2PZ-2/b_X/eta0/bT0/bz-16	2.4330043792724609e+00	1.1502549493329735e-09	1.3838515487120149e+09
/SS/5/PX-1PY2PZ-2/b_X/eta0/bT0/bz-17	3.1416926383972168e+00	3.7749406246135876e-08	8.3224955060552999e+07
/SS/5/PX-1PY2PZ-2/b_X/eta0/bT0/bz-18	2.4758739471435547e+00	2.5427327138212653e-09	7.1692557964578104e+08
/SS/5/PX-1PY2PZ-2/b_X/eta0/bT0/bz-19	2.6204707622528076e+00	2.3439482363618260e-09	1.1179729661266701e+09
/SS/5/PX-1PY2PZ-2/b_X/eta0/bT0/bz-2	1.1537258148193359e+01	2.0127816742106578e-09	5.7319968161563606e+09
/SS/5/PX-1PY2PZ-2/b_X/eta0/bT0/bz-20	2.5372543334960938e+00	1.5520960649972147e-09	1.5902413613286200e+09
/SS/5/PX-1PY2PZ-2/b_X/eta0/bT0/bz-3	1.1242723464965820e+01	9.9315236964648228e-10	7.0438822862441292e+09
/SS/5/PX-1PY2PZ-2/b_X/eta0/bT0/bz-4	7.2643241882324219e+00	1.1281596124086816e-09	1.9890142731228857e+09
/SS/5/PX-1PY2PZ-2/b_X/eta0/bT0/bz-5	6.8757524490356445e+00	9.7790354729406060e-10	2.7435947114573698e+09
/SS/5/PX-1PY2PZ-2/b_X/eta0/bT0/bz-6	5.3827657699584961e+00	2.5399261500361432e-09	1.1554964803437555e+09
/SS/5/PX-1PY2PZ-2/b_X/eta0/bT0/bz-7	3.6388664245605469e+00	6.9566834585863892e-10	4.4922133048944025e+09
/SS/5/PX-1PY2PZ-2/b_X/eta0/bT0/bz-8	3.7745933532714844e+00	4.1196861698800562e-10	7.0024403151190386e+09
/SS/5/PX-1PY2PZ-2/b_X/eta0/bT0/bz-9	3.7706336975097656e+00	5.2376174103767063e-10	4.6188065634242258e+09
/SS/5/PX-1PY2PZ-2/b_X/eta0/bT0/bz0	1.5931903839111328e+01	2.4751427462821390e-09	6.4367616223518066e+09
/SS/5/PX-1PY2PZ-2/b_X/eta0/bT0/bz1	1.1623111724853516e+01	8.2337275904169142e-10	5.1573735477884007e+09
/SS/5/PX-1PY2PZ-2/b_X/eta0/bT0/bz10	2.7426209449768066e+00	1.1425119406733924e-09	2.4005184080267167e+09
/SS/5/PX-1PY2PZ-2/b_X/eta0/bT0/bz11	3.0255703926086426e+00	7.5233969953469304e-10	4.0215482374250584e+09
/SS/5/PX-1PY2PZ-2/b_X/eta0/bT0/bz12	3.0463838577270508e+00	5.6635475250040929e-10	5.3789322757115021e+09
/SS/5/PX-1PY2PZ-2/b_X/eta0/bT0/bz13	2.9237766265869141e+00	7.3231038917609120e-10	2.7090314966983414e+09
/SS/5/PX-1PY2PZ-2/b_X/eta0/bT0/bz14	2.7023649215698242e+00	1.2622808803984011e-09	1.1781389923122816e+09
/SS/5/PX-1PY2PZ-2/b_X/eta0/bT0/bz15	2.3851356506347656e+00	8.8530449032183910e-10	1.3251306357545738e+09
/SS/5/PX-1PY2PZ-2/b_X/eta0/bT0/bz16	2.0351705551147461e+00	9.3337295406141479e-10	1.9348386694303174e+09
/SS/5/PX-1PY2PZ-2/b_X/eta0/bT0/bz17	1.7631149291992188e+00	1.9615034199304670e-09	5.1512641757344681e+08
/SS/5/PX-1PY2PZ-2/b_X/eta0/bT0/bz18	1.9808330535888672e+00	1.3140317385755966e-09	7.6976623124527597e+08
/SS/5/PX-1PY2PZ-2/b_X/eta0/bT0/bz19	2.3181858062744141e+00	3.6310547877772709e-10	3.6123815949260335e+09
/SS/5/PX-1PY2PZ-2/b_X/eta0/bT0/bz2	9.8973064422607422e+00	1.5337854384041410e-09	6.2239815372116089e+09
/SS/5/PX-1PY2PZ-2/b_X/eta0/bT0/bz20	2.4934139251708984e+00	3.1157201892362434e-10	3.7413928062887139e+09
/SS/5/PX-1PY2PZ-2/b_X/eta0/bT0/bz3	1.1268907546997070e+01	1.5373903725281090e-09	3.5226861860166912e+09
/SS/5/PX-1PY2PZ-2/b_X/eta0/bT0/bz4	9.7188873291015625e+00	1.1320730993962652e-09	8.5850351309333706e+09
/SS/5/PX-1PY2PZ-2/b_X/eta0/bT0/bz5	7.8849372863769531e+00	9.7384717092515262e-10	8.0966885993890400e+09
/SS/5/PX-1PY2PZ-2/b_X/eta0/bT0/bz6	6.2360725402832031e+00	1.2081916799875962e-09	2.1500685005846782e+09
/SS/5/PX-1PY2PZ-2/b_X/eta0/bT0/bz7	4.8084964752197266e+00	6.2911181440321703e-10	1.8704338548292174e+09
/SS/5/PX-1PY2PZ-2/b_X/eta0/bT0/bz8	3.6693878173828125e+00	4.2231994553265397e-10	8.6886443706909733e+09
/SS/5/PX-1PY2PZ-2/b_X/eta0/bT0/bz9	2.8264236450195312e+00	5.2446656042458326e-10	1.8880700531732187e+09
/SS/5/PX-1PY2PZ0/b_X/eta0/bT0/bz-1	1.1471313476562500e+01	6.4536409871907783e-10	1.3193732015724890e+10
/SS/5/PX-1PY2PZ0/b_X/eta0/bT0/bz-10	4.7133903503417969e+00	1.0895311690389124e-09	4.3260720613431654e+09
/SS/5/PX-1PY2PZ0/b_X/eta0/bT0/bz-11	4.5480346679687500e+00	6.0051311309329414e-10	7.5735809407082491e+09
/SS/5/PX-1PY2PZ0/b_X/eta0/bT0/bz-12	4.2421169281005859e+00	7.8142780562397325e-10	2.8719556211073074e+09
/SS/5/PX-1PY2PZ0/b_X/eta0/bT0/bz-13	3.8994197845458984e+00	3.2280804545788084e-10	1.2079685867230606e+10
/SS/5/PX-1PY2PZ0/b_X/eta0/bT0/bz-14	3.5822257995605469e+00	9.8650834283291615e-10	1.7697928513094549e+09
/SS/5/PX-1PY2PZ0/b_X/eta0/bT0/bz-15	3.3511810302734375e+00	7.4469740598040511e-10	2.3309395174222703e+09
/SS/5/PX-1PY2PZ0/b_X/eta0/bT0/bz-16	3.1490707397460938e+00	8.9155982563069928e-10	2.0718652383211482e+09
/SS/5/PX-1PY2PZ0/b_X/eta0/bT0/bz-17	2.8523559570312500e+00	1.6035095965585422e-09	1.4731960133906028e+09
/SS/5/PX-1PY2PZ0/b_X/eta0/bT0/bz-18	2.4447994232177734e+00	9.7300924758353774e-10	1.8162319504566698e+09
/SS/5/PX-1PY2PZ0/b_X/eta0/bT0/bz-19	1.9118022918701172e+00	4.7113354047472863e-10	4.0578777090328283e+09
/SS/5/PX-1PY2PZ0/b_X/eta0/bT0/bz-2	9.4707336425781250e+00	3.0128657839858859e-10	1.1722518414698328e+10
/SS/5/PX-1PY2PZ0/b_X/eta0/bT0/bz-20	1.5625219345092773e+00	5.2112350172643423e-10	3.2335371136141807e+08
/SS/5/PX-1PY2PZ0/b_X/eta0/bT0/bz-3	7.7084045410156250e+00	1.2294987883230294e-09	3.3830964586365614e+09
/SS/5/PX-1PY2PZ0/b_X/eta0/bT0/bz-4	6.4241638183593750e+00	8.5894753709382708e-10	3.6989901328611684e+09
/SS/5/PX-1PY2PZ0/b_X/eta0/bT0/bz-5	5.6966667175292969e+00	5.6182529229385127e-10	3.5062681794958901e+09
/SS/5/PX-1PY2PZ0/b_X/eta0/bT0/bz-6	5.8904113769531250e+00	3.2039724072788658e-10	1.8384713187826271e+10
/SS/5/PX-1PY2PZ0/b_X/eta0/bT0/bz-7	5.6489543914794922e+00	5.6360216884239273e-10	7.8402488932814207e+09
/SS/5/PX-1PY2PZ0/b_X/eta0/bT0/bz-8	4.9742221832275391e+00	1.2670617793067981e-09	3.5296339633121176e+09
/SS/5/PX-1PY2PZ0/b_X/eta0/bT0/bz-9	4.1808958053588867e+00	5.6370090072885488e-09	6.9075614118618774e+08
/SS/5/PX-1PY2PZ0/b_X/eta0/bT0/bz0	1.3312232971191406e+01	1.0992488760289752e-09	1.2110299370313396e+10
/SS/5/PX-1PY2PZ0/b_X/eta0/bT0/bz1	1.3926710128784180e+01	1.3211115796772093e-09	1.0541660782495699e+10
/SS/5/PX-1PY2PZ0/b_X/eta0/bT0/bz10	4.8377313613891602e+00	6.2348924514729577e-10	7.7591255968597727e+09
/SS/5/PX-1PY2PZ0/b_X/eta0/bT0/bz11	3.3491706848144531e+00	4.6283322202579811e-10	6.6243298547160616e+09
/SS/5/PX-1PY2PZ0/b_X/eta0/bT0/bz12	2.6204452514648438e+00	5.2388221923516866e-10	5.0019740225016804e+09
/SS/5/PX-1PY2PZ0/b_X/eta0/bT0/bz13	2.2797756195068359e+00	4.8933010843485546e-10	4.0450707026596065e+09
/SS/5/PX-1PY2PZ0/b_X/eta0/bT0/bz14	2.3633985519409180e+00	4.7314364381458875e-10	4.9950973300342274e+09
/SS/5/PX-1PY2PZ0/b_X/eta0/bT0/bz15	1.7583675384521484e+00	3.4170873714058399e-10	4.6933000871826859e+09
/SS/5/PX-1PY2PZ0/b_X/eta0/bT0/bz16	1.9117660522460938e+00	3.3504792410239655e-10	4.1821261719935532e+09
/SS/5/PX-1PY2PZ0/b_X/eta0/bT0/bz17	2.0007839202880859e+00	2.7766442120365418e-10	4.4380148472415152e+09
/SS/5/PX-1PY2PZ0/b_X/eta0/bT0/bz18	1.9682798385620117e+00	3.4540003946072073e-10	3.0131894320965624e+09
/SS/5/PX-1PY2PZ0/b_X/eta0/bT0/bz19	1.7714176177978516e+00	2.6364688920082986e-10	5.4756165309118271e+09
/SS/5/PX-1PY2PZ0/b_X/eta0/bT0/bz2	1.2535948753356934e+01	1.5703341025879592e-09	7.9829819225713186e+09
/SS/5/PX-1PY2PZ0/b_X/eta0/bT0/bz20	1.5240068435668945e+00	3.5992145984599347e-10	1.8479749641696641e+09
/SS/5/PX-1PY2PZ0/b_X/eta0/bT0/bz3	1.1865152359008789e+01	2.4127280341677201e-09	4.9177330353778229e+09
/SS/5/PX-1PY2PZ0/b_X/eta0/bT0/bz4	1.2636361598968506e+01	5.7671881003208692e-09	2.1910784561137266e+09
/SS/5/PX-1PY2PZ0/b_X/eta0/bT0/bz5	3.7947521209716797e+00	2.6881192456910150e-09	1.4116755151597416e+09
/SS/5/PX-1PY2PZ0/b_X/eta0/bT0/bz6	4.2249565124511719e+00	9.5784165335042123e-10	3.3781283577232714e+09
/SS/5/PX-1PY2PZ0/b_X/eta0/bT0/bz7	6.3392066955566406e+00	7.4595694496840895e-10	8.4980865696278276e+09
/SS/5/PX-1PY2PZ0/b_X/eta0/bT0/bz8	7.1152954101562500e+00	9.0552494356875730e-10	7.8576470595213146e+09
/SS/5/PX-1PY2PZ0/b_X/eta0/bT0/bz9	6.3014917373657227e+00	8.0127527865333292e-10	7.8643281594265013e+09
/SS/5/PX-2PY-1PZ-1/b_X/eta0/bT0/bz-1	4.2105834960937500e+01	2.7298323514520826e-10	1.2162476867668272e+11
/SS/5/PX-2PY-1PZ-1/b_X/eta0/bT0/bz-10	5.6906518936157227e+00	7.6325019028180042e-10	7.4558145757090092e+09
/SS/5/PX-2PY-1PZ-1/b_X/eta0/bT0/bz-11	4.9464197158813477e+00	1.1067529490189494e-09	4.4693079157963524e+09
/SS/5/PX-2PY-1PZ-1/b_X/eta0/bT0/bz-12	4.3524575233459473e+00	1.3828802476187904e-09	3.1473857051906934e+09
/SS/5/PX-2PY-1PZ-1/b_X/eta0/bT0/bz-13	3.6003949642181396e+00	2.1606220162826791e-09	1.6663696551665108e+09
/SS/5/PX-2PY-1PZ-1/b_X/eta0/bT0/bz-14	3.0504837036132812e+00	2.8785154884155584e-09	7.6867036691673219e+08
/SS/5/PX-2PY-1PZ-1/b_X/eta0/bT0/bz-15	2.8773746490478516e+00	8.5082525725835414e-10	2.8486727718898344e+09
/SS/5/PX-2PY-1PZ-1/b_X/eta0/bT0/bz-16	2.7113466262817383e+00	6.7161433255730980e-10	1.9299905801467407e+09
/SS/5/PX-2PY-1PZ-1/b_X/eta0/bT0/bz-17	2.4256725311279297e+00	1.0924937366668192e-09	5.5391609566271210e+08
/SS/5/PX-2PY-1PZ-1/b_X/eta0/bT0/bz-18	2.0989913940429688e+00	1.1728885804809254e-09	7.0918590556201911e+08
/SS/5/PX-2PY-1PZ-1/b_X/eta0/bT0/bz-19	1.7474002838134766e+00	5.0462588591169812e-10	2.8738104161605148e+09
/SS/5/PX-2PY-1PZ-1/b_X/eta0/bT0/bz-2	3.4855682373046875e+01	2.9961990129019167e-10	9.4373415926957214e+10
/SS/5/PX-2PY-1PZ-1/b_X/eta0/bT0/bz-20	1.4495956897735596e+00	1.0778464463453234e-09	1.3449000037887902e+09
/SS/5/PX-2PY-1PZ-1/b_X/eta0/bT0/bz-3	2.7174652099609375e+01	3.4594305622795557e-10	6.6667117645585907e+10
/SS/5/PX-2PY-1PZ-1/b_X/eta0/bT0/bz-4	2.0907714843750000e+01	4.2558955026554668e-10	4.3443118766411232e+10
/SS/5/PX-2PY-1PZ-1/b_X/eta0/bT0/bz-5	1.6185516357421875e+01	5.5597212945641926e-10	2.6045677762863773e+10
/SS/5/PX-2PY-1PZ-1/b_X/eta0/bT0/bz-6	1.2483840942382812e+01	6.6983839660591410e-10	1.5088891078475607e+10
/SS/5/PX-2PY-1PZ-1/b_X/eta0/bT0/bz-7	9.5720443725585938e+00	4.0226655814566174e-10	1.0805912107038347e+10
/SS/5/PX-2PY-1PZ-1/b_X/eta0/bT0/bz-8	7.9309387207031250e+00	3.9979143011586643e-10	1.9837690663865913e+10
/SS/5/PX-2PY-1PZ-1/b_X/eta0/bT0/bz-9	6.6504993438720703e+00	5.3073464520000214e-10	1.2530742818505650e+10
/SS/5/PX-2PY-1PZ-1/b_X/eta0/bT0/bz0	4.5965911865234375e+01	2.5979169939194347e-10	1.3783966506201865e+11
/SS/5/PX-2PY-1PZ-1/b_X/eta0/bT0/bz1	4.3323303222656250e+01	2.5797638954784206e-10	1.3147117140963383e+11
/SS/5/PX-2PY-1PZ-1/b_X/eta0/bT0/bz10	4.9072799682617188e+00	2.4676699201229127e-10	1.5774785553253178e+10
/SS/5/PX-2PY-1PZ-1/b_X/eta0/bT0/bz11	3.9966964721679688e+00	2.3606002552137547e-10	1.5892859969694418e+10
/SS/5/PX-2PY-1PZ-1/b_X/eta0/bT0/bz12	3.5469951629638672e+00	2.5730154126241231e-10	1.0774157226305008e+10
/SS/5/PX-2PY-1PZ-1/b_X/eta0/bT0/bz13	3.3041572570800781e+00	5.7758687155274248e-10	3.5203608811115241e+09
/SS/5/PX-2PY-1PZ-1/b_X/eta0/bT0/bz14	3.1991519927978516e+00	4.0203007764429586e-10	7.9574941545253372e+09
/SS/5/PX-2PY-1PZ-1/b_X/eta0/bT0/bz15	3.1288442611694336e+00	4.7861585720033144e-10	6.5372766365737267e+09
/SS/5/PX-2PY-1PZ-1/b_X/eta0/bT0/bz16	2.9570169448852539e+00	5.1580179521522862e-10	5.7328550856465693e+09
/SS/5/PX-2PY-1PZ-1/b_X/eta0/bT0/bz17	2.5969066619873047e+00	5.6026945243334947e-10	4.6351030753300562e+09
/SS/5/PX-2PY-1PZ-1/b_X/eta0/bT0/bz18	2.0004816055297852e+00	7.1961178214668954e-10	2.2488050121435304e+09
/SS/5/PX-2PY-1PZ-1/b_X/eta0/bT0/bz19	1.3358078002929688e+00	4.7203977228314129e-10	1.4630717416403558e+09
/SS/5/PX-2PY-1PZ-1/b_X/eta0/bT0/bz2	3.6846893310546875e+01	2.6167437206586292e-10	1.1172615082828789e+11
/SS/5/PX-2PY-1PZ-1/b_X/eta0/bT0/bz20	1.5747835636138916e+00	8.0048611678346401e-10	1.9672840422788737e+09
/SS/5/PX-2PY-1PZ-1/b_X/eta0/bT0/bz3	2.9500091552734375e+01	2.6706996609716527e-10	8.8936006461420151e+10
/SS/5/PX-2PY-1PZ-1/b_X/eta0/bT0/bz4	2.2871414184570312e+01	2.7164301794300237e-10	7.3799950253622650e+10
/SS/5/PX-2PY-1PZ-1/b_X/eta0/bT0/bz5	1.7575698852539062e+01	2.8260426525250785e-10	5.5149323192398743e+10
/SS/5/PX-2PY-1PZ-1/b_X/eta0/bT0/bz6	1.3831153869628906e+01	2.8722785750043305e-10	4.1319762832077316e+10
/SS/5/PX-2PY-1PZ-1/b_X/eta0/bT0/bz7	1.0782661437988281e+01	2.8303678949362702e-10	3.1559403443576138e+10
/SS/5/PX-2PY-1PZ-1/b_X/eta0/bT0/bz8	8.3214340209960938e+00	2.7169718998408328e-10	2.4679043970186695e+10
/SS/5/PX-2PY-1PZ-1/b_X/eta0/bT0/bz9	6.3889961242675781e+00	2.5893063311052395e-10	1.9577040965286381e+10
/SS/5/PX-2PY-1PZ-2/b_X/eta0/bT0/bz-1	1.3668281555175781e+01	4.6113163123511162e-10	2.9640737328224834e+10
/SS/5/PX-2PY-1PZ-2/b_X/eta0/bT0/bz-10	2.1296081542968750e+00	5.8305114081730199e-10	2.5496389207906942e+09
/SS/5/PX-2PY-1PZ-2/b_X/eta0/bT0/bz-11	2.0403308868408203e+00	1.2547103028483954e-09	1.3598674502344825e+09
/SS/5/PX-2PY-1PZ-2/b_X/eta0/bT0/bz-12	2.1844725608825684e+00	2.6202302177340106e-09	3.3159431714853722e+08
/SS/5/PX-2PY-1PZ-2/b_X/eta0/bT0/bz-13	2.2904815673828125e+00	2.0097021565226592e-09	9.4626834997902739e+08
/SS/5/PX-2PY-1PZ-2/b_X/eta0/bT0/bz-14	2.2740097045898438e+00	1.1652815147255305e-09	1.8570489175338168e+09
/SS/5/PX-2PY-1PZ-2/b_X/eta0/bT0/bz-15	2.2993354797363281e+00	7.9020954146461511e-10	2.9097794434051266e+09
/SS/5/PX-2PY-1PZ-2/b_X/eta0/bT0/bz-16	2.3567056655883789e+00	9.7727317685525905e-10	1.6619338662627413e+09
/SS/5/PX-2PY-1PZ-2/b_X/eta0/bT0/bz-17	2.3020095825195312e+00	1.3629410357171987e-09	1.3709477711408646e+09
/SS/5/PX-2PY-1PZ-2/b_X/eta0/bT0/bz-18	2.1250743865966797e+00	1.6640617912804990e-09	1.1788125917132988e+09
/SS/5/PX-2PY-1PZ-2/b_X/eta0/bT0/bz-19	1.9682985544204712e+00	3.0807087764826665e-09	6.3891094460013652e+08
/SS/5/PX-2PY-1PZ-2/b_X/eta0/bT0/bz-2	1.2379215240478516e+01	4.6441320350238832e-10	2.6655605713016411e+10
/SS/5/PX-2PY-1PZ-2/b_X/eta0/bT0/bz-20	1.7807703018188477e+00	1.3333244610260194e-09	9.2086999448722064e+08
/SS/5/PX-2PY-1PZ-2/b_X/eta0/bT0/bz-3	1.0162185668945312e+01	4.5032563401381287e-10	2.2566305138724586e+10
/SS/5/PX-2PY-1PZ-2/b_X/eta0/bT0/bz-4	7.5550880432128906e+00	4.1909150606567439e-10	1.8027299369863533e+10
/SS/5/PX-2PY-1PZ-2/b_X/eta0/bT0/bz-5	5.7981796264648438e+00	3.7977432642252582e-10	1.3352714668111277e+10
/SS/5/PX-2PY-1PZ-2/b_X/eta0/bT0/bz-6	4.4725151062011719e+00	3.3701227716729857e-10	9.2403599878548050e+09
/SS/5/PX-2PY-1PZ-2/b_X/eta0/bT0/bz-7	3.3867073059082031e+00	6.4900573965691563e-10	2.7427981815441813e+09
/SS/5/PX-2PY-1PZ-2/b_X/eta0/bT0/bz-8	2.8211011886596680e+00	5.7340417762809704e-10	4.9199173963629541e+09
/SS/5/PX-2PY-1PZ-2/b_X/eta0/bT0/bz-9	2.4441022872924805e+00	5.3296883699911434e-10	4.5858258825300550e+09
/SS/5/PX-2PY-1PZ-2/b_X/eta0/bT0/bz0	1.3498291015625000e+01	4.5293434474593636e-10	2.9801871225280060e+10
/SS/5/PX-2PY-1PZ-2/b_X/eta0/bT0/bz1	1.3899467468261719e+01	4.4538855741595626e-10	2.5849486131684586e+10
/SS/5/PX-2PY-1PZ-2/b_X/eta0/bT0/bz10	2.0347099304199219e+00	3.0600448948003176e-10	6.6492813026283932e+09
/SS/5/PX-2PY-1PZ-2/b_X/eta0/bT0/bz11	2.0930156707763672e+00	3.7328699533675284e-10	5.6069879125796976e+09
/SS/5/PX-2PY-1PZ-2/b_X/eta0/bT0/bz12	2.3374538421630859e+00	8.7261080775841875e-10	2.6318882939051080e+09
/SS/5/PX-2PY-1PZ-2/b_X/eta0/bT0/bz13	2.8514962196350098e+00	1.0478656617910463e-09	2.7212421626271625e+09
/SS/5/PX-2PY-1PZ-2/b_X/eta0/bT0/bz14	2.8660717010498047e+00	7.9850961898454825e-10	2.8100018601690660e+09
/SS/5/PX-2PY-1PZ-2/b_X/eta0/bT0/bz15	2.9866905212402344e+00	6.6357697788259805e-10	2.2670024506741571e+09
/SS/5/PX-2PY-1PZ-2/b_X/eta0/bT0/bz16	3.0299434661865234e+00	6.1367884974130179e-10	1.6032630528384578e+09
/SS/5/PX-2PY-1PZ-2/b_X/eta0/bT0/bz17	2.9204559326171875e+00	1.0093975932206753e-09	1.1993416108849583e+09
/SS/5/PX-2PY-1PZ-2/b_X/eta0/bT0/bz18	2.4899501800537109e+00	1.1534484616198065e-09	1.5683364338158686e+09
/SS/5/PX-2PY-1PZ-2/b_X/eta0/bT0/bz19	1.9234790802001953e+00	7.8445014973605738e-10	2.4520093225138464e+09
/SS/5/PX-2PY-1PZ-2/b_X/eta0/bT0/bz2	1.3169731140136719e+01	4.3046480980228817e-10	2.0227125154027184e+10
/SS/5/PX-2PY-1PZ-2/b_X/eta0/bT0/bz20	1.7744674682617188e+00	1.5910931403813932e-09	7.0236122079433596e+08
/SS/5/PX-2PY-1PZ-2/b_X/eta0/bT0/bz3	1.1685333251953125e+01	4.3446182888032977e-10	1.4744411046584641e+10
/SS/5/PX-2PY-1PZ-2/b_X/eta0/bT0/bz4	9.8648147583007812e+00	5.5367175726064302e-10	9.6563993577144222e+09
/SS/5/PX-2PY-1PZ-2/b_X/eta0/bT0/bz5	8.1581497192382812e+00	1.1238307489403720e-09	5.1318468675933933e+09
/SS/5/PX-2PY-1PZ-2/b_X/eta0/bT0/bz6	8.3003628253936768e+00	1.5517520609055718e-08	5.3490264550058007e+08
/SS/5/PX-2PY-1PZ-2/b_X/eta0/bT0/bz7	6.7290325164794922e+00	1.1246886588291579e-09	5.9830180233920574e+09
/SS/5/PX-2PY-1PZ-2/b_X/eta0/bT0/bz8	4.0427570343017578e+00	8.6526195160800961e-10	4.3636888698700466e+09
/SS/5/PX-2PY-1PZ-2/b_X/eta0/bT0/bz9	2.6021051406860352e+00	1.5573933034662740e-09	1.4431187767765422e+09
/SS/5/PX-2PY-1PZ0/b_X/eta0/bT0/bz-1	2.8042846679687500e+01	1.0681417983075351e-10	2.6253861354476755e+11
/SS/5/PX-2PY-1PZ0/b_X/eta0/bT0/bz-10	5.4491119384765625e+00	2.2050385085163629e-10	2.4712094221624004e+10
/SS/5/PX-2PY-1PZ0/b_X/eta0/bT0/bz-11	5.1800117492675781e+00	2.7957427158136439e-10	1.8528213343694759e+10
/SS/5/PX-2PY-1PZ0/b_X/eta0/bT0/bz-12	4.7467975616455078e+00	3.5132866686567213e-10	1.3510988454182734e+10
/SS/5/PX-2PY-1PZ0/b_X/eta0/bT0/bz-13	4.1985187530517578e+00	6.0092070977010561e-10	2.2855289336454687e+09
/SS/5/PX-2PY-1PZ0/b_X/eta0/bT0/bz-14	3.6246881484985352e+00	7.9269322384156113e-10	1.6235992873742700e+09
/SS/5/PX-2PY-1PZ0/b_X/eta0/bT0/bz-15	2.9786481857299805e+00	6.5299386866242383e-10	4.5615255038020010e+09
/SS/5/PX-2PY-1PZ0/b_X/eta0/bT0/bz-16	2.2015676498413086e+00	6.0067890209453412e-10	3.2482697491535096e+09
/SS/5/PX-2PY-1PZ0/b_X/eta0/bT0/bz-17	2.0338172912597656e+00	4.7640567597880941e-10	4.2590909824740281e+09
/SS/5/PX-2PY-1PZ0/b_X/eta0/bT0/bz-18	2.1478137969970703e+00	5.0141620337173711e-10	2.4398267078086052e+09
/SS/5/PX-2PY-1PZ0/b_X/eta0/bT0/bz-19	1.9535541534423828e+00	7.9729921326904500e-10	1.5795714437601678e+09
/SS/5/PX-2PY-1PZ0/b_X/eta0/bT0/bz-2	2.2603973388671875e+01	1.0374815616334416e-10	2.1610565019431314e+11
/SS/5/PX-2PY-1PZ0/b_X/eta0/bT0/bz-20	1.5708656311035156e+00	1.3542793646219451e-09	1.1373616229343061e+09
/SS/5/PX-2PY-1PZ0/b_X/eta0/bT0/bz-3	1.7482116699218750e+01	9.8692685940306508e-11	1.6768873946362451e+11
/SS/5/PX-2PY-1PZ0/b_X/eta0/bT0/bz-4	1.3040527343750000e+01	9.7222567976070115e-11	1.1077899010195596e+11
/SS/5/PX-2PY-1PZ0/b_X/eta0/bT0/bz-5	9.8616638183593750e+00	1.0731792656681966e-10	9.0101108180725052e+10
/SS/5/PX-2PY-1PZ0/b_X/eta0/bT0/bz-6	8.7479782104492188e+00	1.3469185195669731e-10	6.4948087678396805e+10
/SS/5/PX-2PY-1PZ0/b_X/eta0/bT0/bz-7	7.6028900146484375e+00	1.6121784324185132e-10	4.7159110069739273e+10
/SS/5/PX-2PY-1PZ0/b_X/eta0/bT0/bz-8	6.2954864501953125e+00	1.8207948274426951e-10	2.1539482807581875e+10
/SS/5/PX-2PY-1PZ0/b_X/eta0/bT0/bz-9	5.6857070922851562e+00	1.7656446842403323e-10	1.3641475405635895e+10
/SS/5/PX-2PY-1PZ0/b_X/eta0/bT0/bz0	3.1172790527343750e+01	1.0867525610410707e-10	2.8684349726750415e+11
/SS/5/PX-2PY-1PZ0/b_X/eta0/bT0/bz1	2.9428405761718750e+01	1.0949958796247160e-10	2.6875357532673679e+11
/SS/5/PX-2PY-1PZ0/b_X/eta0/bT0/bz10	2.3855094909667969e+00	1.4145888470896319e-10	1.0673807195332170e+10
/SS/5/PX-2PY-1PZ0/b_X/eta0/bT0/bz11	1.9538364410400391e+00	2.3887095507737002e-10	6.4498380620083532e+09
/SS/5/PX-2PY-1PZ0/b_X/eta0/bT0/bz12	1.7088584899902344e+00	4.8621869795573530e-10	3.4126811539405103e+09
/SS/5/PX-2PY-1PZ0/b_X/eta0/bT0/bz13	1.8053162097930908e+00	1.0820159673140172e-09	1.6684746476288931e+09
/SS/5/PX-2PY-1PZ0/b_X/eta0/bT0/bz14	1.8220984935760498e+00	1.6634446830310358e-09	1.0953766675642762e+09
/SS/5/PX-2PY-1PZ0/b_X/eta0/bT0/bz15	1.6976149082183838e+00	1.2347170970366879e-09	1.3749019206850276e+09
/SS/5/PX-2PY-1PZ0/b_X/eta0/bT0/bz16	1.6606149673461914e+00	8.0215321790399282e-10	1.9872093244966695e+09
/SS/5/PX-2PY-1PZ0/b_X/eta0/bT0/bz17	1.6747074127197266e+00	5.8334244136160989e-10	2.5828274309599199e+09
/SS/5/PX-2PY-1PZ0/b_X/eta0/bT0/bz18	2.1567859649658203e+00	7.1880625933057566e-10	2.0077896862550967e+09
/SS/5/PX-2PY-1PZ0/b_X/eta0/bT0/bz19	2.7415599822998047e+00	7.6332643964574031e-10	1.8696732063413563e+09
/SS/5/PX-2PY-1PZ0/b_X/eta0/bT0/bz2	2.4698333740234375e+01	1.0907400020704712e-10	2.2643648984498004e+11
/SS/5/PX-2PY-1PZ0/b_X/eta0/bT0/bz20	3.2072772979736328e+00	4.9988592931142816e-10	2.9303732055163465e+09
/SS/5/PX-2PY-1PZ0/b_X/eta0/bT0/bz3	1.9227783203125000e+01	1.0692572857768636e-10	1.7982372866559567e+11
/SS/5/PX-2PY-1PZ0/b_X/eta0/bT0/bz4	1.4492950439453125e+01	1.0297547164799445e-10	1.3882315283331155e+11
/SS/5/PX-2PY-1PZ0/b_X/eta0/bT0/bz5	1.0838760375976562e+01	1.0134608494236258e-10	1.0694799293076559e+11
/SS/5/PX-2PY-1PZ0/b_X/eta0/bT0/bz6	8.0408477783203125e+00	1.0412185906297749e-10	7.7225357390678680e+10
/SS/5/PX-2PY-1PZ0/b_X/eta0/bT0/bz7	5.9367980957031250e+00	1.0996389862198655e-10	5.3988610535822723e+10
/SS/5/PX-2PY-1PZ0/b_X/eta0/bT0/bz8	4.2989196777343750e+00	1.1850680365333698e-10	3.6275720424540565e+10
/SS/5/PX-2PY-1PZ0/b_X/eta0/bT0/bz9	3.0426330566406250e+00	1.2819426804042895e-10	2.3734548378411598e+10
/SS/5/PX-2PY-2PZ-1/b_X/eta0/bT0/bz-1	1.0898361206054688e+01	1.0639281709879073e-10	1.0243512206218816e+11
/SS/5/PX-2PY-2PZ-1/b_X/eta0/bT0/bz-10	3.8960075378417969e+00	4.5494266749672155e-10	4.6474821383022175e+09
/SS/5/PX-2PY-2PZ-1/b_X/eta0/bT0/bz-11	3.3435969352722168e+00	1.4823383232609363e-09	2.2556233504890928e+09
/SS/5/PX-2PY-2PZ-1/b_X/eta0/bT0/bz-12	2.9941978454589844e+00	1.4161654682969176e-09	1.1734055981047833e+09
/SS/5/PX-2PY-2PZ-1/b_X/eta0/bT0/bz-13	2.8029890060424805e+00	5.2642215227904925e-10	5.3246030660135555e+09
/SS/5/PX-2PY-2PZ-1/b_X/eta0/bT0/bz-14	2.5561161041259766e+00	4.8112057471895067e-10	5.3128388982723227e+09
/SS/5/PX-2PY-2PZ-1/b_X/eta0/bT0/bz-15	2.1796798706054688e+00	9.2662116169170538e-10	1.5820324719564555e+09
/SS/5/PX-2PY-2PZ-1/b_X/eta0/bT0/bz-16	1.7610585689544678e+00	1.4226794075449484e-09	1.2378463901389031e+09
/SS/5/PX-2PY-2PZ-1/b_X/eta0/bT0/bz-17	1.4541130065917969e+00	6.9874586771472155e-10	2.0810327098570702e+09
/SS/5/PX-2PY-2PZ-1/b_X/eta0/bT0/bz-18	1.8419513702392578e+00	5.5677597529266030e-10	3.3082450608093605e+09
/SS/5/PX-2PY-2PZ-1/b_X/eta0/bT0/bz-19	2.0003862380981445e+00	7.1534429800433967e-10	1.6213529158846388e+09
/SS/5/PX-2PY-2PZ-1/b_X/eta0/bT0/bz-2	9.8707580566406250e+00	1.1255026992377168e-10	8.7700883021657043e+10
/SS/5/PX-2PY-2PZ-1/b_X/eta0/bT0/bz-20	2.0012445449829102e+00	1.0810317450616127e-09	9.9587956590645063e+08
/SS/5/PX-2PY-2PZ-1/b_X/eta0/bT0/bz-3	8.4307250976562500e+00	1.1832722867105975e-10	7.1249239860869156e+10
/SS/5/PX-2PY-2PZ-1/b_X/eta0/bT0/bz-4	8.2833251953125000e+00	1.6384060571333368e-10	5.0557217847482521e+10
/SS/5/PX-2PY-2PZ-1/b_X/eta0/bT0/bz-5	9.7123870849609375e+00	2.2921666213619749e-10	4.2372081481537178e+10
/SS/5/PX-2PY-2PZ-1/b_X/eta0/bT0/bz-6	1.0064163208007812e+01	2.8142219312735936e-10	2.7959905419652088e+10
/SS/5/PX-2PY-2PZ-1/b_X/eta0/bT0/bz-7	9.1445426940917969e+00	3.0889085789901280e-10	1.6330542855059927e+10
/SS/5/PX-2PY-2PZ-1/b_X/eta0/bT0/bz-8	7.4576377868652344e+00	4.7564752179393753e-10	9.5394073749860420e+09
/SS/5/PX-2PY-2PZ-1/b_X/eta0/bT0/bz-9	5.5625228881835938e+00	7.1671989088612241e-10	4.9692331388052835e+09
/SS/5/PX-2PY-2PZ-1/b_X/eta0/bT0/bz0	1.1020370483398438e+01	1.0090335594532152e-10	1.0921708579613806e+11
/SS/5/PX-2PY-2PZ-1/b_X/eta0/bT0/bz1	8.9862823486328125e+00	9.4031015892689797e-11	9.0917416191613876e+10
/SS/5/PX-2PY-2PZ-1/b_X/eta0/bT0/bz10	5.1330366134643555e+00	7.6595571029856694e-10	6.7014796605713863e+09
/SS/5/PX-2PY-2PZ-1/b_X/eta0/bT0/bz11	5.3032388687133789e+00	7.6957967976356889e-10	6.8910848456168251e+09
/SS/5/PX-2PY-2PZ-1/b_X/eta0/bT0/bz12	4.2823848724365234e+00	5.2074619682996008e-10	8.2235547729498949e+09
/SS/5/PX-2PY-2PZ-1/b_X/eta0/bT0/bz13	3.2426929473876953e+00	4.5139485644089832e-10	7.1677026220013189e+09
/SS/5/PX-2PY-2PZ-1/b_X/eta0/bT0/bz14	2.9425134658813477e+00	5.3956827655818865e-10	5.4534589851188526e+09
/SS/5/PX-2PY-2PZ-1/b_X/eta0/bT0/bz15	2.7790026664733887e+00	7.0929505937161492e-10	3.9179783219347219e+09
/SS/5/PX-2PY-2PZ-1/b_X/eta0/bT0/bz16	2.5875353813171387e+00	9.2923229394216772e-10	2.7845947651472583e+09
/SS/5/PX-2PY-2PZ-1/b_X/eta0/bT0/bz17	1.9057521820068359e+00	5.8421320301408162e-10	2.5321717275224280e+09
/SS/5/PX-2PY-2PZ-1/b_X/eta0/bT0/bz18	1.8557100296020508e+00	6.8483898681963989e-10	2.7097026678049989e+09
/SS/5/PX-2PY-2PZ-1/b_X/eta0/bT0/bz19	1.6299681663513184e+00	1.0110751235590304e-09	1.6121138067503395e+09
/SS/5/PX-2PY-2PZ-1/b_X/eta0/bT0/bz2	7.7768859863281250e+00	1.0163522337305376e-10	7.6517625762310150e+10
/SS/5/PX-2PY-2PZ-1/b_X/eta0/bT0/bz20	1.8035879135131836e+00	9.0264848071890932e-10	1.1553630857254508e+09
/SS/5/PX-2PY-2PZ-1/b_X/eta0/bT0/bz3	6.6932983398437500e+00	1.1096023974071385e-10	6.0321592270206909e+10
/SS/5/PX-2PY-2PZ-1/b_X/eta0/bT0/bz4	5.5170593261718750e+00	1.1950541269784684e-10	4.6165769412645836e+10
/SS/5/PX-2PY-2PZ-1/b_X/eta0/bT0/bz5	4.4017410278320312e+00	1.2579406511867563e-10	3.4991643076955788e+10
/SS/5/PX-2PY-2PZ-1/b_X/eta0/bT0/bz6	4.0637588500976562e+00	1.2571437461857479e-10	2.6876946428874466e+10
/SS/5/PX-2PY-2PZ-1/b_X/eta0/bT0/bz7	4.6299476623535156e+00	1.9350586138574339e-10	2.2641464564124130e+10
/SS/5/PX-2PY-2PZ-1/b_X/eta0/bT0/bz8	4.7170982360839844e+00	2.5875220121395149e-10	1.7547546599765644e+10
/SS/5/PX-2PY-2PZ-1/b_X/eta0/bT0/bz9	4.3788814544677734e+00	3.4901034021693683e-10	8.9884666249426174e+09
/SS/5/PX-2PY-2PZ-2/b_X/eta0/bT0/bz-1	1.2744674682617188e+01	2.1601687123937382e-10	5.5427213287118477e+10
/SS/5/PX-2PY-2PZ-2/b_X/eta0/bT0/bz-10	2.6340365409851074e+00	1.0263015638412493e-09	1.9545491879510949e+09
/SS/5/PX-2PY-2PZ-2/b_X/eta0/bT0/bz-11	2.0285267829895020e+00	6.2458612398611006e-10	3.2477935469386344e+09
/SS/5/PX-2PY-2PZ-2/b_X/eta0/bT0/bz-12	1.5486183166503906e+00	1.6835856034715588e-09	8.6691512482857585e+08
/SS/5/PX-2PY-2PZ-2/b_X/eta0/bT0/bz-13	1.4855530261993408e+00	9.5087713222411554e-10	1.5622975628035250e+09
/SS/5/PX-2PY-2PZ-2/b_X/eta0/bT0/bz-14	1.6983079910278320e+00	4.9306281834770083e-10	2.4357162379442973e+09
/SS/5/PX-2PY-2PZ-2/b_X/eta0/bT0/bz-15	2.0736379623413086e+00	3.9398094010773941e-10	5.2632951273588114e+09
/SS/5/PX-2PY-2PZ-2/b_X/eta0/bT0/bz-16	2.1415205001831055e+00	5.0468259145914838e-10	4.2433017037332292e+09
/SS/5/PX-2PY-2PZ-2/b_X/eta0/bT0/bz-17	1.7884941101074219e+00	8.1839181948497620e-10	2.1853763289483304e+09
/SS/5/PX-2PY-2PZ-2/b_X/eta0/bT0/bz-18	1.5017089843750000e+00	4.9990313909343572e-10	3.0039999090590210e+09
/SS/5/PX-2PY-2PZ-2/b_X/eta0/bT0/bz-19	1.1199297904968262e+00	5.1786809041998282e-10	2.1625773265709052e+09
/SS/5/PX-2PY-2PZ-2/b_X/eta0/bT0/bz-2	1.1083175659179688e+01	2.3872411453586886e-10	4.6426711774500748e+10
/SS/5/PX-2PY-2PZ-2/b_X/eta0/bT0/bz-20	1.2549009323120117e+00	4.6511981153859189e-10	2.6980165135534978e+09
/SS/5/PX-2PY-2PZ-2/b_X/eta0/bT0/bz-3	9.6542739868164062e+00	2.6803723136869275e-10	3.6018406612836113e+10
/SS/5/PX-2PY-2PZ-2/b_X/eta0/bT0/bz-4	8.0583648681640625e+00	3.0298327801001521e-10	2.6596731413994705e+10
/SS/5/PX-2PY-2PZ-2/b_X/eta0/bT0/bz-5	6.4959259033203125e+00	3.4737192918436965e-10	1.8700203895498310e+10
/SS/5/PX-2PY-2PZ-2/b_X/eta0/bT0/bz-6	5.3220043182373047e+00	4.3039586596443378e-10	1.2365370439401697e+10
/SS/5/PX-2PY-2PZ-2/b_X/eta0/bT0/bz-7	4.8476858139038086e+00	6.2945926701241623e-10	7.7013495041740112e+09
/SS/5/PX-2PY-2PZ-2/b_X/eta0/bT0/bz-8	4.7891883850097656e+00	1.0669184274288283e-09	4.4888046376246901e+09
/SS/5/PX-2PY-2PZ-2/b_X/eta0/bT0/bz-9	4.0952224731445312e+00	1.5386731235681932e-09	2.6615285666702771e+09
/SS/5/PX-2PY-2PZ-2/b_X/eta0/bT0/bz0	1.4160705566406250e+01	1.9942543492892547e-10	5.8747759173707581e+10
/SS/5/PX-2PY-2PZ-2/b_X/eta0/bT0/bz1	1.3609985351562500e+01	1.9375939132961705e-10	4.5276676974827751e+10
/SS/5/PX-2PY-2PZ-2/b_X/eta0/bT0/bz10	4.3199920654296875e+00	3.4188282455268170e-10	7.9360372977404423e+09
/SS/5/PX-2PY-2PZ-2/b_X/eta0/bT0/bz11	4.1061954498291016e+00	3.7079571277654528e-10	4.8395416010304270e+09
/SS/5/PX-2PY-2PZ-2/b_X/eta0/bT0/bz12	3.6616058349609375e+00	4.3463400027342270e-10	3.4036477339329529e+09
/SS/5/PX-2PY-2PZ-2/b_X/eta0/bT0/bz13	2.9560546875000000e+00	2.9386458863328787e-10	1.0059240894753895e+10
/SS/5/PX-2PY-2PZ-2/b_X/eta0/bT0/bz14	2.1240749359130859e+00	3.7772700013128263e-10	3.3602232686902761e+09
/SS/5/PX-2PY-2PZ-2/b_X/eta0/bT0/bz15	2.1333260536193848e+00	7.0440038231334852e-10	3.0285702665481896e+09
/SS/5/PX-2PY-2PZ-2/b_X/eta0/bT0/bz16	1.8678331375122070e+00	4.5945317687811413e-10	4.0653394763830624e+09
/SS/5/PX-2PY-2PZ-2/b_X/eta0/bT0/bz17	1.4485673904418945e+00	3.1011081757939202e-09	1.3200767000996637e+08
/SS/5/PX-2PY-2PZ-2/b_X/eta0/bT0/bz18	1.3926763534545898e+00	5.9046773744469649e-10	2.3585985569364467e+09
/SS/5/PX-2PY-2PZ-2/b_X/eta0/bT0/bz19	1.0547466278076172e+00	3.3512811235069253e-10	2.1588609844947381e+09
/SS/5/PX-2PY-2PZ-2/b_X/eta0/bT0/bz2	1.1711227416992188e+01	2.3674353827159319e-10	3.5792392120075386e+10
/SS/5/PX-2PY-2PZ-2/b_X/eta0/bT0/bz20	1.2449026107788086e+00	5.0380311648665478e-10	1.8146130244092867e+09
/SS/5/PX-2PY-2PZ-2/b_X/eta0/bT0/bz3	9.1025543212890625e+00	3.0640770204856782e-10	2.7366727143279701e+10
/SS/5/PX-2PY-2PZ-2/b_X/eta0/bT0/bz4	8.2590560913085938e+00	3.7115244223410313e-10	2.2186622539940186e+10
/SS/5/PX-2PY-2PZ-2/b_X/eta0/bT0/bz5	7.9152526855468750e+00	3.9433987665769251e-10	1.9320044050364182e+10
/SS/5/PX-2PY-2PZ-2/b_X/eta0/bT0/bz6	7.0494003295898438e+00	3.8428868596596018e-10	1.7407195474235279e+10
/SS/5/PX-2PY-2PZ-2/b_X/eta0/bT0/bz7	5.9001464843750000e+00	3.4496987732170739e-10	1.6242303787639626e+10
/SS/5/PX-2PY-2PZ-2/b_X/eta0/bT0/bz8	4.5828666687011719e+00	3.6359509041775626e-10	4.5662285792811031e+09
/SS/5/PX-2PY-2PZ-2/b_X/eta0/bT0/bz9	4.3341445922851562e+00	3.2325890028231849e-10	9.8050656448459015e+09
/SS/5/PX-2PY-2PZ0/b_X/eta0/bT0/bz-1	3.1099075317382812e+01	3.5862035060461656e-10	8.4974250435095490e+10
/SS/5/PX-2PY-2PZ0/b_X/eta0/bT0/bz-10	2.9313068389892578e+00	2.1228087980934333e-10	1.3808623940234110e+10
/SS/5/PX-2PY-2PZ0/b_X/eta0/bT0/bz-11	3.2159519195556641e+00	3.3640002204984830e-10	7.2873611980594330e+09
/SS/5/PX-2PY-2PZ0/b_X/eta0/bT0/bz-12	3.4061412811279297e+00	4.4331614853942009e-10	4.1138200026415272e+09
/SS/5/PX-2PY-2PZ0/b_X/eta0/bT0/bz-13	3.4800167083740234e+00	4.5013686788599873e-10	5.8861864637251873e+09
/SS/5/PX-2PY-2PZ0/b_X/eta0/bT0/bz-14	3.4311351776123047e+00	2.9535073532080091e-09	9.7017844220593679e+08
/SS/5/PX-2PY-2PZ0/b_X/eta0/bT0/bz-15	3.3101215362548828e+00	2.1489462018470171e-09	9.1955544104635191e+08
/SS/5/PX-2PY-2PZ0/b_X/eta0/bT0/bz-16	3.1766834259033203e+00	5.1098785211224793e-10	3.4986448673926864e+09
/SS/5/PX-2PY-2PZ0/b_X/eta0/bT0/bz-17	3.1068868637084961e+00	4.3215793083622523e-10	7.1892394932951307e+09
/SS/5/PX-2PY-2PZ0/b_X/eta0/bT0/bz-18	3.0898561477661133e+00	4.7107794395700108e-10	6.5591186923583670e+09
/SS/5/PX-2PY-2PZ0/b_X/eta0/bT0/bz-19	3.0384407043457031e+00	4.9865340301394979e-10	6.0932918255061083e+09
/SS/5/PX-2PY-2PZ0/b_X/eta0/bT0/bz-2	2.4669097900390625e+01	3.3686244295755298e-10	7.0485436951387589e+10
/SS/5/PX-2PY-2PZ0/b_X/eta0/bT0/bz-20	2.8194379806518555e+00	5.9783489302302798e-10	3.3427221179658189e+09
/SS/5/PX-2PY-2PZ0/b_X/eta0/bT0/bz-3	1.8126647949218750e+01	3.0546885785915697e-10	5.5814673186999481e+10
/SS/5/PX-2PY-2PZ0/b_X/eta0/bT0/bz-4	1.2741271972656250e+01	2.6387144569020510e-10	4.3986990237637733e+10
/SS/5/PX-2PY-2PZ0/b_X/eta0/bT0/bz-5	8.8578491210937500e+00	2.2028242589754172e-10	3.5024035221710686e+10
/SS/5/PX-2PY-2PZ0/b_X/eta0/bT0/bz-6	6.2791061401367188e+00	1.8304029018285533e-10	2.8360991265141479e+10
/SS/5/PX-2PY-2PZ0/b_X/eta0/bT0/bz-7	4.5645866394042969e+00	1.5696087530438868e-10	2.3308943818171982e+10
/SS/5/PX-2PY-2PZ0/b_X/eta0/bT0/bz-8	3.3838310241699219e+00	1.4911806135450473e-10	1.9228171172545628e+10
/SS/5/PX-2PY-2PZ0/b_X/eta0/bT0/bz-9	2.7082366943359375e+00	1.6892730162764608e-10	1.5990493998191839e+10
/SS/5/PX-2PY-2PZ0/b_X/eta0/bT0/bz0	3.4990737915039062e+01	3.7764314256981036e-10	9.2019259951102951e+10
/SS/5/PX-2PY-2PZ0/b_X/eta0/bT0/bz1	3.3907913208007812e+01	4.0149447895137593e-10	8.4454245290168289e+10
/SS/5/PX-2PY-2PZ0/b_X/eta0/bT0/bz10	4.4240303039550781e+00	5.7117951538376021e-10	3.6093801816309881e+09
/SS/5/PX-2PY-2PZ0/b_X/eta0/bT0/bz11	3.4446716308593750e+00	5.8981585999317348e-10	3.1969147627577758e+09
/SS/5/PX-2PY-2PZ0/b_X/eta0/bT0/bz12	2.8540992736816406e+00	3.1659859766734999e-10	3.3334679694119854e+09
/SS/5/PX-2PY-2PZ0/b_X/eta0/bT0/bz13	3.3134212493896484e+00	5.4970388016071374e-10	6.0276475552999964e+09
/SS/5/PX-2PY-2PZ0/b_X/eta0/bT0/bz14	3.2329559326171875e+00	6.1195610042847493e-10	5.2829866886751518e+09
/SS/5/PX-2PY-2PZ0/b_X/eta0/bT0/bz15	2.8676681518554688e+00	5.8460857784397978e-10	4.9052789516557379e+09
/SS/5/PX-2PY-2PZ0/b_X/eta0/bT0/bz16	2.5145492553710938e+00	5.4238147588140933e-10	4.6361267248015213e+09
/SS/5/PX-2PY-2PZ0/b_X/eta0/bT0/bz17	2.0630483627319336e+00	4.7615843275816817e-10	4.3326931138899240e+09
/SS/5/PX-2PY-2PZ0/b_X/eta0/bT0/bz18	1.5910596847534180e+00	9.8458369657887639e-10	1.4272714419039557e+09
/SS/5/PX-2PY-2PZ0/b_X/eta0/bT0/bz19	1.4178466796875000e+00	6.0596680597969169e-10	2.3398091540595336e+09
/SS/5/PX-2PY-2PZ0/b_X/eta0/bT0/bz2	2.9617050170898438e+01	4.2852865797214578e-10	6.9113347777136383e+10
/SS/5/PX-2PY-2PZ0/b_X/eta0/bT0/bz20	1.6569910049438477e+00	4.0899311432030406e-10	4.0513909572721334e+09
/SS/5/PX-2PY-2PZ0/b_X/eta0/bT0/bz3	2.4190879821777344e+01	4.5175777305404227e-10	5.3548342197276306e+10
/SS/5/PX-2PY-2PZ0/b_X/eta0/bT0/bz4	1.9117317199707031e+01	4.6615097631327339e-10	4.1010998949103081e+10
/SS/5/PX-2PY-2PZ0/b_X/eta0/bT0/bz5	1.5096916198730469e+01	4.7367546397621916e-10	3.1468211656891769e+10
/SS/5/PX-2PY-2PZ0/b_X/eta0/bT0/bz6	1.2015083312988281e+01	4.8177019661304378e-10	2.4135367624252178e+10
/SS/5/PX-2PY-2PZ0/b_X/eta0/bT0/bz7	9.5787467956542969e+00	5.1338330769866359e-10	1.3655224911569427e+10
/SS/5/PX-2PY-2PZ0/b_X/eta0/bT0/bz8	7.5495033264160156e+00	9.0652296615069701e-10	6.6958023480870562e+09
/SS/5/PX-2PY-2PZ0/b_X/eta0/bT0/bz9	5.8164939880371094e+00	1.2955353032212249e-09	3.4560263286161251e+09
/SS/5/PX-2PY0PZ-1/b_X/eta0/bT0/bz-1	4.6718276977539062e+01	4.6791732444895094e-10	9.0400265717201584e+10
/SS/5/PX-2PY0PZ-1/b_X/eta0/bT0/bz-10	4.5946311950683594e+00	4.2809901166759930e-10	1.0732636772905926e+10
/SS/5/PX-2PY0PZ-1/b_X/eta0/bT0/bz-11	3.4073100090026855e+00	8.8166768981854466e-10	3.8646193439434547e+09
/SS/5/PX-2PY0PZ-1/b_X/eta0/bT0/bz-12	1.8168554306030273e+00	9.1839247252330641e-10	1.9782995668629246e+09
/SS/5/PX-2PY0PZ-1/b_X/eta0/bT0/bz-13	1.9133825302124023e+00	4.7807724209037110e-10	2.3630286028866878e+09
/SS/5/PX-2PY0PZ-1/b_X/eta0/bT0/bz-14	1.8990607261657715e+00	7.9468290986411080e-10	2.3897087789273171e+09
/SS/5/PX-2PY0PZ-1/b_X/eta0/bT0/bz-15	1.4952311515808105e+00	4.7831281893453825e-10	3.1260528515867510e+09
/SS/5/PX-2PY0PZ-1/b_X/eta0/bT0/bz-16	1.7093505859375000e+00	3.4222562000090302e-10	4.9948060169574375e+09
/SS/5/PX-2PY0PZ-1/b_X/eta0/bT0/bz-17	1.9705691337585449e+00	7.3381790689734597e-10	2.6853652864513817e+09
/SS/5/PX-2PY0PZ-1/b_X/eta0/bT0/bz-18	2.2006177902221680e+00	2.2230388324085119e-09	9.8991423727760422e+08
/SS/5/PX-2PY0PZ-1/b_X/eta0/bT0/bz-19	2.3316499590873718e+00	8.5932375221757271e-09	2.7133544872585112e+08
/SS/5/PX-2PY0PZ-1/b_X/eta0/bT0/bz-2	3.9452453613281250e+01	4.6698514736391669e-10	7.7185396146359543e+10
/SS/5/PX-2PY0PZ-1/b_X/eta0/bT0/bz-20	2.3940620422363281e+00	5.1775853640980870e-09	4.1698475618680573e+08
/SS/5/PX-2PY0PZ-1/b_X/eta0/bT0/bz-3	3.1567291259765625e+01	4.8162270744117118e-10	4.0957794584190224e+10
/SS/5/PX-2PY0PZ-1/b_X/eta0/bT0/bz-4	2.4307922363281250e+01	5.5589047173249583e-10	2.8118019169703228e+10
/SS/5/PX-2PY0PZ-1/b_X/eta0/bT0/bz-5	1.8298309326171875e+01	6.8939946266385502e-10	1.7115755974348841e+10
/SS/5/PX-2PY0PZ-1/b_X/eta0/bT0/bz-6	1.3684494018554688e+01	7.9713344768214871e-10	9.6303808440282784e+09
/SS/5/PX-2PY0PZ-1/b_X/eta0/bT0/bz-7	1.0118293762207031e+01	4.0452860278099003e-10	6.4841684819776144e+09
/SS/5/PX-2PY0PZ-1/b_X/eta0/bT0/bz-8	7.6174316406250000e+00	2.6111773030455420e-10	2.7438593927666595e+10
/SS/5/PX-2PY0PZ-1/b_X/eta0/bT0/bz-9	5.9353981018066406e+00	3.0024575990435508e-10	1.9768466018295792e+10
/SS/5/PX-2PY0PZ-1/b_X/eta0/bT0/bz0	5.0309082031250000e+01	4.6870965831028142e-10	9.6362655168148544e+10
/SS/5/PX-2PY0PZ-1/b_X/eta0/bT0/bz1	4.7002822875976562e+01	4.7009062297098186e-10	9.0059195413860733e+10
/SS/5/PX-2PY0PZ-1/b_X/eta0/bT0/bz10	5.1858482360839844e+00	9.9971473278905598e-10	4.2092095156331201e+09
/SS/5/PX-2PY0PZ-1/b_X/eta0/bT0/bz11	4.5107498168945312e+00	5.1297298037971217e-10	4.7621567523913670e+09
/SS/5/PX-2PY0PZ-1/b_X/eta0/bT0/bz12	3.6555404663085938e+00	6.0865958162646025e-10	3.6488753549154372e+09
/SS/5/PX-2PY0PZ-1/b_X/eta0/bT0/bz13	2.6007318496704102e+00	4.0173436097257725e-10	6.4737600323113470e+09
/SS/5/PX-2PY0PZ-1/b_X/eta0/bT0/bz14	1.6785907745361328e+00	4.0859057645715280e-10	3.1718548221835461e+09
/SS/5/PX-2PY0PZ-1/b_X/eta0/bT0/bz15	1.4448513984680176e+00	6.4575303560848610e-10	2.2374674508599868e+09
/SS/5/PX-2PY0PZ-1/b_X/eta0/bT0/bz16	2.1715822219848633e+00	8.8831039283500354e-10	1.6979181849825716e+09
/SS/5/PX-2PY0PZ-1/b_X/eta0/bT0/bz17	2.8355832099914551e+00	9.4846878719657026e-10	1.3770783850124788e+09
/SS/5/PX-2PY0PZ-1/b_X/eta0/bT0/bz18	3.1351194381713867e+00	6.8271067665903047e-10	4.5921640679675131e+09
/SS/5/PX-2PY0PZ-1/b_X/eta0/bT0/bz19	3.0514392852783203e+00	2.7385685559441045e-09	8.1104000227472878e+08
/SS/5/PX-2PY0PZ-1/b_X/eta0/bT0/bz2	3.9701278686523438e+01	4.6567697279224590e-10	7.7560390310877960e+10
/SS/5/PX-2PY0PZ-1/b_X/eta0/bT0/bz20	2.6953182220458984e+00	2.0344178100763248e-09	1.0302783602513206e+09
/SS/5/PX-2PY0PZ-1/b_X/eta0/bT0/bz3	3.1422088623046875e+01	4.4541773510905512e-10	6.4493308311663361e+10
/SS/5/PX-2PY0PZ-1/b_X/eta0/bT0/bz4	2.3835937500000000e+01	4.0603188470177835e-10	5.3095683261605339e+10
/SS/5/PX-2PY0PZ-1/b_X/eta0/bT0/bz5	1.7583633422851562e+01	3.5018725926402743e-10	4.3622595815201408e+10
/SS/5/PX-2PY0PZ-1/b_X/eta0/bT0/bz6	1.3072975158691406e+01	3.1154999202997705e-10	4.1961083271135300e+10
/SS/5/PX-2PY0PZ-1/b_X/eta0/bT0/bz7	9.7033805847167969e+00	3.6519243413855544e-10	2.6570595876680447e+10
/SS/5/PX-2PY0PZ-1/b_X/eta0/bT0/bz8	7.5564537048339844e+00	4.2628964315715560e-10	1.6723759922043966e+10
/SS/5/PX-2PY0PZ-1/b_X/eta0/bT0/bz9	6.1554183959960938e+00	4.6033625183295591e-10	1.0983971325952610e+10
/SS/5/PX-2PY0PZ-2/b_X/eta0/bT0/bz-1	4.4882476806640625e+01	8.1316663257700228e-10	3.5246227981250381e+10
/SS/5/PX-2PY0PZ-2/b_X/eta0/bT0/bz-10	3.2983350753784180e+00	4.6464251967562941e-10	7.0986509751217165e+09
/SS/5/PX-2PY0PZ-2/b_X/eta0/bT0/bz-11	3.3771617412567139e+00	2.0485308665612953e-09	1.6485774251113360e+09
/SS/5/PX-2PY0PZ-2/b_X/eta0/bT0/bz-12	3.3007402420043945e+00	1.1540031278831900e-09	2.7609441223270912e+09
/SS/5/PX-2PY0PZ-2/b_X/eta0/bT0/bz-13	3.5386219024658203e+00	7.0543307226728401e-10	5.0162404366619482e+09
/SS/5/PX-2PY0PZ-2/b_X/eta0/bT0/bz-14	3.3869214057922363e+00	8.4066131338965506e-10	4.0288774466565275e+09
/SS/5/PX-2PY0PZ-2/b_X/eta0/bT0/bz-15	2.5691289901733398e+00	6.8029512861217067e-10	3.7764918226218467e+09
/SS/5/PX-2PY0PZ-2/b_X/eta0/bT0/bz-16	1.9365863800048828e+00	7.2952261790646167e-10	1.6389607297257783e+09
/SS/5/PX-2PY0PZ-2/b_X/eta0/bT0/bz-17	2.4257102012634277e+00	1.0657545857138031e-09	1.0957780364059625e+09
/SS/5/PX-2PY0PZ-2/b_X/eta0/bT0/bz-18	2.8701148033142090e+00	8.8558229640672749e-10	9.8140592216549814e+08
/SS/5/PX-2PY0PZ-2/b_X/eta0/bT0/bz-19	3.0461335182189941e+00	8.1258051507824510e-09	2.1309469279290918e+08
/SS/5/PX-2PY0PZ-2/b_X/eta0/bT0/bz-2	3.6856323242187500e+01	7.1525485759986372e-10	3.2223180965154869e+10
/SS/5/PX-2PY0PZ-2/b_X/eta0/bT0/bz-20	2.7708091735839844e+00	9.4154846991895691e-10	1.6830082336025345e+09
/SS/5/PX-2PY0PZ-2/b_X/eta0/bT0/bz-3	2.8194244384765625e+01	6.6274259190501586e-10	3.8310130598430428e+10
/SS/5/PX-2PY0PZ-2/b_X/eta0/bT0/bz-4	2.0678871154785156e+01	6.4635093711231155e-10	3.1993256244311665e+10
/SS/5/PX-2PY0PZ-2/b_X/eta0/bT0/bz-5	1.5544456481933594e+01	6.9118422506288174e-10	2.1116034417489914e+10
/SS/5/PX-2PY0PZ-2/b_X/eta0/bT0/bz-6	1.1709154129028320e+01	7.6916018151245119e-10	1.4524071053338459e+10
/SS/5/PX-2PY0PZ-2/b_X/eta0/bT0/bz-7	8.8895626068115234e+00	1.7597672398808640e-09	4.0906908302459364e+09
/SS/5/PX-2PY0PZ-2/b_X/eta0/bT0/bz-8	6.4715700149536133e+00	2.4828091606012453e-09	2.6065515294725418e+09
/SS/5/PX-2PY0PZ-2/b_X/eta0/bT0/bz-9	3.4212989807128906e+00	7.8006516970124011e-10	2.5509304648001728e+09
/SS/5/PX-2PY0PZ-2/b_X/eta0/bT0/bz0	4.9875640869140625e+01	9.8726642816627072e-10	2.4256828336590225e+10
/SS/5/PX-2PY0PZ-2/b_X/eta0/bT0/bz1	4.7082534790039062e+01	1.0517183154662869e-09	2.9179506593826004e+10
/SS/5/PX-2PY0PZ-2/b_X/eta0/bT0/bz10	4.3211441040039062e+00	4.8079508141320286e-10	6.2948782033616991e+09
/SS/5/PX-2PY0PZ-2/b_X/eta0/bT0/bz11	4.0949611663818359e+00	5.8109223566669458e-10	3.8624752596719975e+09
/SS/5/PX-2PY0PZ-2/b_X/eta0/bT0/bz12	3.6541709899902344e+00	5.4715892879900426e-10	3.0520226161509461e+09
/SS/5/PX-2PY0PZ-2/b_X/eta0/bT0/bz13	3.1253433227539062e+00	3.4507551813472169e-10	2.6642247334313450e+09
/SS/5/PX-2PY0PZ-2/b_X/eta0/bT0/bz14	2.6526775360107422e+00	3.4455956306204649e-10	3.4203117704156489e+09
/SS/5/PX-2PY0PZ-2/b_X/eta0/bT0/bz15	2.3277664184570312e+00	7.6414716278265249e-10	2.5487591427724562e+09
/SS/5/PX-2PY0PZ-2/b_X/eta0/bT0/bz16	2.5089802742004395e+00	6.9439678872005388e-10	3.6131795465602808e+09
/SS/5/PX-2PY0PZ-2/b_X/eta0/bT0/bz17	2.6702432632446289e+00	5.7512726261506435e-10	4.5977442471183147e+09
/SS/5/PX-2PY0PZ-2/b_X/eta0/bT0/bz18	2.6740570068359375e+00	5.0627062611237113e-10	5.0602638458981285e+09
/SS/5/PX-2PY0PZ-2/b_X/eta0/bT0/bz19	2.5153322219848633e+00	5.0370958477308773e-10	4.3519248257619467e+09
/SS/5/PX-2PY0PZ-2/b_X/eta0/bT0/bz2	3.9574127197265625e+01	1.2578579818047447e-09	2.1083795196348019e+10
/SS/5/PX-2PY0PZ-2/b_X/eta0/bT0/bz20	2.2338709831237793e+00	6.1625914759767429e-10	3.6105202263846188e+09
/SS/5/PX-2PY0PZ-2/b_X/eta0/bT0/bz3	3.1027679443359375e+01	1.4983136901960425e-09	1.4021782972348646e+10
/SS/5/PX-2PY0PZ-2/b_X/eta0/bT0/bz4	2.3535430908203125e+01	1.3473559668376311e-09	1.0432200226403795e+10
/SS/5/PX-2PY0PZ-2/b_X/eta0/bT0/bz5	1.7206165313720703e+01	1.0044785458095212e-09	1.6272256780343727e+10
/SS/5/PX-2PY0PZ-2/b_X/eta0/bT0/bz6	1.2549457550048828e+01	1.0031805553053929e-09	1.2063924941398771e+10
/SS/5/PX-2PY0PZ-2/b_X/eta0/bT0/bz7	9.1789188385009766e+00	8.6122633087873560e-10	9.2129918070146675e+09
/SS/5/PX-2PY0PZ-2/b_X/eta0/bT0/bz8	6.5327758789062500e+00	1.2034782144553937e-09	5.4282460624868956e+09
/SS/5/PX-2PY0PZ-2/b_X/eta0/bT0/bz9	4.5559406280517578e+00	7.6344756536040300e-10	1.9792761911705279e+09
/SS/5/PX-2PY0PZ0/b_X/eta0/bT0/bz-1	5.2193542480468750e+01	4.1687227596424271e-09	6.9401601161366920e+09
/SS/5/PX-2PY0PZ0/b_X/eta0/bT0/bz-10	4.3341922760009766e+00	4.8234010566592068e-09	8.8414706057162511e+08
/SS/5/PX-2PY0PZ0/b_X/eta0/bT0/bz-11	3.6682453155517578e+00	1.4634875780328165e-09	2.0556034632966433e+09
/SS/5/PX-2PY0PZ0/b_X/eta0/bT0/bz-12	3.0468788146972656e+00	7.7158773269064083e-10	3.2127741849956975e+09
/SS/5/PX-2PY0PZ0/b_X/eta0/bT0/bz-13	2.3640594482421875e+00	1.2450781946669073e-09	1.8240861146720715e+09
/SS/5/PX-2PY0PZ0/b_X/eta0/bT0/bz-14	1.6645832061767578e+00	1.0273591254494707e-09	1.4147732839253869e+09
/SS/5/PX-2PY0PZ0/b_X/eta0/bT0/bz-15	1.3349914550781250e+00	2.6774658801408394e-10	2.6938909037506957e+09
/SS/5/PX-2PY0PZ0/b_X/eta0/bT0/bz-16	1.3705272674560547e+00	1.6466313982454533e-10	4.3813972035882759e+09
/SS/5/PX-2PY0PZ0/b_X/eta0/bT0/bz-17	1.1959905624389648e+00	2.0885772984974873e-10	3.8876600368852577e+09
/SS/5/PX-2PY0PZ0/b_X/eta0/bT0/bz-18	1.2008571624755859e+00	3.2763767528031890e-10	3.1162207597306457e+09
/SS/5/PX-2PY0PZ0/b_X/eta0/bT0/bz-19	1.1305694580078125e+00	3.4590732211703974e-10	3.0334362094407334e+09
/SS/5/PX-2PY0PZ0/b_X/eta0/bT0/bz-2	4.4874725341796875e+01	1.4197023965207873e-09	1.5524390408144997e+10
/SS/5/PX-2PY0PZ0/b_X/eta0/bT0/bz-20	1.1272077560424805e+00	2.7611701958821397e-10	3.3582135697772393e+09
/SS/5/PX-2PY0PZ0/b_X/eta0/bT0/bz-3	3.6347869873046875e+01	3.3088455392905224e-09	6.0942887190976954e+09
/SS/5/PX-2PY0PZ0/b_X/eta0/bT0/bz-4	2.8446083068847656e+01	2.8325997448097045e-09	2.6377298702893319e+09
/SS/5/PX-2PY0PZ0/b_X/eta0/bT0/bz-5	2.1516979217529297e+01	1.8751914286971119e-09	6.0256146714299841e+09
/SS/5/PX-2PY0PZ0/b_X/eta0/bT0/bz-6	1.5620113372802734e+01	7.7390383132618930e-10	9.7171155987770119e+09
/SS/5/PX-2PY0PZ0/b_X/eta0/bT0/bz-7	1.0865949630737305e+01	1.7277098981995767e-09	2.8253881829352398e+09
/SS/5/PX-2PY0PZ0/b_X/eta0/bT0/bz-8	7.3148956298828125e+00	2.3574420826428911e-09	2.3614183228523440e+09
/SS/5/PX-2PY0PZ0/b_X/eta0/bT0/bz-9	5.3262004852294922e+00	1.1871971136813526e-09	3.8614340441604452e+09
/SS/5/PX-2PY0PZ0/b_X/eta0/bT0/bz0	5.4630615234375000e+01	3.2908218801132320e-09	1.0522809768653175e+10
/SS/5/PX-2PY0PZ0/b_X/eta0/bT0/bz1	4.9021331787109375e+01	3.3414817054786774e-09	1.0183147795541750e+10
/SS/5/PX-2PY0PZ0/b_X/eta0/bT0/bz10	3.5968260765075684e+00	1.0070432284996970e-09	3.5716699886519823e+09
/SS/5/PX-2PY0PZ0/b_X/eta0/bT0/bz11	3.8124465942382812e+00	1.1435943542616398e-09	2.4994775579888139e+09
/SS/5/PX-2PY0PZ0/b_X/eta0/bT0/bz12	3.7956047058105469e+00	7.2626582799259804e-10	2.2625014780739598e+09
/SS/5/PX-2PY0PZ0/b_X/eta0/bT0/bz13	3.3411321640014648e+00	1.8679327126255896e-09	1.6104191603522544e+09
/SS/5/PX-2PY0PZ0/b_X/eta0/bT0/bz14	2.8656673431396484e+00	2.6363285662566328e-09	6.4255231558348370e+08
/SS/5/PX-2PY0PZ0/b_X/eta0/bT0/bz15	3.3055143356323242e+00	9.5178791839358104e-10	1.1855012089509854e+09
/SS/5/PX-2PY0PZ0/b_X/eta0/bT0/bz16	3.5740776062011719e+00	4.1924006058890860e-10	4.4454537769435720e+09
/SS/5/PX-2PY0PZ0/b_X/eta0/bT0/bz17	3.5817546844482422e+00	8.1531513164636492e-10	1.7039204900510232e+09
/SS/5/PX-2PY0PZ0/b_X/eta0/bT0/bz18	3.3040332794189453e+00	1.0990158092067654e-09	1.4203566259885285e+09
/SS/5/PX-2PY0PZ0/b_X/eta0/bT0/bz19	2.7629928588867188e+00	9.6473760590821112e-10	1.3435800313283331e+09
/SS/5/PX-2PY0PZ0/b_X/eta0/bT0/bz2	3.9402740478515625e+01	3.9384312805992766e-09	7.6220918410571280e+09
/SS/5/PX-2PY0PZ0/b_X/eta0/bT0/bz20	2.3503103256225586e+00	8.2736972055076953e-10	1.2218088210435317e+09
/SS/5/PX-2PY0PZ0/b_X/eta0/bT0/bz3	2.9645263671875000e+01	4.4030343441474018e-09	5.1351526167628908e+09
/SS/5/PX-2PY0PZ0/b_X/eta0/bT0/bz4	2.1393890380859375e+01	1.7085116958778152e-09	4.7637227072783031e+09
/SS/5/PX-2PY0PZ0/b_X/eta0/bT0/bz5	1.4748031616210938e+01	7.6163638988803502e-10	1.7472792674524204e+10
/SS/5/PX-2PY0PZ0/b_X/eta0/bT0/bz6	9.6183776855468750e+00	6.8327049449554193e-10	1.4010503587846745e+10
/SS/5/PX-2PY0PZ0/b_X/eta0/bT0/bz7	7.1548309326171875e+00	6.5643028649073829e-10	1.0155343471508331e+10
/SS/5/PX-2PY0PZ0/b_X/eta0/bT0/bz8	5.3402442932128906e+00	7.8450575585433015e-10	6.0834395755700884e+09
/SS/5/PX-2PY0PZ0/b_X/eta0/bT0/bz9	4.0727329254150391e+00	7.6615486001075482e-10	4.2186971836788163e+09
/SS/5/PX-2PY1PZ-1/b_X/eta0/bT0/bz-1	4.8916900634765625e+01	7.3315504624061420e-10	6.5700908953555725e+10
/SS/5/PX-2PY1PZ-1/b_X/eta0/bT0/bz-10	4.6209640502929688e+00	4.1883901729458835e-10	8.7926182185325794e+09
/SS/5/PX-2PY1PZ-1/b_X/eta0/bT0/bz-11	3.9972763061523438e+00	3.8983333399563343e-10	1.0253808378010891e+10
/SS/5/PX-2PY1PZ-1/b_X/eta0/bT0/bz-12	3.7420492172241211e+00	1.9943106324979999e-09	1.3292369242680736e+09
/SS/5/PX-2PY1PZ-1/b_X/eta0/bT0/bz-13	3.4511957168579102e+00	6.0856019856990303e-10	5.6710835262774487e+09
/SS/5/PX-2PY1PZ-1/b_X/eta0/bT0/bz-14	2.8873500823974609e+00	7.2668328831182828e-10	3.9733266594104824e+09
/SS/5/PX-2PY1PZ-1/b_X/eta0/bT0/bz-15	1.6262235641479492e+00	5.2637971105074173e-10	3.0692275829560666e+09
/SS/5/PX-2PY1PZ-1/b_X/eta0/bT0/bz-16	1.6734848022460938e+00	6.7206587772177542e-10	2.4900606588137031e+09
/SS/5/PX-2PY1PZ-1/b_X/eta0/bT0/bz-17	1.9127330780029297e+00	6.6529229248448334e-10	2.8750266606275773e+09
/SS/5/PX-2PY1PZ-1/b_X/eta0/bT0/bz-18	2.0004539489746094e+00	1.0197367788123349e-09	1.1339093819815710e+09
/SS/5/PX-2PY1PZ-1/b_X/eta0/bT0/bz-19	2.0309133529663086e+00	1.1849604399381741e-09	8.4947784263811171e+08
/SS/5/PX-2PY1PZ-1/b_X/eta0/bT0/bz-2	4.1359062194824219e+01	7.2549059780700402e-10	5.6991190514333351e+10
/SS/5/PX-2PY1PZ-1/b_X/eta0/bT0/bz-20	1.9257669448852539e+00	4.3604293254004475e-10	4.4164617774383898e+09
/SS/5/PX-2PY1PZ-1/b_X/eta0/bT0/bz-3	3.3634780883789062e+01	7.0742581407457977e-10	4.7545311769246727e+10
/SS/5/PX-2PY1PZ-1/b_X/eta0/bT0/bz-4	2.6531738281250000e+01	6.8307424092504121e-10	3.8841661259718803e+10
/SS/5/PX-2PY1PZ-1/b_X/eta0/bT0/bz-5	2.0439975738525391e+01	6.6156322969552924e-10	3.0896480972699261e+10
/SS/5/PX-2PY1PZ-1/b_X/eta0/bT0/bz-6	1.5423419952392578e+01	6.3947759371743990e-10	2.4118780867258320e+10
/SS/5/PX-2PY1PZ-1/b_X/eta0/bT0/bz-7	1.1426776885986328e+01	6.0085390635233408e-10	1.9017562780536858e+10
/SS/5/PX-2PY1PZ-1/b_X/eta0/bT0/bz-8	8.3835945129394531e+00	5.3632147870395340e-10	1.5631659081039997e+10
/SS/5/PX-2PY1PZ-1/b_X/eta0/bT0/bz-9	6.1747608184814453e+00	4.8209301089965239e-10	1.1089440614807722e+10
/SS/5/PX-2PY1PZ-1/b_X/eta0/bT0/bz0	5.2727630615234375e+01	7.2782013582008491e-10	7.0219075819081436e+10
/SS/5/PX-2PY1PZ-1/b_X/eta0/bT0/bz1	4.9648193359375000e+01	7.0921519264322415e-10	6.6485435687531815e+10
/SS/5/PX-2PY1PZ-1/b_X/eta0/bT0/bz10	6.1084260940551758e+00	1.0839186837566923e-09	5.6355021696686029e+09
/SS/5/PX-2PY1PZ-1/b_X/eta0/bT0/bz11	4.6353321075439453e+00	5.1989988197084437e-10	8.9158168106756592e+09
/SS/5/PX-2PY1PZ-1/b_X/eta0/bT0/bz12	3.4543704986572266e+00	3.1301489729204978e-10	1.1035802220730162e+10
/SS/5/PX-2PY1PZ-1/b_X/eta0/bT0/bz13	2.5042381286621094e+00	3.1385244248815201e-10	5.4946953117200117e+09
/SS/5/PX-2PY1PZ-1/b_X/eta0/bT0/bz14	2.1507072448730469e+00	3.8684408965136457e-10	5.2895108540794153e+09
/SS/5/PX-2PY1PZ-1/b_X/eta0/bT0/bz15	2.3396968841552734e+00	7.1000811461805648e-10	2.0115511640710442e+09
/SS/5/PX-2PY1PZ-1/b_X/eta0/bT0/bz16	2.7032794952392578e+00	8.1780427594920250e-10	2.9630504918533587e+09
/SS/5/PX-2PY1PZ-1/b_X/eta0/bT0/bz17	3.0911459922790527e+00	9.7413711650855614e-10	3.1732144683678131e+09
/SS/5/PX-2PY1PZ-1/b_X/eta0/bT0/bz18	3.1952157020568848e+00	2.0914251971823410e-09	1.5277695355117736e+09
/SS/5/PX-2PY1PZ-1/b_X/eta0/bT0/bz19	2.7566871643066406e+00	9.4245967286320757e-10	2.4682141069458219e+08
/SS/5/PX-2PY1PZ-1/b_X/eta0/bT0/bz2	4.2559036254882812e+01	7.0667260409614814e-10	6.0224545296073677e+10
/SS/5/PX-2PY1PZ-1/b_X/eta0/bT0/bz20	2.6399536132812500e+00	2.0897055248931945e-09	1.2633136974723647e+09
/SS/5/PX-2PY1PZ-1/b_X/eta0/bT0/bz3	3.4518760681152344e+01	6.9781788565471104e-10	4.9466718166396576e+10
/SS/5/PX-2PY1PZ-1/b_X/eta0/bT0/bz4	2.7119049072265625e+01	6.9162940860091786e-10	3.9210375867509972e+10
/SS/5/PX-2PY1PZ-1/b_X/eta0/bT0/bz5	2.0820144653320312e+01	7.0468526693589977e-10	2.9545309984768242e+10
/SS/5/PX-2PY1PZ-1/b_X/eta0/bT0/bz6	1.5802665710449219e+01	7.6825534333967102e-10	2.0569548715084354e+10
/SS/5/PX-2PY1PZ-1/b_X/eta0/bT0/bz7	1.1987165451049805e+01	9.6546636809649274e-10	1.2415932700673586e+10
/SS/5/PX-2PY1PZ-1/b_X/eta0/bT0/bz8	8.8691997528076172e+00	1.6909511072479511e-09	5.2450953281803493e+09
/SS/5/PX-2PY1PZ-1/b_X/eta0/bT0/bz9	7.7303993701934814e+00	6.5944941862468192e-09	1.1722505398997326e+09
/SS/5/PX-2PY1PZ-2/b_X/eta0/bT0/bz-1	2.2596092224121094e+01	1.2795723479436024e-09	5.6012591335556536e+09
/SS/5/PX-2PY1PZ-2/b_X/eta0/bT0/bz-10	3.4961557388305664e+00	4.1295539683288862e-10	8.4661824633941326e+09
/SS/5/PX-2PY1PZ-2/b_X/eta0/bT0/bz-11	2.6123218536376953e+00	4.6217030922687792e-10	2.8061636994991665e+09
/SS/5/PX-2PY1PZ-2/b_X/eta0/bT0/bz-12	1.8135318756103516e+00	2.3699611103897592e-10	7.6521587956019316e+09
/SS/5/PX-2PY1PZ-2/b_X/eta0/bT0/bz-13	1.7464084625244141e+00	5.2486050539791064e-10	1.1758368182680886e+09
/SS/5/PX-2PY1PZ-2/b_X/eta0/bT0/bz-14	1.8892202377319336e+00	3.1326608552110381e-10	6.0307206079754915e+09
/SS/5/PX-2PY1PZ-2/b_X/eta0/bT0/bz-15	2.4084939956665039e+00	3.2323264776085563e-10	3.7630468227491508e+09
/SS/5/PX-2PY1PZ-2/b_X/eta0/bT0/bz-16	2.7217245101928711e+00	3.5568385735841824e-10	2.7301339306703148e+09
/SS/5/PX-2PY1PZ-2/b_X/eta0/bT0/bz-17	2.8211727142333984e+00	3.5382321104129254e-10	7.9733963917481842e+09
/SS/5/PX-2PY1PZ-2/b_X/eta0/bT0/bz-18	2.6839904785156250e+00	4.2519603023479060e-10	3.6793623475580688e+09
/SS/5/PX-2PY1PZ-2/b_X/eta0/bT0/bz-19	2.3821830749511719e+00	3.9578429851595979e-10	6.0188923205984926e+09
/SS/5/PX-2PY1PZ-2/b_X/eta0/bT0/bz-2	1.8285728454589844e+01	9.4847381080719877e-10	1.6556512739476757e+10
/SS/5/PX-2PY1PZ-2/b_X/eta0/bT0/bz-20	1.9882059097290039e+00	3.3036676955460015e-10	6.0181776527024775e+09
/SS/5/PX-2PY1PZ-2/b_X/eta0/bT0/bz-3	1.5277420043945312e+01	9.5220942723666906e-10	1.6044180625559120e+10
/SS/5/PX-2PY1PZ-2/b_X/eta0/bT0/bz-4	1.2092462539672852e+01	7.1075245453440798e-10	1.7013606442758261e+10
/SS/5/PX-2PY1PZ-2/b_X/eta0/bT0/bz-5	1.0287002563476562e+01	7.0127557907633884e-10	1.4668987300293182e+10
/SS/5/PX-2PY1PZ-2/b_X/eta0/bT0/bz-6	9.0955944061279297e+00	9.0639850660881889e-10	1.0034873557060463e+10
/SS/5/PX-2PY1PZ-2/b_X/eta0/bT0/bz-7	6.9145946502685547e+00	2.3883089487965027e-09	1.3299004997095807e+09
/SS/5/PX-2PY1PZ-2/b_X/eta0/bT0/bz-8	5.8159408569335938e+00	6.3207526470504027e-10	9.2013422794635372e+09
/SS/5/PX-2PY1PZ-2/b_X/eta0/bT0/bz-9	4.5893230438232422e+00	5.2105246214423431e-10	8.8077945643654900e+09
/SS/5/PX-2PY1PZ-2/b_X/eta0/bT0/bz0	2.5004997253417969e+01	2.7223836858962767e-09	4.6033095398728228e+09
/SS/5/PX-2PY1PZ-2/b_X/eta0/bT0/bz1	2.3718849182128906e+01	3.4365912743877036e-09	3.0387762041131721e+09
/SS/5/PX-2PY1PZ-2/b_X/eta0/bT0/bz10	4.8925304412841797e+00	2.1248892714884697e-09	1.8363025701452868e+09
/SS/5/PX-2PY1PZ-2/b_X/eta0/bT0/bz11	3.9805812835693359e+00	9.1059538861085871e-10	2.8997826168681250e+09
/SS/5/PX-2PY1PZ-2/b_X/eta0/bT0/bz12	3.8963546752929688e+00	1.6412717301741603e-08	2.5561857282235611e+07
/SS/5/PX-2PY1PZ-2/b_X/eta0/bT0/bz13	3.3960294723510742e+00	7.7105353366488693e-10	4.4044016713203297e+09
/SS/5/PX-2PY1PZ-2/b_X/eta0/bT0/bz14	2.7473268508911133e+00	6.1936413056426458e-10	4.4357215978719864e+09
/SS/5/PX-2PY1PZ-2/b_X/eta0/bT0/bz15	2.4014692306518555e+00	6.3945192659622262e-10	3.6101508758914771e+09
/SS/5/PX-2PY1PZ-2/b_X/eta0/bT0/bz16	2.3674120903015137e+00	1.0228069194408243e-09	1.8291826105104592e+09
/SS/5/PX-2PY1PZ-2/b_X/eta0/bT0/bz17	2.3249745368957520e+00	1.4631578717981215e-09	1.5890113990491788e+09
/SS/5/PX-2PY1PZ-2/b_X/eta0/bT0/bz18	1.9667444229125977e+00	8.1980485978730492e-10	1.2913334448767242e+09
/SS/5/PX-2PY1PZ-2/b_X/eta0/bT0/bz19	2.0027160644531250e+00	9.3329717787433166e-10	2.1458503378468270e+09
/SS/5/PX-2PY1PZ-2/b_X/eta0/bT0/bz2	2.0795875549316406e+01	9.5020477414553024e-10	2.4408354515778351e+09
/SS/5/PX-2PY1PZ-2/b_X/eta0/bT0/bz20	2.4542393684387207e+00	1.1753029648734248e-09	1.0058307371638016e+09
/SS/5/PX-2PY1PZ-2/b_X/eta0/bT0/bz3	1.7682697296142578e+01	7.1749648926512306e-10	1.9251885060475655e+10
/SS/5/PX-2PY1PZ-2/b_X/eta0/bT0/bz4	1.5024120330810547e+01	1.0249310746809846e-09	1.0282541744525831e+10
/SS/5/PX-2PY1PZ-2/b_X/eta0/bT0/bz5	1.3335872650146484e+01	9.5924286440725244e-10	7.4710233525559855e+09
/SS/5/PX-2PY1PZ-2/b_X/eta0/bT0/bz6	1.1783233642578125e+01	9.1862750154590553e-10	1.2826998563344551e+10
/SS/5/PX-2PY1PZ-2/b_X/eta0/bT0/bz7	8.9781150817871094e+00	4.6144711523293154e-09	1.8558946822804530e+09
/SS/5/PX-2PY1PZ-2/b_X/eta0/bT0/bz8	7.1674995422363281e+00	1.6588459251498767e-09	3.5205765652891507e+09
/SS/5/PX-2PY1PZ-2/b_X/eta0/bT0/bz9	6.1394023895263672e+00	1.0163934589790088e-09	4.0248693003076596e+09
/SS/5/PX-2PY1PZ0/b_X/eta0/bT0/bz-1	3.6784179687500000e+01	6.9223996400277094e-10	3.0536767820940617e+10
/SS/5/PX-2PY1PZ0/b_X/eta0/bT0/bz-10	4.5391178131103516e+00	1.2306431313330025e-09	1.7590135251713312e+09
/SS/5/PX-2PY1PZ0/b_X/eta0/bT0/bz-11	4.1471042633056641e+00	5.9561546343258158e-10	2.2489973863750391e+09
/SS/5/PX-2PY1PZ0/b_X/eta0/bT0/bz-12	3.3207836151123047e+00	3.4725264748740615e-10	9.5630188542557907e+09
/SS/5/PX-2PY1PZ0/b_X/eta0/bT0/bz-13	1.9586572647094727e+00	2.4778450070370957e-10	7.9046803135259609e+09
/SS/5/PX-2PY1PZ0/b_X/eta0/bT0/bz-14	2.1203718185424805e+00	1.9068104547921093e-09	3.8665913109790426e+08
/SS/5/PX-2PY1PZ0/b_X/eta0/bT0/bz-15	2.5624904632568359e+00	1.4268511309849777e-09	9.4997785403532040e+08
/SS/5/PX-2PY1PZ0/b_X/eta0/bT0/bz-16	2.9636402130126953e+00	8.2375868056190345e-10	1.9729151655722229e+09
/SS/5/PX-2PY1PZ0/b_X/eta0/bT0/bz-17	3.0062360763549805e+00	7.4939176934969186e-10	2.3609864306501603e+09
/SS/5/PX-2PY1PZ0/b_X/eta0/bT0/bz-18	2.8616189956665039e+00	8.1595966719296644e-10	2.2474960382460599e+09
/SS/5/PX-2PY1PZ0/b_X/eta0/bT0/bz-19	2.6403255462646484e+00	8.9738926202517425e-10	2.0617420267467246e+09
/SS/5/PX-2PY1PZ0/b_X/eta0/bT0/bz-2	3.1082229614257812e+01	6.6162978108033507e-10	2.4264020657177547e+10
/SS/5/PX-2PY1PZ0/b_X/eta0/bT0/bz-20	2.3769836425781250e+00	9.1262097795737128e-10	2.0025676205990970e+09
/SS/5/PX-2PY1PZ0/b_X/eta0/bT0/bz-3	2.4788589477539062e+01	5.9363879308542320e-10	1.5269930564208191e+10
/SS/5/PX-2PY1PZ0/b_X/eta0/bT0/bz-4	1.9152275085449219e+01	5.5826292462380756e-10	3.0007890358016132e+10
/SS/5/PX-2PY1PZ0/b_X/eta0/bT0/bz-5	1.4422943115234375e+01	8.9327306014448864e-10	1.0327905043693419e+10
/SS/5/PX-2PY1PZ0/b_X/eta0/bT0/bz-6	1.0645084381103516e+01	8.6472575222855005e-10	1.2310358924398012e+10
/SS/5/PX-2PY1PZ0/b_X/eta0/bT0/bz-7	7.6710739135742188e+00	1.3377911413508979e-09	5.7341341831789894e+09
/SS/5/PX-2PY1PZ0/b_X/eta0/bT0/bz-8	5.2870674133300781e+00	1.8610246078171112e-09	2.2672838177741408e+09
/SS/5/PX-2PY1PZ0/b_X/eta0/bT0/bz-9	4.7099208831787109e+00	5.3069774490070816e-10	1.8433945160924358e+09
/SS/5/PX-2PY1PZ0/b_X/eta0/bT0/bz0	3.9188323974609375e+01	6.8816412089278863e-10	3.3512859377483204e+10
/SS/5/PX-2PY1PZ0/b_X/eta0/bT0/bz1	3.6161186218261719e+01	6.6435686411395635e-10	3.1099811343085205e+10
/SS/5/PX-2PY1PZ0/b_X/eta0/bT0/bz10	5.4816691875457764e+00	4.8297788051524376e-09	1.1349731341107998e+09
/SS/5/PX-2PY1PZ0/b_X/eta0/bT0/bz11	6.0045917034149170e+00	7.1793959337670625e-09	8.3636447394875455e+08
/SS/5/PX-2PY1PZ0/b_X/eta0/bT0/bz12	7.0185093879699707e+00	3.5014339506861260e-09	6.6294348417485178e+08
/SS/5/PX-2PY1PZ0/b_X/eta0/bT0/bz13	6.1459889411926270e+00	1.9658806294162313e-09	1.7692947975079057e+09
/SS/5/PX-2PY1PZ0/b_X/eta0/bT0/bz14	4.8548059463500977e+00	1.1484951452866829e-09	2.7438808268643594e+09
/SS/5/PX-2PY1PZ0/b_X/eta0/bT0/bz15	3.3755550384521484e+00	7.6522371227718878e-10	3.4262517195871673e+09
/SS/5/PX-2PY1PZ0/b_X/eta0/bT0/bz16	2.1887459754943848e+00	9.6662111109904583e-10	8.6524272589066398e+08
/SS/5/PX-2PY1PZ0/b_X/eta0/bT0/bz17	1.9655294418334961e+00	5.0514271678822838e-10	3.8910378720901313e+09
/SS/5/PX-2PY1PZ0/b_X/eta0/bT0/bz18	1.9172997474670410e+00	5.8970083002363629e-10	1.9756325394938133e+09
/SS/5/PX-2PY1PZ0/b_X/eta0/bT0/bz19	1.9104309082031250e+00	8.6259031598018036e-10	1.5119127655797708e+09
/SS/5/PX-2PY1PZ0/b_X/eta0/bT0/bz2	2.9380935668945312e+01	6.4364707074097870e-10	4.5556707136595322e+10
/SS/5/PX-2PY1PZ0/b_X/eta0/bT0/bz20	1.8688354492187500e+00	1.4286054418538208e-09	1.1783518852558320e+09
/SS/5/PX-2PY1PZ0/b_X/eta0/bT0/bz3	2.2607437133789062e+01	6.8648180400067335e-10	3.1846903761876869e+10
/SS/5/PX-2PY1PZ0/b_X/eta0/bT0/bz4	1.6800285339355469e+01	8.0340000832281891e-10	1.8893558153577755e+10
/SS/5/PX-2PY1PZ0/b_X/eta0/bT0/bz5	1.2184341430664062e+01	1.0803497145679929e-09	8.6616937645717640e+09
/SS/5/PX-2PY1PZ0/b_X/eta0/bT0/bz6	1.0887516021728516e+01	1.5948285298529224e-09	6.8267627634756317e+09
/SS/5/PX-2PY1PZ0/b_X/eta0/bT0/bz7	8.5029144287109375e+00	3.3558047597015218e-09	2.1927809730987048e+09
/SS/5/PX-2PY1PZ0/b_X/eta0/bT0/bz8	6.7787914276123047e+00	2.3497834723087426e-09	2.8848579060571527e+09
/SS/5/PX-2PY1PZ0/b_X/eta0/bT0/bz9	6.5985007286071777e+00	2.8701501245126865e-09	2.2990089167295790e+09
/SS/5/PX-2PY2PZ-1/b_X/eta0/bT0/bz-1	2.1542213439941406e+01	2.1349789642855304e-09	6.0456181472565536e+09
/SS/5/PX-2PY2PZ-1/b_X/eta0/bT0/bz-10	4.9141016006469727e+00	6.5201467168349310e-10	7.5367960477926493e+09
/SS/5/PX-2PY2PZ-1/b_X/eta0/bT0/bz-11	4.2374839782714844e+00	9.0794809393327051e-10	2.1241576267185690e+09
/SS/5/PX-2PY2PZ-1/b_X/eta0/bT0/bz-12	3.6332073211669922e+00	5.6867224257300476e-10	2.6587614641754107e+09
/SS/5/PX-2PY2PZ-1/b_X/eta0/bT0/bz-13	3.1188468933105469e+00	2.1311766123601732e-10	1.4634389638203552e+10
/SS/5/PX-2PY2PZ-1/b_X/eta0/bT0/bz-14	2.6491184234619141e+00	2.4142973226740272e-10	5.1625703280259132e+09
/SS/5/PX-2PY2PZ-1/b_X/eta0/bT0/bz-15	2.2152614593505859e+00	3.3541846423730634e-10	4.2399137742832866e+09
/SS/5/PX-2PY2PZ-1/b_X/eta0/bT0/bz-16	1.8497333526611328e+00	5.2618070334048593e-10	3.0114104890445223e+09
/SS/5/PX-2PY2PZ-1/b_X/eta0/bT0/bz-17	1.7546062469482422e+00	7.6038183873104605e-10	2.1690820742770233e+09
/SS/5/PX-2PY2PZ-1/b_X/eta0/bT0/bz-18	1.8628768920898438e+00	6.4804028810982294e-10	2.1709759835912600e+09
/SS/5/PX-2PY2PZ-1/b_X/eta0/bT0/bz-19	2.0331459045410156e+00	5.9256929500469871e-10	3.4310686052757664e+09
/SS/5/PX-2PY2PZ-1/b_X/eta0/bT0/bz-2	1.7752395629882812e+01	1.9493357853868430e-09	8.4940934606626320e+09
/SS/5/PX-2PY2PZ-1/b_X/eta0/bT0/bz-20	1.9902420043945312e+00	6.4483852806353543e-10	3.0140704208691382e+09
/SS/5/PX-2PY2PZ-1/b_X/eta0/bT0/bz-3	1.5518959045410156e+01	1.4783505881467386e-09	5.6591811982380857e+09
/SS/5/PX-2PY2PZ-1/b_X/eta0/bT0/bz-4	1.2999343872070312e+01	6.3739932118383407e-10	1.1361181809724089e+10
/SS/5/PX-2PY2PZ-1/b_X/eta0/bT0/bz-5	1.0434013366699219e+01	4.9438924935191625e-10	1.1528950224368626e+10
/SS/5/PX-2PY2PZ-1/b_X/eta0/bT0/bz-6	8.1133422851562500e+00	4.5782012072531104e-10	6.4779782553630896e+09
/SS/5/PX-2PY2PZ-1/b_X/eta0/bT0/bz-7	6.1075630187988281e+00	5.0345246556266394e-10	5.7186953282663527e+09
/SS/5/PX-2PY2PZ-1/b_X/eta0/bT0/bz-8	4.4439964294433594e+00	9.7460869889533980e-10	4.1330414051812630e+09
/SS/5/PX-2PY2PZ-1/b_X/eta0/bT0/bz-9	5.7509894371032715e+00	1.9954759593715520e-09	2.8820138925223970e+09
/SS/5/PX-2PY2PZ-1/b_X/eta0/bT0/bz0	2.3792680740356445e+01	2.6396244729928167e-09	4.0184954286877060e+09
/SS/5/PX-2PY2PZ-1/b_X/eta0/bT0/bz1	2.2076313018798828e+01	4.1557005691798251e-09	3.5650305233797283e+09
/SS/5/PX-2PY2PZ-1/b_X/eta0/bT0/bz10	2.5616064071655273e+00	8.5402710406890940e-10	2.9994439227526407e+09
/SS/5/PX-2PY2PZ-1/b_X/eta0/bT0/bz11	2.0534467697143555e+00	5.3771615918409266e-10	3.8188303152915602e+09
/SS/5/PX-2PY2PZ-1/b_X/eta0/bT0/bz12	2.4225468635559082e+00	6.4161078238101166e-10	3.7757265464988904e+09
/SS/5/PX-2PY2PZ-1/b_X/eta0/bT0/bz13	2.4663863182067871e+00	7.1553453088082589e-10	3.4469144559252167e+09
/SS/5/PX-2PY2PZ-1/b_X/eta0/bT0/bz14	2.3651838302612305e+00	8.0898865877825149e-10	2.9236303928329124e+09
/SS/5/PX-2PY2PZ-1/b_X/eta0/bT0/bz15	2.1310148239135742e+00	8.4507849362937130e-10	2.5216767909469247e+09
/SS/5/PX-2PY2PZ-1/b_X/eta0/bT0/bz16	1.7424092292785645e+00	7.3670614600984031e-10	2.3651346452256837e+09
/SS/5/PX-2PY2PZ-1/b_X/eta0/bT0/bz17	1.4381446838378906e+00	6.2482780559748739e-10	2.2409120432333856e+09
/SS/5/PX-2PY2PZ-1/b_X/eta0/bT0/bz18	1.4115018844604492e+00	5.5604931752451481e-10	2.2134781467358556e+09
/SS/5/PX-2PY2PZ-1/b_X/eta0/bT0/bz19	1.4050846099853516e+00	4.8872196716309551e-10	2.4694829865005198e+09
/SS/5/PX-2PY2PZ-1/b_X/eta0/bT0/bz2	1.8175889968872070e+01	2.7133822443748044e-09	5.7646204330646048e+09
/SS/5/PX-2PY2PZ-1/b_X/eta0/bT0/bz20	1.3839950561523438e+00	4.1308799188568033e-10	3.0240423354155955e+09
/SS/5/PX-2PY2PZ-1/b_X/eta0/bT0/bz3	1.4124696731567383e+01	1.6021014824872128e-09	8.5316681399163017e+09
/SS/5/PX-2PY2PZ-1/b_X/eta0/bT0/bz4	1.1264915466308594e+01	1.1529588508311893e-09	9.5585878759653873e+09
/SS/5/PX-2PY2PZ-1/b_X/eta0/bT0/bz5	9.0479812622070312e+00	1.2824379473661582e-09	7.0552975142302742e+09
/SS/5/PX-2PY2PZ-1/b_X/eta0/bT0/bz6	7.1745710372924805e+00	1.1582598280623132e-09	6.1942673513032312e+09
/SS/5/PX-2PY2PZ-1/b_X/eta0/bT0/bz7	5.0918216705322266e+00	7.5695129266875350e-10	6.6511976814913492e+09
/SS/5/PX-2PY2PZ-1/b_X/eta0/bT0/bz8	3.9816217422485352e+00	7.5605463282145820e-10	5.2663148526579990e+09
/SS/5/PX-2PY2PZ-1/b_X/eta0/bT0/bz9	3.2055463790893555e+00	6.7714024816474014e-10	4.6619846402192383e+09
/SS/5/PX-2PY2PZ-2/b_X/eta0/bT0/bz-1	2.4033039093017578e+01	1.8472251972750793e-09	1.2984641824686272e+10
/SS/5/PX-2PY2PZ-2/b_X/eta0/bT0/bz-10	1.6655178070068359e+00	2.8850586299884868e-10	3.5388035638497553e+09
/SS/5/PX-2PY2PZ-2/b_X/eta0/bT0/bz-11	1.5071201324462891e+00	2.9366278580269684e-10	1.8378824296041076e+09
/SS/5/PX-2PY2PZ-2/b_X/eta0/bT0/bz-12	1.2496948242187500e+00	7.8958475020815560e-10	8.8382366078040540e+08
/SS/5/PX-2PY2PZ-2/b_X/eta0/bT0/bz-13	1.4946976900100708e+00	2.1258480966496657e-09	7.0310653539437401e+08
/SS/5/PX-2PY2PZ-2/b_X/eta0/bT0/bz-14	1.5081462860107422e+00	9.0603308488806935e-10	1.2371906690587742e+09
/SS/5/PX-2PY2PZ-2/b_X/eta0/bT0/bz-15	1.4151360988616943e+00	1.0654734832000880e-09	1.3281758027533588e+09
/SS/5/PX-2PY2PZ-2/b_X/eta0/bT0/bz-16	1.8051590919494629e+00	1.5514957369793168e-09	1.1634960051285837e+09
/SS/5/PX-2PY2PZ-2/b_X/eta0/bT0/bz-17	1.8315502405166626e+00	2.1586923662102655e-09	8.4845356808857226e+08
/SS/5/PX-2PY2PZ-2/b_X/eta0/bT0/bz-18	1.3982162475585938e+00	2.4211292224128550e-09	4.9697083835592359e+08
/SS/5/PX-2PY2PZ-2/b_X/eta0/bT0/bz-19	1.3816013336181641e+00	5.3303560271812647e-09	2.3127213962522736e+08
/SS/5/PX-2PY2PZ-2/b_X/eta0/bT0/bz-2	2.1118644714355469e+01	1.9510004958975400e-09	1.0055732028613892e+10
/SS/5/PX-2PY2PZ-2/b_X/eta0/bT0/bz-20	1.4359035491943359e+00	6.6135370718607753e-10	1.3788339494246616e+09
/SS/5/PX-2PY2PZ-2/b_X/eta0/bT0/bz-3	1.7321807861328125e+01	1.8961253696553395e-09	7.5446016122527723e+09
/SS/5/PX-2PY2PZ-2/b_X/eta0/bT0/bz-4	1.3227323532104492e+01	1.8880189864844792e-09	5.2314546391936808e+09
/SS/5/PX-2PY2PZ-2/b_X/eta0/bT0/bz-5	9.1566429138183594e+00	2.0149868775322241e-09	3.0038962983384643e+09
/SS/5/PX-2PY2PZ-2/b_X/eta0/bT0/bz-6	5.3812904357910156e+00	5.3921957537435609e-10	9.9400207063805656e+09
/SS/5/PX-2PY2PZ-2/b_X/eta0/bT0/bz-7	3.9424304962158203e+00	9.5058048272235945e-10	2.6208568735425501e+09
/SS/5/PX-2PY2PZ-2/b_X/eta0/bT0/bz-8	1.9626207351684570e+00	5.0306077136856178e-10	3.9013591336673021e+09
/SS/5/PX-2PY2PZ-2/b_X/eta0/bT0/bz-9	1.7779598236083984e+00	1.5176099427674041e-09	8.0259233532491601e+08
/SS/5/PX-2PY2PZ-2/b_X/eta0/bT0/bz0	2.4869707107543945e+01	1.5581514013340199e-09	1.5961033752080580e+10
/SS/5/PX-2PY2PZ-2/b_X/eta0/bT0/bz1	2.2205291748046875e+01	1.2060313933509744e-09	1.7841494647282265e+10
/SS/5/PX-2PY2PZ-2/b_X/eta0/bT0/bz10	3.2240180969238281e+00	4.3077129045482765e-10	6.2652320680812035e+09
/SS/5/PX-2PY2PZ-2/b_X/eta0/bT0/bz11	2.9252243041992188e+00	4.0472071023390975e-10	5.7598674795224543e+09
/SS/5/PX-2PY2PZ-2/b_X/eta0/bT0/bz12	2.5886063575744629e+00	6.4549164871242764e-10	4.0102863650335317e+09
/SS/5/PX-2PY2PZ-2/b_X/eta0/bT0/bz13	2.3960580825805664e+00	6.2476362778470378e-10	3.5880268976611481e+09
/SS/5/PX-2PY2PZ-2/b_X/eta0/bT0/bz14	2.0006256103515625e+00	7.5410124534161854e-10	1.6831090853226430e+09
/SS/5/PX-2PY2PZ-2/b_X/eta0/bT0/bz15	1.9895811080932617e+00	5.5379689014731641e-10	3.0371537556515169e+09
/SS/5/PX-2PY2PZ-2/b_X/eta0/bT0/bz16	1.9260730743408203e+00	4.7776419245153500e-10	2.8134033732380838e+09
/SS/5/PX-2PY2PZ-2/b_X/eta0/bT0/bz17	2.1786117553710938e+00	8.9716992266811457e-10	2.4283156404664898e+09
/SS/5/PX-2PY2PZ-2/b_X/eta0/bT0/bz18	2.8245501518249512e+00	1.4295768651657965e-09	1.9757945309903791e+09
/SS/5/PX-2PY2PZ-2/b_X/eta0/bT0/bz19	2.8752193450927734e+00	1.7737184753901373e-09	1.6210122322035103e+09
/SS/5/PX-2PY2PZ-2/b_X/eta0/bT0/bz2	1.8546714782714844e+01	9.5499290950715831e-10	1.7402670283564392e+10
/SS/5/PX-2PY2PZ-2/b_X/eta0/bT0/bz20	2.3704385757446289e+00	1.8280928457617887e-09	1.2966729678091586e+09
/SS/5/PX-2PY2PZ-2/b_X/eta0/bT0/bz3	1.4179244995117188e+01	7.7427923209738295e-10	1.4897541246223019e+10
/SS/5/PX-2PY2PZ-2/b_X/eta0/bT0/bz4	1.0038356781005859e+01	5.7634552171452484e-10	1.1562441555368328e+10
/SS/5/PX-2PY2PZ-2/b_X/eta0/bT0/bz5	7.1361351013183594e+00	8.3322895442083225e-10	7.2283620513231602e+09
/SS/5/PX-2PY2PZ-2/b_X/eta0/bT0/bz6	5.0836009979248047e+00	9.0860444015814874e-10	4.9574826156129227e+09
/SS/5/PX-2PY2PZ-2/b_X/eta0/bT0/bz7	3.8965663909912109e+00	4.3082297873605206e-10	3.7610517075973654e+09
/SS/5/PX-2PY2PZ-2/b_X/eta0/bT0/bz8	3.3089389801025391e+00	4.4887217552962575e-10	4.0459161112566085e+09
/SS/5/PX-2PY2PZ-2/b_X/eta0/bT0/bz9	3.1368808746337891e+00	5.3199926947449493e-10	5.8964007182422962e+09
/SS/5/PX-2PY2PZ0/b_X/eta0/bT0/bz-1	1.5229053497314453e+01	4.4561393767158501e-10	3.4175442484786419e+10
/SS/5/PX-2PY2PZ0/b_X/eta0/bT0/bz-10	2.9041576385498047e+00	3.8502919353731223e-10	5.6291448484888029e+09
/SS/5/PX-2PY2PZ0/b_X/eta0/bT0/bz-11	2.4134035110473633e+00	4.1681191803964239e-10	3.9015958997241774e+09
/SS/5/PX-2PY2PZ0/b_X/eta0/bT0/bz-12	1.9588012695312500e+00	2.1233951892990989e-10	7.8808466386954823e+09
/SS/5/PX-2PY2PZ0/b_X/eta0/bT0/bz-13	2.2156925201416016e+00	1.7978429187444538e-10	3.2411315693493505e+09
/SS/5/PX-2PY2PZ0/b_X/eta0/bT0/bz-14	2.3460540771484375e+00	2.0598144564587784e-10	1.1389637886034456e+10
/SS/5/PX-2PY2PZ0/b_X/eta0/bT0/bz-15	2.2940158843994141e+00	3.8298353272686217e-09	3.2615661759896219e+08
/SS/5/PX-2PY2PZ0/b_X/eta0/bT0/bz-16	2.0264072418212891e+00	5.8644408610545368e-10	1.5406752156901078e+09
/SS/5/PX-2PY2PZ0/b_X/eta0/bT0/bz-17	1.8495903015136719e+00	2.7747992275825138e-09	5.8302054206928265e+08
/SS/5/PX-2PY2PZ0/b_X/eta0/bT0/bz-18	2.0909166336059570e+00	6.4352530772011088e-10	1.1469135036608579e+09
/SS/5/PX-2PY2PZ0/b_X/eta0/bT0/bz-19	2.2065982818603516e+00	5.4811173480581052e-10	2.2152783271959214e+09
/SS/5/PX-2PY2PZ0/b_X/eta0/bT0/bz-2	1.1681228637695312e+01	4.4390811926018845e-10	2.6314518998127579e+10
/SS/5/PX-2PY2PZ0/b_X/eta0/bT0/bz-20	2.2551031112670898e+00	5.0934053187385691e-10	2.8455513706280780e+09
/SS/5/PX-2PY2PZ0/b_X/eta0/bT0/bz-3	7.1125793457031250e+00	3.0812078898950062e-10	2.1749005220227806e+10
/SS/5/PX-2PY2PZ0/b_X/eta0/bT0/bz-4	5.2608013153076172e+00	3.6619329297279311e-10	1.4366186973551359e+10
/SS/5/PX-2PY2PZ0/b_X/eta0/bT0/bz-5	3.9993228912353516e+00	5.1580257071011345e-10	7.7535923982104654e+09
/SS/5/PX-2PY2PZ0/b_X/eta0/bT0/bz-6	2.3409709930419922e+00	4.3412152544083026e-10	4.4378366172010736e+09
/SS/5/PX-2PY2PZ0/b_X/eta0/bT0/bz-7	3.1195468902587891e+00	3.2065874843607425e-10	6.0962142152840605e+09
/SS/5/PX-2PY2PZ0/b_X/eta0/bT0/bz-8	3.1176834106445312e+00	3.5373113811741090e-10	8.1276067963222876e+09
/SS/5/PX-2PY2PZ0/b_X/eta0/bT0/bz-9	3.0916595458984375e+00	3.6727312307282419e-10	4.6730812625183296e+09
/SS/5/PX-2PY2PZ0/b_X/eta0/bT0/bz0	1.6424606323242188e+01	3.8602406406964716e-10	4.2548141040965858e+10
/SS/5/PX-2PY2PZ0/b_X/eta0/bT0/bz1	1.5013641357421875e+01	3.2506834805093308e-10	4.6186106544798004e+10
/SS/5/PX-2PY2PZ0/b_X/eta0/bT0/bz10	2.2750840187072754e+00	6.1213040599335528e-10	3.7166655935270948e+09
/SS/5/PX-2PY2PZ0/b_X/eta0/bT0/bz11	3.2157993316650391e+00	1.0078888793338734e-09	2.8587088626193285e+09
/SS/5/PX-2PY2PZ0/b_X/eta0/bT0/bz12	3.1972332000732422e+00	1.1930615060930040e-09	9.0461887052632582e+08
/SS/5/PX-2PY2PZ0/b_X/eta0/bT0/bz13	3.0973033905029297e+00	4.0290559571160645e-10	7.1030541787685413e+09
/SS/5/PX-2PY2PZ0/b_X/eta0/bT0/bz14	2.8025875091552734e+00	4.0089387980597260e-10	2.3675784267966447e+09
/SS/5/PX-2PY2PZ0/b_X/eta0/bT0/bz15	2.5702705383300781e+00	1.5076507322788493e-09	1.0192830118890961e+09
/SS/5/PX-2PY2PZ0/b_X/eta0/bT0/bz16	2.5782070159912109e+00	9.0383131139631025e-10	1.4191816115246274e+09
/SS/5/PX-2PY2PZ0/b_X/eta0/bT0/bz17	2.5140781402587891e+00	4.4310362120238911e-10	2.8172355077162542e+09
/SS/5/PX-2PY2PZ0/b_X/eta0/bT0/bz18	2.3455677032470703e+00	3.6186704639719551e-10	3.8319904508854623e+09
/SS/5/PX-2PY2PZ0/b_X/eta0/bT0/bz19	2.0253467559814453e+00	3.8368746018464926e-10	4.3272553277169456e+09
/SS/5/PX-2PY2PZ0/b_X/eta0/bT0/bz2	1.2392135620117188e+01	2.7717431524417289e-10	4.4708816577035667e+10
/SS/5/PX-2PY2PZ0/b_X/eta0/bT0/bz20	1.7547698020935059e+00	4.2290081894265322e-10	4.1493648711317787e+09
/SS/5/PX-2PY2PZ0/b_X/eta0/bT0/bz3	9.6442871093750000e+00	2.4117508788728935e-10	3.9988736788113693e+10
/SS/5/PX-2PY2PZ0/b_X/eta0/bT0/bz4	7.3030700683593750e+00	2.1370626918610875e-10	3.4036276014113537e+10
/SS/5/PX-2PY2PZ0/b_X/eta0/bT0/bz5	5.8483123779296875e+00	1.9514586277298852e-10	2.7891198629177673e+10
/SS/5/PX-2PY2PZ0/b_X/eta0/bT0/bz6	4.7102508544921875e+00	1.8813492411635608e-10	2.2194902467557774e+10
/SS/5/PX-2PY2PZ0/b_X/eta0/bT0/bz7	3.7563552856445312e+00	1.9626845714120872e-10	1.7321508927303501e+10
/SS/5/PX-2PY2PZ0/b_X/eta0/bT0/bz8	3.0900497436523438e+00	2.1544494520895990e-10	1.3650757182761101e+10
/SS/5/PX-2PY2PZ0/b_X/eta0/bT0/bz9	2.5136775970458984e+00	2.2016435836452184e-10	1.1417277599874052e+10
/SS/5/PX0PY-1PZ-1/b_X/eta0/bT0/bz-1	3.7857391357421875e+01	3.0339230751716081e-10	1.2478032705321819e+11
/SS/5/PX0PY-1PZ-1/b_X/eta0/bT0/bz-10	4.0811548233032227e+00	6.7173996638001504e-10	6.0754980015502634e+09
/SS/5/PX0PY-1PZ-1/b_X/eta0/bT0/bz-11	3.0664739608764648e+00	3.7021099581734703e-10	8.2830439817335615e+09
/SS/5/PX0PY-1PZ-1/b_X/eta0/bT0/bz-12	2.2227315902709961e+00	3.4317353433871904e-09	6.4658832060655987e+08
/SS/5/PX0PY-1PZ-1/b_X/eta0/bT0/bz-13	1.4705181121826172e+00	6.0672536316588981e-10	1.4029134559319887e+09
/SS/5/PX0PY-1PZ-1/b_X/eta0/bT0/bz-14	1.6704349517822266e+00	1.8048268094678736e-09	5.7371049061826980e+08
/SS/5/PX0PY-1PZ-1/b_X/eta0/bT0/bz-15	1.8194112777709961e+00	3.6540635885479098e-10	1.0805804544618919e+09
/SS/5/PX0PY-1PZ-1/b_X/eta0/bT0/bz-16	1.6817913055419922e+00	2.5991163938957912e-10	6.3962299226265173e+09
/SS/5/PX0PY-1PZ-1/b_X/eta0/bT0/bz-17	2.0211601257324219e+00	3.9518017580346393e-10	3.5927995114150720e+09
/SS/5/PX0PY-1PZ-1/b_X/eta0/bT0/bz-18	2.2640686035156250e+00	7.6682414157890414e-10	2.5262830763134761e+09
/SS/5/PX0PY-1PZ-1/b_X/eta0/bT0/bz-19	2.3610773086547852e+00	1.2037831935547048e-09	1.8801264780775018e+09
/SS/5/PX0PY-1PZ-1/b_X/eta0/bT0/bz-2	3.2471023559570312e+01	3.0727179484346351e-10	1.0567524941920668e+11
/SS/5/PX0PY-1PZ-1/b_X/eta0/bT0/bz-20	2.3715589046478271e+00	1.5504043632980522e-09	1.5296389514816625e+09
/SS/5/PX0PY-1PZ-1/b_X/eta0/bT0/bz-3	2.6800384521484375e+01	3.3476776246467379e-10	5.8391432708414062e+10
/SS/5/PX0PY-1PZ-1/b_X/eta0/bT0/bz-4	2.1703720092773438e+01	3.7166363686787624e-10	4.4047385427221794e+10
/SS/5/PX0PY-1PZ-1/b_X/eta0/bT0/bz-5	1.7198509216308594e+01	4.0674462243667870e-10	3.2694127517441856e+10
/SS/5/PX0PY-1PZ-1/b_X/eta0/bT0/bz-6	1.3216178894042969e+01	4.3986007117854545e-10	2.3878434760595371e+10
/SS/5/PX0PY-1PZ-1/b_X/eta0/bT0/bz-7	9.7905387878417969e+00	4.7210971486161207e-10	1.7280263421835720e+10
/SS/5/PX0PY-1PZ-1/b_X/eta0/bT0/bz-8	6.9283943176269531e+00	4.9257743127009860e-10	1.2780119512012043e+10
/SS/5/PX0PY-1PZ-1/b_X/eta0/bT0/bz-9	5.5412082672119141e+00	5.0504892714841521e-10	1.0971626647141768e+10
/SS/5/PX0PY-1PZ-1/b_X/eta0/bT0/bz0	4.0689453125000000e+01	3.0846608362789902e-10	1.3190900162004024e+11
/SS/5/PX0PY-1PZ-1/b_X/eta0/bT0/bz1	3.8550704956054688e+01	3.2413707453974841e-10	1.1893334019502072e+11
/SS/5/PX0PY-1PZ-1/b_X/eta0/bT0/bz10	4.5107116699218750e+00	3.4627860546069148e-10	1.1815677983650171e+10
/SS/5/PX0PY-1PZ-1/b_X/eta0/bT0/bz11	3.7213344573974609e+00	3.1277450099441248e-10	9.4922601130424442e+09
/SS/5/PX0PY-1PZ-1/b_X/eta0/bT0/bz12	3.0063743591308594e+00	3.4325620034393176e-10	5.2926120908476906e+09
/SS/5/PX0PY-1PZ-1/b_X/eta0/bT0/bz13	2.6297740936279297e+00	5.1350725823149303e-10	5.0779514492703638e+09
/SS/5/PX0PY-1PZ-1/b_X/eta0/bT0/bz14	2.4865694046020508e+00	6.1514633886543744e-10	4.0422404353218222e+09
/SS/5/PX0PY-1PZ-1/b_X/eta0/bT0/bz15	2.1471986770629883e+00	7.0530457693314161e-10	3.0443566471659646e+09
/SS/5/PX0PY-1PZ-1/b_X/eta0/bT0/bz16	1.7647762298583984e+00	8.6471547001377346e-10	1.9923029951615539e+09
/SS/5/PX0PY-1PZ-1/b_X/eta0/bT0/bz17	1.8700256347656250e+00	9.0627932755260729e-10	1.1108523021656954e+09
/SS/5/PX0PY-1PZ-1/b_X/eta0/bT0/bz18	1.9731912612915039e+00	1.2518373216064866e-09	6.2046071104125106e+08
/SS/5/PX0PY-1PZ-1/b_X/eta0/bT0/bz19	1.9933767318725586e+00	2.7990652555080010e-09	6.1156427864326203e+08
/SS/5/PX0PY-1PZ-1/b_X/eta0/bT0/bz2	3.3475311279296875e+01	3.4659666652787942e-10	9.6582900276117340e+10
/SS/5/PX0PY-1PZ-1/b_X/eta0/bT0/bz20	2.0124683380126953e+00	4.3515935064060855e-09	3.4330065214747196e+08
/SS/5/PX0PY-1PZ-1/b_X/eta0/bT0/bz3	2.8073638916015625e+01	3.6858004554164275e-10	7.4582507533853134e+10
/SS/5/PX0PY-1PZ-1/b_X/eta0/bT0/bz4	2.2865783691406250e+01	3.8296710289625848e-10	5.6678819637233246e+10
/SS/5/PX0PY-1PZ-1/b_X/eta0/bT0/bz5	1.8008346557617188e+01	3.8907996036778915e-10	4.2869307126751602e+10
/SS/5/PX0PY-1PZ-1/b_X/eta0/bT0/bz6	1.3760932922363281e+01	3.9099015771105031e-10	3.3826542883691284e+10
/SS/5/PX0PY-1PZ-1/b_X/eta0/bT0/bz7	1.0332408905029297e+01	4.0995144070789814e-10	2.4111947163689781e+10
/SS/5/PX0PY-1PZ-1/b_X/eta0/bT0/bz8	7.7377014160156250e+00	4.0484905761672743e-10	1.8025605460229679e+10
/SS/5/PX0PY-1PZ-1/b_X/eta0/bT0/bz9	5.8348693847656250e+00	3.7844350552533573e-10	1.4376474388999458e+10
/SS/5/PX0PY-1PZ-2/b_X/eta0/bT0/bz-1	4.9645095825195312e+01	5.2034166928035915e-10	6.3789386782884422e+10
/SS/5/PX0PY-1PZ-2/b_X/eta0/bT0/bz-10	5.0047903060913086e+00	1.8767978490741877e-09	1.6793174397853823e+09
/SS/5/PX0PY-1PZ-2/b_X/eta0/bT0/bz-11	3.9480047225952148e+00	8.5825908649036786e-10	4.4467343009730968e+09
/SS/5/PX0PY-1PZ-2/b_X/eta0/bT0/bz-12	3.0796539783477783e+00	1.8949652593587610e-09	1.6251770121579461e+09
/SS/5/PX0PY-1PZ-2/b_X/eta0/bT0/bz-13	3.2670516967773438e+00	1.0965654234045914e-09	1.3985662607138977e+09
/SS/5/PX0PY-1PZ-2/b_X/eta0/bT0/bz-14	3.4549732208251953e+00	5.2298902235916382e-10	2.8558167134718919e+09
/SS/5/PX0PY-1PZ-2/b_X/eta0/bT0/bz-15	3.4829721450805664e+00	6.2273287199058889e-10	4.2031424647913299e+09
/SS/5/PX0PY-1PZ-2/b_X/eta0/bT0/bz-16	3.4524593353271484e+00	6.2863256648777933e-10	5.4920147624809132e+09
/SS/5/PX0PY-1PZ-2/b_X/eta0/bT0/bz-17	3.1918382644653320e+00	6.8522896766790652e-10	4.6580609038295116e+09
/SS/5/PX0PY-1PZ-2/b_X/eta0/bT0/bz-18	2.5566806793212891e+00	5.8546057248570754e-10	4.3669562041835079e+09
/SS/5/PX0PY-1PZ-2/b_X/eta0/bT0/bz-19	1.9032354354858398e+00	4.1429056504730957e-10	4.2471746840730157e+09
/SS/5/PX0PY-1PZ-2/b_X/eta0/bT0/bz-2	4.0675125122070312e+01	5.4981586095857084e-10	4.9080568940858643e+10
/SS/5/PX0PY-1PZ-2/b_X/eta0/bT0/bz-20	1.7967033386230469e+00	3.2440826614292150e-10	1.7599906491171110e+09
/SS/5/PX0PY-1PZ-2/b_X/eta0/bT0/bz-3	3.0818008422851562e+01	6.0754396637728802e-10	3.3951670261443970e+10
/SS/5/PX0PY-1PZ-2/b_X/eta0/bT0/bz-4	2.2059974670410156e+01	7.1638748965924929e-10	2.1591110955162315e+10
/SS/5/PX0PY-1PZ-2/b_X/eta0/bT0/bz-5	1.5548793792724609e+01	9.2484974131244596e-10	1.2811816034752394e+10
/SS/5/PX0PY-1PZ-2/b_X/eta0/bT0/bz-6	1.1103443145751953e+01	1.2017552362462421e-09	7.7024060348350010e+09
/SS/5/PX0PY-1PZ-2/b_X/eta0/bT0/bz-7	8.6962661743164062e+00	1.1523961589355055e-09	5.5291496846452503e+09
/SS/5/PX0PY-1PZ-2/b_X/eta0/bT0/bz-8	7.4486732482910156e+00	1.4732169504998213e-09	3.0188918097895060e+09
/SS/5/PX0PY-1PZ-2/b_X/eta0/bT0/bz-9	6.2156543731689453e+00	4.3180512173965322e-09	3.5312887143546385e+08
/SS/5/PX0PY-1PZ-2/b_X/eta0/bT0/bz0	5.3958786010742188e+01	5.0349869498663053e-10	9.3497585881202637e+10
/SS/5/PX0PY-1PZ-2/b_X/eta0/bT0/bz1	5.0108886718750000e+01	4.9668934104531571e-10	8.5803729473780350e+10
/SS/5/PX0PY-1PZ-2/b_X/eta0/bT0/bz10	2.7353954315185547e+00	3.1705438847615968e-10	6.7816720420597191e+09
/SS/5/PX0PY-1PZ-2/b_X/eta0/bT0/bz11	2.5960626602172852e+00	4.3253003957495286e-10	6.0020401421562195e+09
/SS/5/PX0PY-1PZ-2/b_X/eta0/bT0/bz12	1.8748188018798828e+00	1.4815860029031322e-09	7.5408014484490144e+08
/SS/5/PX0PY-1PZ-2/b_X/eta0/bT0/bz13	1.3096723556518555e+00	7.3743222859018833e-10	1.0476735665571095e+09
/SS/5/PX0PY-1PZ-2/b_X/eta0/bT0/bz14	1.2094631195068359e+00	5.6916831189855428e-10	2.0029716624159544e+09
/SS/5/PX0PY-1PZ-2/b_X/eta0/bT0/bz15	1.6635675430297852e+00	2.0558850659951821e-09	6.5153774417316306e+08
/SS/5/PX0PY-1PZ-2/b_X/eta0/bT0/bz16	1.9422330856323242e+00	4.4310971143481403e-10	2.1278464463504589e+09
/SS/5/PX0PY-1PZ-2/b_X/eta0/bT0/bz17	1.9642982482910156e+00	5.5477950100703053e-10	2.3089457868364096e+09
/SS/5/PX0PY-1PZ-2/b_X/eta0/bT0/bz18	1.9376907348632812e+00	2.4242717715964608e-09	5.5182324194652987e+08
/SS/5/PX0PY-1PZ-2/b_X/eta0/bT0/bz19	1.8688611984252930e+00	8.2100492394735619e-10	1.3205260881386158e+09
/SS/5/PX0PY-1PZ-2/b_X/eta0/bT0/bz2	4.1822540283203125e+01	4.8769453839640208e-10	7.0202291546052826e+10
/SS/5/PX0PY-1PZ-2/b_X/eta0/bT0/bz20	1.6776385307312012e+00	3.9435242844437437e-10	4.2541605166451802e+09
/SS/5/PX0PY-1PZ-2/b_X/eta0/bT0/bz3	3.2648254394531250e+01	4.7687698115622251e-10	5.3738760018971390e+10
/SS/5/PX0PY-1PZ-2/b_X/eta0/bT0/bz4	2.4433731079101562e+01	4.6465954461463787e-10	3.9528515348050713e+10
/SS/5/PX0PY-1PZ-2/b_X/eta0/bT0/bz5	1.7751724243164062e+01	4.4747854136984237e-10	2.8477607545432186e+10
/SS/5/PX0PY-1PZ-2/b_X/eta0/bT0/bz6	1.2554508209228516e+01	4.1058438232139219e-10	3.0577169395111702e+10
/SS/5/PX0PY-1PZ-2/b_X/eta0/bT0/bz7	8.5891914367675781e+00	3.8653732690089100e-10	2.2220858993444286e+10
/SS/5/PX0PY-1PZ-2/b_X/eta0/bT0/bz8	5.6569766998291016e+00	3.5734426768112507e-10	1.5830607096451551e+10
/SS/5/PX0PY-1PZ-2/b_X/eta0/bT0/bz9	3.5897102355957031e+00	3.3092861986739170e-10	1.0847385267052927e+10
/SS/5/PX0PY-1PZ0/b_X/eta0/bT0/bz-1	6.3972442626953125e+01	6.7525548916347594e-10	4.6924355082222160e+10
/SS/5/PX0PY-1PZ0/b_X/eta0/bT0/bz-10	5.0637207031250000e+00	1.0127015750512324e-09	4.8646213679733696e+09
/SS/5/PX0PY-1PZ0/b_X/eta0/bT0/bz-11	3.9869732856750488e+00	1.0521545271061951e-09	3.7893419483169122e+09
/SS/5/PX0PY-1PZ0/b_X/eta0/bT0/bz-12	2.9684000015258789e+00	1.0423479980273029e-09	2.8478013169725738e+09
/SS/5/PX0PY-1PZ0/b_X/eta0/bT0/bz-13	2.4721565246582031e+00	9.3908364007319753e-10	2.2680915142200246e+09
/SS/5/PX0PY-1PZ0/b_X/eta0/bT0/bz-14	2.7588186264038086e+00	7.4451285202502988e-10	2.0895376912674572e+09
/SS/5/PX0PY-1PZ0/b_X/eta0/bT0/bz-15	2.3195915222167969e+00	6.3315654958979229e-10	1.9677543865609083e+09
/SS/5/PX0PY-1PZ0/b_X/eta0/bT0/bz-16	1.7618184089660645e+00	6.7094610503607403e-10	1.6753008059587972e+09
/SS/5/PX0PY-1PZ0/b_X/eta0/bT0/bz-17	1.5900583267211914e+00	1.5337850205126006e-09	4.4369407306419474e+08
/SS/5/PX0PY-1PZ0/b_X/eta0/bT0/bz-18	1.4991879463195801e+00	7.1179311549327448e-10	1.5586582813047585e+09
/SS/5/PX0PY-1PZ0/b_X/eta0/bT0/bz-19	1.7110371589660645e+00	6.2709337105520998e-10	2.7285205647875090e+09
/SS/5/PX0PY-1PZ0/b_X/eta0/bT0/bz-2	5.2878875732421875e+01	6.5739324034237822e-10	3.8277787807576874e+10
/SS/5/PX0PY-1PZ0/b_X/eta0/bT0/bz-20	2.1615433692932129e+00	7.8077548662405769e-10	2.7684570101443172e+09
/SS/5/PX0PY-1PZ0/b_X/eta0/bT0/bz-3	4.1079101562500000e+01	6.5070183909158711e-10	2.8247281488517399e+10
/SS/5/PX0PY-1PZ0/b_X/eta0/bT0/bz-4	3.1481170654296875e+01	5.8688789072948928e-10	1.9133763209745033e+10
/SS/5/PX0PY-1PZ0/b_X/eta0/bT0/bz-5	2.3780502319335938e+01	5.8029059657295903e-10	1.6948288297885551e+10
/SS/5/PX0PY-1PZ0/b_X/eta0/bT0/bz-6	1.7321975708007812e+01	6.5133062669386598e-10	8.5120252232347679e+09
/SS/5/PX0PY-1PZ0/b_X/eta0/bT0/bz-7	1.2297714233398438e+01	7.9736976595542111e-10	2.7538593350104027e+09
/SS/5/PX0PY-1PZ0/b_X/eta0/bT0/bz-8	9.0613441467285156e+00	1.7141258591507268e-09	3.7764991620658102e+09
/SS/5/PX0PY-1PZ0/b_X/eta0/bT0/bz-9	6.7604484558105469e+00	1.7117003426670833e-09	3.0615318459876690e+09
/SS/5/PX0PY-1PZ0/b_X/eta0/bT0/bz0	6.9549133300781250e+01	7.0469174250698040e-10	5.1455959268956795e+10
/SS/5/PX0PY-1PZ0/b_X/eta0/bT0/bz1	6.4907562255859375e+01	7.1990244099041745e-10	5.0251161515886787e+10
/SS/5/PX0PY-1PZ0/b_X/eta0/bT0/bz10	5.2765808105468750e+00	6.9780608857283287e-10	3.1332226139437189e+09
/SS/5/PX0PY-1PZ0/b_X/eta0/bT0/bz11	4.2964973449707031e+00	6.1806340115682427e-10	3.0621316080163970e+09
/SS/5/PX0PY-1PZ0/b_X/eta0/bT0/bz12	3.5161895751953125e+00	7.9099634970211699e-10	2.6337085642154603e+09
/SS/5/PX0PY-1PZ0/b_X/eta0/bT0/bz13	2.9932441711425781e+00	1.1948362764975985e-09	2.5051500611586881e+09
/SS/5/PX0PY-1PZ0/b_X/eta0/bT0/bz14	2.6757044792175293e+00	8.3011813690815356e-10	3.2232815550608506e+09
/SS/5/PX0PY-1PZ0/b_X/eta0/bT0/bz15	2.4041213989257812e+00	5.2480701139215230e-10	4.1890029909845276e+09
/SS/5/PX0PY-1PZ0/b_X/eta0/bT0/bz16	2.1769399642944336e+00	5.5790985216669885e-10	3.6433783861016974e+09
/SS/5/PX0PY-1PZ0/b_X/eta0/bT0/bz17	2.1208753585815430e+00	1.0447975401439439e-09	3.1944833156688643e+08
/SS/5/PX0PY-1PZ0/b_X/eta0/bT0/bz18	2.0589752197265625e+00	5.3211140269249509e-10	3.0090289057226772e+09
/SS/5/PX0PY-1PZ0/b_X/eta0/bT0/bz19	2.2296371459960938e+00	7.8303106349051679e-10	9.8120166256894839e+08
/SS/5/PX0PY-1PZ0/b_X/eta0/bT0/bz2	5.4495422363281250e+01	7.2674038665584340e-10	4.4440994786984283e+10
/SS/5/PX0PY-1PZ0/b_X/eta0/bT0/bz20	2.3722934722900391e+00	4.6898428132424731e-10	1.6552243543477066e+09
/SS/5/PX0PY-1PZ0/b_X/eta0/bT0/bz3	4.2929962158203125e+01	7.3124505985985653e-10	3.6227458285216713e+10
/SS/5/PX0PY-1PZ0/b_X/eta0/bT0/bz4	3.2467544555664062e+01	7.1932022725320207e-10	2.7841272718509300e+10
/SS/5/PX0PY-1PZ0/b_X/eta0/bT0/bz5	2.3636138916015625e+01	6.5649409881338122e-10	2.0804000255820457e+10
/SS/5/PX0PY-1PZ0/b_X/eta0/bT0/bz6	1.6445312500000000e+01	5.3577449495403426e-10	1.5517532403742224e+10
/SS/5/PX0PY-1PZ0/b_X/eta0/bT0/bz7	1.1307003021240234e+01	6.5632472789192508e-10	1.7227757146310238e+10
/SS/5/PX0PY-1PZ0/b_X/eta0/bT0/bz8	8.8868103027343750e+00	8.2864572060699226e-10	9.9500998384655895e+09
/SS/5/PX0PY-1PZ0/b_X/eta0/bT0/bz9	6.9380073547363281e+00	9.7228975343109005e-10	5.5600926566251307e+09
/SS/5/PX0PY-2PZ-1/b_X/eta0/bT0/bz-1	2.9473129272460938e+01	9.3255705190428663e-10	2.5510443191104679e+10
/SS/5/PX0PY-2PZ-1/b_X/eta0/bT0/bz-10	4.6719760894775391e+00	1.2711770664209658e-09	3.0505288524244838e+09
/SS/5/PX0PY-2PZ-1/b_X/eta0/bT0/bz-11	4.0152382850646973e+00	1.6489809261313034e-09	2.4349816431684885e+09
/SS/5/PX0PY-2PZ-1/b_X/eta0/bT0/bz-12	3.3991298675537109e+00	8.0069850092457903e-10	3.4608884298433895e+09
/SS/5/PX0PY-2PZ-1/b_X/eta0/bT0/bz-13	3.2264690399169922e+00	7.4758509542138966e-10	4.3158552246127052e+09
/SS/5/PX0PY-2PZ-1/b_X/eta0/bT0/bz-14	3.0801692008972168e+00	8.6637530709086271e-10	3.5552365997593908e+09
/SS/5/PX0PY-2PZ-1/b_X/eta0/bT0/bz-15	2.8872656822204590e+00	1.0694152223445277e-09	2.6998546700042057e+09
/SS/5/PX0PY-2PZ-1/b_X/eta0/bT0/bz-16	2.4928097724914551e+00	1.5028166719528475e-09	1.6587583961602933e+09
/SS/5/PX0PY-2PZ-1/b_X/eta0/bT0/bz-17	2.6041221618652344e+00	1.2294787973573226e-09	6.8822721569607222e+08
/SS/5/PX0PY-2PZ-1/b_X/eta0/bT0/bz-18	2.8584251403808594e+00	1.0251948645362560e-09	1.3328204870661855e+09
/SS/5/PX0PY-2PZ-1/b_X/eta0/bT0/bz-19	2.6556825637817383e+00	5.9949863636752804e-10	4.4298392067628460e+09
/SS/5/PX0PY-2PZ-1/b_X/eta0/bT0/bz-2	2.5471466064453125e+01	1.0027919488920228e-09	2.0076082088742893e+10
/SS/5/PX0PY-2PZ-1/b_X/eta0/bT0/bz-20	2.0931224822998047e+00	6.2846926708717049e-10	1.1232086222467015e+09
/SS/5/PX0PY-2PZ-1/b_X/eta0/bT0/bz-3	2.0859863281250000e+01	1.1442384236370246e-09	1.3782861525795290e+10
/SS/5/PX0PY-2PZ-1/b_X/eta0/bT0/bz-4	1.6564086914062500e+01	1.3905367204708737e-09	8.1462588063577690e+09
/SS/5/PX0PY-2PZ-1/b_X/eta0/bT0/bz-5	1.2630661010742188e+01	1.5429378678465177e-09	3.7955732726805654e+09
/SS/5/PX0PY-2PZ-1/b_X/eta0/bT0/bz-6	9.0161666870117188e+00	2.2683794435258582e-09	2.0602891103294179e+09
/SS/5/PX0PY-2PZ-1/b_X/eta0/bT0/bz-7	7.2654228210449219e+00	1.7525436042491591e-09	3.3292763733675275e+09
/SS/5/PX0PY-2PZ-1/b_X/eta0/bT0/bz-8	6.1554794311523438e+00	1.6884977886345163e-09	2.9032897452777495e+09
/SS/5/PX0PY-2PZ-1/b_X/eta0/bT0/bz-9	5.3533153533935547e+00	1.3451512726673731e-09	3.2443208821656256e+09
/SS/5/PX0PY-2PZ-1/b_X/eta0/bT0/bz0	3.0571670532226562e+01	8.9720541284201264e-10	2.8115730886636917e+10
/SS/5/PX0PY-2PZ-1/b_X/eta0/bT0/bz1	2.6673233032226562e+01	8.7612768199492385e-10	2.6254128087146015e+10
/SS/5/PX0PY-2PZ-1/b_X/eta0/bT0/bz10	3.6321907043457031e+00	1.1946896162879374e-09	6.3058680079856479e+08
/SS/5/PX0PY-2PZ-1/b_X/eta0/bT0/bz11	3.9261417388916016e+00	3.8593586709323524e-10	1.0173041879891188e+10
/SS/5/PX0PY-2PZ-1/b_X/eta0/bT0/bz12	4.2067136764526367e+00	5.4534024819213936e-10	7.7139248210604992e+09
/SS/5/PX0PY-2PZ-1/b_X/eta0/bT0/bz13	3.9971303939819336e+00	7.8584651106493682e-10	2.0736116028715899e+09
/SS/5/PX0PY-2PZ-1/b_X/eta0/bT0/bz14	3.4272308349609375e+00	1.4925913831498885e-09	1.3992809045535417e+09
/SS/5/PX0PY-2PZ-1/b_X/eta0/bT0/bz15	2.7472944259643555e+00	3.4165583317612820e-09	7.0058841286897945e+08
/SS/5/PX0PY-2PZ-1/b_X/eta0/bT0/bz16	2.6294224262237549e+00	3.7794521647135898e-09	4.7977033181059009e+08
/SS/5/PX0PY-2PZ-1/b_X/eta0/bT0/bz17	1.6662368774414062e+00	1.3068245555970488e-09	5.0042258289365840e+08
/SS/5/PX0PY-2PZ-1/b_X/eta0/bT0/bz18	1.5321028232574463e+00	1.1304089808292678e-09	1.1698826635963690e+09
/SS/5/PX0PY-2PZ-1/b_X/eta0/bT0/bz19	1.6745784282684326e+00	1.2788443031106096e-09	8.0437289032578945e+08
/SS/5/PX0PY-2PZ-1/b_X/eta0/bT0/bz2	2.0558761596679688e+01	8.6826393050657770e-10	2.1546092553227966e+10
/SS/5/PX0PY-2PZ-1/b_X/eta0/bT0/bz20	2.0314381122589111e+00	1.3043314531903337e-09	1.3301028558941429e+09
/SS/5/PX0PY-2PZ-1/b_X/eta0/bT0/bz3	1.4960449218750000e+01	1.1771639233217983e-09	8.8776416317918282e+09
/SS/5/PX0PY-2PZ-1/b_X/eta0/bT0/bz4	1.1035102844238281e+01	8.8394357739887574e-10	1.1765018370697468e+10
/SS/5/PX0PY-2PZ-1/b_X/eta0/bT0/bz5	8.6302413940429688e+00	9.7084982941606785e-10	6.2561684649296131e+09
/SS/5/PX0PY-2PZ-1/b_X/eta0/bT0/bz6	7.1079788208007812e+00	7.6877419478738397e-10	7.1237049519393559e+09
/SS/5/PX0PY-2PZ-1/b_X/eta0/bT0/bz7	5.8004608154296875e+00	6.1844076468829858e-10	5.9093917076171894e+09
/SS/5/PX0PY-2PZ-1/b_X/eta0/bT0/bz8	4.4958648681640625e+00	3.9119512866250419e-10	5.4427031874692316e+09
/SS/5/PX0PY-2PZ-1/b_X/eta0/bT0/bz9	3.6681404113769531e+00	1.0867614261337962e-08	1.0902809358803619e+08
/SS/5/PX0PY-2PZ-2/b_X/eta0/bT0/bz-1	2.2846069335937500e+01	3.5548535355279568e-10	4.1758716563767937e+10
/SS/5/PX0PY-2PZ-2/b_X/eta0/bT0/bz-10	3.0523524284362793e+00	9.3524765633826310e-10	3.2636835898493772e+09
/SS/5/PX0PY-2PZ-2/b_X/eta0/bT0/bz-11	2.6079764366149902e+00	9.6422584522257578e-10	2.7047360839129772e+09
/SS/5/PX0PY-2PZ-2/b_X/eta0/bT0/bz-12	2.1003960371017456e+00	5.1300204572204449e-09	4.0943229264231539e+08
/SS/5/PX0PY-2PZ-2/b_X/eta0/bT0/bz-13	1.6771728992462158e+00	9.0800692968875388e-10	1.8470926205608544e+09
/SS/5/PX0PY-2PZ-2/b_X/eta0/bT0/bz-14	1.6177263259887695e+00	5.0492684350541961e-10	3.2038825956604261e+09
/SS/5/PX0PY-2PZ-2/b_X/eta0/bT0/bz-15	1.8527164459228516e+00	3.7000979483499211e-10	3.9770310721262016e+09
/SS/5/PX0PY-2PZ-2/b_X/eta0/bT0/bz-16	2.2613048553466797e+00	3.2111893340153611e-10	5.4549568047372332e+09
/SS/5/PX0PY-2PZ-2/b_X/eta0/bT0/bz-17	2.4105815887451172e+00	3.9541719272454218e-10	4.3990427387508154e+09
/SS/5/PX0PY-2PZ-2/b_X/eta0/bT0/bz-18	2.3480272293090820e+00	3.2159995292034863e-10	3.7409926667144065e+09
/SS/5/PX0PY-2PZ-2/b_X/eta0/bT0/bz-19	2.1463317871093750e+00	4.2074985064594526e-10	2.1079927108565037e+09
/SS/5/PX0PY-2PZ-2/b_X/eta0/bT0/bz-2	1.7720001220703125e+01	2.9998899527399214e-10	3.9605029468482361e+10
/SS/5/PX0PY-2PZ-2/b_X/eta0/bT0/bz-20	2.0104160308837891e+00	1.1569846118523669e-09	8.9857530807335544e+08
/SS/5/PX0PY-2PZ-2/b_X/eta0/bT0/bz-3	1.2346946716308594e+01	3.5189535536535661e-10	2.8015001323902332e+10
/SS/5/PX0PY-2PZ-2/b_X/eta0/bT0/bz-4	8.1599464416503906e+00	4.0539063434713800e-10	1.7990063075878452e+10
/SS/5/PX0PY-2PZ-2/b_X/eta0/bT0/bz-5	5.9947891235351562e+00	4.4850170309120401e-10	1.3362570110579464e+10
/SS/5/PX0PY-2PZ-2/b_X/eta0/bT0/bz-6	5.5557365417480469e+00	5.8390704567930457e-10	6.4833408007669220e+09
/SS/5/PX0PY-2PZ-2/b_X/eta0/bT0/bz-7	6.2942328453063965e+00	2.0875917384743006e-09	3.0150688610726566e+09
/SS/5/PX0PY-2PZ-2/b_X/eta0/bT0/bz-8	5.1714935302734375e+00	2.1203594286139212e-09	2.4389702332939100e+09
/SS/5/PX0PY-2PZ-2/b_X/eta0/bT0/bz-9	3.6581773757934570e+00	1.0205819359983005e-09	3.4603660904661851e+09
/SS/5/PX0PY-2PZ-2/b_X/eta0/bT0/bz0	2.5619689941406250e+01	4.3557903888539793e-10	3.8991147381482033e+10
/SS/5/PX0PY-2PZ-2/b_X/eta0/bT0/bz1	2.3388122558593750e+01	5.1338976897037048e-10	3.2503280178199070e+10
/SS/5/PX0PY-2PZ-2/b_X/eta0/bT0/bz10	3.7872600555419922e+00	4.0774062310610446e-10	9.2884050323248043e+09
/SS/5/PX0PY-2PZ-2/b_X/eta0/bT0/bz11	3.3330173492431641e+00	3.6782335647196504e-10	9.0614619506828461e+09
/SS/5/PX0PY-2PZ-2/b_X/eta0/bT0/bz12	2.6227760314941406e+00	2.7945452539804954e-10	9.3853410595455914e+09
/SS/5/PX0PY-2PZ-2/b_X/eta0/bT0/bz13	1.8421802520751953e+00	2.5338156998944654e-10	4.8382205101363001e+09
/SS/5/PX0PY-2PZ-2/b_X/eta0/bT0/bz14	1.6867809295654297e+00	4.0689578135777146e-10	4.1454864042502642e+09
/SS/5/PX0PY-2PZ-2/b_X/eta0/bT0/bz15	2.0338745117187500e+00	5.8557910116849920e-10	3.4732703193475251e+09
/SS/5/PX0PY-2PZ-2/b_X/eta0/bT0/bz16	2.2589178085327148e+00	8.2776671186282206e-10	2.7289304778265400e+09
/SS/5/PX0PY-2PZ-2/b_X/eta0/bT0/bz17	2.4192748069763184e+00	1.1970602470858539e-09	2.0210134058547568e+09
/SS/5/PX0PY-2PZ-2/b_X/eta0/bT0/bz18	2.3333778381347656e+00	1.3575010524379155e-09	1.7188773695197420e+09
/SS/5/PX0PY-2PZ-2/b_X/eta0/bT0/bz19	2.2954864501953125e+00	1.0375512969281209e-09	1.8374067726846972e+09
/SS/5/PX0PY-2PZ-2/b_X/eta0/bT0/bz2	1.8456756591796875e+01	5.9226547908432491e-10	2.5158399714927113e+10
/SS/5/PX0PY-2PZ-2/b_X/eta0/bT0/bz20	2.9937195777893066e+00	7.2601770097212275e-10	4.1234801490112123e+09
/SS/5/PX0PY-2PZ-2/b_X/eta0/bT0/bz3	1.3106506347656250e+01	6.7848405206483437e-10	1.8633949443524933e+10
/SS/5/PX0PY-2PZ-2/b_X/eta0/bT0/bz4	1.0400701522827148e+01	7.7543617904963431e-10	1.3412711198972078e+10
/SS/5/PX0PY-2PZ-2/b_X/eta0/bT0/bz5	8.1499538421630859e+00	8.2443199104994075e-10	9.8855380803258934e+09
/SS/5/PX0PY-2PZ-2/b_X/eta0/bT0/bz6	5.8988723754882812e+00	6.8276903385920746e-10	8.6396308018630447e+09
/SS/5/PX0PY-2PZ-2/b_X/eta0/bT0/bz7	4.3535537719726562e+00	9.1984940499306597e-10	3.4804397016112556e+09
/SS/5/PX0PY-2PZ-2/b_X/eta0/bT0/bz8	3.3939628601074219e+00	3.9054984778756438e-10	6.6698305697424002e+09
/SS/5/PX0PY-2PZ-2/b_X/eta0/bT0/bz9	3.7146987915039062e+00	3.4989908194019466e-10	1.0616486247708500e+10
/SS/5/PX0PY-2PZ0/b_X/eta0/bT0/bz-1	4.9705089569091797e+01	2.1341042911879962e-09	2.3290843739141899e+10
/SS/5/PX0PY-2PZ0/b_X/eta0/bT0/bz-10	5.9495010375976562e+00	1.0263711765687509e-09	5.7966369023410816e+09
/SS/5/PX0PY-2PZ0/b_X/eta0/bT0/bz-11	5.0143232345581055e+00	1.5837532813413372e-09	8.9749208251115203e+08
/SS/5/PX0PY-2PZ0/b_X/eta0/bT0/bz-12	4.4377359151840210e+00	4.1534360389891119e-09	1.0684493208818268e+09
/SS/5/PX0PY-2PZ0/b_X/eta0/bT0/bz-13	4.0887780189514160e+00	1.7686871143839919e-09	2.3117588100795760e+09
/SS/5/PX0PY-2PZ0/b_X/eta0/bT0/bz-14	3.7159748077392578e+00	1.2335161594575825e-09	3.0125059807674460e+09
/SS/5/PX0PY-2PZ0/b_X/eta0/bT0/bz-15	3.3953251838684082e+00	1.0799599187614905e-09	3.1439362932674422e+09
/SS/5/PX0PY-2PZ0/b_X/eta0/bT0/bz-16	3.4900021553039551e+00	2.3899711391295271e-09	1.4602695815712152e+09
/SS/5/PX0PY-2PZ0/b_X/eta0/bT0/bz-17	3.4110889434814453e+00	9.9216551992170032e-10	8.6360207299690962e+08
/SS/5/PX0PY-2PZ0/b_X/eta0/bT0/bz-18	3.4507045745849609e+00	1.5965636315039893e-09	1.0010677671495298e+09
/SS/5/PX0PY-2PZ0/b_X/eta0/bT0/bz-19	3.2378120422363281e+00	5.8016886120143819e-09	3.1292545134360176e+08
/SS/5/PX0PY-2PZ0/b_X/eta0/bT0/bz-2	4.5107368469238281e+01	2.5651237411654247e-09	1.7584870369155930e+10
/SS/5/PX0PY-2PZ0/b_X/eta0/bT0/bz-20	1.5773172378540039e+00	1.1422055655469030e-09	1.3771365333621311e+09
/SS/5/PX0PY-2PZ0/b_X/eta0/bT0/bz-3	3.6209300994873047e+01	2.7842548555156747e-09	1.3005023919826004e+10
/SS/5/PX0PY-2PZ0/b_X/eta0/bT0/bz-4	2.6056186676025391e+01	2.7746234291312129e-09	9.3908911755221767e+09
/SS/5/PX0PY-2PZ0/b_X/eta0/bT0/bz-5	1.7108963012695312e+01	2.9856323077303118e-09	5.7304320322356129e+09
/SS/5/PX0PY-2PZ0/b_X/eta0/bT0/bz-6	1.3022434234619141e+01	1.5857243379724416e-09	2.9745897536387210e+09
/SS/5/PX0PY-2PZ0/b_X/eta0/bT0/bz-7	1.0541797637939453e+01	1.2221512119013714e-09	5.7097555785718536e+09
/SS/5/PX0PY-2PZ0/b_X/eta0/bT0/bz-8	8.4903259277343750e+00	2.1765039912985663e-09	3.8345105788291821e+09
/SS/5/PX0PY-2PZ0/b_X/eta0/bT0/bz-9	7.2588100433349609e+00	1.5599963382047488e-09	4.6530942833419943e+09
/SS/5/PX0PY-2PZ0/b_X/eta0/bT0/bz0	4.8793205261230469e+01	1.6770785717987365e-09	2.9094167728168949e+10
/SS/5/PX0PY-2PZ0/b_X/eta0/bT0/bz1	4.2769470214843750e+01	1.3198363200978247e-09	3.2405132033094627e+10
/SS/5/PX0PY-2PZ0/b_X/eta0/bT0/bz10	5.3546066284179688e+00	2.8270803986211088e-09	1.2954398989976530e+09
/SS/5/PX0PY-2PZ0/b_X/eta0/bT0/bz11	4.4937343597412109e+00	1.6917121072198522e-09	1.9373618095827782e+09
/SS/5/PX0PY-2PZ0/b_X/eta0/bT0/bz12	3.9370880126953125e+00	1.0176570911973771e-09	2.5973075530696683e+09
/SS/5/PX0PY-2PZ0/b_X/eta0/bT0/bz13	3.5313758850097656e+00	6.0637948250851629e-10	5.8237060897919960e+09
/SS/5/PX0PY-2PZ0/b_X/eta0/bT0/bz14	3.1254220008850098e+00	8.6582014505437393e-10	1.5558909355950067e+09
/SS/5/PX0PY-2PZ0/b_X/eta0/bT0/bz15	2.6879959106445312e+00	3.3071160833475863e-09	7.0819889960945249e+08
/SS/5/PX0PY-2PZ0/b_X/eta0/bT0/bz16	2.6050591468811035e+00	1.3887038050179486e-09	1.6401398684691427e+09
/SS/5/PX0PY-2PZ0/b_X/eta0/bT0/bz17	2.9090839624404907e+00	3.1630764567945727e-09	9.1970080463642180e+08
/SS/5/PX0PY-2PZ0/b_X/eta0/bT0/bz18	2.5584583282470703e+00	3.8100949877664814e-09	6.3721602534449792e+08
/SS/5/PX0PY-2PZ0/b_X/eta0/bT0/bz19	2.1689748764038086e+00	1.6376207165467450e-09	5.4957444262713253e+08
/SS/5/PX0PY-2PZ0/b_X/eta0/bT0/bz2	3.6888954162597656e+01	1.1040881853943831e-09	3.1734336592869293e+10
/SS/5/PX0PY-2PZ0/b_X/eta0/bT0/bz20	1.8862757682800293e+00	9.4610548609897976e-10	1.9937266996068246e+09
/SS/5/PX0PY-2PZ0/b_X/eta0/bT0/bz3	3.0524188995361328e+01	1.0137547614238862e-09	2.7373171930803730e+10
/SS/5/PX0PY-2PZ0/b_X/eta0/bT0/bz4	2.3857238769531250e+01	1.0348185788616796e-09	2.0969620425144798e+10
/SS/5/PX0PY-2PZ0/b_X/eta0/bT0/bz5	1.8082256317138672e+01	1.1622539258029556e-09	1.4529444373483948e+10
/SS/5/PX0PY-2PZ0/b_X/eta0/bT0/bz6	1.3668172836303711e+01	1.4000242948135435e-09	9.2910925387001228e+09
/SS/5/PX0PY-2PZ0/b_X/eta0/bT0/bz7	1.0307188034057617e+01	1.8067686459211165e-09	5.3491405897155628e+09
/SS/5/PX0PY-2PZ0/b_X/eta0/bT0/bz8	8.2247581481933594e+00	2.6350524031524840e-09	2.4791360217129478e+09
/SS/5/PX0PY-2PZ0/b_X/eta0/bT0/bz9	6.6081085205078125e+00	9.9918906723102255e-10	9.4893135997415614e+08
/SS/5/PX0PY0PZ-1/b_X/eta0/bT0/bz-1	3.9692291259765625e+01	2.8849422266186911e-10	1.2249207803844258e+11
/SS/5/PX0PY0PZ-1/b_X/eta0/bT0/bz-10	3.2688007354736328e+00	4.2911712353606260e-10	2.4565201151779580e+09
/SS/5/PX0PY0PZ-1/b_X/eta0/bT0/bz-11	2.4882440567016602e+00	1.1429560430308879e-09	1.0744330330318785e+09
/SS/5/PX0PY0PZ-1/b_X/eta0/bT0/bz-12	2.5853242874145508e+00	2.3105439364752063e-09	7.7913111557227683e+08
/SS/5/PX0PY0PZ-1/b_X/eta0/bT0/bz-13	2.4689941406250000e+00	1.1677837010561419e-09	1.3309158768951635e+09
/SS/5/PX0PY0PZ-1/b_X/eta0/bT0/bz-14	2.3965148925781250e+00	7.9904773077328149e-10	4.3751693943354070e+08
/SS/5/PX0PY0PZ-1/b_X/eta0/bT0/bz-15	2.4249782562255859e+00	5.3987109524416463e-10	4.4917727168350325e+09
/SS/5/PX0PY0PZ-1/b_X/eta0/bT0/bz-16	1.8962306976318359e+00	4.5764734719141545e-10	4.1434320755249982e+09
/SS/5/PX0PY0PZ-1/b_X/eta0/bT0/bz-17	1.0239458084106445e+00	2.2467093470763509e-10	4.5575357121432199e+09
/SS/5/PX0PY0PZ-1/b_X/eta0/bT0/bz-18	1.2575240135192871e+00	9.1603577158951476e-10	6.2905014322662020e+08
/SS/5/PX0PY0PZ-1/b_X/eta0/bT0/bz-19	1.1594777107238770e+00	2.8609650399643265e-10	4.0527503640461631e+09
/SS/5/PX0PY0PZ-1/b_X/eta0/bT0/bz-2	3.3646423339843750e+01	3.0031079858669618e-10	9.7914511548145966e+10
/SS/5/PX0PY0PZ-1/b_X/eta0/bT0/bz-20	9.6805000305175781e-01	3.0982493723391243e-10	3.1245064122159314e+09
/SS/5/PX0PY0PZ-1/b_X/eta0/bT0/bz-3	2.7214050292968750e+01	3.1145269037535232e-10	7.3143129257268555e+10
/SS/5/PX0PY0PZ-1/b_X/eta0/bT0/bz-4	2.2113296508789062e+01	3.1086972239873617e-10	5.3367695534276413e+10
/SS/5/PX0PY0PZ-1/b_X/eta0/bT0/bz-5	1.7605171203613281e+01	3.1255972404330479e-10	5.6325783040344971e+10
/SS/5/PX0PY0PZ-1/b_X/eta0/bT0/bz-6	1.3586524963378906e+01	3.3235476059460457e-10	4.0879585834942513e+10
/SS/5/PX0PY0PZ-1/b_X/eta0/bT0/bz-7	1.0028491973876953e+01	3.2771860772243800e-10	3.0600923284681492e+10
/SS/5/PX0PY0PZ-1/b_X/eta0/bT0/bz-8	7.1156082153320312e+00	3.0025898070043582e-10	2.3698236098493832e+10
/SS/5/PX0PY0PZ-1/b_X/eta0/bT0/bz-9	4.8943443298339844e+00	2.6032098719109027e-10	1.8801189956464249e+10
/SS/5/PX0PY0PZ-1/b_X/eta0/bT0/bz0	4.2624237060546875e+01	2.8089242153187674e-10	1.3602515457775606e+11
/SS/5/PX0PY0PZ-1/b_X/eta0/bT0/bz1	4.0005371093750000e+01	2.8001275272451931e-10	1.2802369268099213e+11
/SS/5/PX0PY0PZ-1/b_X/eta0/bT0/bz10	4.3317728042602539e+00	9.4496351774855001e-10	4.5840635356812963e+09
/SS/5/PX0PY0PZ-1/b_X/eta0/bT0/bz11	3.6419486999511719e+00	1.4696830828573218e-09	1.4961787293309009e+09
/SS/5/PX0PY0PZ-1/b_X/eta0/bT0/bz12	3.6389369964599609e+00	1.7510594216126011e-09	1.3490519440114417e+09
/SS/5/PX0PY0PZ-1/b_X/eta0/bT0/bz13	3.3123159408569336e+00	9.5924342918469963e-10	2.3672317236698160e+09
/SS/5/PX0PY0PZ-1/b_X/eta0/bT0/bz14	3.0208635330200195e+00	5.8006818642149998e-10	3.4124802100880580e+09
/SS/5/PX0PY0PZ-1/b_X/eta0/bT0/bz15	2.7428445816040039e+00	4.1977273890219877e-10	3.9472821540850182e+09
/SS/5/PX0PY0PZ-1/b_X/eta0/bT0/bz16	2.3698692321777344e+00	3.8346200027788642e-10	3.0290230454625349e+09
/SS/5/PX0PY0PZ-1/b_X/eta0/bT0/bz17	1.9465942382812500e+00	4.1355666165973493e-10	2.1781346833871775e+09
/SS/5/PX0PY0PZ-1/b_X/eta0/bT0/bz18	1.6674180030822754e+00	7.2576587505894954e-10	2.2974599114994779e+09
/SS/5/PX0PY0PZ-1/b_X/eta0/bT0/bz19	1.9351184368133545e+00	1.6053887304200073e-09	1.2053893241838582e+09
/SS/5/PX0PY0PZ-1/b_X/eta0/bT0/bz2	3.4551620483398438e+01	2.8844144947843785e-10	1.0700724872775845e+11
/SS/5/PX0PY0PZ-1/b_X/eta0/bT0/bz20	1.2939605712890625e+00	2.4894109036193150e-10	5.1978585351570272e+09
/SS/5/PX0PY0PZ-1/b_X/eta0/bT0/bz3	2.8818954467773438e+01	3.0968439288595398e-10	8.2938629728734055e+10
/SS/5/PX0PY0PZ-1/b_X/eta0/bT0/bz4	2.3765899658203125e+01	3.4553183509841976e-10	6.1328100639961769e+10
/SS/5/PX0PY0PZ-1/b_X/eta0/bT0/bz5	1.9365791320800781e+01	3.8868260309192689e-10	4.4082757791329025e+10
/SS/5/PX0PY0PZ-1/b_X/eta0/bT0/bz6	1.5426048278808594e+01	4.1467865826736261e-10	3.1579048890545891e+10
/SS/5/PX0PY0PZ-1/b_X/eta0/bT0/bz7	1.1825927734375000e+01	3.8351842252183740e-10	2.3143268301462555e+10
/SS/5/PX0PY0PZ-1/b_X/eta0/bT0/bz8	8.6169586181640625e+00	4.3295966454717975e-10	1.8144663541352791e+10
/SS/5/PX0PY0PZ-1/b_X/eta0/bT0/bz9	6.3923358917236328e+00	6.3717854429394437e-10	1.0032252261109892e+10
/SS/5/PX0PY0PZ-2/b_X/eta0/bT0/bz-1	6.0455810546875000e+01	6.9441007873205240e-10	8.7060675526575562e+10
/SS/5/PX0PY0PZ-2/b_X/eta0/bT0/bz-10	3.9342384338378906e+00	1.5072178587065632e-09	1.6649808164980280e+09
/SS/5/PX0PY0PZ-2/b_X/eta0/bT0/bz-11	3.0641517639160156e+00	4.0414898023952126e-10	2.3696170591748319e+09
/SS/5/PX0PY0PZ-2/b_X/eta0/bT0/bz-12	2.4057788848876953e+00	3.2025845925203822e-10	3.3022732649933767e+09
/SS/5/PX0PY0PZ-2/b_X/eta0/bT0/bz-13	1.8825454711914062e+00	3.3738666243090745e-10	5.4228817179063578e+09
/SS/5/PX0PY0PZ-2/b_X/eta0/bT0/bz-14	1.9409670829772949e+00	8.0927735587347111e-10	1.0930715042485344e+09
/SS/5/PX0PY0PZ-2/b_X/eta0/bT0/bz-15	2.2136802673339844e+00	5.3568246787159852e-10	2.9900279497879424e+09
/SS/5/PX0PY0PZ-2/b_X/eta0/bT0/bz-16	2.4023218154907227e+00	4.1529520430668336e-10	3.3372085906794105e+09
/SS/5/PX0PY0PZ-2/b_X/eta0/bT0/bz-17	2.3918962478637695e+00	4.4429957994499838e-10	3.3509835417149882e+09
/SS/5/PX0PY0PZ-2/b_X/eta0/bT0/bz-18	2.1221399307250977e+00	1.3866703948582534e-09	9.9292282419103408e+08
/SS/5/PX0PY0PZ-2/b_X/eta0/bT0/bz-19	2.1837310791015625e+00	6.2880765245498293e-10	3.4728125056618938e+09
/SS/5/PX0PY0PZ-2/b_X/eta0/bT0/bz-2	5.0089248657226562e+01	6.7602212731650686e-10	7.4094096381219894e+10
/SS/5/PX0PY0PZ-2/b_X/eta0/bT0/bz-20	2.2059483528137207e+00	5.2112747532515752e-10	4.2330302224754496e+09
/SS/5/PX0PY0PZ-2/b_X/eta0/bT0/bz-3	3.8754898071289062e+01	6.5468363832464880e-10	5.9196374863535278e+10
/SS/5/PX0PY0PZ-2/b_X/eta0/bT0/bz-4	2.8759040832519531e+01	6.2641153097533859e-10	4.5910778155282326e+10
/SS/5/PX0PY0PZ-2/b_X/eta0/bT0/bz-5	2.0435821533203125e+01	5.7511892024857555e-10	3.5533210286961937e+10
/SS/5/PX0PY0PZ-2/b_X/eta0/bT0/bz-6	1.3702880859375000e+01	4.9225458794393785e-10	2.7836979471556698e+10
/SS/5/PX0PY0PZ-2/b_X/eta0/bT0/bz-7	9.4617156982421875e+00	3.8696776734973875e-10	2.2037932044722588e+10
/SS/5/PX0PY0PZ-2/b_X/eta0/bT0/bz-8	6.9547042846679688e+00	2.8054128251569443e-10	1.7190997277052521e+10
/SS/5/PX0PY0PZ-2/b_X/eta0/bT0/bz-9	5.1742210388183594e+00	5.5205726956465918e-10	5.3018635860153055e+09
/SS/5/PX0PY0PZ-2/b_X/eta0/bT0/bz0	6.4810165405273438e+01	6.9694514965592447e-10	9.2991773365909256e+10
/SS/5/PX0PY0PZ-2/b_X/eta0/bT0/bz1	5.8680801391601562e+01	6.6708494354966198e-10	8.7603735109753845e+10
/SS/5/PX0PY0PZ-2/b_X/eta0/bT0/bz10	7.0818557739257812e+00	6.7323549855766725e-10	4.6401217674348497e+09
/SS/5/PX0PY0PZ-2/b_X/eta0/bT0/bz11	5.1246986389160156e+00	5.3668012702088412e-10	6.0515301641613989e+09
/SS/5/PX0PY0PZ-2/b_X/eta0/bT0/bz12	3.4667434692382812e+00	1.0492565494265005e-09	2.6154635496116519e+09
/SS/5/PX0PY0PZ-2/b_X/eta0/bT0/bz13	2.2922580838203430e+00	4.3190140215345951e-09	5.3073643021095759e+08
/SS/5/PX0PY0PZ-2/b_X/eta0/bT0/bz14	1.9674530029296875e+00	2.5013720098517031e-09	7.1782066442942822e+08
/SS/5/PX0PY0PZ-2/b_X/eta0/bT0/bz15	2.0173687934875488e+00	1.1839049308698719e-09	1.7039956003944430e+09
/SS/5/PX0PY0PZ-2/b_X/eta0/bT0/bz16	2.1888108253479004e+00	9.9643908271192690e-10	2.1966328532505898e+09
/SS/5/PX0PY0PZ-2/b_X/eta0/bT0/bz17	2.2821540832519531e+00	9.4103292170170903e-10	2.3987850061183438e+09
/SS/5/PX0PY0PZ-2/b_X/eta0/bT0/bz18	2.6733675003051758e+00	9.1297272219691842e-10	2.4165706287797146e+09
/SS/5/PX0PY0PZ-2/b_X/eta0/bT0/bz19	2.7423529624938965e+00	8.7493377847152903e-10	2.3588668776580138e+09
/SS/5/PX0PY0PZ-2/b_X/eta0/bT0/bz2	4.7624420166015625e+01	6.1896855487478932e-10	7.5189444385931625e+10
/SS/5/PX0PY0PZ-2/b_X/eta0/bT0/bz20	2.7383146286010742e+00	7.6504250177324646e-10	2.4355401642374997e+09
/SS/5/PX0PY0PZ-2/b_X/eta0/bT0/bz3	3.6174057006835938e+01	6.0121465815463875e-10	5.5662525162502068e+10
/SS/5/PX0PY0PZ-2/b_X/eta0/bT0/bz4	2.7846832275390625e+01	5.7363193334312513e-10	4.5355874756430725e+10
/SS/5/PX0PY0PZ-2/b_X/eta0/bT0/bz5	2.2685890197753906e+01	5.2320564913331309e-10	3.7476123306135521e+10
/SS/5/PX0PY0PZ-2/b_X/eta0/bT0/bz6	1.8346366882324219e+01	5.1495386247723460e-10	2.7568161069570621e+10
/SS/5/PX0PY0PZ-2/b_X/eta0/bT0/bz7	1.4738109588623047e+01	6.5447549304375362e-10	1.5753803343343725e+10
/SS/5/PX0PY0PZ-2/b_X/eta0/bT0/bz8	1.1808750152587891e+01	1.1323658866354799e-09	6.4482520948938751e+09
/SS/5/PX0PY0PZ-2/b_X/eta0/bT0/bz9	9.3174629211425781e+00	1.3942055675826804e-08	3.7161316904465657e+08
/SS/5/PX0PY0PZ0/b_X/eta0/bT0/bz-1	5.2885498046875000e+01	1.1401621197468853e-10	4.1406946877606720e+11
/SS/5/PX0PY0PZ0/b_X/eta0/bT0/bz-10	5.2151069641113281e+00	1.7085442851459620e-10	3.0523686213177658e+10
/SS/5/PX0PY0PZ0/b_X/eta0/bT0/bz-11	4.5273437500000000e+00	2.5088014765334228e-10	1.3703867634524199e+10
/SS/5/PX0PY0PZ0/b_X/eta0/bT0/bz-12	4.1935997009277344e+00	4.8072983911014015e-10	8.7234021268376846e+09
/SS/5/PX0PY0PZ0/b_X/eta0/bT0/bz-13	3.5840082168579102e+00	5.9148724746072555e-10	6.0593161259928713e+09
/SS/5/PX0PY0PZ0/b_X/eta0/bT0/bz-14	2.9601840972900391e+00	3.5097978806342016e-10	5.0408557192050371e+09
/SS/5/PX0PY0PZ0/b_X/eta0/bT0/bz-15	2.7668933868408203e+00	2.6484382796439840e-10	7.5476700160957174e+09
/SS/5/PX0PY0PZ0/b_X/eta0/bT0/bz-16	2.6393451690673828e+00	5.0757335771346073e-10	4.1795016659452472e+09
/SS/5/PX0PY0PZ0/b_X/eta0/bT0/bz-17	2.5173263549804688e+00	1.4215770528431784e-09	8.8949988917558157e+08
/SS/5/PX0PY0PZ0/b_X/eta0/bT0/bz-18	2.4050197601318359e+00	5.8395460333758811e-10	4.8508020005038851e+08
/SS/5/PX0PY0PZ0/b_X/eta0/bT0/bz-19	2.3390369415283203e+00	1.4877148445862081e-09	1.0785566197364855e+09
/SS/5/PX0PY0PZ0/b_X/eta0/bT0/bz-2	4.4361450195312500e+01	1.1634019410492047e-10	3.4801732652945685e+11
/SS/5/PX0PY0PZ0/b_X/eta0/bT0/bz-20	2.2933521270751953e+00	1.1184495898479181e-09	1.7856898365839152e+09
/SS/5/PX0PY0PZ0/b_X/eta0/bT0/bz-3	3.5208496093750000e+01	1.1972145548821639e-10	2.7511828102021478e+11
/SS/5/PX0PY0PZ0/b_X/eta0/bT0/bz-4	2.7368041992187500e+01	1.2336935631617692e-10	2.1088580243904150e+11
/SS/5/PX0PY0PZ0/b_X/eta0/bT0/bz-5	2.1131317138671875e+01	1.2694038900648798e-10	1.5914457122283081e+11
/SS/5/PX0PY0PZ0/b_X/eta0/bT0/bz-6	1.6279113769531250e+01	1.3076753714851043e-10	1.1895428503064027e+11
/SS/5/PX0PY0PZ0/b_X/eta0/bT0/bz-7	1.2466156005859375e+01	1.3375792810790481e-10	8.8333740675423660e+10
/SS/5/PX0PY0PZ0/b_X/eta0/bT0/bz-8	9.4369506835937500e+00	1.3451171294505779e-10	6.5423933326534943e+10
/SS/5/PX0PY0PZ0/b_X/eta0/bT0/bz-9	6.9565658569335938e+00	1.4320023956911892e-10	4.1001427108202133e+10
/SS/5/PX0PY0PZ0/b_X/eta0/bT0/bz0	5.6691223144531250e+01	1.1308939965781792e-10	4.4434736336515808e+11
/SS/5/PX0PY0PZ0/b_X/eta0/bT0/bz1	5.2080993652343750e+01	1.1405008049117219e-10	4.1223185008828516e+11
/SS/5/PX0PY0PZ0/b_X/eta0/bT0/bz10	1.1228569030761719e+01	3.0394796042945127e-10	3.6942406242492157e+10
/SS/5/PX0PY0PZ0/b_X/eta0/bT0/bz11	9.7952117919921875e+00	3.5213632273970023e-10	2.7816533425984642e+10
/SS/5/PX0PY0PZ0/b_X/eta0/bT0/bz12	8.4256401062011719e+00	4.0855649709389686e-10	2.0622949741672428e+10
/SS/5/PX0PY0PZ0/b_X/eta0/bT0/bz13	7.1022377014160156e+00	5.7816426169549542e-10	6.6759893585224714e+09
/SS/5/PX0PY0PZ0/b_X/eta0/bT0/bz14	5.6686611175537109e+00	5.9039208606472171e-10	9.6015194840065727e+09
/SS/5/PX0PY0PZ0/b_X/eta0/bT0/bz15	3.9104585647583008e+00	6.7413116493293679e-10	5.8007384440494108e+09
/SS/5/PX0PY0PZ0/b_X/eta0/bT0/bz16	2.4895544052124023e+00	4.4794712643351403e-10	3.2166164591867409e+09
/SS/5/PX0PY0PZ0/b_X/eta0/bT0/bz17	2.3352947235107422e+00	8.6668464203546188e-10	1.9640264851874106e+09
/SS/5/PX0PY0PZ0/b_X/eta0/bT0/bz18	2.7070569992065430e+00	1.5162838315182780e-09	1.7853233958815782e+09
/SS/5/PX0PY0PZ0/b_X/eta0/bT0/bz19	2.9686889648437500e+00	6.6432300490656042e-10	1.8731633131623447e+09
/SS/5/PX0PY0PZ0/b_X/eta0/bT0/bz2	4.3079589843750000e+01	1.1653158110702229e-10	3.4584094044471777e+11
/SS/5/PX0PY0PZ0/b_X/eta0/bT0/bz20	3.1117782592773438e+00	9.8243058458139233e-10	1.3644265162532969e+09
/SS/5/PX0PY0PZ0/b_X/eta0/bT0/bz3	3.3819213867187500e+01	1.2146508534275006e-10	2.7346208070388278e+11
/SS/5/PX0PY0PZ0/b_X/eta0/bT0/bz4	2.7291534423828125e+01	1.3023365710630409e-10	2.0955822811265469e+11
/SS/5/PX0PY0PZ0/b_X/eta0/bT0/bz5	2.2686126708984375e+01	1.4367660446028625e-10	1.5789715238749997e+11
/SS/5/PX0PY0PZ0/b_X/eta0/bT0/bz6	1.9141143798828125e+01	1.6193610525665854e-10	1.1820182885398297e+11
/SS/5/PX0PY0PZ0/b_X/eta0/bT0/bz7	1.6426620483398438e+01	1.8581191832789919e-10	8.8404557851938507e+10
/SS/5/PX0PY0PZ0/b_X/eta0/bT0/bz8	1.4381378173828125e+01	2.1762165552048678e-10	6.6084315641437943e+10
/SS/5/PX0PY0PZ0/b_X/eta0/bT0/bz9	1.2733215332031250e+01	2.5806013720377885e-10	4.9342046664016090e+10
/SS/5/PX0PY1PZ-1/b_X/eta0/bT0/bz-1	2.8904296875000000e+01	1.3467660964674057e-10	2.1462002162674384e+11
/SS/5/PX0PY1PZ-1/b_X/eta0/bT0/bz-10	1.6635551452636719e+00	2.1711661515316158e-10	7.6027502632660675e+09
/SS/5/PX0PY1PZ-1/b_X/eta0/bT0/bz-11	1.5990467071533203e+00	1.4672992257012009e-09	9.5880773568533897e+08
/SS/5/PX0PY1PZ-1/b_X/eta0/bT0/bz-12	2.6783485412597656e+00	8.5092008380939899e-10	1.2832797781531122e+09
/SS/5/PX0PY1PZ-1/b_X/eta0/bT0/bz-13	3.5622391700744629e+00	1.0630348145510136e-09	1.3301950656521916e+09
/SS/5/PX0PY1PZ-1/b_X/eta0/bT0/bz-14	3.4389824867248535e+00	1.0917560990333947e-09	3.1499549118796921e+09
/SS/5/PX0PY1PZ-1/b_X/eta0/bT0/bz-15	3.1792793273925781e+00	1.6693441313279509e-09	1.9045080446435480e+09
/SS/5/PX0PY1PZ-1/b_X/eta0/bT0/bz-16	2.8269567489624023e+00	6.1809432786947385e-09	4.0833912227823621e+08
/SS/5/PX0PY1PZ-1/b_X/eta0/bT0/bz-17	3.0222511291503906e+00	1.0657774990770044e-09	2.8357242780671873e+09
/SS/5/PX0PY1PZ-1/b_X/eta0/bT0/bz-18	2.9748106002807617e+00	7.0456800508793207e-10	1.1339467023034327e+09
/SS/5/PX0PY1PZ-1/b_X/eta0/bT0/bz-19	2.9077472686767578e+00	7.8349891907599180e-09	9.4527473191497907e+07
/SS/5/PX0PY1PZ-1/b_X/eta0/bT0/bz-2	2.3162597656250000e+01	1.3352638397107821e-10	1.7346832114668076e+11
/SS/5/PX0PY1PZ-1/b_X/eta0/bT0/bz-20	2.7805824279785156e+00	9.0130023266486230e-10	1.5919862825791059e+09
/SS/5/PX0PY1PZ-1/b_X/eta0/bT0/bz-3	1.7253173828125000e+01	1.3140122811627176e-10	1.3130146556056804e+11
/SS/5/PX0PY1PZ-1/b_X/eta0/bT0/bz-4	1.2449478149414062e+01	1.3021944533756044e-10	9.5603833337962616e+10
/SS/5/PX0PY1PZ-1/b_X/eta0/bT0/bz-5	8.9175567626953125e+00	1.3148437744882454e-10	6.7822177324193085e+10
/SS/5/PX0PY1PZ-1/b_X/eta0/bT0/bz-6	6.4353866577148438e+00	1.3534637079249488e-10	4.7547537625380447e+10
/SS/5/PX0PY1PZ-1/b_X/eta0/bT0/bz-7	4.6780471801757812e+00	1.4024267932390131e-10	3.3356801244302166e+10
/SS/5/PX0PY1PZ-1/b_X/eta0/bT0/bz-8	3.3730773925781250e+00	1.4212999342405310e-10	2.3732340453392918e+10
/SS/5/PX0PY1PZ-1/b_X/eta0/bT0/bz-9	2.3263740539550781e+00	1.6169876145083734e-10	1.1883097118006344e+10
/SS/5/PX0PY1PZ-1/b_X/eta0/bT0/bz0	3.1845642089843750e+01	1.3360913897529291e-10	2.3834928010225906e+11
/SS/5/PX0PY1PZ-1/b_X/eta0/bT0/bz1	2.9483612060546875e+01	1.2948244990549997e-10	2.2770353883530060e+11
/SS/5/PX0PY1PZ-1/b_X/eta0/bT0/bz10	3.7154674530029297e+00	3.2649637630769251e-10	1.1379812220339766e+10
/SS/5/PX0PY1PZ-1/b_X/eta0/bT0/bz11	3.3495922088623047e+00	3.9804843702538926e-10	8.4150367073257799e+09
/SS/5/PX0PY1PZ-1/b_X/eta0/bT0/bz12	2.6683387756347656e+00	5.1454349697976169e-10	5.1858371377681961e+09
/SS/5/PX0PY1PZ-1/b_X/eta0/bT0/bz13	2.3207073211669922e+00	3.6061445332379402e-10	6.4019341663799467e+09
/SS/5/PX0PY1PZ-1/b_X/eta0/bT0/bz14	2.3051986694335938e+00	7.0654556468646318e-10	3.0653900795500751e+09
/SS/5/PX0PY1PZ-1/b_X/eta0/bT0/bz15	2.0625095367431641e+00	7.5837741451558554e-10	1.6090080273912554e+09
/SS/5/PX0PY1PZ-1/b_X/eta0/bT0/bz16	1.8512315750122070e+00	4.9739763516079726e-10	3.3246569604670153e+09
/SS/5/PX0PY1PZ-1/b_X/eta0/bT0/bz17	2.2307162284851074e+00	7.0525480510614353e-10	3.1629933072903719e+09
/SS/5/PX0PY1PZ-1/b_X/eta0/bT0/bz18	2.7353253364562988e+00	8.2840534785211635e-10	3.3019165599889369e+09
/SS/5/PX0PY1PZ-1/b_X/eta0/bT0/bz19	3.1205124855041504e+00	3.0952906967625261e-09	4.9984012625578952e+08
/SS/5/PX0PY1PZ-1/b_X/eta0/bT0/bz2	2.4024841308593750e+01	1.2200609757984127e-10	1.9691508691089639e+11
/SS/5/PX0PY1PZ-1/b_X/eta0/bT0/bz20	3.4261698722839355e+00	1.1221968390534050e-09	1.4461602004554482e+09
/SS/5/PX0PY1PZ-1/b_X/eta0/bT0/bz3	1.8037963867187500e+01	1.6908387725032171e-10	3.3318996646969997e+10
/SS/5/PX0PY1PZ-1/b_X/eta0/bT0/bz4	1.4267578125000000e+01	2.1570147673401623e-10	2.7205838492290577e+10
/SS/5/PX0PY1PZ-1/b_X/eta0/bT0/bz5	1.1435653686523438e+01	2.4816570341211812e-10	2.2942288142258312e+10
/SS/5/PX0PY1PZ-1/b_X/eta0/bT0/bz6	9.2485656738281250e+00	2.6466847525574321e-10	1.9930787419416672e+10
/SS/5/PX0PY1PZ-1/b_X/eta0/bT0/bz7	7.4377975463867188e+00	2.7319079755171001e-10	1.7608897809815010e+10
/SS/5/PX0PY1PZ-1/b_X/eta0/bT0/bz8	5.8648605346679688e+00	2.7988197755434917e-10	1.5736128372796345e+10
/SS/5/PX0PY1PZ-1/b_X/eta0/bT0/bz9	4.5918045043945312e+00	2.9327841910739931e-10	1.3805056439189188e+10
/SS/5/PX0PY1PZ-2/b_X/eta0/bT0/bz-1	1.8142288208007812e+01	2.4285542702650101e-10	7.4704067478088837e+10
/SS/5/PX0PY1PZ-2/b_X/eta0/bT0/bz-10	3.2381458282470703e+00	3.1643650814674977e-10	9.2692114763241615e+09
/SS/5/PX0PY1PZ-2/b_X/eta0/bT0/bz-11	3.0969676971435547e+00	4.2980193155492193e-10	6.5061175642943811e+09
/SS/5/PX0PY1PZ-2/b_X/eta0/bT0/bz-12	2.8941326141357422e+00	5.8467189658206303e-10	4.5312228212686539e+09
/SS/5/PX0PY1PZ-2/b_X/eta0/bT0/bz-13	2.9673128128051758e+00	6.3668345753754031e-10	3.8405269329405966e+09
/SS/5/PX0PY1PZ-2/b_X/eta0/bT0/bz-14	3.0132207870483398e+00	5.1785488256778622e-10	4.3900851109286051e+09
/SS/5/PX0PY1PZ-2/b_X/eta0/bT0/bz-15	2.7397165298461914e+00	5.1142056388166465e-10	3.1589573774324126e+09
/SS/5/PX0PY1PZ-2/b_X/eta0/bT0/bz-16	2.5672149658203125e+00	3.7890137965290897e-10	6.2238134880749559e+09
/SS/5/PX0PY1PZ-2/b_X/eta0/bT0/bz-17	2.5357952117919922e+00	5.4588637373105101e-10	3.4457721102384701e+09
/SS/5/PX0PY1PZ-2/b_X/eta0/bT0/bz-18	2.5810871124267578e+00	4.2553766856923890e-10	4.5700554905177956e+09
/SS/5/PX0PY1PZ-2/b_X/eta0/bT0/bz-19	2.6766262054443359e+00	3.4455203794920456e-10	5.1771905916773157e+09
/SS/5/PX0PY1PZ-2/b_X/eta0/bT0/bz-2	1.4126373291015625e+01	3.4753417189177964e-10	3.3977949041067146e+10
/SS/5/PX0PY1PZ-2/b_X/eta0/bT0/bz-20	2.7481136322021484e+00	3.4060286760240889e-10	2.2394637987559099e+09
/SS/5/PX0PY1PZ-2/b_X/eta0/bT0/bz-3	1.2660045623779297e+01	4.3137864066580471e-10	2.9347873145131489e+10
/SS/5/PX0PY1PZ-2/b_X/eta0/bT0/bz-4	1.1165012359619141e+01	4.3766748864034636e-10	2.5510262126858593e+10
/SS/5/PX0PY1PZ-2/b_X/eta0/bT0/bz-5	8.7498435974121094e+00	3.9164215673314086e-10	2.2341424300178497e+10
/SS/5/PX0PY1PZ-2/b_X/eta0/bT0/bz-6	6.5014305114746094e+00	3.2235875631845543e-10	2.0168307465027885e+10
/SS/5/PX0PY1PZ-2/b_X/eta0/bT0/bz-7	4.7191543579101562e+00	2.4898917143535276e-10	1.8953251383204960e+10
/SS/5/PX0PY1PZ-2/b_X/eta0/bT0/bz-8	3.4303436279296875e+00	1.8478887152021178e-10	1.8251721375813427e+10
/SS/5/PX0PY1PZ-2/b_X/eta0/bT0/bz-9	3.2507553100585938e+00	1.1413092207357448e-09	1.6446293230051892e+09
/SS/5/PX0PY1PZ-2/b_X/eta0/bT0/bz0	2.0319503784179688e+01	2.5676153813584895e-10	7.9137646283412277e+10
/SS/5/PX0PY1PZ-2/b_X/eta0/bT0/bz1	1.8742538452148438e+01	2.5505486835801510e-10	7.3484339165171066e+10
/SS/5/PX0PY1PZ-2/b_X/eta0/bT0/bz10	3.8106002807617188e+00	3.6765291541901664e-10	3.5555998689078155e+09
/SS/5/PX0PY1PZ-2/b_X/eta0/bT0/bz11	3.5459251403808594e+00	2.4582461565423552e-10	1.4424613787938871e+10
/SS/5/PX0PY1PZ-2/b_X/eta0/bT0/bz12	3.3491668701171875e+00	3.0640311248743456e-10	5.2413582300266514e+09
/SS/5/PX0PY1PZ-2/b_X/eta0/bT0/bz13	3.1672821044921875e+00	7.2168015268096224e-10	1.6189882737094538e+09
/SS/5/PX0PY1PZ-2/b_X/eta0/bT0/bz14	2.9168148040771484e+00	1.3461349686306848e-09	1.2940061152295151e+09
/SS/5/PX0PY1PZ-2/b_X/eta0/bT0/bz15	2.6215143203735352e+00	1.3258293482988606e-09	1.3596564207018034e+09
/SS/5/PX0PY1PZ-2/b_X/eta0/bT0/bz16	2.3387117385864258e+00	9.4819470563692450e-10	1.5768957592702529e+09
/SS/5/PX0PY1PZ-2/b_X/eta0/bT0/bz17	2.3346757888793945e+00	5.6028822813075980e-10	1.9641776057126212e+09
/SS/5/PX0PY1PZ-2/b_X/eta0/bT0/bz18	2.2440671920776367e+00	5.1139345658538999e-10	4.3881421695565500e+09
/SS/5/PX0PY1PZ-2/b_X/eta0/bT0/bz19	2.0023736953735352e+00	8.2009559751838468e-10	2.4416344892384896e+09
/SS/5/PX0PY1PZ-2/b_X/eta0/bT0/bz2	1.5035850524902344e+01	2.4261287313266416e-10	6.1974660827995422e+10
/SS/5/PX0PY1PZ-2/b_X/eta0/bT0/bz20	1.1673722267150879e+00	7.2302166311984403e-10	1.2143798090028908e+09
/SS/5/PX0PY1PZ-2/b_X/eta0/bT0/bz3	1.0930252075195312e+01	2.2347138270911323e-10	4.8911193651237801e+10
/SS/5/PX0PY1PZ-2/b_X/eta0/bT0/bz4	7.6634140014648438e+00	2.0834980666578745e-10	3.6781478822093056e+10
/SS/5/PX0PY1PZ-2/b_X/eta0/bT0/bz5	5.5905265808105469e+00	1.9998678288969620e-10	2.7954480291300213e+10
/SS/5/PX0PY1PZ-2/b_X/eta0/bT0/bz6	4.5468673706054688e+00	1.8984971561634343e-10	2.0624371997269363e+10
/SS/5/PX0PY1PZ-2/b_X/eta0/bT0/bz7	4.4758872985839844e+00	1.8474134418823213e-10	1.7533541767253326e+10
/SS/5/PX0PY1PZ-2/b_X/eta0/bT0/bz8	4.3326225280761719e+00	1.7574257634743118e-10	2.4653232120091778e+10
/SS/5/PX0PY1PZ-2/b_X/eta0/bT0/bz9	4.0987396240234375e+00	3.9980752143554585e-10	3.9564192719079094e+09
/SS/5/PX0PY1PZ0/b_X/eta0/bT0/bz-1	9.3364196777343750e+01	6.7565064949647142e-10	1.2391637925798146e+11
/SS/5/PX0PY1PZ0/b_X/eta0/bT0/bz-10	8.6687736511230469e+00	8.8430834565990380e-10	8.8047649088325672e+09
/SS/5/PX0PY1PZ0/b_X/eta0/bT0/bz-11	6.4041023254394531e+00	9.1506933552157414e-10	6.2142483674731131e+09
/SS/5/PX0PY1PZ0/b_X/eta0/bT0/bz-12	4.8420047760009766e+00	9.4836222624115732e-10	4.4537439338426142e+09
/SS/5/PX0PY1PZ0/b_X/eta0/bT0/bz-13	3.9611568450927734e+00	9.5278839129460056e-10	4.1574360910406919e+09
/SS/5/PX0PY1PZ0/b_X/eta0/bT0/bz-14	3.6419734954833984e+00	1.1361081128546863e-09	2.5345113716262155e+09
/SS/5/PX0PY1PZ0/b_X/eta0/bT0/bz-15	3.3702831268310547e+00	6.4270294351970596e-10	2.8240174828127775e+09
/SS/5/PX0PY1PZ0/b_X/eta0/bT0/bz-16	2.8550586700439453e+00	6.3817650891234489e-10	2.8060979438773341e+09
/SS/5/PX0PY1PZ0/b_X/eta0/bT0/bz-17	2.2378826141357422e+00	7.0950256209460857e-10	3.1349419745280132e+09
/SS/5/PX0PY1PZ0/b_X/eta0/bT0/bz-18	1.9731850624084473e+00	8.3828234429865096e-10	2.3538430408662763e+09
/SS/5/PX0PY1PZ0/b_X/eta0/bT0/bz-19	1.6435732841491699e+00	7.9926375343678825e-10	2.0563590893267701e+09
/SS/5/PX0PY1PZ0/b_X/eta0/bT0/bz-2	7.8501678466796875e+01	7.0622514730718419e-10	1.0144129870102586e+11
/SS/5/PX0PY1PZ0/b_X/eta0/bT0/bz-20	1.7246656417846680e+00	9.5477954063290825e-10	1.3811009261177573e+09
/SS/5/PX0PY1PZ0/b_X/eta0/bT0/bz-3	6.2457397460937500e+01	7.4362448636213794e-10	7.7952731355088120e+10
/SS/5/PX0PY1PZ0/b_X/eta0/bT0/bz-4	4.8316772460937500e+01	7.8789029637425960e-10	5.7859914285571823e+10
/SS/5/PX0PY1PZ0/b_X/eta0/bT0/bz-5	3.6682815551757812e+01	8.3750868747130048e-10	4.2060438527955856e+10
/SS/5/PX0PY1PZ0/b_X/eta0/bT0/bz-6	2.7500717163085938e+01	8.8156013293111901e-10	3.0453435592352913e+10
/SS/5/PX0PY1PZ0/b_X/eta0/bT0/bz-7	2.0594306945800781e+01	9.0163880703565525e-10	2.2327884522289127e+10
/SS/5/PX0PY1PZ0/b_X/eta0/bT0/bz-8	1.5334754943847656e+01	8.9089830955219173e-10	1.6603395377217392e+10
/SS/5/PX0PY1PZ0/b_X/eta0/bT0/bz-9	1.1784217834472656e+01	8.7596895632091079e-10	1.2258977160625587e+10
/SS/5/PX0PY1PZ0/b_X/eta0/bT0/bz0	1.0066235351562500e+02	6.4871060299922829e-10	1.3658288847861076e+11
/SS/5/PX0PY1PZ0/b_X/eta0/bT0/bz1	9.4408325195312500e+01	6.2111932629080947e-10	1.3033204455641521e+11
/SS/5/PX0PY1PZ0/b_X/eta0/bT0/bz10	8.9751586914062500e+00	1.1012759184324766e-09	4.7953608244108381e+09
/SS/5/PX0PY1PZ0/b_X/eta0/bT0/bz11	6.7139167785644531e+00	7.9313317455106138e-10	5.5976633429391289e+09
/SS/5/PX0PY1PZ0/b_X/eta0/bT0/bz12	5.0707073211669922e+00	1.5146265713690261e-09	2.5305920463196630e+09
/SS/5/PX0PY1PZ0/b_X/eta0/bT0/bz13	3.8870325088500977e+00	9.5009162115285104e-09	3.1906034802544343e+08
/SS/5/PX0PY1PZ0/b_X/eta0/bT0/bz14	3.3953857421875000e+00	1.8072706874701536e-09	1.8787366860580332e+09
/SS/5/PX0PY1PZ0/b_X/eta0/bT0/bz15	3.0118074417114258e+00	7.3289328129932494e-10	4.1094761250531335e+09
/SS/5/PX0PY1PZ0/b_X/eta0/bT0/bz16	2.7296962738037109e+00	1.0262373551501522e-09	1.0134997239665321e+09
/SS/5/PX0PY1PZ0/b_X/eta0/bT0/bz17	2.6211233139038086e+00	5.7579219980970256e-10	1.6967073958074379e+09
/SS/5/PX0PY1PZ0/b_X/eta0/bT0/bz18	2.5816249847412109e+00	6.3014650284370566e-10	1.5604178710153472e+09
/SS/5/PX0PY1PZ0/b_X/eta0/bT0/bz19	2.4720764160156250e+00	4.3514926741558925e-10	2.9365701198442764e+09
/SS/5/PX0PY1PZ0/b_X/eta0/bT0/bz2	8.0326782226562500e+01	5.9249089652010252e-10	1.1250481897054071e+11
/SS/5/PX0PY1PZ0/b_X/eta0/bT0/bz20	2.2969207763671875e+00	3.6298024146059934e-10	3.4330873196098218e+09
/SS/5/PX0PY1PZ0/b_X/eta0/bT0/bz3	6.4317382812500000e+01	5.6673637481890848e-10	9.1192754290875961e+10
/SS/5/PX0PY1PZ0/b_X/eta0/bT0/bz4	4.9882080078125000e+01	5.4981537101244604e-10	7.0916472788085022e+10
/SS/5/PX0PY1PZ0/b_X/eta0/bT0/bz5	3.8194534301757812e+01	5.4748289499734178e-10	5.3234366510160172e+10
/SS/5/PX0PY1PZ0/b_X/eta0/bT0/bz6	2.8819885253906250e+01	5.5899666333147875e-10	3.8853954015421753e+10
/SS/5/PX0PY1PZ0/b_X/eta0/bT0/bz7	2.1564086914062500e+01	5.7699375472579900e-10	2.7784142499946640e+10
/SS/5/PX0PY1PZ0/b_X/eta0/bT0/bz8	1.6088500976562500e+01	5.8958843432078037e-10	1.9543331079637722e+10
/SS/5/PX0PY1PZ0/b_X/eta0/bT0/bz9	1.2010841369628906e+01	5.7676687009421720e-10	1.1613993077780872e+10
/SS/5/PX0PY2PZ-1/b_X/eta0/bT0/bz-1	1.2871551513671875e+01	2.6062428278695586e-10	4.5800673101065430e+10
/SS/5/PX0PY2PZ-1/b_X/eta0/bT0/bz-10	3.2767877578735352e+00	7.6959379908081860e-10	3.9505514769186745e+09
/SS/5/PX0PY2PZ-1/b_X/eta0/bT0/bz-11	2.5035066604614258e+00	1.0670702908402277e-09	2.3461497166134443e+09
/SS/5/PX0PY2PZ-1/b_X/eta0/bT0/bz-12	2.5962023735046387e+00	7.9360266760230908e-10	3.2714133652656145e+09
/SS/5/PX0PY2PZ-1/b_X/eta0/bT0/bz-13	2.6194601058959961e+00	6.6644060072652918e-10	3.9305229949081082e+09
/SS/5/PX0PY2PZ-1/b_X/eta0/bT0/bz-14	3.4600744247436523e+00	1.2177825494176161e-09	2.8412908580422459e+09
/SS/5/PX0PY2PZ-1/b_X/eta0/bT0/bz-15	3.2754712104797363e+00	8.2733814415284067e-10	3.9590477407924671e+09
/SS/5/PX0PY2PZ-1/b_X/eta0/bT0/bz-16	2.5285501480102539e+00	1.0078651996540161e-09	1.0519711928262948e+09
/SS/5/PX0PY2PZ-1/b_X/eta0/bT0/bz-17	1.9851694107055664e+00	8.2245328777750555e-10	1.5106003957759435e+09
/SS/5/PX0PY2PZ-1/b_X/eta0/bT0/bz-18	1.7220430374145508e+00	5.3893572905906055e-10	2.2184950716434541e+09
/SS/5/PX0PY2PZ-1/b_X/eta0/bT0/bz-19	1.7404060363769531e+00	6.3064428787617871e-10	1.4214764279047489e+09
/SS/5/PX0PY2PZ-1/b_X/eta0/bT0/bz-2	1.1143341064453125e+01	3.1680515795581690e-10	3.0518008431661438e+10
/SS/5/PX0PY2PZ-1/b_X/eta0/bT0/bz-20	1.6840915679931641e+00	4.6978210845556270e-10	3.3355450964612093e+09
/SS/5/PX0PY2PZ-1/b_X/eta0/bT0/bz-3	9.0649108886718750e+00	4.8860693211206136e-10	1.5157698454876608e+10
/SS/5/PX0PY2PZ-1/b_X/eta0/bT0/bz-4	6.9709472656250000e+00	2.2836300776795370e-09	2.6009140719863753e+09
/SS/5/PX0PY2PZ-1/b_X/eta0/bT0/bz-5	6.3179283142089844e+00	5.2449978722283528e-10	6.5643566276933689e+09
/SS/5/PX0PY2PZ-1/b_X/eta0/bT0/bz-6	7.2617034912109375e+00	3.3844510415339513e-10	2.1456074861463146e+10
/SS/5/PX0PY2PZ-1/b_X/eta0/bT0/bz-7	6.0418109893798828e+00	3.8142634611049369e-10	1.5840046318220655e+10
/SS/5/PX0PY2PZ-1/b_X/eta0/bT0/bz-8	3.3933448791503906e+00	2.3569079255884196e-10	1.4397443541640333e+10
/SS/5/PX0PY2PZ-1/b_X/eta0/bT0/bz-9	3.3051891326904297e+00	3.5954824848960602e-10	9.1926164195623322e+09
/SS/5/PX0PY2PZ-1/b_X/eta0/bT0/bz0	1.3769958496093750e+01	2.4103971621424913e-10	5.5477892599222771e+10
/SS/5/PX0PY2PZ-1/b_X/eta0/bT0/bz1	1.3240447998046875e+01	2.3854907131318615e-10	5.4507798573371178e+10
/SS/5/PX0PY2PZ-1/b_X/eta0/bT0/bz10	3.9566249847412109e+00	2.8761743335991595e-10	1.2144903111053461e+10
/SS/5/PX0PY2PZ-1/b_X/eta0/bT0/bz11	4.0391044616699219e+00	2.9349391873716536e-10	1.3762140214179665e+10
/SS/5/PX0PY2PZ-1/b_X/eta0/bT0/bz12	3.5793704986572266e+00	2.9946474610039316e-10	1.1952560510936640e+10
/SS/5/PX0PY2PZ-1/b_X/eta0/bT0/bz13	3.3474874496459961e+00	8.9471877685748319e-10	3.7413850432460594e+09
/SS/5/PX0PY2PZ-1/b_X/eta0/bT0/bz14	3.4009637832641602e+00	6.8523018310474881e-10	3.6419422462996340e+09
/SS/5/PX0PY2PZ-1/b_X/eta0/bT0/bz15	2.5538177490234375e+00	5.9652535945164576e-10	3.9229224083427062e+09
/SS/5/PX0PY2PZ-1/b_X/eta0/bT0/bz16	1.8143367767333984e+00	3.3732521065386909e-10	4.9163226747699890e+09
/SS/5/PX0PY2PZ-1/b_X/eta0/bT0/bz17	1.5375795364379883e+00	4.2800617743802704e-10	3.4630155302007513e+09
/SS/5/PX0PY2PZ-1/b_X/eta0/bT0/bz18	1.3639788627624512e+00	6.0124940621989402e-10	2.2685741535079460e+09
/SS/5/PX0PY2PZ-1/b_X/eta0/bT0/bz19	1.3482923507690430e+00	7.7364932103635596e-10	1.7172485735503838e+09
/SS/5/PX0PY2PZ-1/b_X/eta0/bT0/bz2	1.1872680664062500e+01	2.4357061208784114e-10	4.7018621552842239e+10
/SS/5/PX0PY2PZ-1/b_X/eta0/bT0/bz20	2.1533246636390686e+00	5.3241629713977166e-09	4.0444379242466557e+08
/SS/5/PX0PY2PZ-1/b_X/eta0/bT0/bz3	1.0330886840820312e+01	2.5060566604456161e-10	3.7950447725762009e+10
/SS/5/PX0PY2PZ-1/b_X/eta0/bT0/bz4	8.9195098876953125e+00	2.5339470860646126e-10	3.0120494037892616e+10
/SS/5/PX0PY2PZ-1/b_X/eta0/bT0/bz5	7.5892639160156250e+00	2.9977496104933854e-10	2.4513334981627064e+10
/SS/5/PX0PY2PZ-1/b_X/eta0/bT0/bz6	6.3044815063476562e+00	3.4957790787188860e-10	1.6618159499921940e+10
/SS/5/PX0PY2PZ-1/b_X/eta0/bT0/bz7	5.0787353515625000e+00	3.4119015733974882e-10	1.3327155685106379e+10
/SS/5/PX0PY2PZ-1/b_X/eta0/bT0/bz8	4.3040904998779297e+00	3.1257996628166737e-10	1.2567481102336603e+10
/SS/5/PX0PY2PZ-1/b_X/eta0/bT0/bz9	4.0602607727050781e+00	2.9505153159602707e-10	1.2520539413780420e+10
/SS/5/PX0PY2PZ-2/b_X/eta0/bT0/bz-1	2.8157669067382812e+01	3.7801303665289990e-10	7.4488619008232300e+10
/SS/5/PX0PY2PZ-2/b_X/eta0/bT0/bz-10	3.5995683670043945e+00	4.8925907023265904e-10	7.3571826993267183e+09
/SS/5/PX0PY2PZ-2/b_X/eta0/bT0/bz-11	3.0039033889770508e+00	4.3417387219924395e-10	6.9186645750036030e+09
/SS/5/PX0PY2PZ-2/b_X/eta0/bT0/bz-12	2.2498235702514648e+00	2.7656398489678558e-10	5.0828908656958075e+09
/SS/5/PX0PY2PZ-2/b_X/eta0/bT0/bz-13	1.8861579895019531e+00	4.1930315453829599e-10	4.0522767932555089e+09
/SS/5/PX0PY2PZ-2/b_X/eta0/bT0/bz-14	1.9495220184326172e+00	5.8082850121981511e-10	1.9873368461877775e+09
/SS/5/PX0PY2PZ-2/b_X/eta0/bT0/bz-15	2.0913791656494141e+00	9.4582890374489281e-10	1.1791538223938725e+09
/SS/5/PX0PY2PZ-2/b_X/eta0/bT0/bz-16	2.0985393524169922e+00	7.5558773131551992e-10	9.9486468970950747e+08
/SS/5/PX0PY2PZ-2/b_X/eta0/bT0/bz-17	1.9363527297973633e+00	9.5930233573680011e-10	1.8146189468637090e+09
/SS/5/PX0PY2PZ-2/b_X/eta0/bT0/bz-18	1.8386869430541992e+00	7.7466233161775200e-10	2.3735334325788255e+09
/SS/5/PX0PY2PZ-2/b_X/eta0/bT0/bz-19	1.6455593109130859e+00	8.2374393054803913e-10	8.6573513625178182e+08
/SS/5/PX0PY2PZ-2/b_X/eta0/bT0/bz-2	2.2478263854980469e+01	3.5666399507035812e-10	6.3023641762735947e+10
/SS/5/PX0PY2PZ-2/b_X/eta0/bT0/bz-20	1.2478747367858887e+00	1.8161654876697697e-09	2.3669967179169893e+08
/SS/5/PX0PY2PZ-2/b_X/eta0/bT0/bz-3	1.6774490356445312e+01	3.3528637968102617e-10	5.0030336372159470e+10
/SS/5/PX0PY2PZ-2/b_X/eta0/bT0/bz-4	1.2230773925781250e+01	3.1384227741987209e-10	3.8971084540717819e+10
/SS/5/PX0PY2PZ-2/b_X/eta0/bT0/bz-5	8.9392089843750000e+00	2.9253658671963843e-10	3.0557576009944256e+10
/SS/5/PX0PY2PZ-2/b_X/eta0/bT0/bz-6	6.5601882934570312e+00	3.2899895787473501e-10	5.6596662776054583e+09
/SS/5/PX0PY2PZ-2/b_X/eta0/bT0/bz-7	4.9125709533691406e+00	4.4056160826575894e-10	4.5551160086754036e+09
/SS/5/PX0PY2PZ-2/b_X/eta0/bT0/bz-8	3.9721431732177734e+00	1.4004533312246018e-09	2.0173699778541460e+09
/SS/5/PX0PY2PZ-2/b_X/eta0/bT0/bz-9	3.6679191589355469e+00	3.7327070907786216e-10	9.8264317819013214e+09
/SS/5/PX0PY2PZ-2/b_X/eta0/bT0/bz0	3.1426239013671875e+01	3.9975791953829954e-10	7.8613174318016296e+10
/SS/5/PX0PY2PZ-2/b_X/eta0/bT0/bz1	2.9848556518554688e+01	4.1955858238873189e-10	7.1142762349452377e+10
/SS/5/PX0PY2PZ-2/b_X/eta0/bT0/bz10	4.3753061294555664e+00	1.1768499069015724e-08	1.1738690018134257e+08
/SS/5/PX0PY2PZ-2/b_X/eta0/bT0/bz11	4.2514171600341797e+00	8.4291140983317764e-10	5.0437295194231462e+09
/SS/5/PX0PY2PZ-2/b_X/eta0/bT0/bz12	3.8724632263183594e+00	7.0006479481585793e-10	5.5315782981730366e+09
/SS/5/PX0PY2PZ-2/b_X/eta0/bT0/bz13	3.4881525039672852e+00	5.7241294815111216e-10	6.0937693936413937e+09
/SS/5/PX0PY2PZ-2/b_X/eta0/bT0/bz14	3.0322599411010742e+00	4.5057941680129015e-10	6.7296903232451248e+09
/SS/5/PX0PY2PZ-2/b_X/eta0/bT0/bz15	2.4739103317260742e+00	3.4298197336842067e-10	7.2129456467634115e+09
/SS/5/PX0PY2PZ-2/b_X/eta0/bT0/bz16	1.8904590606689453e+00	2.6077024397313988e-10	7.2495198526702623e+09
/SS/5/PX0PY2PZ-2/b_X/eta0/bT0/bz17	1.8822717666625977e+00	2.2763946666677051e-10	8.2686530337815132e+09
/SS/5/PX0PY2PZ-2/b_X/eta0/bT0/bz18	1.9712696075439453e+00	2.2125611294178015e-10	8.9094469813028488e+09
/SS/5/PX0PY2PZ-2/b_X/eta0/bT0/bz19	1.8688964843750000e+00	3.7292496141549557e-10	1.5973877032614682e+09
/SS/5/PX0PY2PZ-2/b_X/eta0/bT0/bz2	2.5269546508789062e+01	4.3578824839206244e-10	5.7985837392418610e+10
/SS/5/PX0PY2PZ-2/b_X/eta0/bT0/bz20	1.5495452880859375e+00	1.0308385339195763e-09	1.1538523666771886e+09
/SS/5/PX0PY2PZ-2/b_X/eta0/bT0/bz3	2.0006332397460938e+01	4.4888556611857740e-10	4.4568892179919357e+10
/SS/5/PX0PY2PZ-2/b_X/eta0/bT0/bz4	1.5383556365966797e+01	4.8780519788080640e-10	2.5482273751082359e+10
/SS/5/PX0PY2PZ-2/b_X/eta0/bT0/bz5	1.1692661285400391e+01	6.4268253235497317e-10	1.6073278271066399e+10
/SS/5/PX0PY2PZ-2/b_X/eta0/bT0/bz6	9.2585697174072266e+00	9.5085472229404276e-10	9.7371023147152252e+09
/SS/5/PX0PY2PZ-2/b_X/eta0/bT0/bz7	8.3204717636108398e+00	1.3246224370603201e-09	6.2813912333208847e+09
/SS/5/PX0PY2PZ-2/b_X/eta0/bT0/bz8	6.3524608612060547e+00	1.2875743047932820e-09	4.8840483605596161e+09
/SS/5/PX0PY2PZ-2/b_X/eta0/bT0/bz9	5.2612628936767578e+00	1.8023498053496974e-09	2.2897919380992894e+09
/SS/5/PX0PY2PZ0/b_X/eta0/bT0/bz-1	3.8779304504394531e+01	5.8211920641994809e-10	6.6617462672101997e+10
/SS/5/PX0PY2PZ0/b_X/eta0/bT0/bz-10	6.3949432373046875e+00	1.3591322848891332e-09	9.1151295616676521e+08
/SS/5/PX0PY2PZ0/b_X/eta0/bT0/bz-11	4.8698997497558594e+00	5.7156833538781169e-10	4.2730363397477174e+09
/SS/5/PX0PY2PZ0/b_X/eta0/bT0/bz-12	3.5188522338867188e+00	4.2515894700866167e-10	3.9689198841478858e+09
/SS/5/PX0PY2PZ0/b_X/eta0/bT0/bz-13	2.4227714538574219e+00	3.4018023149183760e-10	5.3207101767173939e+09
/SS/5/PX0PY2PZ0/b_X/eta0/bT0/bz-14	1.7924566268920898e+00	3.9789476544791348e-10	3.5325697473428121e+09
/SS/5/PX0PY2PZ0/b_X/eta0/bT0/bz-15	1.6410405635833740e+00	9.9665803745753249e-10	1.6465432494475806e+09
/SS/5/PX0PY2PZ0/b_X/eta0/bT0/bz-16	2.7052159309387207e+00	2.4196116870570440e-09	1.1180372228359730e+09
/SS/5/PX0PY2PZ0/b_X/eta0/bT0/bz-17	1.8312969207763672e+00	6.7802992739563413e-10	2.7009086867456155e+09
/SS/5/PX0PY2PZ0/b_X/eta0/bT0/bz-18	1.6379714012145996e+00	3.9520111044261129e-10	4.1446528310108476e+09
/SS/5/PX0PY2PZ0/b_X/eta0/bT0/bz-19	1.4822778701782227e+00	3.0365864917258452e-10	4.8813951923225784e+09
/SS/5/PX0PY2PZ0/b_X/eta0/bT0/bz-2	3.3660850524902344e+01	5.6649268260938986e-10	5.9419744611445053e+10
/SS/5/PX0PY2PZ0/b_X/eta0/bT0/bz-20	1.5541028976440430e+00	8.8072271130484754e-10	9.7606108795813107e+08
/SS/5/PX0PY2PZ0/b_X/eta0/bT0/bz-3	2.7681350708007812e+01	5.3298985770031923e-10	5.1935980221920151e+10
/SS/5/PX0PY2PZ0/b_X/eta0/bT0/bz-4	2.2214210510253906e+01	4.8517031952130579e-10	4.5786416885871338e+10
/SS/5/PX0PY2PZ0/b_X/eta0/bT0/bz-5	1.7491989135742188e+01	4.8232572960827862e-10	3.4489129411250916e+10
/SS/5/PX0PY2PZ0/b_X/eta0/bT0/bz-6	1.3587036132812500e+01	5.1054389416554832e-10	2.6343558610665600e+10
/SS/5/PX0PY2PZ0/b_X/eta0/bT0/bz-7	1.1043563842773438e+01	5.3958891612701613e-10	1.9989226322953896e+10
/SS/5/PX0PY2PZ0/b_X/eta0/bT0/bz-8	9.4069290161132812e+00	5.5244880750467161e-10	1.5396270855244986e+10
/SS/5/PX0PY2PZ0/b_X/eta0/bT0/bz-9	7.9348678588867188e+00	7.0748863714087766e-10	2.4376104829248576e+09
/SS/5/PX0PY2PZ0/b_X/eta0/bT0/bz0	4.0440002441406250e+01	5.7621984032688721e-10	7.0181551573206497e+10
/SS/5/PX0PY2PZ0/b_X/eta0/bT0/bz1	3.6440322875976562e+01	5.4758261337881466e-10	6.6547625847950996e+10
/SS/5/PX0PY2PZ0/b_X/eta0/bT0/bz10	5.4819011688232422e+00	8.3870391279431346e-10	6.5302666395609503e+09
/SS/5/PX0PY2PZ0/b_X/eta0/bT0/bz11	4.3159704208374023e+00	7.7450388643442848e-10	5.5725613472474213e+09
/SS/5/PX0PY2PZ0/b_X/eta0/bT0/bz12	3.2855091094970703e+00	5.8120439067597575e-10	5.6529323628746595e+09
/SS/5/PX0PY2PZ0/b_X/eta0/bT0/bz13	2.8161001205444336e+00	6.6583716606888468e-10	1.4795016464348371e+09
/SS/5/PX0PY2PZ0/b_X/eta0/bT0/bz14	2.7692317962646484e+00	7.5990651494584159e-10	1.9844560606294372e+09
/SS/5/PX0PY2PZ0/b_X/eta0/bT0/bz15	2.8212566375732422e+00	5.7895970403650505e-10	7.4289399277540183e+08
/SS/5/PX0PY2PZ0/b_X/eta0/bT0/bz16	2.6763715744018555e+00	1.0834057315595823e-09	7.6262325617550099e+08
/SS/5/PX0PY2PZ0/b_X/eta0/bT0/bz17	2.2622432708740234e+00	1.1804985160959873e-09	6.0410032225622559e+08
/SS/5/PX0PY2PZ0/b_X/eta0/bT0/bz18	1.9581499099731445e+00	1.1801393841217750e-09	7.4206250721670461e+08
/SS/5/PX0PY2PZ0/b_X/eta0/bT0/bz19	1.6791648864746094e+00	1.1637827463329230e-09	7.3264403148624384e+08
/SS/5/PX0PY2PZ0/b_X/eta0/bT0/bz2	3.0227615356445312e+01	4.9350560526411779e-10	5.9900579349366577e+10
/SS/5/PX0PY2PZ0/b_X/eta0/bT0/bz20	1.3937320709228516e+00	4.2154259109611831e-10	3.2877671326966414e+09
/SS/5/PX0PY2PZ0/b_X/eta0/bT0/bz3	2.4567871093750000e+01	4.5734556241684365e-10	5.3718398324280289e+10
/SS/5/PX0PY2PZ0/b_X/eta0/bT0/bz4	1.9897247314453125e+01	4.4730421914351783e-10	4.3552447548521591e+10
/SS/5/PX0PY2PZ0/b_X/eta0/bT0/bz5	1.6491729736328125e+01	4.3528645560773051e-10	3.5892659559550629e+10
/SS/5/PX0PY2PZ0/b_X/eta0/bT0/bz6	1.3708587646484375e+01	4.4879595183190551e-10	3.0545256904676502e+10
/SS/5/PX0PY2PZ0/b_X/eta0/bT0/bz7	1.1552906036376953e+01	5.3273739572330621e-10	1.6141896563465992e+10
/SS/5/PX0PY2PZ0/b_X/eta0/bT0/bz8	9.4386558532714844e+00	6.5017765195931790e-10	1.1420544203202410e+10
/SS/5/PX0PY2PZ0/b_X/eta0/bT0/bz9	7.2225570678710938e+00	7.7198534004018750e-10	8.4134560574356012e+09
/SS/5/PX1PY-1PZ-1/b_X/eta0/bT0/bz-1	2.8438690185546875e+01	3.6388251227206554e-10	7.8153495225634811e+10
/SS/5/PX1PY-1PZ-1/b_X/eta0/bT0/bz-10	4.9267139434814453e+00	1.9609923460008202e-09	2.5123575589312296e+09
/SS/5/PX1PY-1PZ-1/b_X/eta0/bT0/bz-11	4.5991563796997070e+00	1.0212115015357887e-09	4.5036276743682251e+09
/SS/5/PX1PY-1PZ-1/b_X/eta0/bT0/bz-12	4.0547437667846680e+00	8.4896357224330101e-10	3.6695429422579722e+09
/SS/5/PX1PY-1PZ-1/b_X/eta0/bT0/bz-13	3.4115276336669922e+00	1.1477692960245171e-09	2.8689277497583146e+09
/SS/5/PX1PY-1PZ-1/b_X/eta0/bT0/bz-14	2.6668033599853516e+00	9.5051633155438686e-10	1.1325390251453247e+09
/SS/5/PX1PY-1PZ-1/b_X/eta0/bT0/bz-15	2.2596578598022461e+00	4.6495669310302900e-10	4.8599318889717159e+09
/SS/5/PX1PY-1PZ-1/b_X/eta0/bT0/bz-16	2.0107936859130859e+00	4.4043666913362057e-10	4.3482412510195923e+09
/SS/5/PX1PY-1PZ-1/b_X/eta0/bT0/bz-17	2.0372104644775391e+00	2.1377918218324972e-09	3.7565504064976960e+08
/SS/5/PX1PY-1PZ-1/b_X/eta0/bT0/bz-18	2.0393018722534180e+00	4.4453010526396762e-10	3.2827827235632520e+09
/SS/5/PX1PY-1PZ-1/b_X/eta0/bT0/bz-19	2.0187377929687500e+00	6.0369669857963284e-10	2.3722324181311517e+09
/SS/5/PX1PY-1PZ-1/b_X/eta0/bT0/bz-2	2.4245368957519531e+01	3.6023149875177744e-10	6.7304966504958916e+10
/SS/5/PX1PY-1PZ-1/b_X/eta0/bT0/bz-20	2.0743346214294434e+00	1.3118914534307177e-09	1.3238067487345896e+09
/SS/5/PX1PY-1PZ-1/b_X/eta0/bT0/bz-3	1.9469688415527344e+01	3.5497294007664214e-10	5.4848373544540176e+10
/SS/5/PX1PY-1PZ-1/b_X/eta0/bT0/bz-4	1.5129959106445312e+01	3.9189128916698573e-10	3.2740057951630775e+10
/SS/5/PX1PY-1PZ-1/b_X/eta0/bT0/bz-5	1.1489391326904297e+01	4.8217414774185512e-10	2.2874371098197491e+10
/SS/5/PX1PY-1PZ-1/b_X/eta0/bT0/bz-6	1.0966434478759766e+01	6.2906114448134321e-10	1.4984915097495892e+10
/SS/5/PX1PY-1PZ-1/b_X/eta0/bT0/bz-7	8.3296260833740234e+00	8.8336423846610947e-10	8.9609458579788570e+09
/SS/5/PX1PY-1PZ-1/b_X/eta0/bT0/bz-8	6.2924795150756836e+00	1.4463554629771727e-09	4.3505761039705048e+09
/SS/5/PX1PY-1PZ-1/b_X/eta0/bT0/bz-9	4.2129592895507812e+00	1.2342068751614833e-09	1.3327590009942465e+09
/SS/5/PX1PY-1PZ-1/b_X/eta0/bT0/bz0	3.0372482299804688e+01	3.6809311101311300e-10	8.2513041920859787e+10
/SS/5/PX1PY-1PZ-1/b_X/eta0/bT0/bz1	2.8443878173828125e+01	3.7532782214075128e-10	7.5784091921545364e+10
/SS/5/PX1PY-1PZ-1/b_X/eta0/bT0/bz10	5.1912784576416016e+00	3.9894944695018238e-10	1.3012371610806738e+10
/SS/5/PX1PY-1PZ-1/b_X/eta0/bT0/bz11	3.0233993530273438e+00	3.2118858740526132e-10	9.4131593449569073e+09
/SS/5/PX1PY-1PZ-1/b_X/eta0/bT0/bz12	2.2526817321777344e+00	1.7906461361376630e-10	6.5829260614040060e+09
/SS/5/PX1PY-1PZ-1/b_X/eta0/bT0/bz13	2.1629657745361328e+00	2.2852532613363272e-10	9.4648843133969078e+09
/SS/5/PX1PY-1PZ-1/b_X/eta0/bT0/bz14	1.8640775680541992e+00	6.5282349527855771e-10	2.6281912103927894e+09
/SS/5/PX1PY-1PZ-1/b_X/eta0/bT0/bz15	1.7528805732727051e+00	9.7248133984481379e-10	1.8024824759644492e+09
/SS/5/PX1PY-1PZ-1/b_X/eta0/bT0/bz16	1.5720396041870117e+00	9.0563088691197279e-10	1.2531033204623826e+09
/SS/5/PX1PY-1PZ-1/b_X/eta0/bT0/bz17	1.4035129547119141e+00	3.9978895821006846e-10	2.6118528501567326e+09
/SS/5/PX1PY-1PZ-1/b_X/eta0/bT0/bz18	1.4371929168701172e+00	5.1522491981906200e-10	8.4429921605529392e+08
/SS/5/PX1PY-1PZ-1/b_X/eta0/bT0/bz19	1.5092535018920898e+00	2.3463341927320315e-09	4.7795285762458622e+08
/SS/5/PX1PY-1PZ-1/b_X/eta0/bT0/bz2	2.4375633239746094e+01	3.8798663376242554e-10	6.2825961305336975e+10
/SS/5/PX1PY-1PZ-1/b_X/eta0/bT0/bz20	2.0283403396606445e+00	7.3257446688024731e-10	1.2269510842365465e+09
/SS/5/PX1PY-1PZ-1/b_X/eta0/bT0/bz3	1.9860534667968750e+01	4.0876300357502763e-10	4.8586918322522278e+10
/SS/5/PX1PY-1PZ-1/b_X/eta0/bT0/bz4	1.5714111328125000e+01	4.3713438470866023e-10	3.5948010217951820e+10
/SS/5/PX1PY-1PZ-1/b_X/eta0/bT0/bz5	1.2144599914550781e+01	4.6830366860845312e-10	2.5933172701033939e+10
/SS/5/PX1PY-1PZ-1/b_X/eta0/bT0/bz6	9.1537704467773438e+00	4.9246122121588388e-10	1.8587799510744701e+10
/SS/5/PX1PY-1PZ-1/b_X/eta0/bT0/bz7	6.9704895019531250e+00	4.9180579322287697e-10	1.3458997830975826e+10
/SS/5/PX1PY-1PZ-1/b_X/eta0/bT0/bz8	7.4664039611816406e+00	4.5421119746586782e-10	1.0054230006188213e+10
/SS/5/PX1PY-1PZ-1/b_X/eta0/bT0/bz9	6.8243331909179688e+00	3.8818456662631325e-10	1.7580124965368416e+10
/SS/5/PX1PY-1PZ-2/b_X/eta0/bT0/bz-1	4.3606445312500000e+01	4.6241226854934982e-10	9.4302094209782425e+10
/SS/5/PX1PY-1PZ-2/b_X/eta0/bT0/bz-10	6.5360584259033203e+00	7.2915304739187342e-10	4.2779919346466737e+09
/SS/5/PX1PY-1PZ-2/b_X/eta0/bT0/bz-11	5.2866039276123047e+00	9.0348726475363932e-10	3.7536047149253273e+09
/SS/5/PX1PY-1PZ-2/b_X/eta0/bT0/bz-12	4.2375659942626953e+00	9.3853105637341834e-10	3.0390074712334781e+09
/SS/5/PX1PY-1PZ-2/b_X/eta0/bT0/bz-13	3.3736610412597656e+00	8.7932593606689610e-10	2.1128905430502858e+09
/SS/5/PX1PY-1PZ-2/b_X/eta0/bT0/bz-14	2.6821756362915039e+00	5.4185109866253703e-10	4.5638182398671923e+09
/SS/5/PX1PY-1PZ-2/b_X/eta0/bT0/bz-15	2.2442598342895508e+00	7.3989196409256341e-10	1.7634765823901689e+09
/SS/5/PX1PY-1PZ-2/b_X/eta0/bT0/bz-16	1.7338476181030273e+00	3.9040242659089084e-10	4.0758208886925435e+09
/SS/5/PX1PY-1PZ-2/b_X/eta0/bT0/bz-17	1.4974918365478516e+00	4.2005932675205259e-10	2.2048401604651508e+09
/SS/5/PX1PY-1PZ-2/b_X/eta0/bT0/bz-18	1.2305254936218262e+00	5.7690856627663007e-10	8.4782313675692487e+08
/SS/5/PX1PY-1PZ-2/b_X/eta0/bT0/bz-19	8.8212203979492188e-01	1.9958934543008158e-10	4.4196850182262821e+09
/SS/5/PX1PY-1PZ-2/b_X/eta0/bT0/bz-2	3.7303588867187500e+01	4.7056411647779581e-10	7.9274189341948517e+10
/SS/5/PX1PY-1PZ-2/b_X/eta0/bT0/bz-20	9.8084831237792969e-01	1.7851104581073012e-10	5.3525705873725996e+09
/SS/5/PX1PY-1PZ-2/b_X/eta0/bT0/bz-3	3.0237487792968750e+01	4.7962708783385819e-10	6.3043744942618736e+10
/SS/5/PX1PY-1PZ-2/b_X/eta0/bT0/bz-4	2.3963470458984375e+01	4.8779949496057371e-10	4.9125656558790031e+10
/SS/5/PX1PY-1PZ-2/b_X/eta0/bT0/bz-5	1.8860755920410156e+01	4.8890702139657016e-10	3.8577388122866646e+10
/SS/5/PX1PY-1PZ-2/b_X/eta0/bT0/bz-6	1.4864532470703125e+01	4.8877871660475697e-10	1.7853513757965824e+10
/SS/5/PX1PY-1PZ-2/b_X/eta0/bT0/bz-7	1.1771816253662109e+01	7.1671810266986149e-10	1.0177892276684612e+10
/SS/5/PX1PY-1PZ-2/b_X/eta0/bT0/bz-8	9.7465820312500000e+00	9.0784357030025904e-10	6.2880678028599434e+09
/SS/5/PX1PY-1PZ-2/b_X/eta0/bT0/bz-9	8.0181503295898438e+00	6.6365359200058640e-10	5.2800105066477232e+09
/SS/5/PX1PY-1PZ-2/b_X/eta0/bT0/bz0	4.6085922241210938e+01	4.5315700573458272e-10	1.0169967948857838e+11
/SS/5/PX1PY-1PZ-2/b_X/eta0/bT0/bz1	4.2007308959960938e+01	4.4346556371464628e-10	9.4725075399520966e+10
/SS/5/PX1PY-1PZ-2/b_X/eta0/bT0/bz10	5.0305061340332031e+00	8.9193383422382558e-10	4.4969763985932503e+09
/SS/5/PX1PY-1PZ-2/b_X/eta0/bT0/bz11	4.3473501205444336e+00	7.5397356701467582e-10	3.1755615824051657e+09
/SS/5/PX1PY-1PZ-2/b_X/eta0/bT0/bz12	3.7557296752929688e+00	8.6578040344171459e-10	4.3379702986610842e+09
/SS/5/PX1PY-1PZ-2/b_X/eta0/bT0/bz13	3.2401256561279297e+00	1.6028579628195316e-09	2.0103399044407814e+09
/SS/5/PX1PY-1PZ-2/b_X/eta0/bT0/bz14	3.1143274307250977e+00	1.7383083500754257e-09	1.0778891547659678e+09
/SS/5/PX1PY-1PZ-2/b_X/eta0/bT0/bz15	3.0346078872680664e+00	5.0152965983196225e-10	3.6186510312836404e+09
/SS/5/PX1PY-1PZ-2/b_X/eta0/bT0/bz16	2.9527969360351562e+00	4.3710999235277867e-10	3.2704259586679840e+09
/SS/5/PX1PY-1PZ-2/b_X/eta0/bT0/bz17	2.7774667739868164e+00	3.8471079866477550e-10	7.2196225934562616e+09
/SS/5/PX1PY-1PZ-2/b_X/eta0/bT0/bz18	2.5512628555297852e+00	3.7140109226698052e-10	6.8692928175230503e+09
/SS/5/PX1PY-1PZ-2/b_X/eta0/bT0/bz19	2.2757654190063477e+00	4.9447263441171815e-10	3.4053062209820910e+09
/SS/5/PX1PY-1PZ-2/b_X/eta0/bT0/bz2	3.4582260131835938e+01	4.3557589132833057e-10	7.9394339356969482e+10
/SS/5/PX1PY-1PZ-2/b_X/eta0/bT0/bz20	1.9863986968994141e+00	4.8007656407717494e-10	4.0359168916144452e+09
/SS/5/PX1PY-1PZ-2/b_X/eta0/bT0/bz3	2.6973228454589844e+01	4.3191653619503679e-10	6.2450094391407555e+10
/SS/5/PX1PY-1PZ-2/b_X/eta0/bT0/bz4	2.0568344116210938e+01	4.3122904614525141e-10	4.7697028528275146e+10
/SS/5/PX1PY-1PZ-2/b_X/eta0/bT0/bz5	1.5446426391601562e+01	4.5715527236902596e-10	2.0605928367292007e+10
/SS/5/PX1PY-1PZ-2/b_X/eta0/bT0/bz6	1.1939773559570312e+01	5.0922059959400240e-10	1.6874251010057177e+10
/SS/5/PX1PY-1PZ-2/b_X/eta0/bT0/bz7	9.9210510253906250e+00	5.2423373092682882e-10	1.4747407849238052e+10
/SS/5/PX1PY-1PZ-2/b_X/eta0/bT0/bz8	7.9564971923828125e+00	4.9097612536655475e-10	1.3535316700545732e+10
/SS/5/PX1PY-1PZ-2/b_X/eta0/bT0/bz9	5.9820899963378906e+00	5.8665913138706347e-10	8.0108403555260038e+09
/SS/5/PX1PY-1PZ0/b_X/eta0/bT0/bz-1	3.8135635375976562e+01	3.3534673679646281e-10	9.6093176241679733e+10
/SS/5/PX1PY-1PZ0/b_X/eta0/bT0/bz-10	6.0956630706787109e+00	4.2800422322293002e-10	1.4242062904841309e+10
/SS/5/PX1PY-1PZ0/b_X/eta0/bT0/bz-11	5.0679645538330078e+00	4.3515266667699860e-10	1.1646405829324293e+10
/SS/5/PX1PY-1PZ0/b_X/eta0/bT0/bz-12	4.1495275497436523e+00	6.6843643058294317e-10	1.2211505725542576e+09
/SS/5/PX1PY-1PZ0/b_X/eta0/bT0/bz-13	2.7812857627868652e+00	6.8966498960856859e-10	4.0328069493065500e+09
/SS/5/PX1PY-1PZ0/b_X/eta0/bT0/bz-14	2.0286679267883301e+00	6.3044203936145383e-10	3.2178500165424814e+09
/SS/5/PX1PY-1PZ0/b_X/eta0/bT0/bz-15	2.0995640754699707e+00	7.6958220694407011e-10	1.7785476833082612e+09
/SS/5/PX1PY-1PZ0/b_X/eta0/bT0/bz-16	2.1044244766235352e+00	1.1755710234781883e-09	1.4786129107324860e+09
/SS/5/PX1PY-1PZ0/b_X/eta0/bT0/bz-17	2.2958383560180664e+00	6.4330335042004094e-10	2.7564149964274964e+09
/SS/5/PX1PY-1PZ0/b_X/eta0/bT0/bz-18	2.1551084518432617e+00	6.3495003575289764e-10	1.4472605846111779e+09
/SS/5/PX1PY-1PZ0/b_X/eta0/bT0/bz-19	1.8102836608886719e+00	5.9822424036957271e-10	1.2832947877053885e+09
/SS/5/PX1PY-1PZ0/b_X/eta0/bT0/bz-2	3.2330535888671875e+01	3.1189856359202351e-10	9.5617032018190857e+10
/SS/5/PX1PY-1PZ0/b_X/eta0/bT0/bz-20	1.7223415374755859e+00	5.7967168936539221e-10	1.1479261554699459e+09
/SS/5/PX1PY-1PZ0/b_X/eta0/bT0/bz-3	2.5877563476562500e+01	2.9597138218294092e-10	8.7432654081966248e+10
/SS/5/PX1PY-1PZ0/b_X/eta0/bT0/bz-4	2.0126022338867188e+01	2.9344327904806437e-10	6.7994008973237991e+10
/SS/5/PX1PY-1PZ0/b_X/eta0/bT0/bz-5	1.5973266601562500e+01	2.9207589534931300e-10	5.1100787381611526e+10
/SS/5/PX1PY-1PZ0/b_X/eta0/bT0/bz-6	1.3571365356445312e+01	2.9358810018953834e-10	3.7053801876944084e+10
/SS/5/PX1PY-1PZ0/b_X/eta0/bT0/bz-7	1.1542846679687500e+01	4.2312845923726392e-10	7.3095943977307129e+09
/SS/5/PX1PY-1PZ0/b_X/eta0/bT0/bz-8	9.7713775634765625e+00	8.5346962844777268e-10	2.3806407327115855e+09
/SS/5/PX1PY-1PZ0/b_X/eta0/bT0/bz-9	8.0117149353027344e+00	3.9848324982901402e-10	2.0105524984401470e+10
/SS/5/PX1PY-1PZ0/b_X/eta0/bT0/bz0	4.0784774780273438e+01	3.5723664031468812e-10	9.9473000192035248e+10
/SS/5/PX1PY-1PZ0/b_X/eta0/bT0/bz1	3.8354156494140625e+01	3.8107906799164449e-10	8.6987202550632187e+10
/SS/5/PX1PY-1PZ0/b_X/eta0/bT0/bz10	7.4127721786499023e+00	1.1298791699223121e-09	6.5606769077436724e+09
/SS/5/PX1PY-1PZ0/b_X/eta0/bT0/bz11	5.5457344055175781e+00	2.5124543093495932e-09	1.7254680111172440e+09
/SS/5/PX1PY-1PZ0/b_X/eta0/bT0/bz12	6.2683131694793701e+00	4.3863432354691901e-09	1.4290521359094856e+09
/SS/5/PX1PY-1PZ0/b_X/eta0/bT0/bz13	5.2179541587829590e+00	1.8431593517167950e-09	2.8309837420854254e+09
/SS/5/PX1PY-1PZ0/b_X/eta0/bT0/bz14	4.1531448364257812e+00	1.3033158744450641e-09	3.1865988267764630e+09
/SS/5/PX1PY-1PZ0/b_X/eta0/bT0/bz15	3.7545061111450195e+00	9.8732554769000795e-10	3.8027032926771049e+09
/SS/5/PX1PY-1PZ0/b_X/eta0/bT0/bz16	3.2277002334594727e+00	6.9519911549278967e-10	2.4011552498540082e+09
/SS/5/PX1PY-1PZ0/b_X/eta0/bT0/bz17	2.8934473991394043e+00	1.1358535876388202e-09	2.5473770833036847e+09
/SS/5/PX1PY-1PZ0/b_X/eta0/bT0/bz18	3.7845067977905273e+00	1.2879900287607506e-09	2.9383044226140628e+09
/SS/5/PX1PY-1PZ0/b_X/eta0/bT0/bz19	4.0133342742919922e+00	1.3266023186092076e-09	8.7833360657474613e+08
/SS/5/PX1PY-1PZ0/b_X/eta0/bT0/bz2	3.3228881835937500e+01	4.1066346595873054e-10	6.7817139022304611e+10
/SS/5/PX1PY-1PZ0/b_X/eta0/bT0/bz20	3.6416583061218262e+00	1.9586675572938349e-09	5.8113875347558641e+08
/SS/5/PX1PY-1PZ0/b_X/eta0/bT0/bz3	2.7398727416992188e+01	4.5168237582057683e-10	4.9531668002961273e+10
/SS/5/PX1PY-1PZ0/b_X/eta0/bT0/bz4	2.2280822753906250e+01	5.1590370256176573e-10	3.4548753114918724e+10
/SS/5/PX1PY-1PZ0/b_X/eta0/bT0/bz5	1.8263275146484375e+01	6.4256847078592590e-10	8.4581111425449972e+09
/SS/5/PX1PY-1PZ0/b_X/eta0/bT0/bz6	1.5219726562500000e+01	1.1671140776604779e-09	3.4299294888775592e+09
/SS/5/PX1PY-1PZ0/b_X/eta0/bT0/bz7	1.2832675933837891e+01	1.0750570471021939e-09	6.4073471458652611e+09
/SS/5/PX1PY-1PZ0/b_X/eta0/bT0/bz8	1.0821086883544922e+01	7.6989378132746389e-10	1.0817115080744034e+10
/SS/5/PX1PY-1PZ0/b_X/eta0/bT0/bz9	9.0534400939941406e+00	8.7191052550879807e-10	5.9964893011302338e+09
/SS/5/PX1PY-2PZ-1/b_X/eta0/bT0/bz-1	1.8650085449218750e+01	1.7548459986038240e-10	5.4492439398944107e+10
/SS/5/PX1PY-2PZ-1/b_X/eta0/bT0/bz-10	3.5107908248901367e+00	1.5374689277187329e-09	6.8218400330541420e+08
/SS/5/PX1PY-2PZ-1/b_X/eta0/bT0/bz-11	3.0329704284667969e+00	6.7415590606340927e-10	2.8802543972154498e+09
/SS/5/PX1PY-2PZ-1/b_X/eta0/bT0/bz-12	2.5330543518066406e+00	5.8337535867625781e-10	3.8495535648192091e+09
/SS/5/PX1PY-2PZ-1/b_X/eta0/bT0/bz-13	2.4895071983337402e+00	7.4424092529854457e-10	3.3450286240777473e+09
/SS/5/PX1PY-2PZ-1/b_X/eta0/bT0/bz-14	3.0151386260986328e+00	8.2449642272087587e-10	3.1527655437579947e+09
/SS/5/PX1PY-2PZ-1/b_X/eta0/bT0/bz-15	3.4256114959716797e+00	7.4591917538824941e-10	3.3887266117068052e+09
/SS/5/PX1PY-2PZ-1/b_X/eta0/bT0/bz-16	3.5025329589843750e+00	5.5180480182596085e-10	4.0413973879201078e+09
/SS/5/PX1PY-2PZ-1/b_X/eta0/bT0/bz-17	3.3342037200927734e+00	4.7965043652327674e-10	2.8857494469014316e+09
/SS/5/PX1PY-2PZ-1/b_X/eta0/bT0/bz-18	3.0333423614501953e+00	3.7977176949372214e-10	2.9365433262053552e+09
/SS/5/PX1PY-2PZ-1/b_X/eta0/bT0/bz-19	2.6749744415283203e+00	3.4892767967970270e-10	4.8433300716625023e+09
/SS/5/PX1PY-2PZ-1/b_X/eta0/bT0/bz-2	1.6143936157226562e+01	1.7825628531324317e-10	8.5049020483605804e+10
/SS/5/PX1PY-2PZ-1/b_X/eta0/bT0/bz-20	2.3116664886474609e+00	3.8092745909746469e-10	3.3272522610360422e+09
/SS/5/PX1PY-2PZ-1/b_X/eta0/bT0/bz-3	1.3534408569335938e+01	1.9150157964111287e-10	7.0675179780241760e+10
/SS/5/PX1PY-2PZ-1/b_X/eta0/bT0/bz-4	1.1420448303222656e+01	1.9662894603952925e-10	5.8081216083652046e+10
/SS/5/PX1PY-2PZ-1/b_X/eta0/bT0/bz-5	9.0772552490234375e+00	1.9131325407602076e-10	4.7447079884054840e+10
/SS/5/PX1PY-2PZ-1/b_X/eta0/bT0/bz-6	6.8093490600585938e+00	2.4354615580338199e-10	1.5955937781654766e+10
/SS/5/PX1PY-2PZ-1/b_X/eta0/bT0/bz-7	5.6455001831054688e+00	4.0502500179934640e-10	1.3938646152768387e+10
/SS/5/PX1PY-2PZ-1/b_X/eta0/bT0/bz-8	5.4394893646240234e+00	7.9276596558414146e-10	6.8614062671270094e+09
/SS/5/PX1PY-2PZ-1/b_X/eta0/bT0/bz-9	4.1375961303710938e+00	1.2208250959839282e-09	2.2195754886829138e+09
/SS/5/PX1PY-2PZ-1/b_X/eta0/bT0/bz0	1.9950073242187500e+01	2.0082418952591732e-10	6.2728179534387924e+10
/SS/5/PX1PY-2PZ-1/b_X/eta0/bT0/bz1	1.9680816650390625e+01	2.1244976805471642e-10	6.2551048232041344e+10
/SS/5/PX1PY-2PZ-1/b_X/eta0/bT0/bz10	4.5898838043212891e+00	1.2900926918117164e-09	2.2196649662099667e+09
/SS/5/PX1PY-2PZ-1/b_X/eta0/bT0/bz11	4.0990905761718750e+00	1.7638839340995489e-09	2.3239003978254576e+09
/SS/5/PX1PY-2PZ-1/b_X/eta0/bT0/bz12	3.8691923618316650e+00	2.7853668204238872e-09	1.3891141136099401e+09
/SS/5/PX1PY-2PZ-1/b_X/eta0/bT0/bz13	2.8021043539047241e+00	2.9877125838189623e-09	9.3787614279918802e+08
/SS/5/PX1PY-2PZ-1/b_X/eta0/bT0/bz14	2.0769424438476562e+00	5.1002039208875320e-09	4.0010767990107673e+08
/SS/5/PX1PY-2PZ-1/b_X/eta0/bT0/bz15	2.2487239837646484e+00	3.3322034630754495e-09	5.1310505495881969e+08
/SS/5/PX1PY-2PZ-1/b_X/eta0/bT0/bz16	2.3949527740478516e+00	1.2050992507891963e-09	1.7377019651807439e+09
/SS/5/PX1PY-2PZ-1/b_X/eta0/bT0/bz17	2.3737478256225586e+00	8.2187416855465340e-10	2.8882132039713912e+09
/SS/5/PX1PY-2PZ-1/b_X/eta0/bT0/bz18	2.4706506729125977e+00	6.7899513689298698e-10	3.6386868457085643e+09
/SS/5/PX1PY-2PZ-1/b_X/eta0/bT0/bz19	2.4660210609436035e+00	7.3163050822999363e-10	2.1516842255455189e+09
/SS/5/PX1PY-2PZ-1/b_X/eta0/bT0/bz2	1.8315643310546875e+01	2.1045712303492177e-10	5.6980385969621384e+10
/SS/5/PX1PY-2PZ-1/b_X/eta0/bT0/bz20	2.4167780876159668e+00	1.8076170105976201e-09	7.6804933485582352e+08
/SS/5/PX1PY-2PZ-1/b_X/eta0/bT0/bz3	1.5989181518554688e+01	1.9342400967084714e-10	5.0145288011789787e+10
/SS/5/PX1PY-2PZ-1/b_X/eta0/bT0/bz4	1.3304214477539062e+01	1.7088585034599015e-10	4.7948174376003944e+10
/SS/5/PX1PY-2PZ-1/b_X/eta0/bT0/bz5	1.0753570556640625e+01	2.0797562860272983e-10	3.4027565366291725e+10
/SS/5/PX1PY-2PZ-1/b_X/eta0/bT0/bz6	8.7491760253906250e+00	2.7622378000099721e-10	2.2669020620435577e+10
/SS/5/PX1PY-2PZ-1/b_X/eta0/bT0/bz7	7.3875656127929688e+00	3.8807341729481196e-10	1.4363785930166718e+10
/SS/5/PX1PY-2PZ-1/b_X/eta0/bT0/bz8	6.4029121398925781e+00	5.4834235702917138e-10	9.0348365669436188e+09
/SS/5/PX1PY-2PZ-1/b_X/eta0/bT0/bz9	5.5505180358886719e+00	7.6408203009856504e-10	5.8174989723188763e+09
/SS/5/PX1PY-2PZ-2/b_X/eta0/bT0/bz-1	2.4501495361328125e+01	2.7624357157522201e-10	8.4014831536401871e+10
/SS/5/PX1PY-2PZ-2/b_X/eta0/bT0/bz-10	3.3550252914428711e+00	6.4706993544459825e-10	2.1187144476994760e+09
/SS/5/PX1PY-2PZ-2/b_X/eta0/bT0/bz-11	3.7065200805664062e+00	2.2612094642430862e-09	7.0905891592338765e+08
/SS/5/PX1PY-2PZ-2/b_X/eta0/bT0/bz-12	3.8607530593872070e+00	1.0134624940815836e-09	8.4618355623786628e+08
/SS/5/PX1PY-2PZ-2/b_X/eta0/bT0/bz-13	3.9084472656250000e+00	1.1187432039058035e-09	1.1220426897651882e+09
/SS/5/PX1PY-2PZ-2/b_X/eta0/bT0/bz-14	3.8757419586181641e+00	7.7824460948139431e-10	4.9801076825972185e+09
/SS/5/PX1PY-2PZ-2/b_X/eta0/bT0/bz-15	3.6974534988403320e+00	9.3430039533360708e-10	5.5798179107901680e+08
/SS/5/PX1PY-2PZ-2/b_X/eta0/bT0/bz-16	3.3942346572875977e+00	7.3209935382398089e-10	3.1615425724580503e+09
/SS/5/PX1PY-2PZ-2/b_X/eta0/bT0/bz-17	3.0105848312377930e+00	6.9935717166499583e-10	3.2284868453542037e+09
/SS/5/PX1PY-2PZ-2/b_X/eta0/bT0/bz-18	2.4881286621093750e+00	2.0357114438045709e-09	3.5463867422801757e+08
/SS/5/PX1PY-2PZ-2/b_X/eta0/bT0/bz-19	2.0522179603576660e+00	3.0457501613737001e-09	2.4705103875877148e+08
/SS/5/PX1PY-2PZ-2/b_X/eta0/bT0/bz-2	1.9729263305664062e+01	2.6678362946254821e-10	2.4584029580062031e+10
/SS/5/PX1PY-2PZ-2/b_X/eta0/bT0/bz-20	1.9427552223205566e+00	8.2132022959361341e-10	2.3654052978602824e+09
/SS/5/PX1PY-2PZ-2/b_X/eta0/bT0/bz-3	1.4527206420898438e+01	2.8022671504864563e-10	1.5685623335093361e+10
/SS/5/PX1PY-2PZ-2/b_X/eta0/bT0/bz-4	9.7928161621093750e+00	2.1330037210007186e-10	4.5910919262320763e+10
/SS/5/PX1PY-2PZ-2/b_X/eta0/bT0/bz-5	6.4356460571289062e+00	1.8319679350803748e-10	3.5129687228103981e+10
/SS/5/PX1PY-2PZ-2/b_X/eta0/bT0/bz-6	4.3501701354980469e+00	5.7664789005097064e-10	4.8627314389546423e+09
/SS/5/PX1PY-2PZ-2/b_X/eta0/bT0/bz-7	3.5910048484802246e+00	1.0359063831025189e-09	3.4665341454169216e+09
/SS/5/PX1PY-2PZ-2/b_X/eta0/bT0/bz-8	3.8785855770111084e+00	2.5044197838811453e-09	1.5486962696806335e+09
/SS/5/PX1PY-2PZ-2/b_X/eta0/bT0/bz-9	2.7249469757080078e+00	5.2107044051492628e-10	2.1366138328845742e+09
/SS/5/PX1PY-2PZ-2/b_X/eta0/bT0/bz0	2.6897140502929688e+01	2.8209600805222835e-10	8.9491657227345444e+10
/SS/5/PX1PY-2PZ-2/b_X/eta0/bT0/bz1	2.4847198486328125e+01	2.7509151937473617e-10	8.3555899729021713e+10
/SS/5/PX1PY-2PZ-2/b_X/eta0/bT0/bz10	3.4390335083007812e+00	4.3981840206178510e-10	7.8192124117118464e+09
/SS/5/PX1PY-2PZ-2/b_X/eta0/bT0/bz11	3.9805965423583984e+00	5.5564136489458300e-10	7.1639672527145319e+09
/SS/5/PX1PY-2PZ-2/b_X/eta0/bT0/bz12	3.6975612640380859e+00	9.9993304642913907e-10	1.8527823221820490e+09
/SS/5/PX1PY-2PZ-2/b_X/eta0/bT0/bz13	2.8671483993530273e+00	4.7876715190064903e-09	5.6909001377889252e+08
/SS/5/PX1PY-2PZ-2/b_X/eta0/bT0/bz14	2.6893272399902344e+00	1.7610707719080839e-09	1.5155673528866212e+09
/SS/5/PX1PY-2PZ-2/b_X/eta0/bT0/bz15	2.3953094482421875e+00	1.1278805912617420e-09	1.9841612104939129e+09
/SS/5/PX1PY-2PZ-2/b_X/eta0/bT0/bz16	1.9193305969238281e+00	1.6688076449928808e-09	1.1396987347732835e+09
/SS/5/PX1PY-2PZ-2/b_X/eta0/bT0/bz17	2.0487626194953918e+00	3.9559368641604401e-09	5.1789568181852067e+08
/SS/5/PX1PY-2PZ-2/b_X/eta0/bT0/bz18	1.9743978977203369e+00	9.5254134770297622e-10	2.0727687070818877e+09
/SS/5/PX1PY-2PZ-2/b_X/eta0/bT0/bz19	1.8687682151794434e+00	5.8137359124604822e-10	3.2144016228431430e+09
/SS/5/PX1PY-2PZ-2/b_X/eta0/bT0/bz2	2.0080139160156250e+01	2.7397595718691731e-10	3.0975136114327648e+10
/SS/5/PX1PY-2PZ-2/b_X/eta0/bT0/bz20	1.7550406455993652e+00	5.0098633515255563e-10	3.2297461386752620e+09
/SS/5/PX1PY-2PZ-2/b_X/eta0/bT0/bz3	1.4736030578613281e+01	2.9750381769197642e-10	2.3084610334985508e+10
/SS/5/PX1PY-2PZ-2/b_X/eta0/bT0/bz4	1.0198806762695312e+01	3.5029599074085340e-10	1.5566653106570658e+10
/SS/5/PX1PY-2PZ-2/b_X/eta0/bT0/bz5	7.1888046264648438e+00	4.6597899910778910e-10	8.9273260160124130e+09
/SS/5/PX1PY-2PZ-2/b_X/eta0/bT0/bz6	5.2318954467773438e+00	4.4196422631570639e-10	3.9723372740741429e+09
/SS/5/PX1PY-2PZ-2/b_X/eta0/bT0/bz7	3.7842063903808594e+00	9.8794300483358889e-10	3.2528584814895597e+09
/SS/5/PX1PY-2PZ-2/b_X/eta0/bT0/bz8	3.4004144668579102e+00	6.2458120282128921e-10	5.4443112464767332e+09
/SS/5/PX1PY-2PZ-2/b_X/eta0/bT0/bz9	2.9374771118164062e+00	3.8622455119910484e-10	7.3579272083199692e+09
/SS/5/PX1PY-2PZ0/b_X/eta0/bT0/bz-1	1.0032546997070312e+01	1.2231722249517173e-10	8.0896122490538589e+10
/SS/5/PX1PY-2PZ0/b_X/eta0/bT0/bz-10	4.7059917449951172e+00	7.8568127696978733e-10	5.9896956729644480e+09
/SS/5/PX1PY-2PZ0/b_X/eta0/bT0/bz-11	4.4278042316436768e+00	3.9164475946515193e-09	1.1305664443692517e+09
/SS/5/PX1PY-2PZ0/b_X/eta0/bT0/bz-12	2.4791021347045898e+00	8.9527467792846565e-10	2.7690966759395771e+09
/SS/5/PX1PY-2PZ0/b_X/eta0/bT0/bz-13	2.2591218948364258e+00	2.3725008617357202e-09	6.9390006431969404e+08
/SS/5/PX1PY-2PZ0/b_X/eta0/bT0/bz-14	2.3735637664794922e+00	1.5820482804324218e-09	1.5003105757497649e+09
/SS/5/PX1PY-2PZ0/b_X/eta0/bT0/bz-15	1.7733633518218994e+00	1.1880435266493146e-09	1.4926754045985041e+09
/SS/5/PX1PY-2PZ0/b_X/eta0/bT0/bz-16	1.3049068450927734e+00	5.9203005294669754e-10	1.8876030096274009e+09
/SS/5/PX1PY-2PZ0/b_X/eta0/bT0/bz-17	1.2983493804931641e+00	5.5453843800991440e-10	1.3803465972867229e+09
/SS/5/PX1PY-2PZ0/b_X/eta0/bT0/bz-18	1.5733280181884766e+00	1.3048765650442863e-09	6.4753741514361310e+08
/SS/5/PX1PY-2PZ0/b_X/eta0/bT0/bz-19	1.7583236694335938e+00	4.6782506299199380e-10	3.2453767557790322e+09
/SS/5/PX1PY-2PZ0/b_X/eta0/bT0/bz-2	9.3434448242187500e+00	1.2308281898477422e-10	7.0362754431741730e+10
/SS/5/PX1PY-2PZ0/b_X/eta0/bT0/bz-20	1.7256011962890625e+00	6.6915015635643246e-10	2.5562242493581896e+09
/SS/5/PX1PY-2PZ0/b_X/eta0/bT0/bz-3	7.9494781494140625e+00	1.2360263074866010e-10	5.8404302823890129e+10
/SS/5/PX1PY-2PZ0/b_X/eta0/bT0/bz-4	6.4664001464843750e+00	1.6017512361590306e-10	3.2748093925335274e+10
/SS/5/PX1PY-2PZ0/b_X/eta0/bT0/bz-5	5.2062606811523438e+00	2.5583013293163340e-10	1.9887500749604267e+10
/SS/5/PX1PY-2PZ0/b_X/eta0/bT0/bz-6	4.9953689575195312e+00	4.0177220892068090e-10	1.1866727141121696e+10
/SS/5/PX1PY-2PZ0/b_X/eta0/bT0/bz-7	5.1563758850097656e+00	5.5056348619967806e-10	7.5022181659851017e+09
/SS/5/PX1PY-2PZ0/b_X/eta0/bT0/bz-8	5.2495727539062500e+00	6.0382770020385077e-10	5.3320646934864187e+09
/SS/5/PX1PY-2PZ0/b_X/eta0/bT0/bz-9	5.1088352203369141e+00	5.3044361079282287e-10	4.2847694508977332e+09
/SS/5/PX1PY-2PZ0/b_X/eta0/bT0/bz0	1.0283920288085938e+01	1.2346703882104572e-10	8.3292839824169968e+10
/SS/5/PX1PY-2PZ0/b_X/eta0/bT0/bz1	9.4360961914062500e+00	1.2867835544084777e-10	7.1279187487465195e+10
/SS/5/PX1PY-2PZ0/b_X/eta0/bT0/bz10	3.6016826629638672e+00	7.9686980545712805e-10	3.5196792557610717e+09
/SS/5/PX1PY-2PZ0/b_X/eta0/bT0/bz11	3.2201004028320312e+00	4.3705152575739886e-10	7.3677820875963802e+09
/SS/5/PX1PY-2PZ0/b_X/eta0/bT0/bz12	2.7306022644042969e+00	4.6366448995551430e-10	5.0387005437127829e+09
/SS/5/PX1PY-2PZ0/b_X/eta0/bT0/bz13	2.5443267822265625e+00	4.1790723400881883e-10	5.1733848044286499e+09
/SS/5/PX1PY-2PZ0/b_X/eta0/bT0/bz14	2.3347177505493164e+00	4.6302948662762130e-10	5.0422658123864775e+09
/SS/5/PX1PY-2PZ0/b_X/eta0/bT0/bz15	2.1667175292968750e+00	1.5560440721484524e-09	7.4018421937309396e+08
/SS/5/PX1PY-2PZ0/b_X/eta0/bT0/bz16	2.6330499649047852e+00	9.6981487298049012e-10	2.0485646128405776e+09
/SS/5/PX1PY-2PZ0/b_X/eta0/bT0/bz17	3.0756645202636719e+00	7.5768719940609697e-10	3.0894226836620622e+09
/SS/5/PX1PY-2PZ0/b_X/eta0/bT0/bz18	3.1270847320556641e+00	5.9158891715552043e-10	3.9074554877642417e+09
/SS/5/PX1PY-2PZ0/b_X/eta0/bT0/bz19	2.7161149978637695e+00	5.1984127674380771e-10	4.3224213586777134e+09
/SS/5/PX1PY-2PZ0/b_X/eta0/bT0/bz2	8.1450576782226562e+00	1.3455966766834156e-10	5.3612844858499611e+10
/SS/5/PX1PY-2PZ0/b_X/eta0/bT0/bz20	2.2267541885375977e+00	4.7710282654430888e-10	4.6672416608095646e+09
/SS/5/PX1PY-2PZ0/b_X/eta0/bT0/bz3	6.4950485229492188e+00	1.3659392559200298e-10	4.7550053890020691e+10
/SS/5/PX1PY-2PZ0/b_X/eta0/bT0/bz4	4.7193069458007812e+00	1.3571568110400086e-10	3.4773483118611099e+10
/SS/5/PX1PY-2PZ0/b_X/eta0/bT0/bz5	3.7420043945312500e+00	1.2011639997103196e-10	2.6386161309619350e+10
/SS/5/PX1PY-2PZ0/b_X/eta0/bT0/bz6	3.5066032409667969e+00	1.3464236763861318e-10	2.6043832283005413e+10
/SS/5/PX1PY-2PZ0/b_X/eta0/bT0/bz7	3.1483993530273438e+00	1.5448005179039781e-10	2.0380620776196831e+10
/SS/5/PX1PY-2PZ0/b_X/eta0/bT0/bz8	2.5823364257812500e+00	1.6507107184341854e-10	1.4824648796278316e+10
/SS/5/PX1PY-2PZ0/b_X/eta0/bT0/bz9	3.2933826446533203e+00	3.3944370861301793e-10	6.2966765749423780e+09
/SS/5/PX1PY0PZ-1/b_X/eta0/bT0/bz-1	3.0607513427734375e+01	1.9635976992628367e-10	1.5587466536157016e+11
/SS/5/PX1PY0PZ-1/b_X/eta0/bT0/bz-10	3.9386653900146484e+00	1.1050676350460583e-09	2.6806718174272013e+09
/SS/5/PX1PY0PZ-1/b_X/eta0/bT0/bz-11	3.4037342071533203e+00	5.2495166421556343e-10	3.6799367504489732e+09
/SS/5/PX1PY0PZ-1/b_X/eta0/bT0/bz-12	3.0165748596191406e+00	4.3356945892499252e-10	4.6176177495038013e+09
/SS/5/PX1PY0PZ-1/b_X/eta0/bT0/bz-13	2.8755140304565430e+00	4.4146392000792820e-10	5.1611131523376379e+09
/SS/5/PX1PY0PZ-1/b_X/eta0/bT0/bz-14	2.5482158660888672e+00	4.8631085294975709e-10	5.2398910092844143e+09
/SS/5/PX1PY0PZ-1/b_X/eta0/bT0/bz-15	2.2014255523681641e+00	8.1085702350073970e-10	2.5388005292595243e+09
/SS/5/PX1PY0PZ-1/b_X/eta0/bT0/bz-16	2.5897846221923828e+00	4.0606531444387045e-09	5.3838841388372052e+08
/SS/5/PX1PY0PZ-1/b_X/eta0/bT0/bz-17	2.6017999649047852e+00	1.2582956046870416e-09	2.0677175976879413e+09
/SS/5/PX1PY0PZ-1/b_X/eta0/bT0/bz-18	1.7220659255981445e+00	9.4786597353511330e-10	1.7464819288619418e+09
/SS/5/PX1PY0PZ-1/b_X/eta0/bT0/bz-19	1.6898770332336426e+00	6.0975853129010143e-10	2.7713872730214562e+09
/SS/5/PX1PY0PZ-1/b_X/eta0/bT0/bz-2	2.4906829833984375e+01	1.7682895026545314e-10	1.4085267031554840e+11
/SS/5/PX1PY0PZ-1/b_X/eta0/bT0/bz-20	1.5294265747070312e+00	1.1700677409953753e-09	3.9160898273373795e+08
/SS/5/PX1PY0PZ-1/b_X/eta0/bT0/bz-3	1.8667938232421875e+01	1.5714591011653855e-10	1.1879366264497647e+11
/SS/5/PX1PY0PZ-1/b_X/eta0/bT0/bz-4	1.3189956665039062e+01	1.3776612957818711e-10	9.5741650762956940e+10
/SS/5/PX1PY0PZ-1/b_X/eta0/bT0/bz-5	8.7784118652343750e+00	1.9044319458982609e-10	4.1175645135626701e+10
/SS/5/PX1PY0PZ-1/b_X/eta0/bT0/bz-6	7.9381141662597656e+00	2.7078972888833868e-10	2.9314679692053909e+10
/SS/5/PX1PY0PZ-1/b_X/eta0/bT0/bz-7	7.2687644958496094e+00	3.2330753050616872e-10	2.2482509097358997e+10
/SS/5/PX1PY0PZ-1/b_X/eta0/bT0/bz-8	5.7718162536621094e+00	3.5309312602356459e-10	1.3884439518260998e+10
/SS/5/PX1PY0PZ-1/b_X/eta0/bT0/bz-9	4.6262941360473633e+00	5.8155167924150512e-10	7.9550868842494888e+09
/SS/5/PX1PY0PZ-1/b_X/eta0/bT0/bz0	3.3308685302734375e+01	2.1452066223817201e-10	1.5527028937545111e+11
/SS/5/PX1PY0PZ-1/b_X/eta0/bT0/bz1	3.0707382202148438e+01	2.3178852255321348e-10	1.3248016711051216e+11
/SS/5/PX1PY0PZ-1/b_X/eta0/bT0/bz10	2.0323753356933594e+00	1.4843696037131118e-10	9.9249821132855682e+09
/SS/5/PX1PY0PZ-1/b_X/eta0/bT0/bz11	2.2857742309570312e+00	1.5364941135235295e-10	1.3252157625207441e+10
/SS/5/PX1PY0PZ-1/b_X/eta0/bT0/bz12	2.7848739624023438e+00	1.7772942321472732e-10	1.2257091575704416e+10
/SS/5/PX1PY0PZ-1/b_X/eta0/bT0/bz13	3.0663795471191406e+00	2.1687972716390422e-10	1.0228081965550459e+10
/SS/5/PX1PY0PZ-1/b_X/eta0/bT0/bz14	3.1324405670166016e+00	2.8899572345237373e-10	8.1216238598599329e+09
/SS/5/PX1PY0PZ-1/b_X/eta0/bT0/bz15	2.9217109680175781e+00	4.1138400089039325e-10	5.3785475053347006e+09
/SS/5/PX1PY0PZ-1/b_X/eta0/bT0/bz16	2.2597351074218750e+00	6.2486124726747785e-10	3.1463108299651127e+09
/SS/5/PX1PY0PZ-1/b_X/eta0/bT0/bz17	2.7134671211242676e+00	1.6486282518501716e-09	1.6458938624150603e+09
/SS/5/PX1PY0PZ-1/b_X/eta0/bT0/bz18	3.5880351364612579e+00	1.5887309627169986e-08	2.2584284064843246e+08
/SS/5/PX1PY0PZ-1/b_X/eta0/bT0/bz19	3.5920834541320801e+00	3.6090108045274324e-09	9.9530969805517972e+08
/SS/5/PX1PY0PZ-1/b_X/eta0/bT0/bz2	2.5568481445312500e+01	2.5496093037185829e-10	1.0028391961082466e+11
/SS/5/PX1PY0PZ-1/b_X/eta0/bT0/bz20	3.0535650253295898e+00	4.8430991365263049e-09	2.4810017215069854e+08
/SS/5/PX1PY0PZ-1/b_X/eta0/bT0/bz3	2.0292968750000000e+01	2.9029592361709408e-10	6.9904422002035477e+10
/SS/5/PX1PY0PZ-1/b_X/eta0/bT0/bz4	1.5900627136230469e+01	3.4805256074374299e-10	4.5684557246908051e+10
/SS/5/PX1PY0PZ-1/b_X/eta0/bT0/bz5	1.2570899963378906e+01	4.5875036505686656e-10	2.7402484926242229e+10
/SS/5/PX1PY0PZ-1/b_X/eta0/bT0/bz6	1.0244333267211914e+01	7.1648528458867840e-10	1.4298037220810482e+10
/SS/5/PX1PY0PZ-1/b_X/eta0/bT0/bz7	7.8920564651489258e+00	1.2301110741260522e-09	6.4157267023678617e+09
/SS/5/PX1PY0PZ-1/b_X/eta0/bT0/bz8	3.0109863281250000e+00	2.1275150555039502e-10	1.4152597041959732e+10
/SS/5/PX1PY0PZ-1/b_X/eta0/bT0/bz9	2.3764877319335938e+00	2.0901190986831550e-10	1.1370106772532057e+10
/SS/5/PX1PY0PZ-2/b_X/eta0/bT0/bz-1	1.7874816894531250e+01	2.2245001775384707e-10	2.9733252044004269e+10
/SS/5/PX1PY0PZ-2/b_X/eta0/bT0/bz-10	3.5715560913085938e+00	5.8550254514164709e-10	6.0999838872511625e+09
/SS/5/PX1PY0PZ-2/b_X/eta0/bT0/bz-11	2.9708595275878906e+00	4.6758911977652707e-10	6.3535685539640894e+09
/SS/5/PX1PY0PZ-2/b_X/eta0/bT0/bz-12	2.2454023361206055e+00	3.5570619014531463e-10	6.3125197096044464e+09
/SS/5/PX1PY0PZ-2/b_X/eta0/bT0/bz-13	1.9866247177124023e+00	2.8414910096632017e-10	6.9914869023213081e+09
/SS/5/PX1PY0PZ-2/b_X/eta0/bT0/bz-14	1.9711475372314453e+00	3.0624478908157563e-10	6.4365096403530416e+09
/SS/5/PX1PY0PZ-2/b_X/eta0/bT0/bz-15	1.9045906066894531e+00	3.3003294734713076e-10	5.7709105166587887e+09
/SS/5/PX1PY0PZ-2/b_X/eta0/bT0/bz-16	1.7586650848388672e+00	3.5807744504684925e-10	4.9114098337268114e+09
/SS/5/PX1PY0PZ-2/b_X/eta0/bT0/bz-17	1.5734243392944336e+00	3.9561911205259931e-10	1.7202045759464827e+09
/SS/5/PX1PY0PZ-2/b_X/eta0/bT0/bz-18	1.4591865539550781e+00	3.3364978394452121e-10	3.7989175804426823e+09
/SS/5/PX1PY0PZ-2/b_X/eta0/bT0/bz-19	1.6112422943115234e+00	3.6908397861818685e-10	3.9201927593637247e+09
/SS/5/PX1PY0PZ-2/b_X/eta0/bT0/bz-2	1.5445709228515625e+01	8.1075399296200247e-10	1.0557536151234549e+10
/SS/5/PX1PY0PZ-2/b_X/eta0/bT0/bz-20	2.1273555755615234e+00	4.8777733690752395e-10	4.3613251674397526e+09
/SS/5/PX1PY0PZ-2/b_X/eta0/bT0/bz-3	1.2586654663085938e+01	5.3770899813521818e-10	1.6851857931644512e+10
/SS/5/PX1PY0PZ-2/b_X/eta0/bT0/bz-4	9.9336166381835938e+00	3.8077880762994047e-10	2.1157740953872143e+10
/SS/5/PX1PY0PZ-2/b_X/eta0/bT0/bz-5	7.6689529418945312e+00	5.7836965495630352e-10	9.9357960925488586e+09
/SS/5/PX1PY0PZ-2/b_X/eta0/bT0/bz-6	5.7731399536132812e+00	1.1599878228488250e-09	4.4831138178348999e+09
/SS/5/PX1PY0PZ-2/b_X/eta0/bT0/bz-7	5.8844947814941406e+00	5.9984910558503320e-10	9.8099584157168808e+09
/SS/5/PX1PY0PZ-2/b_X/eta0/bT0/bz-8	4.8992385864257812e+00	1.3259553168051548e-09	3.3010574608660760e+09
/SS/5/PX1PY0PZ-2/b_X/eta0/bT0/bz-9	4.0222311019897461e+00	7.7140005278467040e-10	5.2141960419498663e+09
/SS/5/PX1PY0PZ-2/b_X/eta0/bT0/bz0	1.8719314575195312e+01	2.4507483548191800e-10	2.8283397839012505e+10
/SS/5/PX1PY0PZ-2/b_X/eta0/bT0/bz1	1.7362274169921875e+01	1.7423194054480280e-10	2.0893089515566570e+10
/SS/5/PX1PY0PZ-2/b_X/eta0/bT0/bz10	1.9636802673339844e+00	1.8831560884184707e-10	7.5833663626972151e+09
/SS/5/PX1PY0PZ-2/b_X/eta0/bT0/bz11	1.6609516143798828e+00	2.9618347316293394e-10	4.2567206989255934e+09
/SS/5/PX1PY0PZ-2/b_X/eta0/bT0/bz12	1.9099712371826172e+00	3.8050719760456989e-10	3.0238072063610983e+09
/SS/5/PX1PY0PZ-2/b_X/eta0/bT0/bz13	2.0534505844116211e+00	6.4210830749672077e-10	3.1979816495710235e+09
/SS/5/PX1PY0PZ-2/b_X/eta0/bT0/bz14	1.4119396209716797e+00	8.3202504390838063e-10	1.4998246430697799e+09
/SS/5/PX1PY0PZ-2/b_X/eta0/bT0/bz15	1.9659526348114014e+00	1.0728359476191599e-09	1.8324820669686246e+09
/SS/5/PX1PY0PZ-2/b_X/eta0/bT0/bz16	2.4223937988281250e+00	6.7751601516569429e-10	3.5754044843289804e+09
/SS/5/PX1PY0PZ-2/b_X/eta0/bT0/bz17	2.3554286956787109e+00	4.5345844430312836e-10	5.1943650521240520e+09
/SS/5/PX1PY0PZ-2/b_X/eta0/bT0/bz18	2.2600126266479492e+00	7.7832407776179426e-10	2.0990610082789404e+09
/SS/5/PX1PY0PZ-2/b_X/eta0/bT0/bz19	2.1776618957519531e+00	7.0399064864490741e-10	2.8983644737730980e+09
/SS/5/PX1PY0PZ-2/b_X/eta0/bT0/bz2	1.5410247802734375e+01	1.4240366485524860e-10	9.4166378827417053e+10
/SS/5/PX1PY0PZ-2/b_X/eta0/bT0/bz20	2.0635385513305664e+00	9.2376685345937648e-10	1.1002736029087133e+09
/SS/5/PX1PY0PZ-2/b_X/eta0/bT0/bz3	1.2738128662109375e+01	1.9670889071522020e-10	1.3221905264639791e+10
/SS/5/PX1PY0PZ-2/b_X/eta0/bT0/bz4	1.0051055908203125e+01	5.9962324681865762e-10	7.3691339626034975e+09
/SS/5/PX1PY0PZ-2/b_X/eta0/bT0/bz5	7.6928863525390625e+00	2.2715035219195444e-09	3.0548217115721207e+09
/SS/5/PX1PY0PZ-2/b_X/eta0/bT0/bz6	5.6817016601562500e+00	8.6030317490119575e-10	3.9453248906930923e+09
/SS/5/PX1PY0PZ-2/b_X/eta0/bT0/bz7	4.0935745239257812e+00	3.5525096850162727e-10	5.7435493204880257e+09
/SS/5/PX1PY0PZ-2/b_X/eta0/bT0/bz8	2.9845657348632812e+00	1.9094410979541473e-10	7.0647545801559505e+09
/SS/5/PX1PY0PZ-2/b_X/eta0/bT0/bz9	2.2320289611816406e+00	2.5469568685854799e-10	1.3867574879284260e+09
/SS/5/PX1PY0PZ0/b_X/eta0/bT0/bz-1	5.0934997558593750e+01	1.2793282129727745e-10	3.9813862496033069e+11
/SS/5/PX1PY0PZ0/b_X/eta0/bT0/bz-10	4.4690856933593750e+00	2.5141789731784484e-10	1.7775527283602707e+10
/SS/5/PX1PY0PZ0/b_X/eta0/bT0/bz-11	3.1247806549072266e+00	2.6840676514960603e-10	1.1641959371499147e+10
/SS/5/PX1PY0PZ0/b_X/eta0/bT0/bz-12	2.2259654998779297e+00	2.9510068939947077e-10	7.5430711612628365e+09
/SS/5/PX1PY0PZ0/b_X/eta0/bT0/bz-13	3.1030998229980469e+00	2.9134490764580019e-10	1.0650949241133163e+10
/SS/5/PX1PY0PZ0/b_X/eta0/bT0/bz-14	3.7282009124755859e+00	6.4075933156608666e-10	1.8951483829504509e+09
/SS/5/PX1PY0PZ0/b_X/eta0/bT0/bz-15	3.5747871398925781e+00	3.7070341381792344e-09	5.1740569471502864e+08
/SS/5/PX1PY0PZ0/b_X/eta0/bT0/bz-16	2.9915161132812500e+00	2.2004609842948887e-09	7.1183374400222206e+08
/SS/5/PX1PY0PZ0/b_X/eta0/bT0/bz-17	2.3074722290039062e+00	6.3373443145192369e-10	1.6004684679035673e+09
/SS/5/PX1PY0PZ0/b_X/eta0/bT0/bz-18	1.8662972450256348e+00	8.3328683781822801e-10	2.2396816562134948e+09
/SS/5/PX1PY0PZ0/b_X/eta0/bT0/bz-19	1.6519842147827148e+00	8.9017606645325166e-10	1.8557949118591251e+09
/SS/5/PX1PY0PZ0/b_X/eta0/bT0/bz-2	4.2934143066406250e+01	1.2847224075710202e-10	3.3419003835684888e+11
/SS/5/PX1PY0PZ0/b_X/eta0/bT0/bz-20	1.4341299533843994e+00	8.8323038811623609e-10	1.6237325760984383e+09
/SS/5/PX1PY0PZ0/b_X/eta0/bT0/bz-3	3.4177520751953125e+01	1.2939061158870749e-10	2.6414219959476529e+11
/SS/5/PX1PY0PZ0/b_X/eta0/bT0/bz-4	2.6437835693359375e+01	1.3110062922311415e-10	2.0166063160815222e+11
/SS/5/PX1PY0PZ0/b_X/eta0/bT0/bz-5	2.0119628906250000e+01	1.3408519447512862e-10	1.4994525168214020e+11
/SS/5/PX1PY0PZ0/b_X/eta0/bT0/bz-6	1.5092773437500000e+01	1.3702158949493335e-10	1.0929752056095482e+11
/SS/5/PX1PY0PZ0/b_X/eta0/bT0/bz-7	1.1067031860351562e+01	1.3689553418736148e-10	7.8832552171133133e+10
/SS/5/PX1PY0PZ0/b_X/eta0/bT0/bz-8	7.9650878906250000e+00	1.6333085538062235e-10	4.2730785068168777e+10
/SS/5/PX1PY0PZ0/b_X/eta0/bT0/bz-9	5.7081871032714844e+00	2.0695016944908797e-10	2.7582422949770821e+10
/SS/5/PX1PY0PZ0/b_X/eta0/bT0/bz0	5.4745239257812500e+01	1.2778938959122508e-10	4.2840207182249261e+11
/SS/5/PX1PY0PZ0/b_X/eta0/bT0/bz1	5.0928039550781250e+01	1.2780961218531915e-10	3.9846799219559094e+11
/SS/5/PX1PY0PZ0/b_X/eta0/bT0/bz10	5.7515792846679688e+00	1.9631881923597358e-10	2.9297136703713657e+10
/SS/5/PX1PY0PZ0/b_X/eta0/bT0/bz11	4.9317436218261719e+00	2.3026845641342180e-10	2.1417365186014736e+10
/SS/5/PX1PY0PZ0/b_X/eta0/bT0/bz12	4.2364292144775391e+00	2.6820479835555615e-10	1.5795501200770285e+10
/SS/5/PX1PY0PZ0/b_X/eta0/bT0/bz13	3.6060543060302734e+00	3.0386466477313969e-10	1.1867303849634815e+10
/SS/5/PX1PY0PZ0/b_X/eta0/bT0/bz14	2.9574394226074219e+00	3.1278032473205746e-10	9.4553243562903309e+09
/SS/5/PX1PY0PZ0/b_X/eta0/bT0/bz15	2.5823955535888672e+00	3.8791149212848583e-10	3.3685291522787919e+09
/SS/5/PX1PY0PZ0/b_X/eta0/bT0/bz16	2.3783159255981445e+00	4.0335737046399364e-10	4.6556165150829430e+09
/SS/5/PX1PY0PZ0/b_X/eta0/bT0/bz17	2.4123039245605469e+00	7.2842638604909752e-10	3.3116646661368365e+09
/SS/5/PX1PY0PZ0/b_X/eta0/bT0/bz18	2.8791925907135010e+00	1.4809334399088281e-09	1.9441742033259475e+09
/SS/5/PX1PY0PZ0/b_X/eta0/bT0/bz19	3.1841467618942261e+00	4.2903321684087183e-09	7.4216788745175982e+08
/SS/5/PX1PY0PZ0/b_X/eta0/bT0/bz2	4.2842895507812500e+01	1.2769414988625877e-10	3.3551181119866516e+11
/SS/5/PX1PY0PZ0/b_X/eta0/bT0/bz20	2.0389099121093750e+00	1.1284333246069112e-09	1.1229369377375588e+09
/SS/5/PX1PY0PZ0/b_X/eta0/bT0/bz3	3.4078704833984375e+01	1.2773987713048360e-10	2.6678203862035733e+11
/SS/5/PX1PY0PZ0/b_X/eta0/bT0/bz4	2.6499664306640625e+01	1.2893766814748573e-10	2.0552306154884784e+11
/SS/5/PX1PY0PZ0/b_X/eta0/bT0/bz5	2.0513610839843750e+01	1.3262066629955993e-10	1.5467884012517450e+11
/SS/5/PX1PY0PZ0/b_X/eta0/bT0/bz6	1.5852127075195312e+01	1.3875411004592059e-10	1.1424618031097644e+11
/SS/5/PX1PY0PZ0/b_X/eta0/bT0/bz7	1.2132339477539062e+01	1.4649438606271894e-10	8.2817777551863449e+10
/SS/5/PX1PY0PZ0/b_X/eta0/bT0/bz8	9.0485916137695312e+00	1.5321840918131892e-10	5.9056817402805779e+10
/SS/5/PX1PY0PZ0/b_X/eta0/bT0/bz9	6.7462768554687500e+00	1.6776863549125036e-10	4.0211788310220764e+10
/SS/5/PX1PY1PZ-1/b_X/eta0/bT0/bz-1	3.7736900329589844e+01	1.5030189169153703e-09	2.5025134620138481e+10
/SS/5/PX1PY1PZ-1/b_X/eta0/bT0/bz-10	6.0520954132080078e+00	6.4660483460442564e-10	9.3598053854801540e+09
/SS/5/PX1PY1PZ-1/b_X/eta0/bT0/bz-11	4.8739337921142578e+00	6.3551253437101407e-10	7.3940130314914398e+09
/SS/5/PX1PY1PZ-1/b_X/eta0/bT0/bz-12	4.1052989959716797e+00	5.2335727411801361e-10	6.2149017165811415e+09
/SS/5/PX1PY1PZ-1/b_X/eta0/bT0/bz-13	3.3290748596191406e+00	3.3639146293353132e-10	5.5690125037887592e+09
/SS/5/PX1PY1PZ-1/b_X/eta0/bT0/bz-14	2.5485553741455078e+00	2.7084051051746466e-10	9.4098012489943562e+09
/SS/5/PX1PY1PZ-1/b_X/eta0/bT0/bz-15	2.0006885528564453e+00	3.8212205835605308e-10	4.3608028150032339e+09
/SS/5/PX1PY1PZ-1/b_X/eta0/bT0/bz-16	1.8426103591918945e+00	4.9600907829701675e-10	3.5676870387841144e+09
/SS/5/PX1PY1PZ-1/b_X/eta0/bT0/bz-17	2.0129127502441406e+00	5.7618566514438456e-10	3.2838751574381127e+09
/SS/5/PX1PY1PZ-1/b_X/eta0/bT0/bz-18	2.0183029174804688e+00	5.9964311587125086e-10	3.2958012504253340e+09
/SS/5/PX1PY1PZ-1/b_X/eta0/bT0/bz-19	1.9693679809570312e+00	5.9359643420197641e-10	3.3176883611247172e+09
/SS/5/PX1PY1PZ-1/b_X/eta0/bT0/bz-2	3.3294544219970703e+01	1.4359934536036123e-09	2.2644680152038815e+10
/SS/5/PX1PY1PZ-1/b_X/eta0/bT0/bz-20	1.9261226654052734e+00	6.0796202348860967e-10	2.3003630000501184e+09
/SS/5/PX1PY1PZ-1/b_X/eta0/bT0/bz-3	2.8384208679199219e+01	1.5419766631206492e-09	9.3673424179445591e+09
/SS/5/PX1PY1PZ-1/b_X/eta0/bT0/bz-4	2.3899711608886719e+01	2.8659354277190915e-09	4.0154864331669817e+09
/SS/5/PX1PY1PZ-1/b_X/eta0/bT0/bz-5	1.9896877288818359e+01	1.0400142930368734e-09	1.9131349849739922e+10
/SS/5/PX1PY1PZ-1/b_X/eta0/bT0/bz-6	1.6118278503417969e+01	9.6205002568523188e-10	1.6754096016927526e+10
/SS/5/PX1PY1PZ-1/b_X/eta0/bT0/bz-7	1.2572429656982422e+01	8.3550872616348966e-10	1.5047634169798353e+10
/SS/5/PX1PY1PZ-1/b_X/eta0/bT0/bz-8	9.7021903991699219e+00	7.1652602837631560e-10	1.3540597291567451e+10
/SS/5/PX1PY1PZ-1/b_X/eta0/bT0/bz-9	7.6045627593994141e+00	6.5553601596927745e-10	1.1600526247448488e+10
/SS/5/PX1PY1PZ-1/b_X/eta0/bT0/bz0	3.9951644897460938e+01	1.4860950343897626e-09	2.6599094254494232e+10
/SS/5/PX1PY1PZ-1/b_X/eta0/bT0/bz1	3.7967906951904297e+01	1.5790689331700785e-09	9.3272777559838753e+09
/SS/5/PX1PY1PZ-1/b_X/eta0/bT0/bz10	3.6260299682617188e+00	1.0357586563421986e-09	2.8774279724641809e+09
/SS/5/PX1PY1PZ-1/b_X/eta0/bT0/bz11	2.9773645401000977e+00	1.0699219946692418e-09	1.8449281131042159e+09
/SS/5/PX1PY1PZ-1/b_X/eta0/bT0/bz12	2.5825948715209961e+00	2.3647546415198667e-09	4.6745917419060421e+08
/SS/5/PX1PY1PZ-1/b_X/eta0/bT0/bz13	2.5001854896545410e+00	3.0952309858510241e-09	8.0775409043248606e+08
/SS/5/PX1PY1PZ-1/b_X/eta0/bT0/bz14	4.0517787933349609e+00	2.3546208435302765e-09	1.7207775954536018e+09
/SS/5/PX1PY1PZ-1/b_X/eta0/bT0/bz15	3.4616227149963379e+00	1.3496238566058757e-09	2.5648796129773951e+09
/SS/5/PX1PY1PZ-1/b_X/eta0/bT0/bz16	2.8995084762573242e+00	7.9599031521833589e-10	3.6426429076112623e+09
/SS/5/PX1PY1PZ-1/b_X/eta0/bT0/bz17	2.6732025146484375e+00	6.1278468425835401e-10	4.3623846733111200e+09
/SS/5/PX1PY1PZ-1/b_X/eta0/bT0/bz18	2.4243612289428711e+00	5.1789184371659134e-10	4.6812114505312948e+09
/SS/5/PX1PY1PZ-1/b_X/eta0/bT0/bz19	2.0253858566284180e+00	4.1739356905785909e-10	1.4050787693860075e+09
/SS/5/PX1PY1PZ-1/b_X/eta0/bT0/bz2	3.3565235137939453e+01	1.3973988499143643e-09	2.4019795880035542e+10
/SS/5/PX1PY1PZ-1/b_X/eta0/bT0/bz20	1.8159351348876953e+00	2.4437145621119423e-09	4.8747696422839308e+08
/SS/5/PX1PY1PZ-1/b_X/eta0/bT0/bz3	2.8214984893798828e+01	1.6298159027240398e-09	1.7311761927614586e+10
/SS/5/PX1PY1PZ-1/b_X/eta0/bT0/bz4	2.2203233718872070e+01	1.7583420932268851e-09	1.2627368590218416e+10
/SS/5/PX1PY1PZ-1/b_X/eta0/bT0/bz5	1.6148803710937500e+01	1.6458214398765561e-09	9.8120022741645241e+09
/SS/5/PX1PY1PZ-1/b_X/eta0/bT0/bz6	1.1580879211425781e+01	3.3067650190586655e-09	3.3667502250954185e+09
/SS/5/PX1PY1PZ-1/b_X/eta0/bT0/bz7	8.8619670867919922e+00	2.6556531187848083e-09	2.5247018786581206e+09
/SS/5/PX1PY1PZ-1/b_X/eta0/bT0/bz8	7.3494873046875000e+00	7.9889890918639634e-09	7.2948632947244883e+08
/SS/5/PX1PY1PZ-1/b_X/eta0/bT0/bz9	6.0627574920654297e+00	2.4823003603778680e-09	1.8895230087464511e+09
/SS/5/PX1PY1PZ-2/b_X/eta0/bT0/bz-1	2.5329475402832031e+01	1.0697096128170144e-09	2.2159879032677372e+10
/SS/5/PX1PY1PZ-2/b_X/eta0/bT0/bz-10	5.2528419494628906e+00	5.5456205116569955e-10	9.4720544588677158e+09
/SS/5/PX1PY1PZ-2/b_X/eta0/bT0/bz-11	5.2786817550659180e+00	7.4164442586043203e-10	7.1175371525805798e+09
/SS/5/PX1PY1PZ-2/b_X/eta0/bT0/bz-12	4.6206312179565430e+00	9.3812608016428082e-10	4.9253840348915539e+09
/SS/5/PX1PY1PZ-2/b_X/eta0/bT0/bz-13	3.7530660629272461e+00	7.4707912822758151e-10	5.0236526776370544e+09
/SS/5/PX1PY1PZ-2/b_X/eta0/bT0/bz-14	3.3914756774902344e+00	1.0438509364975859e-09	1.2387856008941059e+09
/SS/5/PX1PY1PZ-2/b_X/eta0/bT0/bz-15	2.8855772018432617e+00	9.5407773827345852e-10	8.0309852447659743e+08
/SS/5/PX1PY1PZ-2/b_X/eta0/bT0/bz-16	2.3081130981445312e+00	6.5353737510475187e-10	2.8796165279390392e+09
/SS/5/PX1PY1PZ-2/b_X/eta0/bT0/bz-17	2.4048829078674316e+00	1.1135816273138017e-09	2.1595928388909631e+09
/SS/5/PX1PY1PZ-2/b_X/eta0/bT0/bz-18	2.5880198478698730e+00	4.5985413042126957e-09	1.9450601828417453e+08
/SS/5/PX1PY1PZ-2/b_X/eta0/bT0/bz-19	2.1846530437469482e+00	1.7248210288191082e-09	1.2665969438247528e+09
/SS/5/PX1PY1PZ-2/b_X/eta0/bT0/bz-2	2.0896278381347656e+01	7.3910714321695588e-10	2.5032058559857231e+10
/SS/5/PX1PY1PZ-2/b_X/eta0/bT0/bz-20	1.5864505767822266e+00	1.2800198679817713e-09	7.5539686735715163e+08
/SS/5/PX1PY1PZ-2/b_X/eta0/bT0/bz-3	1.6490570068359375e+01	4.9236269018338432e-10	2.6696056409114323e+10
/SS/5/PX1PY1PZ-2/b_X/eta0/bT0/bz-4	1.2593101501464844e+01	5.0375396239459410e-10	1.9258825679896160e+10
/SS/5/PX1PY1PZ-2/b_X/eta0/bT0/bz-5	8.4271812438964844e+00	4.9464464067096771e-10	1.3607631052730413e+10
/SS/5/PX1PY1PZ-2/b_X/eta0/bT0/bz-6	6.0061674118041992e+00	7.8308992051056833e-10	7.6698310813248959e+09
/SS/5/PX1PY1PZ-2/b_X/eta0/bT0/bz-7	6.8259515762329102e+00	1.4677528140375243e-09	4.6506138574219074e+09
/SS/5/PX1PY1PZ-2/b_X/eta0/bT0/bz-8	5.3534240722656250e+00	1.1120624867672046e-09	4.8139597693185139e+09
/SS/5/PX1PY1PZ-2/b_X/eta0/bT0/bz-9	4.7906799316406250e+00	6.6624182232350341e-10	6.2002803478690166e+09
/SS/5/PX1PY1PZ-2/b_X/eta0/bT0/bz0	2.7358963012695312e+01	1.2629545422844547e-09	1.9510462454479408e+10
/SS/5/PX1PY1PZ-2/b_X/eta0/bT0/bz1	2.5421661376953125e+01	1.4662712571241000e-09	1.4677678204188955e+10
/SS/5/PX1PY1PZ-2/b_X/eta0/bT0/bz10	3.3983974456787109e+00	2.6271919116410721e-10	1.9366233070802572e+09
/SS/5/PX1PY1PZ-2/b_X/eta0/bT0/bz11	3.4061870574951172e+00	3.2145844985222782e-10	6.3327323817856827e+09
/SS/5/PX1PY1PZ-2/b_X/eta0/bT0/bz12	3.3493175506591797e+00	5.4121458453018529e-10	4.1696514867775884e+09
/SS/5/PX1PY1PZ-2/b_X/eta0/bT0/bz13	3.2556762695312500e+00	9.6639668674380004e-10	2.2262307531519442e+09
/SS/5/PX1PY1PZ-2/b_X/eta0/bT0/bz14	3.1129703521728516e+00	6.0657389246080221e-10	1.2601899717599850e+09
/SS/5/PX1PY1PZ-2/b_X/eta0/bT0/bz15	2.8182239532470703e+00	9.4741080306218891e-10	1.2818647425028112e+09
/SS/5/PX1PY1PZ-2/b_X/eta0/bT0/bz16	2.2866325378417969e+00	7.6242040823141848e-10	2.0099777456309109e+09
/SS/5/PX1PY1PZ-2/b_X/eta0/bT0/bz17	1.6395158767700195e+00	5.6094129383291620e-10	2.4692115501890121e+09
/SS/5/PX1PY1PZ-2/b_X/eta0/bT0/bz18	1.0979881286621094e+00	7.8698865771993921e-10	7.6977395358009410e+08
/SS/5/PX1PY1PZ-2/b_X/eta0/bT0/bz19	8.1642222404479980e-01	5.4517827277984097e-10	1.4975325775216563e+09
/SS/5/PX1PY1PZ-2/b_X/eta0/bT0/bz2	2.1327560424804688e+01	1.9256914821159406e-09	9.0958606919021511e+09
/SS/5/PX1PY1PZ-2/b_X/eta0/bT0/bz20	9.6966743469238281e-01	3.7264810198947149e-10	2.5319804583999357e+09
/SS/5/PX1PY1PZ-2/b_X/eta0/bT0/bz3	1.6839210510253906e+01	2.9823332620624764e-09	4.4164752448745012e+09
/SS/5/PX1PY1PZ-2/b_X/eta0/bT0/bz4	1.2734107971191406e+01	3.9700269343632572e-10	2.5026012295059879e+10
/SS/5/PX1PY1PZ-2/b_X/eta0/bT0/bz5	9.4469857215881348e+00	3.2722498418085724e-09	2.8870001308845005e+09
/SS/5/PX1PY1PZ-2/b_X/eta0/bT0/bz6	7.8905434608459473e+00	1.9235983049928929e-09	4.1019704791615009e+09
/SS/5/PX1PY1PZ-2/b_X/eta0/bT0/bz7	5.9616408348083496e+00	1.4019942930444919e-09	4.2522575622347121e+09
/SS/5/PX1PY1PZ-2/b_X/eta0/bT0/bz8	3.5089049339294434e+00	8.1709727597072236e-10	4.2943539736573200e+09
/SS/5/PX1PY1PZ-2/b_X/eta0/bT0/bz9	3.2816104888916016e+00	4.8803504290178013e-10	9.7663014361702526e+08
/SS/5/PX1PY1PZ0/b_X/eta0/bT0/bz-1	4.7612518310546875e+01	7.4832725782117115e-10	6.3625262627978340e+10
/SS/5/PX1PY1PZ0/b_X/eta0/bT0/bz-10	3.1855411529541016e+00	5.0887438264077885e-10	6.1775288086599169e+09
/SS/5/PX1PY1PZ0/b_X/eta0/bT0/bz-11	2.5628461837768555e+00	1.0326125629894647e-09	2.4819049037688332e+09
/SS/5/PX1PY1PZ0/b_X/eta0/bT0/bz-12	1.5792255997657776e+00	3.9705250445632078e-09	3.9773722166245800e+08
/SS/5/PX1PY1PZ0/b_X/eta0/bT0/bz-13	1.7708411216735840e+00	9.4608768089504519e-10	1.8717515907175558e+09
/SS/5/PX1PY1PZ0/b_X/eta0/bT0/bz-14	1.2473216056823730e+00	6.8717632474219620e-10	8.7259296958530700e+08
/SS/5/PX1PY1PZ0/b_X/eta0/bT0/bz-15	7.7172660827636719e-01	6.2361228282032597e-10	8.8989855247212350e+08
/SS/5/PX1PY1PZ0/b_X/eta0/bT0/bz-16	1.2393960952758789e+00	3.6102027391858289e-10	1.5338474821274278e+09
/SS/5/PX1PY1PZ0/b_X/eta0/bT0/bz-17	1.6534709930419922e+00	3.9772575409602264e-10	1.4136233218810894e+09
/SS/5/PX1PY1PZ0/b_X/eta0/bT0/bz-18	1.7712430953979492e+00	7.8322421826765983e-10	1.9288900393232367e+09
/SS/5/PX1PY1PZ0/b_X/eta0/bT0/bz-19	1.7860453128814697e+00	9.5392483084891784e-10	1.8723124245461042e+09
/SS/5/PX1PY1PZ0/b_X/eta0/bT0/bz-2	3.8715934753417969e+01	7.0355132604450404e-10	5.5029296826268707e+10
/SS/5/PX1PY1PZ0/b_X/eta0/bT0/bz-20	1.3251023292541504e+00	5.9819338014931958e-10	2.2151738438218451e+09
/SS/5/PX1PY1PZ0/b_X/eta0/bT0/bz-3	2.9774955749511719e+01	6.4277581594399030e-10	4.6322458018716476e+10
/SS/5/PX1PY1PZ0/b_X/eta0/bT0/bz-4	2.2247634887695312e+01	5.7682413042475856e-10	3.8398784360215660e+10
/SS/5/PX1PY1PZ0/b_X/eta0/bT0/bz-5	1.6905792236328125e+01	5.0795428185353166e-10	3.1434988337934246e+10
/SS/5/PX1PY1PZ0/b_X/eta0/bT0/bz-6	1.2063076019287109e+01	4.6027521461032439e-10	2.6208398011393864e+10
/SS/5/PX1PY1PZ0/b_X/eta0/bT0/bz-7	8.0138473510742188e+00	4.0093893107192154e-10	1.9513407369710819e+10
/SS/5/PX1PY1PZ0/b_X/eta0/bT0/bz-8	5.4837112426757812e+00	3.1524594544361200e-10	1.6967447138036806e+10
/SS/5/PX1PY1PZ0/b_X/eta0/bT0/bz-9	4.3710556030273438e+00	3.6387138374513963e-10	1.0987873569112923e+10
/SS/5/PX1PY1PZ0/b_X/eta0/bT0/bz0	5.3185012817382812e+01	7.7381494851546347e-10	6.8730919348891327e+10
/SS/5/PX1PY1PZ0/b_X/eta0/bT0/bz1	5.1911613464355469e+01	7.8718482590927503e-10	6.5945902100427948e+10
/SS/5/PX1PY1PZ0/b_X/eta0/bT0/bz10	5.0882186889648438e+00	3.4189694058918498e-10	1.3998016849417883e+10
/SS/5/PX1PY1PZ0/b_X/eta0/bT0/bz11	4.8616600036621094e+00	3.2648228274967488e-10	1.1728178333120270e+10
/SS/5/PX1PY1PZ0/b_X/eta0/bT0/bz12	4.6556510925292969e+00	2.7931050564623968e-10	1.2459503111363165e+10
/SS/5/PX1PY1PZ0/b_X/eta0/bT0/bz13	4.3164539337158203e+00	3.1095849633701943e-10	9.0275757651451283e+09
/SS/5/PX1PY1PZ0/b_X/eta0/bT0/bz14	3.7617244720458984e+00	3.8657273702629862e-10	5.7970687447413616e+09
/SS/5/PX1PY1PZ0/b_X/eta0/bT0/bz15	2.9431514739990234e+00	5.8037006123501094e-10	3.0886189699877524e+09
/SS/5/PX1PY1PZ0/b_X/eta0/bT0/bz16	1.9180355072021484e+00	2.1370107621592097e-10	8.9753198306974773e+09
/SS/5/PX1PY1PZ0/b_X/eta0/bT0/bz17	1.0115861892700195e+00	2.8426356440324158e-10	3.4192784511546021e+09
/SS/5/PX1PY1PZ0/b_X/eta0/bT0/bz18	1.5111618041992188e+00	3.9402444204027792e-10	2.7842391972512960e+09
/SS/5/PX1PY1PZ0/b_X/eta0/bT0/bz19	2.1556463241577148e+00	1.2728419176755509e-09	1.6935695581854587e+09
/SS/5/PX1PY1PZ0/b_X/eta0/bT0/bz2	4.5857109069824219e+01	7.8294710146607101e-10	5.8569868876143272e+10
/SS/5/PX1PY1PZ0/b_X/eta0/bT0/bz20	2.1492252349853516e+00	8.8359952563365766e-10	1.5303634325988395e+09
/SS/5/PX1PY1PZ0/b_X/eta0/bT0/bz3	3.7721565246582031e+01	7.5005593501322949e-10	5.0291669575172012e+10
/SS/5/PX1PY1PZ0/b_X/eta0/bT0/bz4	2.9505752563476562e+01	6.8830294495819189e-10	4.2867392591598991e+10
/SS/5/PX1PY1PZ0/b_X/eta0/bT0/bz5	2.2186569213867188e+01	6.0610084744808460e-10	3.6605408666364838e+10
/SS/5/PX1PY1PZ0/b_X/eta0/bT0/bz6	1.6143417358398438e+01	5.2265962096745266e-10	2.9322143654245689e+10
/SS/5/PX1PY1PZ0/b_X/eta0/bT0/bz7	1.1491802215576172e+01	4.6840053363156726e-10	2.2851549822363728e+10
/SS/5/PX1PY1PZ0/b_X/eta0/bT0/bz8	8.1716728210449219e+00	4.1362324193334952e-10	1.5254344048757254e+10
/SS/5/PX1PY1PZ0/b_X/eta0/bT0/bz9	6.1941490173339844e+00	4.2158576680461827e-10	1.1543848227658623e+10
/SS/5/PX1PY2PZ-1/b_X/eta0/bT0/bz-1	2.1440685272216797e+01	7.5714951067150750e-10	2.8317637362271145e+10
/SS/5/PX1PY2PZ-1/b_X/eta0/bT0/bz-10	3.2817401885986328e+00	7.2121883666611670e-10	4.5502696570831413e+09
/SS/5/PX1PY2PZ-1/b_X/eta0/bT0/bz-11	2.6256637573242188e+00	5.1984138337087637e-10	5.0508940636820393e+09
/SS/5/PX1PY2PZ-1/b_X/eta0/bT0/bz-12	2.5247898101806641e+00	5.5129305244877112e-10	3.2965665381753235e+09
/SS/5/PX1PY2PZ-1/b_X/eta0/bT0/bz-13	2.7775659561157227e+00	1.3375293546507248e-09	9.4609296474827087e+08
/SS/5/PX1PY2PZ-1/b_X/eta0/bT0/bz-14	3.2243590354919434e+00	1.4809449300122962e-08	1.1284798736407371e+08
/SS/5/PX1PY2PZ-1/b_X/eta0/bT0/bz-15	3.1346940994262695e+00	5.9622424109852474e-09	3.1852607757790738e+08
/SS/5/PX1PY2PZ-1/b_X/eta0/bT0/bz-16	2.8371171951293945e+00	5.8871733373047106e-09	3.5890521493591863e+08
/SS/5/PX1PY2PZ-1/b_X/eta0/bT0/bz-17	2.4420461654663086e+00	5.4618135402541370e-09	3.2980684663401198e+08
/SS/5/PX1PY2PZ-1/b_X/eta0/bT0/bz-18	2.5975189208984375e+00	2.5721327136029888e-09	3.8948119323721081e+08
/SS/5/PX1PY2PZ-1/b_X/eta0/bT0/bz-19	2.5665776729583740e+00	1.2176572833735763e-09	2.1077997134362395e+09
/SS/5/PX1PY2PZ-1/b_X/eta0/bT0/bz-2	1.7850196838378906e+01	9.1694866268169065e-10	1.9466953347393036e+10
/SS/5/PX1PY2PZ-1/b_X/eta0/bT0/bz-20	1.3711938858032227e+00	7.2624219545094477e-10	1.5897609823202107e+09
/SS/5/PX1PY2PZ-1/b_X/eta0/bT0/bz-3	1.3096886634826660e+01	2.7195787765993300e-09	4.8157776298002777e+09
/SS/5/PX1PY2PZ-1/b_X/eta0/bT0/bz-4	1.2481127738952637e+01	1.9235661671407236e-09	6.4885356959179382e+09
/SS/5/PX1PY2PZ-1/b_X/eta0/bT0/bz-5	8.6901206970214844e+00	1.8695623024452747e-09	4.6482113410477581e+09
/SS/5/PX1PY2PZ-1/b_X/eta0/bT0/bz-6	7.7623043060302734e+00	2.0239492848148876e-09	3.8352266849118314e+09
/SS/5/PX1PY2PZ-1/b_X/eta0/bT0/bz-7	6.5117444992065430e+00	1.8874851524596676e-09	3.4499579987269268e+09
/SS/5/PX1PY2PZ-1/b_X/eta0/bT0/bz-8	5.2464518547058105e+00	1.6662197716088806e-09	3.1487154000338764e+09
/SS/5/PX1PY2PZ-1/b_X/eta0/bT0/bz-9	3.7776527404785156e+00	1.0114731251818883e-09	3.1970661880353761e+09
/SS/5/PX1PY2PZ-1/b_X/eta0/bT0/bz0	2.2929229736328125e+01	6.5871092830686613e-10	3.4809244466711426e+10
/SS/5/PX1PY2PZ-1/b_X/eta0/bT0/bz1	2.1548446655273438e+01	6.1582296562474028e-10	3.4991300841489342e+10
/SS/5/PX1PY2PZ-1/b_X/eta0/bT0/bz10	6.6188468933105469e+00	3.8635179069478920e-09	1.2895700951618967e+09
/SS/5/PX1PY2PZ-1/b_X/eta0/bT0/bz11	5.6907520294189453e+00	2.3103569461210012e-09	2.1490436177925539e+09
/SS/5/PX1PY2PZ-1/b_X/eta0/bT0/bz12	4.5924720764160156e+00	1.4566700527249154e-09	2.6683733343272600e+09
/SS/5/PX1PY2PZ-1/b_X/eta0/bT0/bz13	3.8282508850097656e+00	8.4396889295325404e-10	3.0294993664091883e+09
/SS/5/PX1PY2PZ-1/b_X/eta0/bT0/bz14	3.5531668663024902e+00	8.4935062689484472e-10	4.1833922926419363e+09
/SS/5/PX1PY2PZ-1/b_X/eta0/bT0/bz15	3.9103565216064453e+00	1.6233631649904659e-09	2.4087995871394625e+09
/SS/5/PX1PY2PZ-1/b_X/eta0/bT0/bz16	4.1980247497558594e+00	2.2416226307900235e-09	1.8727615844404345e+09
/SS/5/PX1PY2PZ-1/b_X/eta0/bT0/bz17	3.5394973754882812e+00	1.4615465984662005e-09	2.4217478794057999e+09
/SS/5/PX1PY2PZ-1/b_X/eta0/bT0/bz18	3.2819633483886719e+00	1.1781004519499747e-09	4.9517633743454844e+08
/SS/5/PX1PY2PZ-1/b_X/eta0/bT0/bz19	3.2856554985046387e+00	8.9418863018604418e-10	3.1598243762295032e+09
/SS/5/PX1PY2PZ-1/b_X/eta0/bT0/bz2	1.8662265777587891e+01	6.2662065703213303e-10	2.4615784267612858e+10
/SS/5/PX1PY2PZ-1/b_X/eta0/bT0/bz20	3.3625030517578125e+00	1.1341877637938495e-09	7.3483292825810552e+08
/SS/5/PX1PY2PZ-1/b_X/eta0/bT0/bz3	1.5592018127441406e+01	6.8592125157523057e-10	2.1771541847007477e+10
/SS/5/PX1PY2PZ-1/b_X/eta0/bT0/bz4	1.4460533142089844e+01	7.4022716992324234e-10	1.9535263942810051e+10
/SS/5/PX1PY2PZ-1/b_X/eta0/bT0/bz5	1.3279628753662109e+01	7.1202969452988230e-10	1.8650386150580399e+10
/SS/5/PX1PY2PZ-1/b_X/eta0/bT0/bz6	1.1541095733642578e+01	6.6349463073632227e-10	1.5622734692568850e+10
/SS/5/PX1PY2PZ-1/b_X/eta0/bT0/bz7	9.8748359680175781e+00	8.5100616255367291e-10	1.0374267527090160e+10
/SS/5/PX1PY2PZ-1/b_X/eta0/bT0/bz8	8.5628433227539062e+00	1.4133587546573802e-09	5.0348543603223133e+09
/SS/5/PX1PY2PZ-1/b_X/eta0/bT0/bz9	7.5196113586425781e+00	2.5483272398150835e-09	1.5674491325623667e+09
/SS/5/PX1PY2PZ-2/b_X/eta0/bT0/bz-1	2.0487167358398438e+01	5.2453394647261470e-10	3.9057848393169815e+10
/SS/5/PX1PY2PZ-2/b_X/eta0/bT0/bz-10	2.8842487335205078e+00	1.5014510654720429e-09	9.5653237396465206e+08
/SS/5/PX1PY2PZ-2/b_X/eta0/bT0/bz-11	2.3434791564941406e+00	5.6307197710696128e-10	2.1784675413543425e+09
/SS/5/PX1PY2PZ-2/b_X/eta0/bT0/bz-12	2.4975395202636719e+00	3.7061378531484359e-10	3.5636436281973047e+09
/SS/5/PX1PY2PZ-2/b_X/eta0/bT0/bz-13	2.7781009674072266e+00	5.6039446022428039e-10	4.9574026236722221e+09
/SS/5/PX1PY2PZ-2/b_X/eta0/bT0/bz-14	2.9841871261596680e+00	6.8895533365570409e-10	4.3314667589916277e+09
/SS/5/PX1PY2PZ-2/b_X/eta0/bT0/bz-15	2.5980052947998047e+00	8.5866346917251050e-10	2.4113393179113374e+09
/SS/5/PX1PY2PZ-2/b_X/eta0/bT0/bz-16	2.2187070846557617e+00	8.5420065181275081e-10	1.6157351293600664e+09
/SS/5/PX1PY2PZ-2/b_X/eta0/bT0/bz-17	2.2953014373779297e+00	1.2839505567969020e-09	1.7876867806374614e+09
/SS/5/PX1PY2PZ-2/b_X/eta0/bT0/bz-18	1.6901024580001831e+00	3.0549447803778391e-09	5.5323502698178041e+08
/SS/5/PX1PY2PZ-2/b_X/eta0/bT0/bz-19	1.6793872117996216e+00	1.7190881855085866e-09	9.7690579573309112e+08
/SS/5/PX1PY2PZ-2/b_X/eta0/bT0/bz-2	1.6586936950683594e+01	4.9683130680254769e-10	3.3385450400523224e+10
/SS/5/PX1PY2PZ-2/b_X/eta0/bT0/bz-20	1.3731615543365479e+00	7.1489303725314380e-10	1.9207930176697342e+09
/SS/5/PX1PY2PZ-2/b_X/eta0/bT0/bz-3	1.3376617431640625e+01	4.3706170107221096e-10	2.7247992155969372e+10
/SS/5/PX1PY2PZ-2/b_X/eta0/bT0/bz-4	1.1093723297119141e+01	3.6004429836258368e-10	3.0812106586804420e+10
/SS/5/PX1PY2PZ-2/b_X/eta0/bT0/bz-5	9.4657592773437500e+00	3.9565509604542630e-10	2.3924269829844322e+10
/SS/5/PX1PY2PZ-2/b_X/eta0/bT0/bz-6	7.8850898742675781e+00	4.0704083840958784e-10	1.9371741432816990e+10
/SS/5/PX1PY2PZ-2/b_X/eta0/bT0/bz-7	6.3369388580322266e+00	3.7247395225546503e-10	1.7013106069994320e+10
/SS/5/PX1PY2PZ-2/b_X/eta0/bT0/bz-8	4.9754772186279297e+00	3.1383536156843901e-10	1.4284638208911146e+10
/SS/5/PX1PY2PZ-2/b_X/eta0/bT0/bz-9	3.8353195190429688e+00	2.9527238947462668e-10	1.2111149159672636e+10
/SS/5/PX1PY2PZ-2/b_X/eta0/bT0/bz0	2.2004508972167969e+01	5.3419950718395942e-10	4.1191556106378799e+10
/SS/5/PX1PY2PZ-2/b_X/eta0/bT0/bz1	2.0066200256347656e+01	5.3472191979434166e-10	3.7526421703574966e+10
/SS/5/PX1PY2PZ-2/b_X/eta0/bT0/bz10	1.3613262176513672e+00	2.3494559630084747e-10	5.7942189131657143e+09
/SS/5/PX1PY2PZ-2/b_X/eta0/bT0/bz11	1.6417999267578125e+00	3.2466880098095577e-10	5.0568453815003805e+09
/SS/5/PX1PY2PZ-2/b_X/eta0/bT0/bz12	2.1810984611511230e+00	7.1919235172409689e-10	3.0327053060595613e+09
/SS/5/PX1PY2PZ-2/b_X/eta0/bT0/bz13	1.7796163558959961e+00	7.8747892537878815e-10	2.2598907710958438e+09
/SS/5/PX1PY2PZ-2/b_X/eta0/bT0/bz14	1.4883213043212891e+00	2.9242557230928386e-10	2.7194984568519993e+09
/SS/5/PX1PY2PZ-2/b_X/eta0/bT0/bz15	1.9139993190765381e+00	9.5107077253155031e-10	2.0124678145474648e+09
/SS/5/PX1PY2PZ-2/b_X/eta0/bT0/bz16	1.8491358757019043e+00	6.2792733602575953e-10	1.5602318797732990e+09
/SS/5/PX1PY2PZ-2/b_X/eta0/bT0/bz17	1.8641605377197266e+00	4.9872507677588603e-10	1.1415401886885569e+09
/SS/5/PX1PY2PZ-2/b_X/eta0/bT0/bz18	1.8609733581542969e+00	3.0315370419184836e-10	5.8892939960521679e+09
/SS/5/PX1PY2PZ-2/b_X/eta0/bT0/bz19	1.7949542999267578e+00	2.3951714130288168e-10	7.0526952689604197e+09
/SS/5/PX1PY2PZ-2/b_X/eta0/bT0/bz2	1.6312072753906250e+01	5.2930267929871107e-10	3.0818043043950962e+10
/SS/5/PX1PY2PZ-2/b_X/eta0/bT0/bz20	1.6930942535400391e+00	2.5544580355848016e-10	2.8872390237952495e+09
/SS/5/PX1PY2PZ-2/b_X/eta0/bT0/bz3	1.2100608825683594e+01	4.9930873066857590e-10	2.4234723093026718e+10
/SS/5/PX1PY2PZ-2/b_X/eta0/bT0/bz4	8.9485626220703125e+00	4.3398980204661384e-10	1.9137889334134277e+10
/SS/5/PX1PY2PZ-2/b_X/eta0/bT0/bz5	6.5603332519531250e+00	3.4291807957413120e-10	1.5772390908071253e+10
/SS/5/PX1PY2PZ-2/b_X/eta0/bT0/bz6	4.7809906005859375e+00	2.5567062773803545e-10	1.3994564595258530e+10
/SS/5/PX1PY2PZ-2/b_X/eta0/bT0/bz7	3.5089569091796875e+00	2.0772993593545903e-10	1.5145673167561132e+10
/SS/5/PX1PY2PZ-2/b_X/eta0/bT0/bz8	2.6190948486328125e+00	1.8483572518582438e-10	1.1208852699625303e+10
/SS/5/PX1PY2PZ-2/b_X/eta0/bT0/bz9	1.9584293365478516e+00	1.8219227114031707e-10	1.0749244873508102e+10
/SS/5/PX1PY2PZ0/b_X/eta0/bT0/bz-1	3.1840484619140625e+01	2.9728523760742444e-10	1.0710415651781236e+11
/SS/5/PX1PY2PZ0/b_X/eta0/bT0/bz-10	5.2024669647216797e+00	1.0259525284864270e-09	5.0708651913912668e+09
/SS/5/PX1PY2PZ0/b_X/eta0/bT0/bz-11	5.2720670700073242e+00	9.3074133835328296e-10	5.6643740347183304e+09
/SS/5/PX1PY2PZ0/b_X/eta0/bT0/bz-12	4.8454246520996094e+00	9.1961892038942208e-10	1.7478426353523974e+09
/SS/5/PX1PY2PZ0/b_X/eta0/bT0/bz-13	4.2327928543090820e+00	1.6582240874244231e-09	9.4190181885815609e+08
/SS/5/PX1PY2PZ0/b_X/eta0/bT0/bz-14	3.5771093368530273e+00	3.0001533673507173e-09	4.5053799412594134e+08
/SS/5/PX1PY2PZ0/b_X/eta0/bT0/bz-15	3.3048515319824219e+00	5.4500312104534270e-10	4.0979666907214713e+09
/SS/5/PX1PY2PZ0/b_X/eta0/bT0/bz-16	3.3393039703369141e+00	6.0303895758658531e-10	3.6794853733280191e+09
/SS/5/PX1PY2PZ0/b_X/eta0/bT0/bz-17	3.2020587921142578e+00	7.5400530792679903e-10	4.2467324280761199e+09
/SS/5/PX1PY2PZ0/b_X/eta0/bT0/bz-18	2.6218109130859375e+00	9.6172181376624397e-10	2.7261635075308738e+09
/SS/5/PX1PY2PZ0/b_X/eta0/bT0/bz-19	1.5715165138244629e+00	6.5282193704962986e-10	2.4072667057219167e+09
/SS/5/PX1PY2PZ0/b_X/eta0/bT0/bz-2	2.5922348022460938e+01	2.9905184478952308e-10	8.6681786031801453e+10
/SS/5/PX1PY2PZ0/b_X/eta0/bT0/bz-20	1.9699664115905762e+00	1.0569450498886911e-09	1.8638304912805421e+09
/SS/5/PX1PY2PZ0/b_X/eta0/bT0/bz-3	1.9555595397949219e+01	3.0066320393546082e-10	6.5041531993209740e+10
/SS/5/PX1PY2PZ0/b_X/eta0/bT0/bz-4	1.3848670959472656e+01	3.1246340818966350e-10	2.3636739883497681e+10
/SS/5/PX1PY2PZ0/b_X/eta0/bT0/bz-5	9.2855834960937500e+00	4.5165149653571150e-10	1.4790760780319494e+10
/SS/5/PX1PY2PZ0/b_X/eta0/bT0/bz-6	6.0477180480957031e+00	7.4739662750705362e-10	7.8877834814237709e+09
/SS/5/PX1PY2PZ0/b_X/eta0/bT0/bz-7	5.3382670879364014e+00	2.5404228410108503e-09	2.1013301414863169e+09
/SS/5/PX1PY2PZ0/b_X/eta0/bT0/bz-8	3.9203157424926758e+00	1.3195061520234202e-09	2.8694542321010928e+09
/SS/5/PX1PY2PZ0/b_X/eta0/bT0/bz-9	4.5476093292236328e+00	5.2790340414262107e-09	7.2105311823382604e+08
/SS/5/PX1PY2PZ0/b_X/eta0/bT0/bz0	3.4969390869140625e+01	2.9556689714550247e-10	1.1831294778564394e+11
/SS/5/PX1PY2PZ0/b_X/eta0/bT0/bz1	3.2948165893554688e+01	2.9320890645524494e-10	1.1237095861746565e+11
/SS/5/PX1PY2PZ0/b_X/eta0/bT0/bz10	1.6816768646240234e+00	4.1741461318473223e-10	2.8670378336326556e+09
/SS/5/PX1PY2PZ0/b_X/eta0/bT0/bz11	2.4938893318176270e+00	6.9118404564576544e-10	3.6081407658760619e+09
/SS/5/PX1PY2PZ0/b_X/eta0/bT0/bz12	2.4773969650268555e+00	5.5240687493882906e-10	4.1447311118666916e+09
/SS/5/PX1PY2PZ0/b_X/eta0/bT0/bz13	2.8328571319580078e+00	5.8483311443107981e-10	3.2184922161934500e+09
/SS/5/PX1PY2PZ0/b_X/eta0/bT0/bz14	2.8300361633300781e+00	3.7700151391718100e-10	7.5066970790779781e+09
/SS/5/PX1PY2PZ0/b_X/eta0/bT0/bz15	2.3721446990966797e+00	3.0614603332237085e-10	5.9044964545776863e+09
/SS/5/PX1PY2PZ0/b_X/eta0/bT0/bz16	2.5664949417114258e+00	4.6479399028279159e-10	5.5217902885317211e+09
/SS/5/PX1PY2PZ0/b_X/eta0/bT0/bz17	2.8548812866210938e+00	6.5739794331077360e-10	4.3426988411971617e+09
/SS/5/PX1PY2PZ0/b_X/eta0/bT0/bz18	3.0350651741027832e+00	8.0535954796721312e-10	3.7685840836723318e+09
/SS/5/PX1PY2PZ0/b_X/eta0/bT0/bz19	3.0485515594482422e+00	8.3732000889085296e-10	3.6408440346319604e+09
/SS/5/PX1PY2PZ0/b_X/eta0/bT0/bz2	2.7766403198242188e+01	2.8758903991563694e-10	9.6548892149670746e+10
/SS/5/PX1PY2PZ0/b_X/eta0/bT0/bz20	2.8737077713012695e+00	7.2336169072019747e-10	3.9727121413357296e+09
/SS/5/PX1PY2PZ0/b_X/eta0/bT0/bz3	2.1647338867187500e+01	2.7492601113955659e-10	7.8738780581219666e+10
/SS/5/PX1PY2PZ0/b_X/eta0/bT0/bz4	1.5816337585449219e+01	2.5148934584765716e-10	6.2890686411145874e+10
/SS/5/PX1PY2PZ0/b_X/eta0/bT0/bz5	1.0772361755371094e+01	2.1607896518155661e-10	4.9853819627096985e+10
/SS/5/PX1PY2PZ0/b_X/eta0/bT0/bz6	7.0770645141601562e+00	1.7229298944305742e-10	3.9458460612189789e+10
/SS/5/PX1PY2PZ0/b_X/eta0/bT0/bz7	4.6089897155761719e+00	1.5952756189771875e-10	1.4379187023618778e+10
/SS/5/PX1PY2PZ0/b_X/eta0/bT0/bz8	3.2587223052978516e+00	2.9700635396560670e-10	8.4422838882344837e+09
/SS/5/PX1PY2PZ0/b_X/eta0/bT0/bz9	2.7676744461059570e+00	4.1139601139776314e-10	6.7275189098272467e+09
/SS/5/PX2PY-1PZ-1/b_X/eta0/bT0/bz-1	3.4597900390625000e+01	2.1537738347727559e-10	1.3010284211087273e+11
/SS/5/PX2PY-1PZ-1/b_X/eta0/bT0/bz-10	1.8508453369140625e+00	5.5852779626681949e-10	1.3427612509791727e+09
/SS/5/PX2PY-1PZ-1/b_X/eta0/bT0/bz-11	1.7507400512695312e+00	3.1555090434327216e-10	1.9902858473199868e+09
/SS/5/PX2PY-1PZ-1/b_X/eta0/bT0/bz-12	2.4130725860595703e+00	4.7568189020300946e-10	5.0728704114208126e+09
/SS/5/PX2PY-1PZ-1/b_X/eta0/bT0/bz-13	2.9074449539184570e+00	7.0736760055576618e-10	2.6785211751161008e+09
/SS/5/PX2PY-1PZ-1/b_X/eta0/bT0/bz-14	3.1139039993286133e+00	5.5650215632037607e-10	5.5954931422331295e+09
/SS/5/PX2PY-1PZ-1/b_X/eta0/bT0/bz-15	3.1438341140747070e+00	4.7883876278744629e-10	6.5655380441082554e+09
/SS/5/PX2PY-1PZ-1/b_X/eta0/bT0/bz-16	3.0000562667846680e+00	4.8955831315085186e-10	3.0668626388242579e+09
/SS/5/PX2PY-1PZ-1/b_X/eta0/bT0/bz-17	2.7113914489746094e+00	1.1064180917689032e-09	1.2664627050106707e+09
/SS/5/PX2PY-1PZ-1/b_X/eta0/bT0/bz-18	2.6988687515258789e+00	1.2601439170535738e-09	3.2198322967117679e+08
/SS/5/PX2PY-1PZ-1/b_X/eta0/bT0/bz-19	2.6549091339111328e+00	2.0503493148045054e-09	6.8798309577609873e+08
/SS/5/PX2PY-1PZ-1/b_X/eta0/bT0/bz-2	2.9128997802734375e+01	2.2175570843313376e-10	1.0951840359988251e+11
/SS/5/PX2PY-1PZ-1/b_X/eta0/bT0/bz-20	2.4166469573974609e+00	1.2112190358737503e-09	8.9645827162263012e+08
/SS/5/PX2PY-1PZ-1/b_X/eta0/bT0/bz-3	2.3423980712890625e+01	2.3007514284618493e-10	8.6302980881213989e+10
/SS/5/PX2PY-1PZ-1/b_X/eta0/bT0/bz-4	1.8412948608398438e+01	2.3749852816170258e-10	6.5443938413422569e+10
/SS/5/PX2PY-1PZ-1/b_X/eta0/bT0/bz-5	1.4178451538085938e+01	2.4039167759783769e-10	4.8375209653426773e+10
/SS/5/PX2PY-1PZ-1/b_X/eta0/bT0/bz-6	1.0614250183105469e+01	3.4400415231038290e-10	2.0111440044581486e+10
/SS/5/PX2PY-1PZ-1/b_X/eta0/bT0/bz-7	7.6521072387695312e+00	4.0223686872825475e-10	1.2914738971723227e+10
/SS/5/PX2PY-1PZ-1/b_X/eta0/bT0/bz-8	5.2270355224609375e+00	3.6544421812157805e-10	1.1455734356078550e+10
/SS/5/PX2PY-1PZ-1/b_X/eta0/bT0/bz-9	3.2427558898925781e+00	6.0894971752015920e-10	3.9644304356958551e+09
/SS/5/PX2PY-1PZ-1/b_X/eta0/bT0/bz0	3.7492523193359375e+01	2.1151732376126101e-10	1.3929390371695340e+11
/SS/5/PX2PY-1PZ-1/b_X/eta0/bT0/bz1	3.5236968994140625e+01	2.0999998586751870e-10	1.2899650351931570e+11
/SS/5/PX2PY-1PZ-1/b_X/eta0/bT0/bz10	3.4963645935058594e+00	8.0318721733259731e-10	2.4836451525016499e+09
/SS/5/PX2PY-1PZ-1/b_X/eta0/bT0/bz11	3.1165275573730469e+00	6.6579273803747164e-10	3.2164234657592282e+09
/SS/5/PX2PY-1PZ-1/b_X/eta0/bT0/bz12	3.0523490905761719e+00	5.3551598050993074e-09	1.4147172680224109e+08
/SS/5/PX2PY-1PZ-1/b_X/eta0/bT0/bz13	2.8130378723144531e+00	6.5449264796844421e-10	2.3854139684222660e+09
/SS/5/PX2PY-1PZ-1/b_X/eta0/bT0/bz14	2.8984832763671875e+00	5.2035478114470688e-10	4.3401157156867971e+09
/SS/5/PX2PY-1PZ-1/b_X/eta0/bT0/bz15	3.0270519256591797e+00	7.8337097132933573e-10	1.8502177324739907e+09
/SS/5/PX2PY-1PZ-1/b_X/eta0/bT0/bz16	3.3811187744140625e+00	1.9103120767487347e-09	8.7160404046322548e+08
/SS/5/PX2PY-1PZ-1/b_X/eta0/bT0/bz17	3.4379386901855469e+00	2.1909910164329587e-09	5.8812190389723361e+08
/SS/5/PX2PY-1PZ-1/b_X/eta0/bT0/bz18	3.1843357086181641e+00	6.0994709401298341e-10	1.7598103337944424e+09
/SS/5/PX2PY-1PZ-1/b_X/eta0/bT0/bz19	2.7232494354248047e+00	6.5150212998467467e-10	9.2204525122314858e+08
/SS/5/PX2PY-1PZ-1/b_X/eta0/bT0/bz2	2.9940643310546875e+01	2.1222377591940110e-10	1.2838451403408389e+11
/SS/5/PX2PY-1PZ-1/b_X/eta0/bT0/bz20	2.1565914154052734e+00	8.1252339182710250e-10	8.3409959777194631e+08
/SS/5/PX2PY-1PZ-1/b_X/eta0/bT0/bz3	2.4022369384765625e+01	2.2240104148743745e-10	9.9269141354501083e+10
/SS/5/PX2PY-1PZ-1/b_X/eta0/bT0/bz4	1.8710159301757812e+01	2.3473988556389545e-10	7.4040589647832855e+10
/SS/5/PX2PY-1PZ-1/b_X/eta0/bT0/bz5	1.4233505249023438e+01	2.4297556173359897e-10	5.4708511942747726e+10
/SS/5/PX2PY-1PZ-1/b_X/eta0/bT0/bz6	1.0499420166015625e+01	2.4129331583971290e-10	3.8623638711496918e+10
/SS/5/PX2PY-1PZ-1/b_X/eta0/bT0/bz7	7.4333724975585938e+00	2.2495043483620020e-10	2.7710622998591797e+10
/SS/5/PX2PY-1PZ-1/b_X/eta0/bT0/bz8	5.1388549804687500e+00	2.0981532393413801e-10	1.9806668871183968e+10
/SS/5/PX2PY-1PZ-1/b_X/eta0/bT0/bz9	4.0646171569824219e+00	2.1165342503724176e-10	1.5736601673769922e+10
/SS/5/PX2PY-1PZ-2/b_X/eta0/bT0/bz-1	3.7723289489746094e+01	1.4188095676920481e-09	1.9457155929548813e+10
/SS/5/PX2PY-1PZ-2/b_X/eta0/bT0/bz-10	4.2758762836456299e+00	2.0019355234302739e-09	2.1358711275171375e+09
/SS/5/PX2PY-1PZ-2/b_X/eta0/bT0/bz-11	2.4316940307617188e+00	1.8253322739299458e-09	6.1235618395124328e+08
/SS/5/PX2PY-1PZ-2/b_X/eta0/bT0/bz-12	2.8814640045166016e+00	1.4037756117655918e-09	2.0526528459149213e+09
/SS/5/PX2PY-1PZ-2/b_X/eta0/bT0/bz-13	2.7724618911743164e+00	1.9771213240791663e-09	1.1180067134548519e+09
/SS/5/PX2PY-1PZ-2/b_X/eta0/bT0/bz-14	2.4800205230712891e+00	2.8860995073333106e-09	6.8199587954367411e+08
/SS/5/PX2PY-1PZ-2/b_X/eta0/bT0/bz-15	2.1691312789916992e+00	8.6167645268376844e-10	7.3634409850037122e+08
/SS/5/PX2PY-1PZ-2/b_X/eta0/bT0/bz-16	1.8653821945190430e+00	3.3923364687111727e-10	1.0781867610052531e+09
/SS/5/PX2PY-1PZ-2/b_X/eta0/bT0/bz-17	1.6388654708862305e+00	4.5212041893053575e-10	1.6287915160181575e+09
/SS/5/PX2PY-1PZ-2/b_X/eta0/bT0/bz-18	1.6990089416503906e+00	2.9857594264169173e-10	2.3738933384336586e+09
/SS/5/PX2PY-1PZ-2/b_X/eta0/bT0/bz-19	2.1165885925292969e+00	2.3970186759658208e-10	4.2607723838335285e+09
/SS/5/PX2PY-1PZ-2/b_X/eta0/bT0/bz-2	3.1932342529296875e+01	1.7189982276047004e-09	1.2552788025557961e+10
/SS/5/PX2PY-1PZ-2/b_X/eta0/bT0/bz-20	2.2282047271728516e+00	2.4904356018549855e-10	2.5296554222312441e+09
/SS/5/PX2PY-1PZ-2/b_X/eta0/bT0/bz-3	2.4353130340576172e+01	1.6610966627792683e-09	8.1293070639255877e+09
/SS/5/PX2PY-1PZ-2/b_X/eta0/bT0/bz-4	1.6284843444824219e+01	2.2617327346629083e-09	5.7026297094014778e+09
/SS/5/PX2PY-1PZ-2/b_X/eta0/bT0/bz-5	9.9116058349609375e+00	1.1637603477912140e-09	7.9968201330484562e+09
/SS/5/PX2PY-1PZ-2/b_X/eta0/bT0/bz-6	7.3054084777832031e+00	1.5475077217190488e-09	4.7022398465582123e+09
/SS/5/PX2PY-1PZ-2/b_X/eta0/bT0/bz-7	5.9023733139038086e+00	7.9628648837712140e-10	7.4123740639291668e+09
/SS/5/PX2PY-1PZ-2/b_X/eta0/bT0/bz-8	5.2766866683959961e+00	9.3657719799659567e-10	5.6340114618241816e+09
/SS/5/PX2PY-1PZ-2/b_X/eta0/bT0/bz-9	4.7249312400817871e+00	1.1869584294168214e-09	3.9807049033749642e+09
/SS/5/PX2PY-1PZ-2/b_X/eta0/bT0/bz0	3.9572052001953125e+01	1.2155584412682748e-09	2.5251413335592052e+10
/SS/5/PX2PY-1PZ-2/b_X/eta0/bT0/bz1	3.5420783996582031e+01	1.1284525943168233e-09	2.5894025729246342e+10
/SS/5/PX2PY-1PZ-2/b_X/eta0/bT0/bz10	4.4034919738769531e+00	3.2878979652287805e-10	4.2688402028525467e+09
/SS/5/PX2PY-1PZ-2/b_X/eta0/bT0/bz11	3.3748855590820312e+00	2.3631869741856242e-10	1.1096621965601807e+10
/SS/5/PX2PY-1PZ-2/b_X/eta0/bT0/bz12	2.6311988830566406e+00	1.9480707718734892e-10	8.7154930993889828e+09
/SS/5/PX2PY-1PZ-2/b_X/eta0/bT0/bz13	2.7968330383300781e+00	1.9234742896329636e-10	1.4540527281307037e+10
/SS/5/PX2PY-1PZ-2/b_X/eta0/bT0/bz14	2.8167552947998047e+00	2.2416911817163510e-10	7.7251879967101612e+09
/SS/5/PX2PY-1PZ-2/b_X/eta0/bT0/bz15	2.6751499176025391e+00	8.3767870790155310e-10	1.1411361282705824e+09
/SS/5/PX2PY-1PZ-2/b_X/eta0/bT0/bz16	2.4089298248291016e+00	4.5383726289788661e-10	2.2292481726091471e+09
/SS/5/PX2PY-1PZ-2/b_X/eta0/bT0/bz17	2.0654830932617188e+00	1.0092224644630825e-09	1.0480700122998452e+09
/SS/5/PX2PY-1PZ-2/b_X/eta0/bT0/bz18	1.7022085189819336e+00	4.8309669718897641e-10	2.9481549662609706e+09
/SS/5/PX2PY-1PZ-2/b_X/eta0/bT0/bz19	1.6375548839569092e+00	8.5106542068863604e-10	1.9241233918679113e+09
/SS/5/PX2PY-1PZ-2/b_X/eta0/bT0/bz2	2.8313941955566406e+01	1.1655722917473471e-09	2.1395216614142467e+10
/SS/5/PX2PY-1PZ-2/b_X/eta0/bT0/bz20	1.6172192096710205e+00	1.1846010899152830e-09	1.3326893958323429e+09
/SS/5/PX2PY-1PZ-2/b_X/eta0/bT0/bz3	2.1312652587890625e+01	1.5592024942079001e-09	1.2578146529562473e+10
/SS/5/PX2PY-1PZ-2/b_X/eta0/bT0/bz4	1.5835006713867188e+01	3.3724222721301206e-09	4.1843328166590695e+09
/SS/5/PX2PY-1PZ-2/b_X/eta0/bT0/bz5	1.2999958038330078e+01	3.9577336740497610e-09	2.4776524800284534e+09
/SS/5/PX2PY-1PZ-2/b_X/eta0/bT0/bz6	1.1832319259643555e+01	1.3050037845068777e-09	5.0956717148604650e+09
/SS/5/PX2PY-1PZ-2/b_X/eta0/bT0/bz7	1.0339326858520508e+01	5.9589070501339776e-09	7.6103289253699183e+08
/SS/5/PX2PY-1PZ-2/b_X/eta0/bT0/bz8	7.6740188598632812e+00	1.0234350917683140e-09	2.1971235651679101e+09
/SS/5/PX2PY-1PZ-2/b_X/eta0/bT0/bz9	5.7876434326171875e+00	5.2579382640165598e-10	3.2888220401205826e+09
/SS/5/PX2PY-1PZ0/b_X/eta0/bT0/bz-1	1.8381072998046875e+01	1.1870589770947933e-10	1.2137230171568835e+11
/SS/5/PX2PY-1PZ0/b_X/eta0/bT0/bz-10	6.1344261169433594e+00	1.0355823985563242e-09	4.7763696595705338e+09
/SS/5/PX2PY-1PZ0/b_X/eta0/bT0/bz-11	5.8245506286621094e+00	1.9202435522334185e-09	3.0323918057493768e+09
/SS/5/PX2PY-1PZ0/b_X/eta0/bT0/bz-12	5.2606430053710938e+00	1.1734888947684618e-09	3.4951856507640429e+09
/SS/5/PX2PY-1PZ0/b_X/eta0/bT0/bz-13	4.6416130065917969e+00	7.5221128666370544e-10	4.0660401206122026e+09
/SS/5/PX2PY-1PZ0/b_X/eta0/bT0/bz-14	3.9597835540771484e+00	4.8470886672043298e-10	4.8768619376728573e+09
/SS/5/PX2PY-1PZ0/b_X/eta0/bT0/bz-15	3.2116928100585938e+00	3.0396397031810999e-10	5.9657234398775101e+09
/SS/5/PX2PY-1PZ0/b_X/eta0/bT0/bz-16	2.4051198959350586e+00	3.6684990269458479e-10	5.7468556931809759e+09
/SS/5/PX2PY-1PZ0/b_X/eta0/bT0/bz-17	2.0700888633728027e+00	5.3827681205771939e-10	3.8457700889237399e+09
/SS/5/PX2PY-1PZ0/b_X/eta0/bT0/bz-18	1.8496751785278320e+00	7.5198923739566520e-10	2.4597096428317771e+09
/SS/5/PX2PY-1PZ0/b_X/eta0/bT0/bz-19	1.5541963577270508e+00	7.4360187470037148e-10	1.8378483181048491e+09
/SS/5/PX2PY-1PZ0/b_X/eta0/bT0/bz-2	1.5868133544921875e+01	1.2090370700287672e-10	1.0224248931743314e+11
/SS/5/PX2PY-1PZ0/b_X/eta0/bT0/bz-20	1.4022636413574219e+00	6.4828188411094895e-10	1.6258214648998320e+09
/SS/5/PX2PY-1PZ0/b_X/eta0/bT0/bz-3	1.2426300048828125e+01	1.2903542069583815e-10	8.0746266116562546e+10
/SS/5/PX2PY-1PZ0/b_X/eta0/bT0/bz-4	8.7849578857421875e+00	1.4472962136575891e-10	6.0699100867133141e+10
/SS/5/PX2PY-1PZ0/b_X/eta0/bT0/bz-5	7.4110717773437500e+00	1.6931790987394679e-10	4.3770158649259956e+10
/SS/5/PX2PY-1PZ0/b_X/eta0/bT0/bz-6	6.1721305847167969e+00	2.0105986336457575e-10	3.0697974630197872e+10
/SS/5/PX2PY-1PZ0/b_X/eta0/bT0/bz-7	4.8641204833984375e+00	2.2482746806112164e-10	2.1634903089670860e+10
/SS/5/PX2PY-1PZ0/b_X/eta0/bT0/bz-8	5.0878829956054688e+00	2.2165603574966219e-10	1.5953743044987633e+10
/SS/5/PX2PY-1PZ0/b_X/eta0/bT0/bz-9	5.8594741821289062e+00	6.1828554095906404e-10	6.5288469456811686e+09
/SS/5/PX2PY-1PZ0/b_X/eta0/bT0/bz0	1.8973358154296875e+01	1.2082637825843371e-10	1.3048568953650252e+11
/SS/5/PX2PY-1PZ0/b_X/eta0/bT0/bz1	1.6718719482421875e+01	1.2612939146136125e-10	1.2136669278374854e+11
/SS/5/PX2PY-1PZ0/b_X/eta0/bT0/bz10	6.9087238311767578e+00	1.1396489655315549e-09	6.0621507500376587e+09
/SS/5/PX2PY-1PZ0/b_X/eta0/bT0/bz11	5.7586441040039062e+00	1.3012147813072219e-09	4.4255907531412125e+09
/SS/5/PX2PY-1PZ0/b_X/eta0/bT0/bz12	4.6368255615234375e+00	1.3202675386259219e-09	1.7153090032703214e+09
/SS/5/PX2PY-1PZ0/b_X/eta0/bT0/bz13	3.8241672515869141e+00	8.6949031023098388e-10	1.5478133897467151e+09
/SS/5/PX2PY-1PZ0/b_X/eta0/bT0/bz14	2.9699773788452148e+00	7.7940483578071348e-10	2.4781906624702439e+09
/SS/5/PX2PY-1PZ0/b_X/eta0/bT0/bz15	2.5743274688720703e+00	9.0739718204889147e-10	2.8370459152840557e+09
/SS/5/PX2PY-1PZ0/b_X/eta0/bT0/bz16	2.3818130493164062e+00	9.5438975932347071e-10	9.2387079057676005e+08
/SS/5/PX2PY-1PZ0/b_X/eta0/bT0/bz17	2.2035593986511230e+00	5.8976723045804122e-10	7.2344331507318544e+08
/SS/5/PX2PY-1PZ0/b_X/eta0/bT0/bz18	2.5876221656799316e+00	9.1522816380355836e-10	2.8272973538381305e+09
/SS/5/PX2PY-1PZ0/b_X/eta0/bT0/bz19	3.2325229644775391e+00	1.0686860012291432e-09	3.0247640193281012e+09
/SS/5/PX2PY-1PZ0/b_X/eta0/bT0/bz2	1.3682800292968750e+01	1.3444615388837151e-10	1.0177160072819458e+11
/SS/5/PX2PY-1PZ0/b_X/eta0/bT0/bz20	3.4706506729125977e+00	7.7098654599373711e-10	4.5015709949117460e+09
/SS/5/PX2PY-1PZ0/b_X/eta0/bT0/bz3	1.1586181640625000e+01	1.4468045884121407e-10	8.0081178435719254e+10
/SS/5/PX2PY-1PZ0/b_X/eta0/bT0/bz4	9.2673721313476562e+00	1.5249566346340550e-10	6.0771381433882904e+10
/SS/5/PX2PY-1PZ0/b_X/eta0/bT0/bz5	7.7251129150390625e+00	1.5859759307726392e-10	4.2991905794181854e+10
/SS/5/PX2PY-1PZ0/b_X/eta0/bT0/bz6	7.0701141357421875e+00	1.8258115417060837e-10	3.3513464353694729e+10
/SS/5/PX2PY-1PZ0/b_X/eta0/bT0/bz7	6.6533393859863281e+00	2.5855111663909153e-10	2.2497395332041103e+10
/SS/5/PX2PY-1PZ0/b_X/eta0/bT0/bz8	6.3882942199707031e+00	4.2941485022113558e-10	1.4792074230923727e+10
/SS/5/PX2PY-1PZ0/b_X/eta0/bT0/bz9	6.8465633392333984e+00	7.3271347571549925e-10	9.3441209506180935e+09
/SS/5/PX2PY-2PZ-1/b_X/eta0/bT0/bz-1	1.8932617187500000e+01	1.8028743572829523e-10	1.0443113455967822e+11
/SS/5/PX2PY-2PZ-1/b_X/eta0/bT0/bz-10	2.1991119384765625e+00	4.8700788630045773e-10	2.7917452935218039e+09
/SS/5/PX2PY-2PZ-1/b_X/eta0/bT0/bz-11	1.7386856079101562e+00	2.1358617719451371e-10	5.3572817681256018e+09
/SS/5/PX2PY-2PZ-1/b_X/eta0/bT0/bz-12	1.3415489196777344e+00	3.0615435848943565e-10	3.8569666185198269e+09
/SS/5/PX2PY-2PZ-1/b_X/eta0/bT0/bz-13	1.5665836334228516e+00	5.5872289984559216e-10	2.0805237214962864e+09
/SS/5/PX2PY-2PZ-1/b_X/eta0/bT0/bz-14	1.6542921066284180e+00	1.3340350062300577e-09	9.0305333509169745e+08
/SS/5/PX2PY-2PZ-1/b_X/eta0/bT0/bz-15	1.5284137725830078e+00	9.5788308432366425e-10	7.0229773548438656e+08
/SS/5/PX2PY-2PZ-1/b_X/eta0/bT0/bz-16	1.3007068634033203e+00	7.1054777523301193e-10	9.5335518215419126e+08
/SS/5/PX2PY-2PZ-1/b_X/eta0/bT0/bz-17	1.0680189132690430e+00	7.6136029922671428e-10	1.4027772584856219e+09
/SS/5/PX2PY-2PZ-1/b_X/eta0/bT0/bz-18	1.1966664791107178e+00	6.1595929977464156e-10	1.9427687503842170e+09
/SS/5/PX2PY-2PZ-1/b_X/eta0/bT0/bz-19	1.2681374549865723e+00	1.0718563186138765e-09	1.0675171489541197e+09
/SS/5/PX2PY-2PZ-1/b_X/eta0/bT0/bz-2	1.5498657226562500e+01	1.7238860156667636e-10	8.7549107798065720e+10
/SS/5/PX2PY-2PZ-1/b_X/eta0/bT0/bz-20	1.8609466552734375e+00	6.8722767342252614e-10	2.0367995085483003e+09
/SS/5/PX2PY-2PZ-1/b_X/eta0/bT0/bz-3	1.2132247924804688e+01	1.6539579416420278e-10	6.9443370900286575e+10
/SS/5/PX2PY-2PZ-1/b_X/eta0/bT0/bz-4	9.0082015991210938e+00	1.6345337229708892e-10	3.3928774148571079e+10
/SS/5/PX2PY-2PZ-1/b_X/eta0/bT0/bz-5	6.3944625854492188e+00	1.9922316280512952e-10	2.4739475750847321e+10
/SS/5/PX2PY-2PZ-1/b_X/eta0/bT0/bz-6	4.7016601562500000e+00	2.5077008662926769e-10	1.8013847046491295e+10
/SS/5/PX2PY-2PZ-1/b_X/eta0/bT0/bz-7	3.9931430816650391e+00	2.8844682468875545e-10	1.3843602147375984e+10
/SS/5/PX2PY-2PZ-1/b_X/eta0/bT0/bz-8	3.2520637512207031e+00	2.8361136810605627e-10	1.1466619878243372e+10
/SS/5/PX2PY-2PZ-1/b_X/eta0/bT0/bz-9	3.8371112942695618e+00	7.3837682956621887e-09	5.1966843224533272e+08
/SS/5/PX2PY-2PZ-1/b_X/eta0/bT0/bz0	2.1395690917968750e+01	1.8610862712359103e-10	1.1262891184664536e+11
/SS/5/PX2PY-2PZ-1/b_X/eta0/bT0/bz1	2.0855819702148438e+01	1.8739702628805001e-10	1.0447469449284944e+11
/SS/5/PX2PY-2PZ-1/b_X/eta0/bT0/bz10	3.3130073547363281e+00	3.7229690647085101e-10	8.1775626510723848e+09
/SS/5/PX2PY-2PZ-1/b_X/eta0/bT0/bz11	2.4071674346923828e+00	8.5669847021823005e-10	1.4740561799126832e+09
/SS/5/PX2PY-2PZ-1/b_X/eta0/bT0/bz12	2.1761350631713867e+00	1.2703374780365029e-09	1.2669817867578347e+09
/SS/5/PX2PY-2PZ-1/b_X/eta0/bT0/bz13	2.0218963623046875e+00	4.5893138686930432e-10	3.7998381958982925e+09
/SS/5/PX2PY-2PZ-1/b_X/eta0/bT0/bz14	1.8430747985839844e+00	4.5382893595745570e-10	1.0515404034075328e+09
/SS/5/PX2PY-2PZ-1/b_X/eta0/bT0/bz15	1.9773883819580078e+00	7.7270972826719646e-10	1.1975722139180331e+09
/SS/5/PX2PY-2PZ-1/b_X/eta0/bT0/bz16	1.9385766983032227e+00	3.0346855296767603e-10	4.4565843525636520e+09
/SS/5/PX2PY-2PZ-1/b_X/eta0/bT0/bz17	1.9034290313720703e+00	5.2484988884466374e-10	2.7683535022212982e+09
/SS/5/PX2PY-2PZ-1/b_X/eta0/bT0/bz18	1.7892875671386719e+00	5.0131281196012017e-10	2.6753143452605309e+09
/SS/5/PX2PY-2PZ-1/b_X/eta0/bT0/bz19	2.3454608917236328e+00	9.3990252425287270e-10	2.4954299315112882e+09
/SS/5/PX2PY-2PZ-1/b_X/eta0/bT0/bz2	1.8553817749023438e+01	1.8447453417673324e-10	8.6682547960415573e+10
/SS/5/PX2PY-2PZ-1/b_X/eta0/bT0/bz20	1.7284541130065918e+00	5.6729276937958202e-10	1.8498306656824305e+09
/SS/5/PX2PY-2PZ-1/b_X/eta0/bT0/bz3	1.6050811767578125e+01	1.8107503414982929e-10	8.5044548810279175e+10
/SS/5/PX2PY-2PZ-1/b_X/eta0/bT0/bz4	1.3655120849609375e+01	1.8645235202259074e-10	6.7372043790944725e+10
/SS/5/PX2PY-2PZ-1/b_X/eta0/bT0/bz5	1.1622077941894531e+01	1.9094875433835840e-10	5.3333831167300163e+10
/SS/5/PX2PY-2PZ-1/b_X/eta0/bT0/bz6	9.8857116699218750e+00	1.9203700113770586e-10	4.3007112484834923e+10
/SS/5/PX2PY-2PZ-1/b_X/eta0/bT0/bz7	8.2011642456054688e+00	2.3049426361008691e-10	1.7994201047211658e+10
/SS/5/PX2PY-2PZ-1/b_X/eta0/bT0/bz8	6.3743743896484375e+00	3.3830084288266961e-10	1.3874768117350801e+10
/SS/5/PX2PY-2PZ-1/b_X/eta0/bT0/bz9	4.3611679077148438e+00	3.6993467292613653e-10	1.1574871174905891e+10
/SS/5/PX2PY-2PZ-2/b_X/eta0/bT0/bz-1	2.9092025756835938e+01	1.2608336028487341e-09	1.5818719199166002e+10
/SS/5/PX2PY-2PZ-2/b_X/eta0/bT0/bz-10	4.8648395538330078e+00	4.1349294838136020e-10	9.2503788653158264e+09
/SS/5/PX2PY-2PZ-2/b_X/eta0/bT0/bz-11	3.9741840362548828e+00	3.3657542487811936e-10	1.1807707106643373e+10
/SS/5/PX2PY-2PZ-2/b_X/eta0/bT0/bz-12	3.1395263671875000e+00	4.9127346662239610e-10	1.2371287620977063e+09
/SS/5/PX2PY-2PZ-2/b_X/eta0/bT0/bz-13	2.4032659530639648e+00	2.7989491168658178e-10	8.5863152659061995e+09
/SS/5/PX2PY-2PZ-2/b_X/eta0/bT0/bz-14	1.7817831039428711e+00	3.9722803393721262e-10	1.9616406878000484e+09
/SS/5/PX2PY-2PZ-2/b_X/eta0/bT0/bz-15	1.2632169723510742e+00	1.9638669637260696e-10	6.4322940182992678e+09
/SS/5/PX2PY-2PZ-2/b_X/eta0/bT0/bz-16	9.3769836425781250e-01	2.1293861360099252e-09	4.2238235713741577e+08
/SS/5/PX2PY-2PZ-2/b_X/eta0/bT0/bz-17	8.4660243988037109e-01	1.9709395761432659e-10	4.1937892001828427e+09
/SS/5/PX2PY-2PZ-2/b_X/eta0/bT0/bz-18	1.1903476715087891e+00	2.3406920878055529e-10	4.5382330861914997e+09
/SS/5/PX2PY-2PZ-2/b_X/eta0/bT0/bz-19	1.4682588577270508e+00	2.1712433393233712e-10	5.2340047110347233e+09
/SS/5/PX2PY-2PZ-2/b_X/eta0/bT0/bz-2	2.2802474975585938e+01	8.2184829294905888e-10	2.1399249839135086e+10
/SS/5/PX2PY-2PZ-2/b_X/eta0/bT0/bz-20	1.5225782394409180e+00	2.5332059626761445e-10	2.7324519434636760e+09
/SS/5/PX2PY-2PZ-2/b_X/eta0/bT0/bz-3	1.6524379730224609e+01	8.5016191272566757e-10	1.6456009511316549e+10
/SS/5/PX2PY-2PZ-2/b_X/eta0/bT0/bz-4	1.2691610336303711e+01	1.0345949400728429e-09	1.2267226375000568e+10
/SS/5/PX2PY-2PZ-2/b_X/eta0/bT0/bz-5	1.1376787185668945e+01	1.5585695722405863e-09	7.2995055134521675e+09
/SS/5/PX2PY-2PZ-2/b_X/eta0/bT0/bz-6	1.0241836547851562e+01	4.9807671759342706e-09	2.0562769119860423e+09
/SS/5/PX2PY-2PZ-2/b_X/eta0/bT0/bz-7	7.8217220306396484e+00	2.3993382272935497e-09	3.2599497401675382e+09
/SS/5/PX2PY-2PZ-2/b_X/eta0/bT0/bz-8	6.8474187850952148e+00	8.4382309611206247e-10	8.1147562998036919e+09
/SS/5/PX2PY-2PZ-2/b_X/eta0/bT0/bz-9	5.8080062866210938e+00	5.7574525131523520e-10	7.7388455907711573e+09
/SS/5/PX2PY-2PZ-2/b_X/eta0/bT0/bz0	3.2697639465332031e+01	1.3400120254890873e-09	1.8664423137179077e+10
/SS/5/PX2PY-2PZ-2/b_X/eta0/bT0/bz1	3.0771102905273438e+01	1.2479152786828468e-09	1.9136624485507320e+10
/SS/5/PX2PY-2PZ-2/b_X/eta0/bT0/bz10	2.9899501800537109e+00	4.6105770976013473e-10	6.0808447165942087e+09
/SS/5/PX2PY-2PZ-2/b_X/eta0/bT0/bz11	2.7715787887573242e+00	5.9931151447354421e-10	2.9837314979048095e+09
/SS/5/PX2PY-2PZ-2/b_X/eta0/bT0/bz12	2.1719717979431152e+00	9.4971310817021716e-10	2.0391845136633153e+09
/SS/5/PX2PY-2PZ-2/b_X/eta0/bT0/bz13	2.3103718757629395e+00	2.0337360788161060e-09	9.7636121544914627e+08
/SS/5/PX2PY-2PZ-2/b_X/eta0/bT0/bz14	2.9011414051055908e+00	1.7622585180911576e-09	1.6462632328473849e+09
/SS/5/PX2PY-2PZ-2/b_X/eta0/bT0/bz15	1.2389469146728516e+00	5.1918639950263794e-10	2.2764602040878968e+09
/SS/5/PX2PY-2PZ-2/b_X/eta0/bT0/bz16	9.7243499755859375e-01	7.8017888010116105e-10	1.1172767579129572e+09
/SS/5/PX2PY-2PZ-2/b_X/eta0/bT0/bz17	3.7582075595855713e+00	5.1223211780777684e-09	7.3369229084457719e+08
/SS/5/PX2PY-2PZ-2/b_X/eta0/bT0/bz18	2.7971394062042236e+00	1.4194393639429450e-09	1.9705945017857456e+09
/SS/5/PX2PY-2PZ-2/b_X/eta0/bT0/bz19	2.0761380195617676e+00	6.4851168221323103e-10	3.2013887744880009e+09
/SS/5/PX2PY-2PZ-2/b_X/eta0/bT0/bz2	2.5570640563964844e+01	1.2221385591459032e-09	1.3952848988103170e+10
/SS/5/PX2PY-2PZ-2/b_X/eta0/bT0/bz20	1.3020582199096680e+00	6.9851926626068634e-10	1.2601369675359411e+09
/SS/5/PX2PY-2PZ-2/b_X/eta0/bT0/bz3	1.9290519714355469e+01	1.0034722198480118e-09	1.0394615541124212e+10
/SS/5/PX2PY-2PZ-2/b_X/eta0/bT0/bz4	1.3528171539306641e+01	7.8733833404079197e-10	1.6146653390624252e+10
/SS/5/PX2PY-2PZ-2/b_X/eta0/bT0/bz5	8.8607521057128906e+00	5.3338338664012685e-10	9.7179006795911083e+09
/SS/5/PX2PY-2PZ-2/b_X/eta0/bT0/bz6	6.2531013488769531e+00	4.8117199024451932e-10	1.1148534880321634e+10
/SS/5/PX2PY-2PZ-2/b_X/eta0/bT0/bz7	4.8764686584472656e+00	4.0930962689897388e-10	1.1376207247009418e+10
/SS/5/PX2PY-2PZ-2/b_X/eta0/bT0/bz8	3.9470806121826172e+00	3.8063374313810189e-10	1.0369760125944834e+10
/SS/5/PX2PY-2PZ-2/b_X/eta0/bT0/bz9	3.3459815979003906e+00	3.9674947220164275e-10	8.4334872062535200e+09
/SS/5/PX2PY-2PZ0/b_X/eta0/bT0/bz-1	2.3791732788085938e+01	1.8690881595295141e-10	1.2729058641126259e+11
/SS/5/PX2PY-2PZ0/b_X/eta0/bT0/bz-10	5.5065116882324219e+00	1.5308409028780349e-09	1.5257660266943274e+09
/SS/5/PX2PY-2PZ0/b_X/eta0/bT0/bz-11	4.5386896133422852e+00	5.0548853223128466e-09	4.8778811136442965e+08
/SS/5/PX2PY-2PZ0/b_X/eta0/bT0/bz-12	3.5240573883056641e+00	1.2551569943874831e-09	1.2306562239046113e+09
/SS/5/PX2PY-2PZ0/b_X/eta0/bT0/bz-13	2.5863771438598633e+00	1.2964033379979208e-09	1.1726943664587960e+09
/SS/5/PX2PY-2PZ0/b_X/eta0/bT0/bz-14	2.6039028167724609e+00	8.7131930675061894e-10	2.1827094354115539e+09
/SS/5/PX2PY-2PZ0/b_X/eta0/bT0/bz-15	2.5385398864746094e+00	8.3724503269834284e-10	1.1987794298648801e+09
/SS/5/PX2PY-2PZ0/b_X/eta0/bT0/bz-16	2.4019699096679688e+00	1.0086278419703415e-09	8.1496718808162439e+08
/SS/5/PX2PY-2PZ0/b_X/eta0/bT0/bz-17	2.3753833770751953e+00	8.8986929775991770e-10	8.0186157667723072e+08
/SS/5/PX2PY-2PZ0/b_X/eta0/bT0/bz-18	2.4928035736083984e+00	5.4117932440637660e-10	1.2510444400006747e+09
/SS/5/PX2PY-2PZ0/b_X/eta0/bT0/bz-19	2.6461544036865234e+00	3.3737238124241235e-10	7.8434233233371315e+09
/SS/5/PX2PY-2PZ0/b_X/eta0/bT0/bz-2	2.1149673461914062e+01	2.0927178823023325e-10	1.0106318506078783e+11
/SS/5/PX2PY-2PZ0/b_X/eta0/bT0/bz-20	2.7209558486938477e+00	3.9199918819112986e-10	4.7006801717682552e+09
/SS/5/PX2PY-2PZ0/b_X/eta0/bT0/bz-3	1.7886535644531250e+01	2.3996402657609728e-10	7.4538404358951202e+10
/SS/5/PX2PY-2PZ0/b_X/eta0/bT0/bz-4	1.4768981933593750e+01	2.8194259544014677e-10	5.2382939550292381e+10
/SS/5/PX2PY-2PZ0/b_X/eta0/bT0/bz-5	1.1831489562988281e+01	3.3606823297702130e-10	3.5205617199163422e+10
/SS/5/PX2PY-2PZ0/b_X/eta0/bT0/bz-6	8.8883094787597656e+00	3.9531342750212215e-10	2.2484208378456993e+10
/SS/5/PX2PY-2PZ0/b_X/eta0/bT0/bz-7	6.3060455322265625e+00	4.2966282358379024e-10	1.3511482623700193e+10
/SS/5/PX2PY-2PZ0/b_X/eta0/bT0/bz-8	6.0834770202636719e+00	3.5907788435568798e-10	7.5625347505020876e+09
/SS/5/PX2PY-2PZ0/b_X/eta0/bT0/bz-9	5.9642734527587891e+00	4.6193938905406503e-10	1.2911376674269133e+10
/SS/5/PX2PY-2PZ0/b_X/eta0/bT0/bz0	2.4339813232421875e+01	1.6992740803736851e-10	1.4323653560977838e+11
/SS/5/PX2PY-2PZ0/b_X/eta0/bT0/bz1	2.1698303222656250e+01	1.5699586236688071e-10	1.3820939542947882e+11
/SS/5/PX2PY-2PZ0/b_X/eta0/bT0/bz10	2.4331817626953125e+00	2.2245354359568474e-10	4.4926411932942257e+09
/SS/5/PX2PY-2PZ0/b_X/eta0/bT0/bz11	1.9896936416625977e+00	7.2101095307870903e-10	2.6686186275317774e+09
/SS/5/PX2PY-2PZ0/b_X/eta0/bT0/bz12	1.6231708526611328e+00	3.4027272282787179e-10	3.7672987076342735e+09
/SS/5/PX2PY-2PZ0/b_X/eta0/bT0/bz13	1.7167696952819824e+00	5.4972780110626416e-10	3.1229450135634041e+09
/SS/5/PX2PY-2PZ0/b_X/eta0/bT0/bz14	1.9457111358642578e+00	8.3725473777785125e-10	2.1088692402901013e+09
/SS/5/PX2PY-2PZ0/b_X/eta0/bT0/bz15	1.8702573776245117e+00	1.6478367926941758e-09	1.0078286661828405e+09
/SS/5/PX2PY-2PZ0/b_X/eta0/bT0/bz16	1.4465312957763672e+00	3.1221936355237163e-10	2.7639765980369444e+09
/SS/5/PX2PY-2PZ0/b_X/eta0/bT0/bz17	1.6057348251342773e+00	3.7997758277624084e-10	1.9067257826119978e+09
/SS/5/PX2PY-2PZ0/b_X/eta0/bT0/bz18	1.5905954837799072e+00	1.1603499526024707e-09	1.3707894590011125e+09
/SS/5/PX2PY-2PZ0/b_X/eta0/bT0/bz19	1.7783164978027344e+00	8.0878694539418454e-10	2.1987453036052938e+09
/SS/5/PX2PY-2PZ0/b_X/eta0/bT0/bz2	1.7617492675781250e+01	1.4642306821354571e-10	1.2031910607205431e+11
/SS/5/PX2PY-2PZ0/b_X/eta0/bT0/bz20	1.7177567481994629e+00	6.7838371561170243e-10	2.5321314599224305e+09
/SS/5/PX2PY-2PZ0/b_X/eta0/bT0/bz3	1.3668060302734375e+01	1.3785096959240910e-10	9.9150991415928497e+10
/SS/5/PX2PY-2PZ0/b_X/eta0/bT0/bz4	1.0497055053710938e+01	1.3177949255703289e-10	7.9656210917399872e+10
/SS/5/PX2PY-2PZ0/b_X/eta0/bT0/bz5	8.0966949462890625e+00	1.2851305816384540e-10	6.3002896841551521e+10
/SS/5/PX2PY-2PZ0/b_X/eta0/bT0/bz6	6.3738937377929688e+00	1.2867535298859862e-10	4.9534690131044228e+10
/SS/5/PX2PY-2PZ0/b_X/eta0/bT0/bz7	5.1324157714843750e+00	1.3170021942450340e-10	3.8970442068447052e+10
/SS/5/PX2PY-2PZ0/b_X/eta0/bT0/bz8	4.1431045532226562e+00	1.3524614293535516e-10	3.0633809314643257e+10
/SS/5/PX2PY-2PZ0/b_X/eta0/bT0/bz9	3.2684211730957031e+00	1.3694529373075942e-10	2.3866619173650215e+10
/SS/5/PX2PY0PZ-1/b_X/eta0/bT0/bz-1	2.7420959472656250e+01	1.8259997842318684e-10	1.4247933574513968e+11
/SS/5/PX2PY0PZ-1/b_X/eta0/bT0/bz-10	2.8255577087402344e+00	4.9309233750555630e-10	5.6060036790974665e+09
/SS/5/PX2PY0PZ-1/b_X/eta0/bT0/bz-11	3.2100639343261719e+00	8.6251169390990464e-10	2.2641353190087762e+09
/SS/5/PX2PY0PZ-1/b_X/eta0/bT0/bz-12	3.2900619506835938e+00	5.0152735864279219e-10	1.8766768553717582e+09
/SS/5/PX2PY0PZ-1/b_X/eta0/bT0/bz-13	3.2106323242187500e+00	3.5149737632820868e-10	9.1341572951623974e+09
/SS/5/PX2PY0PZ-1/b_X/eta0/bT0/bz-14	3.0534229278564453e+00	4.1755817566072400e-10	1.3547734166944821e+09
/SS/5/PX2PY0PZ-1/b_X/eta0/bT0/bz-15	2.8662538528442383e+00	1.1990641699588591e-09	2.5770786772211933e+08
/SS/5/PX2PY0PZ-1/b_X/eta0/bT0/bz-16	2.6593647003173828e+00	6.0698089031313237e-10	7.3490048696942055e+08
/SS/5/PX2PY0PZ-1/b_X/eta0/bT0/bz-17	2.4847822189331055e+00	4.3833154843236381e-10	2.8351416923539696e+09
/SS/5/PX2PY0PZ-1/b_X/eta0/bT0/bz-18	2.3510951995849609e+00	4.0829240681295088e-10	2.5182690610919213e+09
/SS/5/PX2PY0PZ-1/b_X/eta0/bT0/bz-19	2.2244062423706055e+00	1.3671850450038150e-09	1.5671432297841687e+09
/SS/5/PX2PY0PZ-1/b_X/eta0/bT0/bz-2	2.2507019042968750e+01	1.7655035592373201e-10	1.2598496855847565e+11
/SS/5/PX2PY0PZ-1/b_X/eta0/bT0/bz-20	2.0166044235229492e+00	5.7772426831783252e-10	3.4155928724312086e+09
/SS/5/PX2PY0PZ-1/b_X/eta0/bT0/bz-3	1.8277801513671875e+01	1.7334794364046786e-10	1.0543996732710561e+11
/SS/5/PX2PY0PZ-1/b_X/eta0/bT0/bz-4	1.4731842041015625e+01	1.7301626739768849e-10	8.5147149817731201e+10
/SS/5/PX2PY0PZ-1/b_X/eta0/bT0/bz-5	1.1632843017578125e+01	1.8714549696015399e-10	5.0373112302355179e+10
/SS/5/PX2PY0PZ-1/b_X/eta0/bT0/bz-6	8.8804931640625000e+00	2.0216572331672513e-10	3.2143009285007175e+10
/SS/5/PX2PY0PZ-1/b_X/eta0/bT0/bz-7	6.3513870239257812e+00	1.9588056426782993e-10	1.9700650093649342e+10
/SS/5/PX2PY0PZ-1/b_X/eta0/bT0/bz-8	4.1001930236816406e+00	2.0129523748248096e-10	1.5250536956400661e+10
/SS/5/PX2PY0PZ-1/b_X/eta0/bT0/bz-9	3.0522155761718750e+00	2.8579394939518122e-10	1.0679776750456770e+10
/SS/5/PX2PY0PZ-1/b_X/eta0/bT0/bz0	3.0284637451171875e+01	1.8925119774070261e-10	1.4778057788308752e+11
/SS/5/PX2PY0PZ-1/b_X/eta0/bT0/bz1	2.8944213867187500e+01	1.9381874482481788e-10	1.3540117678778885e+11
/SS/5/PX2PY0PZ-1/b_X/eta0/bT0/bz10	3.5819206237792969e+00	1.8780536203156577e-10	1.9072515209535168e+10
/SS/5/PX2PY0PZ-1/b_X/eta0/bT0/bz11	3.9526824951171875e+00	2.7269054544228336e-10	8.5246471571395655e+09
/SS/5/PX2PY0PZ-1/b_X/eta0/bT0/bz12	4.2087593078613281e+00	3.8573801402588916e-10	1.0910926988852215e+10
/SS/5/PX2PY0PZ-1/b_X/eta0/bT0/bz13	4.2894325256347656e+00	5.4950370549786686e-10	7.8060120117814512e+09
/SS/5/PX2PY0PZ-1/b_X/eta0/bT0/bz14	4.1728963851928711e+00	8.0592726440104642e-10	5.1777580552434940e+09
/SS/5/PX2PY0PZ-1/b_X/eta0/bT0/bz15	3.8927679061889648e+00	1.3230874038695915e-09	2.9421849945845685e+09
/SS/5/PX2PY0PZ-1/b_X/eta0/bT0/bz16	3.6313645839691162e+00	2.4631454351189156e-09	1.4742794039661736e+09
/SS/5/PX2PY0PZ-1/b_X/eta0/bT0/bz17	2.9734706878662109e+00	2.3093735637307260e-09	1.2875659159545653e+09
/SS/5/PX2PY0PZ-1/b_X/eta0/bT0/bz18	2.4918112754821777e+00	1.1255138489767980e-09	2.2139321321967540e+09
/SS/5/PX2PY0PZ-1/b_X/eta0/bT0/bz19	2.3481135368347168e+00	8.4619941900738919e-10	2.2756502678028245e+09
/SS/5/PX2PY0PZ-1/b_X/eta0/bT0/bz2	2.5137908935546875e+01	1.9956748857576355e-10	1.1331366604985745e+11
/SS/5/PX2PY0PZ-1/b_X/eta0/bT0/bz20	2.0571813583374023e+00	8.6740232008163406e-10	1.8172405699526937e+09
/SS/5/PX2PY0PZ-1/b_X/eta0/bT0/bz3	2.0855194091796875e+01	2.0558622879055425e-10	9.0421506407633224e+10
/SS/5/PX2PY0PZ-1/b_X/eta0/bT0/bz4	1.7049880981445312e+01	2.0888491698455503e-10	7.0648108210901398e+10
/SS/5/PX2PY0PZ-1/b_X/eta0/bT0/bz5	1.3799163818359375e+01	2.1578565697884445e-10	6.3948475591740746e+10
/SS/5/PX2PY0PZ-1/b_X/eta0/bT0/bz6	1.0999351501464844e+01	2.3531378363520223e-10	4.6743337052098518e+10
/SS/5/PX2PY0PZ-1/b_X/eta0/bT0/bz7	8.6221618652343750e+00	2.5682351328900264e-10	3.3572322700577206e+10
/SS/5/PX2PY0PZ-1/b_X/eta0/bT0/bz8	6.5633239746093750e+00	2.7201971536886577e-10	2.4128118675917801e+10
/SS/5/PX2PY0PZ-1/b_X/eta0/bT0/bz9	4.5722160339355469e+00	2.4662902131988644e-10	1.8538840277054108e+10
/SS/5/PX2PY0PZ-2/b_X/eta0/bT0/bz-1	3.3090026855468750e+01	2.8681606030155947e-10	1.0221358515248727e+11
/SS/5/PX2PY0PZ-2/b_X/eta0/bT0/bz-10	4.1674747467041016e+00	1.2255368641836115e-09	1.9978504369968007e+09
/SS/5/PX2PY0PZ-2/b_X/eta0/bT0/bz-11	3.5621299743652344e+00	1.5941929989096674e-09	1.1640369393503532e+09
/SS/5/PX2PY0PZ-2/b_X/eta0/bT0/bz-12	3.0325860977172852e+00	2.2634106920129098e-09	8.3910434755069268e+08
/SS/5/PX2PY0PZ-2/b_X/eta0/bT0/bz-13	2.6679363250732422e+00	7.4963429864039151e-10	3.4070179932067347e+09
/SS/5/PX2PY0PZ-2/b_X/eta0/bT0/bz-14	2.4908514022827148e+00	9.9454384327578050e-10	2.4533381710634708e+09
/SS/5/PX2PY0PZ-2/b_X/eta0/bT0/bz-15	2.4019365310668945e+00	1.3352813783495742e-09	1.7988242553309031e+09
/SS/5/PX2PY0PZ-2/b_X/eta0/bT0/bz-16	2.4805064201354980e+00	1.6369940061280251e-09	1.5152813088195901e+09
/SS/5/PX2PY0PZ-2/b_X/eta0/bT0/bz-17	2.2855341434478760e+00	1.1943980513729487e-09	1.9135447691166921e+09
/SS/5/PX2PY0PZ-2/b_X/eta0/bT0/bz-18	2.1729359626770020e+00	1.1542841164851516e-09	7.4141153253018200e+08
/SS/5/PX2PY0PZ-2/b_X/eta0/bT0/bz-19	2.1336493492126465e+00	7.7274648053663474e-10	2.7611246417206988e+09
/SS/5/PX2PY0PZ-2/b_X/eta0/bT0/bz-2	2.7759170532226562e+01	2.8004997263691660e-10	8.6814154655401321e+10
/SS/5/PX2PY0PZ-2/b_X/eta0/bT0/bz-20	2.0685119628906250e+00	7.8148048253311556e-10	2.6469144260464253e+09
/SS/5/PX2PY0PZ-2/b_X/eta0/bT0/bz-3	2.1765884399414062e+01	2.8335452412330327e-10	7.6664511185046021e+10
/SS/5/PX2PY0PZ-2/b_X/eta0/bT0/bz-4	1.6586929321289062e+01	5.1624732433026818e-10	4.6556875717450294e+09
/SS/5/PX2PY0PZ-2/b_X/eta0/bT0/bz-5	1.2412452697753906e+01	1.3664571878080255e-09	1.9064703905110748e+09
/SS/5/PX2PY0PZ-2/b_X/eta0/bT0/bz-6	9.2962379455566406e+00	3.3561378862829556e-10	2.7699213383191956e+10
/SS/5/PX2PY0PZ-2/b_X/eta0/bT0/bz-7	7.1195297241210938e+00	5.1269174276646556e-10	8.0359171866410561e+09
/SS/5/PX2PY0PZ-2/b_X/eta0/bT0/bz-8	5.7168617248535156e+00	1.7891225115464927e-09	3.1472818044043174e+09
/SS/5/PX2PY0PZ-2/b_X/eta0/bT0/bz-9	4.8342475891113281e+00	1.2231313071638015e-09	1.8854705782195303e+09
/SS/5/PX2PY0PZ-2/b_X/eta0/bT0/bz0	3.5691207885742188e+01	2.9263690397860684e-10	1.0884985685110487e+11
/SS/5/PX2PY0PZ-2/b_X/eta0/bT0/bz1	3.3484542846679688e+01	2.9630627082383758e-10	1.0057816473174422e+11
/SS/5/PX2PY0PZ-2/b_X/eta0/bT0/bz10	2.8830080032348633e+00	9.8649135384433905e-10	1.6389256700651324e+09
/SS/5/PX2PY0PZ-2/b_X/eta0/bT0/bz11	2.4098205566406250e+00	1.6041478193808283e-09	8.7390014096971333e+08
/SS/5/PX2PY0PZ-2/b_X/eta0/bT0/bz12	2.5954093933105469e+00	2.2272988829682193e-09	5.9058269492734504e+08
/SS/5/PX2PY0PZ-2/b_X/eta0/bT0/bz13	2.7791690826416016e+00	9.4686707405972452e-10	1.0217397120796698e+09
/SS/5/PX2PY0PZ-2/b_X/eta0/bT0/bz14	2.8173847198486328e+00	4.7041653931552708e-10	1.8094533137337816e+09
/SS/5/PX2PY0PZ-2/b_X/eta0/bT0/bz15	2.6642532348632812e+00	5.3912268539812220e-10	1.5882037974547238e+09
/SS/5/PX2PY0PZ-2/b_X/eta0/bT0/bz16	2.2935199737548828e+00	3.8767036766683519e-10	2.1080033554940729e+09
/SS/5/PX2PY0PZ-2/b_X/eta0/bT0/bz17	2.2591886520385742e+00	4.9558193162651644e-10	4.5586582315942020e+09
/SS/5/PX2PY0PZ-2/b_X/eta0/bT0/bz18	2.8473768234252930e+00	6.4494275466571586e-10	4.4149295465783377e+09
/SS/5/PX2PY0PZ-2/b_X/eta0/bT0/bz19	2.9531736373901367e+00	1.1428318105113540e-09	1.4573802036772265e+09
/SS/5/PX2PY0PZ-2/b_X/eta0/bT0/bz2	2.8247406005859375e+01	2.9698275320067740e-10	8.4118779669827576e+10
/SS/5/PX2PY0PZ-2/b_X/eta0/bT0/bz20	2.9843444824218750e+00	1.8321725530736084e-09	7.2496912245320344e+08
/SS/5/PX2PY0PZ-2/b_X/eta0/bT0/bz3	2.2047805786132812e+01	7.0181836857345863e-10	5.9736416293166265e+09
/SS/5/PX2PY0PZ-2/b_X/eta0/bT0/bz4	1.6176254272460938e+01	2.3730940490619728e-09	9.3478803375736487e+08
/SS/5/PX2PY0PZ-2/b_X/eta0/bT0/bz5	1.1105484008789062e+01	7.6536621961628046e-10	5.5011680720182562e+09
/SS/5/PX2PY0PZ-2/b_X/eta0/bT0/bz6	7.5108871459960938e+00	1.3601635749029199e-09	1.9218811971708577e+09
/SS/5/PX2PY0PZ-2/b_X/eta0/bT0/bz7	5.1704826354980469e+00	7.3953462300624301e-10	3.2952405592646894e+09
/SS/5/PX2PY0PZ-2/b_X/eta0/bT0/bz8	3.6541671752929688e+00	6.0765349196267481e-10	3.4270744469131246e+09
/SS/5/PX2PY0PZ-2/b_X/eta0/bT0/bz9	2.9261512756347656e+00	6.9570604133443724e-10	2.6536932883815360e+09
/SS/5/PX2PY0PZ0/b_X/eta0/bT0/bz-1	2.6687294006347656e+01	7.4462917658027302e-10	3.5839710349397911e+10
/SS/5/PX2PY0PZ0/b_X/eta0/bT0/bz-10	3.8710718154907227e+00	8.2493793987895884e-10	4.6925612562548838e+09
/SS/5/PX2PY0PZ0/b_X/eta0/bT0/bz-11	3.3248567581176758e+00	1.1683405759679571e-09	2.8457941344398394e+09
/SS/5/PX2PY0PZ0/b_X/eta0/bT0/bz-12	2.7040653228759766e+00	1.5811545954866148e-09	1.7101840203321648e+09
/SS/5/PX2PY0PZ0/b_X/eta0/bT0/bz-13	2.5635604858398438e+00	1.0732852117179078e-09	1.4872079694771047e+09
/SS/5/PX2PY0PZ0/b_X/eta0/bT0/bz-14	2.5275926589965820e+00	5.4680177317226912e-10	1.8125460804030340e+09
/SS/5/PX2PY0PZ0/b_X/eta0/bT0/bz-15	2.1453266143798828e+00	4.8431125846533169e-10	1.9329222497848892e+09
/SS/5/PX2PY0PZ0/b_X/eta0/bT0/bz-16	1.8235855102539062e+00	4.5309627557175625e-10	2.6237088442975321e+09
/SS/5/PX2PY0PZ0/b_X/eta0/bT0/bz-17	1.6696376800537109e+00	6.7254449088762144e-10	2.4825683693433127e+09
/SS/5/PX2PY0PZ0/b_X/eta0/bT0/bz-18	1.8917822837829590e+00	1.4194594551658364e-09	1.1290171983140867e+09
/SS/5/PX2PY0PZ0/b_X/eta0/bT0/bz-19	1.8757691383361816e+00	7.1899321431102738e-10	2.2683589814318810e+09
/SS/5/PX2PY0PZ0/b_X/eta0/bT0/bz-2	2.1465232849121094e+01	7.0140259410877106e-10	3.0603298347357323e+10
/SS/5/PX2PY0PZ0/b_X/eta0/bT0/bz-20	1.7392187118530273e+00	4.6777686022943217e-10	3.7180520451567159e+09
/SS/5/PX2PY0PZ0/b_X/eta0/bT0/bz-3	1.5982318878173828e+01	5.8805281191932957e-10	2.5641623055630562e+10
/SS/5/PX2PY0PZ0/b_X/eta0/bT0/bz-4	1.1589717864990234e+01	4.5450169191613686e-10	2.5499834370536800e+10
/SS/5/PX2PY0PZ0/b_X/eta0/bT0/bz-5	7.7533645629882812e+00	3.7074552696691866e-10	2.0912901165440380e+10
/SS/5/PX2PY0PZ0/b_X/eta0/bT0/bz-6	5.2936477661132812e+00	5.0999680686614658e-10	8.0895799485069542e+09
/SS/5/PX2PY0PZ0/b_X/eta0/bT0/bz-7	6.6303071975708008e+00	2.7155990613467550e-09	2.4415633706555390e+09
/SS/5/PX2PY0PZ0/b_X/eta0/bT0/bz-8	4.4061241149902344e+00	6.8966104795125632e-10	6.1410124683752213e+09
/SS/5/PX2PY0PZ0/b_X/eta0/bT0/bz-9	4.3247261047363281e+00	7.0815739683927056e-10	4.6108025230292578e+09
/SS/5/PX2PY0PZ0/b_X/eta0/bT0/bz0	2.8927284240722656e+01	7.5705212428835412e-10	3.8210426089108391e+10
/SS/5/PX2PY0PZ0/b_X/eta0/bT0/bz1	2.6832687377929688e+01	7.7911729893725620e-10	3.4439855737422890e+10
/SS/5/PX2PY0PZ0/b_X/eta0/bT0/bz10	2.3842277526855469e+00	5.0029471084570969e-09	4.5890381137941027e+08
/SS/5/PX2PY0PZ0/b_X/eta0/bT0/bz11	2.8474502563476562e+00	9.9721923200676527e-10	1.4721723831247673e+09
/SS/5/PX2PY0PZ0/b_X/eta0/bT0/bz12	2.6280260086059570e+00	1.3264750924642751e-09	1.2754648526261034e+09
/SS/5/PX2PY0PZ0/b_X/eta0/bT0/bz13	2.3324871063232422e+00	4.8268644322221474e-10	1.9394179704965372e+09
/SS/5/PX2PY0PZ0/b_X/eta0/bT0/bz14	2.0459527969360352e+00	2.7145924393978721e-10	7.5368691345425358e+09
/SS/5/PX2PY0PZ0/b_X/eta0/bT0/bz15	1.8216600418090820e+00	2.4055425607650985e-10	7.5727616360680437e+09
/SS/5/PX2PY0PZ0/b_X/eta0/bT0/bz16	1.8184871673583984e+00	2.8071738572690396e-10	5.7870992603415365e+09
/SS/5/PX2PY0PZ0/b_X/eta0/bT0/bz17	1.9688243865966797e+00	2.3630035522889895e-10	7.4807908986873274e+09
/SS/5/PX2PY0PZ0/b_X/eta0/bT0/bz18	2.0173816680908203e+00	2.5846685916443851e-10	7.3190808732362089e+09
/SS/5/PX2PY0PZ0/b_X/eta0/bT0/bz19	2.0139703750610352e+00	2.9109201727211481e-10	6.9186726380695000e+09
/SS/5/PX2PY0PZ0/b_X/eta0/bT0/bz2	2.2283203125000000e+01	8.0701638468048380e-10	2.7611834837557144e+10
/SS/5/PX2PY0PZ0/b_X/eta0/bT0/bz20	2.0717191696166992e+00	3.3477889762243964e-10	6.1883206627711754e+09
/SS/5/PX2PY0PZ0/b_X/eta0/bT0/bz3	1.6926120758056641e+01	7.8580272195873002e-10	2.1539911080819077e+10
/SS/5/PX2PY0PZ0/b_X/eta0/bT0/bz4	1.1422458648681641e+01	6.4128521584186054e-10	1.7811822830948269e+10
/SS/5/PX2PY0PZ0/b_X/eta0/bT0/bz5	8.9580001831054688e+00	4.2098120471466458e-10	1.9249658692787834e+10
/SS/5/PX2PY0PZ0/b_X/eta0/bT0/bz6	7.4640693664550781e+00	3.7550287407002579e-10	1.6151548414542286e+10
/SS/5/PX2PY0PZ0/b_X/eta0/bT0/bz7	6.2833328247070312e+00	3.1753333060659453e-10	1.3991345404188911e+10
/SS/5/PX2PY0PZ0/b_X/eta0/bT0/bz8	5.3282985687255859e+00	3.9958624828938704e-10	1.3334539393024214e+10
/SS/5/PX2PY0PZ0/b_X/eta0/bT0/bz9	4.4874114990234375e+00	7.0792253567262367e-10	6.3388453861830797e+09
/SS/5/PX2PY1PZ-1/b_X/eta0/bT0/bz-1	3.2724624633789062e+01	4.6377873693989407e-10	5.4516382068710777e+10
/SS/5/PX2PY1PZ-1/b_X/eta0/bT0/bz-10	3.6802520751953125e+00	3.9522909109985452e-10	5.1891989734142904e+09
/SS/5/PX2PY1PZ-1/b_X/eta0/bT0/bz-11	3.3818912506103516e+00	2.2063977529819916e-10	1.5327659058932854e+10
/SS/5/PX2PY1PZ-1/b_X/eta0/bT0/bz-12	3.2241783142089844e+00	6.1150526460614673e-10	1.3696208732829261e+09
/SS/5/PX2PY1PZ-1/b_X/eta0/bT0/bz-13	3.0497245788574219e+00	3.2174654745201900e-10	8.2802827408788824e+08
/SS/5/PX2PY1PZ-1/b_X/eta0/bT0/bz-14	2.6376609802246094e+00	7.4757419627570307e-10	9.1411629661560631e+08
/SS/5/PX2PY1PZ-1/b_X/eta0/bT0/bz-15	1.9987258911132812e+00	1.4810738815028735e-09	6.9741561778473485e+08
/SS/5/PX2PY1PZ-1/b_X/eta0/bT0/bz-16	2.0134830474853516e+00	1.2207381920366929e-08	1.3090132994046170e+08
/SS/5/PX2PY1PZ-1/b_X/eta0/bT0/bz-17	1.8246879577636719e+00	6.5891141680246931e-10	7.2333528764258349e+08
/SS/5/PX2PY1PZ-1/b_X/eta0/bT0/bz-18	1.5613098144531250e+00	5.1757475785558936e-09	1.2011491715904500e+08
/SS/5/PX2PY1PZ-1/b_X/eta0/bT0/bz-19	1.3925342559814453e+00	2.0561753412287269e-09	4.8070200630665690e+08
/SS/5/PX2PY1PZ-1/b_X/eta0/bT0/bz-2	2.7162948608398438e+01	5.1831113614586087e-10	4.1439351733285858e+10
/SS/5/PX2PY1PZ-1/b_X/eta0/bT0/bz-20	1.4682064056396484e+00	2.3119187732674078e-09	3.9390102781508166e+08
/SS/5/PX2PY1PZ-1/b_X/eta0/bT0/bz-3	2.1420288085937500e+01	5.9120427326779291e-10	2.8503106124297096e+10
/SS/5/PX2PY1PZ-1/b_X/eta0/bT0/bz-4	1.7096313476562500e+01	6.8396986411291268e-10	1.7743769722383038e+10
/SS/5/PX2PY1PZ-1/b_X/eta0/bT0/bz-5	1.3530395507812500e+01	6.8489384200721925e-10	1.0367759766280815e+10
/SS/5/PX2PY1PZ-1/b_X/eta0/bT0/bz-6	1.0554206848144531e+01	3.6917770221838767e-10	1.5224743944592918e+10
/SS/5/PX2PY1PZ-1/b_X/eta0/bT0/bz-7	8.0060424804687500e+00	2.4618128152597565e-10	1.4972988464748316e+10
/SS/5/PX2PY1PZ-1/b_X/eta0/bT0/bz-8	5.8938217163085938e+00	2.1448830436997171e-10	2.3032832952936272e+10
/SS/5/PX2PY1PZ-1/b_X/eta0/bT0/bz-9	4.2156410217285156e+00	4.8771752648648097e-10	5.0016983176209030e+09
/SS/5/PX2PY1PZ-1/b_X/eta0/bT0/bz0	3.5563064575195312e+01	4.3007015635970027e-10	6.2662732903863304e+10
/SS/5/PX2PY1PZ-1/b_X/eta0/bT0/bz1	3.3335784912109375e+01	4.1785696822532901e-10	6.0407802689677460e+10
/SS/5/PX2PY1PZ-1/b_X/eta0/bT0/bz10	2.9207038879394531e+00	1.2710751690379671e-09	2.2978215286433711e+09
/SS/5/PX2PY1PZ-1/b_X/eta0/bT0/bz11	2.7518491744995117e+00	8.2574458681546803e-10	3.3325670170145202e+09
/SS/5/PX2PY1PZ-1/b_X/eta0/bT0/bz12	2.7574267387390137e+00	1.1813795054085785e-09	2.3340736199629273e+09
/SS/5/PX2PY1PZ-1/b_X/eta0/bT0/bz13	2.0321774482727051e+00	1.5344915187350958e-09	1.0604382529206654e+09
/SS/5/PX2PY1PZ-1/b_X/eta0/bT0/bz14	2.8607628345489502e+00	2.2519788790416814e-09	4.6719490399065506e+08
/SS/5/PX2PY1PZ-1/b_X/eta0/bT0/bz15	2.4925603866577148e+00	2.3911104560636919e-09	5.2467121204541457e+08
/SS/5/PX2PY1PZ-1/b_X/eta0/bT0/bz16	2.1035327911376953e+00	3.6818151246998386e-09	4.3088682507545674e+08
/SS/5/PX2PY1PZ-1/b_X/eta0/bT0/bz17	1.8732309341430664e+00	1.7583490672275080e-09	8.0654281336440384e+08
/SS/5/PX2PY1PZ-1/b_X/eta0/bT0/bz18	1.8384895324707031e+00	1.6004218352601584e-09	8.3941799600046766e+08
/SS/5/PX2PY1PZ-1/b_X/eta0/bT0/bz19	1.9320440292358398e+00	2.1732369811272470e-09	6.5198944632817280e+08
/SS/5/PX2PY1PZ-1/b_X/eta0/bT0/bz2	2.8307723999023438e+01	4.2275543182521084e-10	5.1505538608485397e+10
/SS/5/PX2PY1PZ-1/b_X/eta0/bT0/bz20	1.9473419189453125e+00	2.6128623026218916e-09	3.9099981534420782e+08
/SS/5/PX2PY1PZ-1/b_X/eta0/bT0/bz3	2.2754653930664062e+01	4.7782262187962732e-10	2.8958488444084694e+10
/SS/5/PX2PY1PZ-1/b_X/eta0/bT0/bz4	1.7694602966308594e+01	5.8256308308646954e-10	2.0326873762822422e+10
/SS/5/PX2PY1PZ-1/b_X/eta0/bT0/bz5	1.3361160278320312e+01	7.3993687411095989e-10	1.3529209870793827e+10
/SS/5/PX2PY1PZ-1/b_X/eta0/bT0/bz6	1.0446601867675781e+01	9.1670673836861939e-10	9.0467895542090664e+09
/SS/5/PX2PY1PZ-1/b_X/eta0/bT0/bz7	8.9377613067626953e+00	9.4601116617929717e-10	6.8162190150029125e+09
/SS/5/PX2PY1PZ-1/b_X/eta0/bT0/bz8	6.7055034637451172e+00	7.8508925034445093e-10	5.9133148167658176e+09
/SS/5/PX2PY1PZ-1/b_X/eta0/bT0/bz9	3.7966938018798828e+00	8.9998647910054287e-10	2.0252441970886185e+09
/SS/5/PX2PY1PZ-2/b_X/eta0/bT0/bz-1	1.1271072387695312e+01	3.5330789751795921e-10	1.0258013155119606e+10
/SS/5/PX2PY1PZ-2/b_X/eta0/bT0/bz-10	1.9422950744628906e+00	6.8658398655894169e-10	9.0728424117119360e+08
/SS/5/PX2PY1PZ-2/b_X/eta0/bT0/bz-11	1.7611312866210938e+00	3.6371762527905442e-10	3.2985594900105877e+09
/SS/5/PX2PY1PZ-2/b_X/eta0/bT0/bz-12	1.9807915687561035e+00	6.5054619714210393e-10	3.0448130777765865e+09
/SS/5/PX2PY1PZ-2/b_X/eta0/bT0/bz-13	1.5759944915771484e+00	2.2690003813642991e-09	5.8284411799252450e+08
/SS/5/PX2PY1PZ-2/b_X/eta0/bT0/bz-14	1.6299328804016113e+00	8.9290770027366264e-10	1.8254214628253980e+09
/SS/5/PX2PY1PZ-2/b_X/eta0/bT0/bz-15	1.8733019828796387e+00	5.7770900143609127e-10	3.2426394226555457e+09
/SS/5/PX2PY1PZ-2/b_X/eta0/bT0/bz-16	2.1013135910034180e+00	4.8241413885445487e-10	2.4808732617315807e+09
/SS/5/PX2PY1PZ-2/b_X/eta0/bT0/bz-17	2.3293838500976562e+00	4.6823098001613278e-10	1.8174272702919207e+09
/SS/5/PX2PY1PZ-2/b_X/eta0/bT0/bz-18	2.4824409484863281e+00	4.6685123812867430e-10	1.2476661140995138e+09
/SS/5/PX2PY1PZ-2/b_X/eta0/bT0/bz-19	2.4732818603515625e+00	6.0850547663588460e-10	6.9138943740253234e+08
/SS/5/PX2PY1PZ-2/b_X/eta0/bT0/bz-2	1.6821533203125000e+01	1.5800459890838136e-09	1.0646230121997229e+10
/SS/5/PX2PY1PZ-2/b_X/eta0/bT0/bz-20	2.3185586929321289e+00	7.0586772630028404e-10	8.5217378048200858e+08
/SS/5/PX2PY1PZ-2/b_X/eta0/bT0/bz-3	1.2216325759887695e+01	7.2058349236883449e-10	1.6953379988941940e+10
/SS/5/PX2PY1PZ-2/b_X/eta0/bT0/bz-4	8.8197097778320312e+00	3.8901139884866759e-10	2.0721779560256580e+10
/SS/5/PX2PY1PZ-2/b_X/eta0/bT0/bz-5	7.3788719177246094e+00	3.6701718933350639e-10	1.8126800279083546e+10
/SS/5/PX2PY1PZ-2/b_X/eta0/bT0/bz-6	6.5994186401367188e+00	6.3675465936598630e-10	9.0317860906375275e+09
/SS/5/PX2PY1PZ-2/b_X/eta0/bT0/bz-7	5.2395591735839844e+00	5.5654483704488121e-10	9.1397443883920689e+09
/SS/5/PX2PY1PZ-2/b_X/eta0/bT0/bz-8	3.8062820434570312e+00	7.5299158045805345e-10	4.1421350336794443e+09
/SS/5/PX2PY1PZ-2/b_X/eta0/bT0/bz-9	2.6893920898437500e+00	6.8258961342472421e-09	2.0830946215500093e+08
/SS/5/PX2PY1PZ-2/b_X/eta0/bT0/bz0	1.0570144653320312e+01	4.8403518603587897e-10	1.8241155223082458e+10
/SS/5/PX2PY1PZ-2/b_X/eta0/bT0/bz1	1.1227394104003906e+01	5.3383675692275115e-10	2.1031511896488922e+10
/SS/5/PX2PY1PZ-2/b_X/eta0/bT0/bz10	2.3480224609375000e+00	2.4243756677713592e-10	7.6657869329044247e+09
/SS/5/PX2PY1PZ-2/b_X/eta0/bT0/bz11	2.1493282318115234e+00	2.4249087906504799e-10	3.6378930978122134e+09
/SS/5/PX2PY1PZ-2/b_X/eta0/bT0/bz12	1.9575004577636719e+00	3.2483056138566046e-10	2.8418508956861324e+09
/SS/5/PX2PY1PZ-2/b_X/eta0/bT0/bz13	2.3102006912231445e+00	5.8062799327495759e-10	3.6701271880985961e+09
/SS/5/PX2PY1PZ-2/b_X/eta0/bT0/bz14	2.3775854110717773e+00	6.6547753586365570e-10	7.5387239310190034e+08
/SS/5/PX2PY1PZ-2/b_X/eta0/bT0/bz15	1.8534021377563477e+00	4.8628043349583634e-10	3.8113853860669823e+09
/SS/5/PX2PY1PZ-2/b_X/eta0/bT0/bz16	1.4313354492187500e+00	4.6528656037785634e-10	1.4955482014804816e+09
/SS/5/PX2PY1PZ-2/b_X/eta0/bT0/bz17	1.3261222839355469e+00	5.3639544049778973e-10	2.2163391047197967e+09
/SS/5/PX2PY1PZ-2/b_X/eta0/bT0/bz18	1.2424178123474121e+00	7.1126661885832946e-10	1.4326920651309998e+09
/SS/5/PX2PY1PZ-2/b_X/eta0/bT0/bz19	1.5600719451904297e+00	5.1499569107549983e-10	2.8545368481011486e+09
/SS/5/PX2PY1PZ-2/b_X/eta0/bT0/bz2	1.0144401550292969e+01	5.1533306635567181e-10	1.9685136104368511e+10
/SS/5/PX2PY1PZ-2/b_X/eta0/bT0/bz20	1.9515872001647949e+00	6.1347522012998724e-10	3.1811997227064519e+09
/SS/5/PX2PY1PZ-2/b_X/eta0/bT0/bz3	8.1475982666015625e+00	4.5853016430417518e-10	1.6886108755609879e+10
/SS/5/PX2PY1PZ-2/b_X/eta0/bT0/bz4	6.8981246948242188e+00	3.6299733891149486e-10	1.4069032426246769e+10
/SS/5/PX2PY1PZ-2/b_X/eta0/bT0/bz5	5.6104507446289062e+00	2.2246219243654919e-10	1.1829766179102329e+10
/SS/5/PX2PY1PZ-2/b_X/eta0/bT0/bz6	4.5883522033691406e+00	4.2512578901148466e-10	7.0427032293493633e+09
/SS/5/PX2PY1PZ-2/b_X/eta0/bT0/bz7	3.8231468200683594e+00	6.6108650559680676e-10	5.0325631847255507e+09
/SS/5/PX2PY1PZ-2/b_X/eta0/bT0/bz8	3.0341339111328125e+00	3.6233388225651784e-10	6.1105119698127279e+09
/SS/5/PX2PY1PZ-2/b_X/eta0/bT0/bz9	2.6224594116210938e+00	2.4687929016699021e-10	6.8837304729342470e+09
/SS/5/PX2PY1PZ0/b_X/eta0/bT0/bz-1	1.2325183868408203e+01	4.0872933447449648e-10	3.0154879595942627e+10
/SS/5/PX2PY1PZ0/b_X/eta0/bT0/bz-10	2.5386161804199219e+00	2.9836850152496630e-10	5.7794705392928743e+09
/SS/5/PX2PY1PZ0/b_X/eta0/bT0/bz-11	2.5123634338378906e+00	1.5908276379075985e-09	1.0820421537893426e+09
/SS/5/PX2PY1PZ0/b_X/eta0/bT0/bz-12	2.3215045928955078e+00	8.6779294393886619e-10	2.3278766124928904e+09
/SS/5/PX2PY1PZ0/b_X/eta0/bT0/bz-13	2.2044620513916016e+00	5.4435864955028925e-10	4.0496500849444990e+09
/SS/5/PX2PY1PZ0/b_X/eta0/bT0/bz-14	2.4073805809020996e+00	5.9660452715745401e-10	1.3205603568686178e+09
/SS/5/PX2PY1PZ0/b_X/eta0/bT0/bz-15	2.5818529129028320e+00	9.6535567626165116e-10	1.7594866610612462e+09
/SS/5/PX2PY1PZ0/b_X/eta0/bT0/bz-16	2.8322248458862305e+00	7.8173600967052646e-10	3.0245692441896906e+09
/SS/5/PX2PY1PZ0/b_X/eta0/bT0/bz-17	2.7196760177612305e+00	7.1236558101551284e-10	2.9210377956956763e+09
/SS/5/PX2PY1PZ0/b_X/eta0/bT0/bz-18	2.4559044837951660e+00	1.0514970621519175e-09	2.3356265768057308e+09
/SS/5/PX2PY1PZ0/b_X/eta0/bT0/bz-19	2.3159573078155518e+00	1.2159465758777733e-09	1.9046538341075532e+09
/SS/5/PX2PY1PZ0/b_X/eta0/bT0/bz-2	8.9432487487792969e+00	3.6158788137310426e-10	2.4733264607259365e+10
/SS/5/PX2PY1PZ0/b_X/eta0/bT0/bz-20	1.7225508689880371e+00	1.0302898329465491e-09	1.6719090239507413e+09
/SS/5/PX2PY1PZ0/b_X/eta0/bT0/bz-3	5.8818130493164062e+00	3.0494035805221386e-10	1.9288404745393799e+10
/SS/5/PX2PY1PZ0/b_X/eta0/bT0/bz-4	3.9778442382812500e+00	2.4645659218210598e-10	1.5057768349126768e+10
/SS/5/PX2PY1PZ0/b_X/eta0/bT0/bz-5	4.0981025695800781e+00	3.4541831387846946e-10	1.1864172815752720e+10
/SS/5/PX2PY1PZ0/b_X/eta0/bT0/bz-6	4.4157943725585938e+00	4.3897694015091511e-10	1.0059285508346966e+10
/SS/5/PX2PY1PZ0/b_X/eta0/bT0/bz-7	4.4365787506103516e+00	6.0432711848853062e-10	3.7446891068561840e+09
/SS/5/PX2PY1PZ0/b_X/eta0/bT0/bz-8	3.8465785980224609e+00	7.2276035436219032e-10	1.7160382904456861e+09
/SS/5/PX2PY1PZ0/b_X/eta0/bT0/bz-9	2.6227588653564453e+00	5.0604079492111547e-10	2.5238435515613227e+09
/SS/5/PX2PY1PZ0/b_X/eta0/bT0/bz0	1.4649959564208984e+01	4.4063116004378433e-10	3.3247670370731968e+10
/SS/5/PX2PY1PZ0/b_X/eta0/bT0/bz1	1.4317157745361328e+01	4.4639723679558429e-10	3.2072684517797516e+10
/SS/5/PX2PY1PZ0/b_X/eta0/bT0/bz10	3.7562217712402344e+00	2.8966451569465347e-10	7.7519910139229097e+09
/SS/5/PX2PY1PZ0/b_X/eta0/bT0/bz11	3.2268104553222656e+00	6.1060566078850943e-10	3.9645940127371202e+09
/SS/5/PX2PY1PZ0/b_X/eta0/bT0/bz12	2.6744155883789062e+00	7.0785844397575847e-10	2.6407834196142936e+09
/SS/5/PX2PY1PZ0/b_X/eta0/bT0/bz13	2.7791318893432617e+00	5.8199906327967415e-10	4.7751483888691006e+09
/SS/5/PX2PY1PZ0/b_X/eta0/bT0/bz14	2.8271598815917969e+00	5.9868307718578526e-10	4.7222979725456038e+09
/SS/5/PX2PY1PZ0/b_X/eta0/bT0/bz15	2.7206687927246094e+00	5.5299249177911009e-10	4.9199018669703131e+09
/SS/5/PX2PY1PZ0/b_X/eta0/bT0/bz16	2.5253419876098633e+00	1.4367846545616812e-09	1.6130357351026289e+09
/SS/5/PX2PY1PZ0/b_X/eta0/bT0/bz17	2.3474521636962891e+00	7.0692122692811226e-10	1.8007994645456529e+09
/SS/5/PX2PY1PZ0/b_X/eta0/bT0/bz18	2.6980781555175781e+00	6.9791238299324205e-10	3.8659267570893693e+09
/SS/5/PX2PY1PZ0/b_X/eta0/bT0/bz19	2.7474164962768555e+00	1.2204885420683212e-09	2.2510793027363458e+09
/SS/5/PX2PY1PZ0/b_X/eta0/bT0/bz2	1.2330810546875000e+01	4.3399796905523298e-10	2.8412138825713520e+10
/SS/5/PX2PY1PZ0/b_X/eta0/bT0/bz20	2.2450327873229980e+00	8.2793508016200595e-10	2.7116048602309518e+09
/SS/5/PX2PY1PZ0/b_X/eta0/bT0/bz3	1.0083438873291016e+01	4.1986990163688573e-10	2.4015626826262562e+10
/SS/5/PX2PY1PZ0/b_X/eta0/bT0/bz4	8.1946716308593750e+00	4.1164321299293040e-10	1.9907219097039043e+10
/SS/5/PX2PY1PZ0/b_X/eta0/bT0/bz5	6.6237506866455078e+00	4.0899648141460672e-10	1.6195128778946386e+10
/SS/5/PX2PY1PZ0/b_X/eta0/bT0/bz6	5.1194381713867188e+00	4.0122956539769597e-10	1.2759374215886526e+10
/SS/5/PX2PY1PZ0/b_X/eta0/bT0/bz7	3.4805812835693359e+00	3.5037290921505144e-10	9.9339337946160355e+09
/SS/5/PX2PY1PZ0/b_X/eta0/bT0/bz8	3.0775299072265625e+00	2.1337453388006202e-10	8.0859065358556089e+09
/SS/5/PX2PY1PZ0/b_X/eta0/bT0/bz9	3.6797370910644531e+00	1.8996624777739140e-10	1.0881861276815954e+10
/SS/5/PX2PY2PZ-1/b_X/eta0/bT0/bz-1	1.8060745239257812e+01	1.7399474819836035e-10	1.0380051941951665e+11
/SS/5/PX2PY2PZ-1/b_X/eta0/bT0/bz-10	3.8173255920410156e+00	7.4796449412218832e-10	5.1036187172507858e+09
/SS/5/PX2PY2PZ-1/b_X/eta0/bT0/bz-11	3.5810356140136719e+00	1.2069396454987814e-09	1.6686000598735616e+09
/SS/5/PX2PY2PZ-1/b_X/eta0/bT0/bz-12	3.0889701843261719e+00	8.9783936168097071e-10	2.3575016024629898e+09
/SS/5/PX2PY2PZ-1/b_X/eta0/bT0/bz-13	2.7924995422363281e+00	3.8800714401589515e-10	2.4956804077630820e+09
/SS/5/PX2PY2PZ-1/b_X/eta0/bT0/bz-14	2.4821739196777344e+00	2.1763200567620272e-10	1.1050530829599363e+10
/SS/5/PX2PY2PZ-1/b_X/eta0/bT0/bz-15	2.2091732025146484e+00	2.2095247174216982e-10	9.9984090926692142e+09
/SS/5/PX2PY2PZ-1/b_X/eta0/bT0/bz-16	1.9814500808715820e+00	2.3648448442993004e-10	8.3787741324682236e+09
/SS/5/PX2PY2PZ-1/b_X/eta0/bT0/bz-17	1.6736469268798828e+00	4.2782597427352151e-10	2.3988524122093344e+09
/SS/5/PX2PY2PZ-1/b_X/eta0/bT0/bz-18	1.8227119445800781e+00	6.1306850352259721e-10	2.9730966998093295e+09
/SS/5/PX2PY2PZ-1/b_X/eta0/bT0/bz-19	2.1794753074645996e+00	2.3039050398671225e-09	5.7357626766864121e+08
/SS/5/PX2PY2PZ-1/b_X/eta0/bT0/bz-2	1.5973022460937500e+01	1.7482407593861808e-10	9.0492843584905823e+10
/SS/5/PX2PY2PZ-1/b_X/eta0/bT0/bz-20	2.1013898849487305e+00	3.9445648604815411e-10	5.3273046819470949e+09
/SS/5/PX2PY2PZ-1/b_X/eta0/bT0/bz-3	1.4410034179687500e+01	1.9071238925973612e-10	7.5558983009027817e+10
/SS/5/PX2PY2PZ-1/b_X/eta0/bT0/bz-4	1.2609275817871094e+01	2.1462991075633582e-10	5.8748921683083122e+10
/SS/5/PX2PY2PZ-1/b_X/eta0/bT0/bz-5	1.0806510925292969e+01	2.4165182947626726e-10	4.4719342488380707e+10
/SS/5/PX2PY2PZ-1/b_X/eta0/bT0/bz-6	9.0672645568847656e+00	2.7585735131280108e-10	3.0132539599535152e+10
/SS/5/PX2PY2PZ-1/b_X/eta0/bT0/bz-7	7.3780441284179688e+00	3.6625168185486778e-10	1.8376913731663136e+10
/SS/5/PX2PY2PZ-1/b_X/eta0/bT0/bz-8	6.1947441101074219e+00	7.1109474938031044e-10	8.7115593463541737e+09
/SS/5/PX2PY2PZ-1/b_X/eta0/bT0/bz-9	4.7835216522216797e+00	9.7875940952670824e-10	2.5858268754070220e+09
/SS/5/PX2PY2PZ-1/b_X/eta0/bT0/bz0	1.8733215332031250e+01	1.7398664212357365e-10	1.0767042287491257e+11
/SS/5/PX2PY2PZ-1/b_X/eta0/bT0/bz1	1.6732391357421875e+01	1.7292320258961401e-10	9.6761979346008499e+10
/SS/5/PX2PY2PZ-1/b_X/eta0/bT0/bz10	3.7502002716064453e+00	8.0385874805846883e-10	3.7943611046666136e+09
/SS/5/PX2PY2PZ-1/b_X/eta0/bT0/bz11	3.0891795158386230e+00	9.9210850908743179e-10	3.1137516587577038e+09
/SS/5/PX2PY2PZ-1/b_X/eta0/bT0/bz12	2.8435578346252441e+00	8.4977067334124847e-10	3.3462649675171084e+09
/SS/5/PX2PY2PZ-1/b_X/eta0/bT0/bz13	2.5266399383544922e+00	6.6893054494352087e-10	3.7771334519756780e+09
/SS/5/PX2PY2PZ-1/b_X/eta0/bT0/bz14	1.8159351348876953e+00	4.0813883049216146e-10	4.4493074395737295e+09
/SS/5/PX2PY2PZ-1/b_X/eta0/bT0/bz15	1.7118816375732422e+00	4.0800086415806803e-10	1.3893112039938209e+09
/SS/5/PX2PY2PZ-1/b_X/eta0/bT0/bz16	1.7064189910888672e+00	1.0649491763522104e-09	1.2577267564849412e+09
/SS/5/PX2PY2PZ-1/b_X/eta0/bT0/bz17	1.7569503784179688e+00	1.1206907255500917e-09	1.3374601574612994e+09
/SS/5/PX2PY2PZ-1/b_X/eta0/bT0/bz18	1.8666200637817383e+00	8.0101078032852457e-10	7.0435564820762968e+08
/SS/5/PX2PY2PZ-1/b_X/eta0/bT0/bz19	1.7341752052307129e+00	1.5441109913004165e-09	8.4709243329636335e+08
/SS/5/PX2PY2PZ-1/b_X/eta0/bT0/bz2	1.3544128417968750e+01	1.7261676422549816e-10	7.8463574953098755e+10
/SS/5/PX2PY2PZ-1/b_X/eta0/bT0/bz20	1.0218334197998047e+00	9.1276171058115986e-10	9.1473002148562980e+08
/SS/5/PX2PY2PZ-1/b_X/eta0/bT0/bz3	1.0827522277832031e+01	1.7501715796863115e-10	5.9633304657680885e+10
/SS/5/PX2PY2PZ-1/b_X/eta0/bT0/bz4	8.8268203735351562e+00	1.8344349389525495e-10	4.3547732924068726e+10
/SS/5/PX2PY2PZ-1/b_X/eta0/bT0/bz5	7.8519592285156250e+00	2.1806728731608217e-10	3.4456064602939888e+10
/SS/5/PX2PY2PZ-1/b_X/eta0/bT0/bz6	7.6242370605468750e+00	2.7848737243906819e-10	2.3692042713153858e+10
/SS/5/PX2PY2PZ-1/b_X/eta0/bT0/bz7	7.0270004272460938e+00	3.0262010099987919e-10	1.7370682464635303e+10
/SS/5/PX2PY2PZ-1/b_X/eta0/bT0/bz8	6.1128005981445312e+00	2.6587756338722443e-10	1.0318593847372025e+10
/SS/5/PX2PY2PZ-1/b_X/eta0/bT0/bz9	4.9981079101562500e+00	4.1186693972148856e-10	6.2264024202497501e+09
/SS/5/PX2PY2PZ-2/b_X/eta0/bT0/bz-1	1.6927383422851562e+01	2.4381649810034184e-10	5.3404557410431862e+10
/SS/5/PX2PY2PZ-2/b_X/eta0/bT0/bz-10	4.8713741302490234e+00	1.0237264312814086e-09	1.7188231530337570e+09
/SS/5/PX2PY2PZ-2/b_X/eta0/bT0/bz-11	4.0910644531250000e+00	6.3712405778295016e-10	3.3164729202049408e+09
/SS/5/PX2PY2PZ-2/b_X/eta0/bT0/bz-12	3.2629480361938477e+00	4.1500037917330474e-10	7.8625182046670761e+09
/SS/5/PX2PY2PZ-2/b_X/eta0/bT0/bz-13	2.3849439620971680e+00	3.2663380893798509e-10	7.3015832924691973e+09
/SS/5/PX2PY2PZ-2/b_X/eta0/bT0/bz-14	1.5718450546264648e+00	2.2269607186879031e-10	6.8863865914513903e+09
/SS/5/PX2PY2PZ-2/b_X/eta0/bT0/bz-15	1.4053554534912109e+00	2.6063649780029458e-10	1.1769486766536784e+09
/SS/5/PX2PY2PZ-2/b_X/eta0/bT0/bz-16	1.3001298904418945e+00	2.9904340679600335e-10	3.4081764468157372e+09
/SS/5/PX2PY2PZ-2/b_X/eta0/bT0/bz-17	1.5858440399169922e+00	4.6716211504870830e-10	2.5619776183675838e+09
/SS/5/PX2PY2PZ-2/b_X/eta0/bT0/bz-18	1.8199110031127930e+00	4.5214051802616786e-10	2.1224760719039629e+09
/SS/5/PX2PY2PZ-2/b_X/eta0/bT0/bz-19	1.6770639419555664e+00	4.6649679090109030e-10	1.7565616039383757e+09
/SS/5/PX2PY2PZ-2/b_X/eta0/bT0/bz-2	1.4246124267578125e+01	3.2574500685960078e-10	1.3233642365028255e+10
/SS/5/PX2PY2PZ-2/b_X/eta0/bT0/bz-20	1.5665960311889648e+00	8.8290771153142992e-10	4.6272337603843606e+08
/SS/5/PX2PY2PZ-2/b_X/eta0/bT0/bz-3	1.1105621337890625e+01	1.3269908978387843e-09	6.7140497877137871e+09
/SS/5/PX2PY2PZ-2/b_X/eta0/bT0/bz-4	8.3134613037109375e+00	6.6532302628225058e-10	9.1624819333154526e+09
/SS/5/PX2PY2PZ-2/b_X/eta0/bT0/bz-5	6.1199722290039062e+00	7.6095927529302305e-10	6.2440135792919188e+09
/SS/5/PX2PY2PZ-2/b_X/eta0/bT0/bz-6	5.4285297393798828e+00	4.5447103980367459e-10	5.7815861659690619e+09
/SS/5/PX2PY2PZ-2/b_X/eta0/bT0/bz-7	5.4139213562011719e+00	3.5885070938593892e-10	1.5086834760520357e+10
/SS/5/PX2PY2PZ-2/b_X/eta0/bT0/bz-8	5.6465606689453125e+00	4.5042174672746155e-10	9.5160287080376949e+09
/SS/5/PX2PY2PZ-2/b_X/eta0/bT0/bz-9	5.4466781616210938e+00	7.7788229425640836e-10	5.0113323914930592e+09
/SS/5/PX2PY2PZ-2/b_X/eta0/bT0/bz0	1.9160156250000000e+01	2.6281434436157659e-10	5.7971902219245872e+10
/SS/5/PX2PY2PZ-2/b_X/eta0/bT0/bz1	1.9517227172851562e+01	4.4967693524618527e-10	3.6129854573931313e+09
/SS/5/PX2PY2PZ-2/b_X/eta0/bT0/bz10	2.7939796447753906e+00	3.7465544845613736e-10	7.2435201018396015e+09
/SS/5/PX2PY2PZ-2/b_X/eta0/bT0/bz11	2.7565193176269531e+00	3.8762061108622058e-10	4.2479847516318898e+09
/SS/5/PX2PY2PZ-2/b_X/eta0/bT0/bz12	2.7991886138916016e+00	2.6740813331155705e-10	3.3762752993376403e+09
/SS/5/PX2PY2PZ-2/b_X/eta0/bT0/bz13	2.8090305328369141e+00	8.5842532425400382e-10	1.9308655004416528e+09
/SS/5/PX2PY2PZ-2/b_X/eta0/bT0/bz14	2.9590940475463867e+00	7.6203459692680133e-10	2.5034478720116858e+09
/SS/5/PX2PY2PZ-2/b_X/eta0/bT0/bz15	3.0366878509521484e+00	5.5486057591895120e-10	3.3799680767089019e+09
/SS/5/PX2PY2PZ-2/b_X/eta0/bT0/bz16	2.6964654922485352e+00	5.4255738868607477e-10	3.3701746277475548e+09
/SS/5/PX2PY2PZ-2/b_X/eta0/bT0/bz17	2.1508998870849609e+00	7.8086598295282313e-10	2.5417541391987438e+09
/SS/5/PX2PY2PZ-2/b_X/eta0/bT0/bz18	2.0788850784301758e+00	1.1211403899328985e-09	1.7669008591749256e+09
/SS/5/PX2PY2PZ-2/b_X/eta0/bT0/bz19	1.9289598464965820e+00	1.4766416438608033e-09	1.2668675755069196e+09
/SS/5/PX2PY2PZ-2/b_X/eta0/bT0/bz2	1.7757843017578125e+01	1.0230851140991681e-09	3.3928126265388994e+09
/SS/5/PX2PY2PZ-2/b_X/eta0/bT0/bz20	1.8004944324493408e+00	7.5386008059420923e-09	1.4159210097595438e+08
/SS/5/PX2PY2PZ-2/b_X/eta0/bT0/bz3	1.5327011108398438e+01	4.0479596965740389e-10	5.6969532288367825e+09
/SS/5/PX2PY2PZ-2/b_X/eta0/bT0/bz4	1.2830535888671875e+01	2.9523591249753293e-10	6.9441527343327532e+09
/SS/5/PX2PY2PZ-2/b_X/eta0/bT0/bz5	1.0497604370117188e+01	3.5386346715951214e-10	6.6515881463346777e+09
/SS/5/PX2PY2PZ-2/b_X/eta0/bT0/bz6	8.3789825439453125e+00	4.8347541617163208e-10	5.6053021450659781e+09
/SS/5/PX2PY2PZ-2/b_X/eta0/bT0/bz7	6.4830284118652344e+00	5.3011532028333269e-10	4.7897803284863787e+09
/SS/5/PX2PY2PZ-2/b_X/eta0/bT0/bz8	4.8862648010253906e+00	4.7946239672700385e-10	7.5096335307071381e+09
/SS/5/PX2PY2PZ-2/b_X/eta0/bT0/bz9	3.6581420898437500e+00	4.5375714239023353e-10	7.0176735497339096e+09
/SS/5/PX2PY2PZ0/b_X/eta0/bT0/bz-1	2.5655151367187500e+01	3.1068644788048585e-10	7.1699791595101257e+10
/SS/5/PX2PY2PZ0/b_X/eta0/bT0/bz-10	3.3780956268310547e+00	4.0951906857922589e-10	8.2489336541786098e+09
/SS/5/PX2PY2PZ0/b_X/eta0/bT0/bz-11	2.9454545974731445e+00	3.5516017518648011e-10	8.2933132802026758e+09
/SS/5/PX2PY2PZ0/b_X/eta0/bT0/bz-12	2.5152740478515625e+00	2.8178417817628956e-10	8.9262429996263275e+09
/SS/5/PX2PY2PZ0/b_X/eta0/bT0/bz-13	2.1747455596923828e+00	2.1849557455208796e-10	9.9532705142910671e+09
/SS/5/PX2PY2PZ0/b_X/eta0/bT0/bz-14	1.9271678924560547e+00	1.7547734021140486e-10	1.0982431635528070e+10
/SS/5/PX2PY2PZ0/b_X/eta0/bT0/bz-15	1.7445812225341797e+00	2.0853408309485113e-10	4.1454843284000654e+09
/SS/5/PX2PY2PZ0/b_X/eta0/bT0/bz-16	1.6136112213134766e+00	2.6111099158999422e-10	5.3664073753358603e+09
/SS/5/PX2PY2PZ0/b_X/eta0/bT0/bz-17	1.7320861816406250e+00	6.6897467574508289e-10	1.7928013092715394e+09
/SS/5/PX2PY2PZ0/b_X/eta0/bT0/bz-18	1.7361946105957031e+00	1.7000022381934915e-09	9.0448183298511159e+08
/SS/5/PX2PY2PZ0/b_X/eta0/bT0/bz-19	1.7521686553955078e+00	2.2890806632607640e-10	1.2929601571043384e+09
/SS/5/PX2PY2PZ0/b_X/eta0/bT0/bz-2	2.1504516601562500e+01	3.0003190253544737e-10	6.3605372931938293e+10
/SS/5/PX2PY2PZ0/b_X/eta0/bT0/bz-20	1.7137584686279297e+00	4.8448619898650262e-10	2.4164640146048822e+09
/SS/5/PX2PY2PZ0/b_X/eta0/bT0/bz-3	1.6778869628906250e+01	2.8479578666230240e-10	5.3540175352040108e+10
/SS/5/PX2PY2PZ0/b_X/eta0/bT0/bz-4	1.2478134155273438e+01	2.7750607560393340e-10	3.7907665700837746e+10
/SS/5/PX2PY2PZ0/b_X/eta0/bT0/bz-5	8.8854217529296875e+00	2.9378232037703579e-10	2.8822291603332397e+10
/SS/5/PX2PY2PZ0/b_X/eta0/bT0/bz-6	6.5826187133789062e+00	3.0977287255035574e-10	2.1249823004785080e+10
/SS/5/PX2PY2PZ0/b_X/eta0/bT0/bz-7	4.7560386657714844e+00	3.4932157737460033e-10	1.0317621846667196e+10
/SS/5/PX2PY2PZ0/b_X/eta0/bT0/bz-8	3.7468910217285156e+00	3.9288752803249868e-10	9.5368031672885838e+09
/SS/5/PX2PY2PZ0/b_X/eta0/bT0/bz-9	3.6706848144531250e+00	4.1871709937565522e-10	8.7665032546472206e+09
/SS/5/PX2PY2PZ0/b_X/eta0/bT0/bz0	2.7347930908203125e+01	3.1349162276437681e-10	7.4254464156180618e+10
/SS/5/PX2PY2PZ0/b_X/eta0/bT0/bz1	2.4896835327148438e+01	3.0481240814171553e-10	6.7855270338330353e+10
/SS/5/PX2PY2PZ0/b_X/eta0/bT0/bz10	2.4331016540527344e+00	1.6421115621228105e-09	1.4093301964913158e+09
/SS/5/PX2PY2PZ0/b_X/eta0/bT0/bz11	3.1406574249267578e+00	6.3659329330325370e-10	2.2327667010567603e+09
/SS/5/PX2PY2PZ0/b_X/eta0/bT0/bz12	3.6260299682617188e+00	9.3734615151783929e-10	4.5452430693681860e+08
/SS/5/PX2PY2PZ0/b_X/eta0/bT0/bz13	3.7466430664062500e+00	6.2476364288190150e-10	5.9968967610275536e+09
/SS/5/PX2PY2PZ0/b_X/eta0/bT0/bz14	3.2046184539794922e+00	6.9209173963239125e-10	4.6303376712480993e+09
/SS/5/PX2PY2PZ0/b_X/eta0/bT0/bz15	2.1804037094116211e+00	4.9654836446229141e-10	4.2478201767918568e+09
/SS/5/PX2PY2PZ0/b_X/eta0/bT0/bz16	2.3727111816406250e+00	2.7505508362686070e-10	4.9909270102919359e+09
/SS/5/PX2PY2PZ0/b_X/eta0/bT0/bz17	2.4670906066894531e+00	2.7192495253792366e-10	4.7982636255516510e+09
/SS/5/PX2PY2PZ0/b_X/eta0/bT0/bz18	2.4184608459472656e+00	2.5846876090297693e-10	4.3289465006926861e+09
/SS/5/PX2PY2PZ0/b_X/eta0/bT0/bz19	2.2049713134765625e+00	2.5565043539805711e-10	3.6079491522528043e+09
/SS/5/PX2PY2PZ0/b_X/eta0/bT0/bz2	2.0191497802734375e+01	2.9420878914392193e-10	4.4010955865242851e+10
/SS/5/PX2PY2PZ0/b_X/eta0/bT0/bz20	1.8715095520019531e+00	2.8433282366689986e-10	2.8006379128444543e+09
/SS/5/PX2PY2PZ0/b_X/eta0/bT0/bz3	1.5189140319824219e+01	3.1199783546224950e-10	3.3275456076141769e+10
/SS/5/PX2PY2PZ0/b_X/eta0/bT0/bz4	1.0879737854003906e+01	3.4352353536084079e-10	2.3401614305979816e+10
/SS/5/PX2PY2PZ0/b_X/eta0/bT0/bz5	7.4262657165527344e+00	4.1110494337347771e-10	1.5007976211183805e+10
/SS/5/PX2PY2PZ0/b_X/eta0/bT0/bz6	5.3821907043457031e+00	5.5511270009336366e-10	8.4838857222672129e+09
/SS/5/PX2PY2PZ0/b_X/eta0/bT0/bz7	3.6216831207275391e+00	8.2188712576497741e-10	3.9205232353477535e+09
/SS/5/PX2PY2PZ0/b_X/eta0/bT0/bz8	2.0130748748779297e+00	5.6764684632283324e-10	2.1941603340845103e+09
/SS/5/PX2PY2PZ0/b_X/eta0/bT0/bz9	1.4754772186279297e+00	2.6229184723547869e-10	3.9966795103145952e+09
