 
>>> SLURM_NODELIST content:
frontier[02051,02053]
2n*2t
 
>>> AMD GPU info:


========================================== ROCm System Management Interface ==========================================
==================================================== Concise Info ====================================================
Device  Node  IDs              Temp    Power  Partitions          SCLK    MCLK     Fan  Perf    PwrCap  VRAM%  GPU%  
[3m              (DID,     GUID)  (Edge)  (Avg)  (Mem, Compute, ID)                                                     [0m
======================================================================================================================
0       4     0x7408,   63582  38.0°C  89.0W  N/A, N/A, 0         800Mhz  1600Mhz  0%   manual  560.0W  0%     0%    
1       5     0x7408,   51740  43.0°C  N/A    N/A, N/A, 0         800Mhz  1600Mhz  0%   manual  0.0W    0%     0%    
2       6     0x7408,   15961  37.0°C  84.0W  N/A, N/A, 0         800Mhz  1600Mhz  0%   manual  560.0W  0%     0%    
3       7     0x7408,   3099   41.0°C  N/A    N/A, N/A, 0         800Mhz  1600Mhz  0%   manual  0.0W    0%     0%    
4       8     0x7408,   13395  40.0°C  86.0W  N/A, N/A, 0         800Mhz  1600Mhz  0%   manual  560.0W  0%     0%    
5       9     0x7408,   1553   33.0°C  N/A    N/A, N/A, 0         800Mhz  1600Mhz  0%   manual  0.0W    0%     0%    
6       10    0x7408,   62036  38.0°C  87.0W  N/A, N/A, 0         800Mhz  1600Mhz  0%   manual  560.0W  0%     0%    
7       11    0x7408,   49174  34.0°C  N/A    N/A, N/A, 0         800Mhz  1600Mhz  0%   manual  0.0W    0%     0%    
======================================================================================================================
================================================ End of ROCm SMI Log =================================================
/lustre/orion/nph158/proj-shared/jinchen/software/pyq/bin/python

>>> Output LD_LIBRARY_PATH:
/lib64:/usr/lib64:/opt/cray/pe/mpich/8.1.31/gtl/lib:/opt/rocm-6.2.4/lib:/opt/cray/libfabric/1.22.0/lib64:/lustre/orion/nph158/world-shared/software/build/quda/build/lib:/lustre/orion/nph158/proj-shared/xgao/software/build/quda/build/lib:/opt/cray/pe/python/3.11.7/lib:/opt/rocm-6.2.4/lib/roctracer:/opt/rocm-6.2.4/lib/rocprofiler:/opt/rocm-6.2.4/lib:/opt/rocm-6.2.4/llvm/lib:/opt/cray/libfabric/1.22.0/lib64:/ccs/home/jinchen/gcc-9.4.0/lib64
SLURM_NTASKS=16
PyQUDA INFO: Using shared grid mapping
PyQUDA INFO: Using grid size [2, 2, 2, 2]
PyQUDA INFO: Mapping ranks to [0, 2, 4, 6, 8, 10, 12, 14, 1, 3, 5, 7, 9, 11, 13, 15]
PyQUDA INFO: Using cupy with hip as Array API
MPS enabled, rank=  1 -> gpu=0
MPS enabled, rank=  2 -> gpu=0
MPS enabled, rank=  3 -> gpu=0
MPS enabled, rank=  4 -> gpu=0
MPS enabled, rank=  5 -> gpu=0
MPS enabled, rank=  6 -> gpu=0
MPS enabled, rank=  7 -> gpu=0
PyQUDA INFO: Using device 0
PyQUDA INFO: Using QUDA_RESOURCE_PATH=.cache
PyQUDA INFO: Using QUDA_ENABLE_MPS=1
PyQUDA INFO: Using QUDA_ENABLE_P2P=0
PyQUDA INFO: Using QUDA_ENABLE_TUNING=1
PyQUDA INFO: Using QUDA_ENABLE_DEVICE_MEMORY_POOL=0
MPS enabled, rank= 13 -> gpu=0
MPS enabled, rank= 14 -> gpu=0
MPS enabled, rank= 15 -> gpu=0
MPS enabled, rank=  9 -> gpu=0
MPS enabled, rank= 10 -> gpu=0
MPS enabled, rank= 12 -> gpu=0
MPS enabled, rank= 11 -> gpu=0
Disabling GPU-Direct RDMA access
Disabling peer-to-peer access
MPS enabled, rank=  1 -> gpu=0
MPS enabled, rank=  2 -> gpu=0
MPS enabled, rank=  9 -> gpu=0
MPS enabled, rank=  3 -> gpu=0
MPS enabled, rank= 10 -> gpu=0
MPS enabled, rank=  4 -> gpu=0
MPS enabled, rank= 11 -> gpu=0
MPS enabled, rank=  5 -> gpu=0
MPS enabled, rank= 12 -> gpu=0
MPS enabled, rank=  6 -> gpu=0
MPS enabled, rank= 13 -> gpu=0
MPS enabled, rank=  7 -> gpu=0
MPS enabled, rank= 14 -> gpu=0
MPS enabled, rank= 15 -> gpu=0
QUDA 1.1.0 (git 1.1.0-a76d22e9b-gfx90a)
*** HIP BACKEND ***
HIP Driver version = 60241134
HIP Runtime version = 60241134
Found device 0: AMD Instinct MI250X
Using device 0: AMD Instinct MI250X
WARNING: Data reordering done on GPU (set with QUDA_REORDER_LOCATION=GPU/CPU)
Loaded 1343 sets of cached parameters from .cache/tunecache.tsv
WARNING: Not using device memory pool allocator
WARNING: Using pinned memory pool allocator
hipblasCreated successfully
START: 300_x19y23z25t35_1HYP_GSRC_W90_k3_T5_PX0PY0PZ9dt10
TIME Pyquda: Generatring boosted src 14.625892162322998s
GCR: Convergence at 76 iterations, L2 relative residual: iterated = 8.673000e-13, true = 8.673000e-13 (requested = 1.000000e-12)
PyQUDA INFO: Time = 1.068 secs, Performance = 4048.184 GFLOPS
GCR: Convergence at 78 iterations, L2 relative residual: iterated = 9.459867e-13, true = 9.459867e-13 (requested = 1.000000e-12)
PyQUDA INFO: Time = 1.035 secs, Performance = 4285.642 GFLOPS
GCR: Convergence at 75 iterations, L2 relative residual: iterated = 9.987288e-13, true = 9.987288e-13 (requested = 1.000000e-12)
PyQUDA INFO: Time = 0.997 secs, Performance = 4280.579 GFLOPS
GCR: Convergence at 74 iterations, L2 relative residual: iterated = 7.996419e-13, true = 7.996419e-13 (requested = 1.000000e-12)
PyQUDA INFO: Time = 0.983 secs, Performance = 4281.723 GFLOPS
GCR: Convergence at 77 iterations, L2 relative residual: iterated = 7.711974e-13, true = 7.711974e-13 (requested = 1.000000e-12)
PyQUDA INFO: Time = 1.022 secs, Performance = 4284.600 GFLOPS
GCR: Convergence at 79 iterations, L2 relative residual: iterated = 8.574211e-13, true = 8.574211e-13 (requested = 1.000000e-12)
PyQUDA INFO: Time = 1.049 secs, Performance = 4285.774 GFLOPS
GCR: Convergence at 78 iterations, L2 relative residual: iterated = 8.143701e-13, true = 8.143701e-13 (requested = 1.000000e-12)
PyQUDA INFO: Time = 1.034 secs, Performance = 4289.300 GFLOPS
GCR: Convergence at 80 iterations, L2 relative residual: iterated = 8.271791e-13, true = 8.271791e-13 (requested = 1.000000e-12)
PyQUDA INFO: Time = 1.061 secs, Performance = 4287.954 GFLOPS
GCR: Convergence at 77 iterations, L2 relative residual: iterated = 9.595798e-13, true = 9.595798e-13 (requested = 1.000000e-12)
PyQUDA INFO: Time = 1.023 secs, Performance = 4280.660 GFLOPS
GCR: Convergence at 79 iterations, L2 relative residual: iterated = 9.731122e-13, true = 9.731122e-13 (requested = 1.000000e-12)
PyQUDA INFO: Time = 1.048 secs, Performance = 4286.074 GFLOPS
GCR: Convergence at 78 iterations, L2 relative residual: iterated = 9.141990e-13, true = 9.141990e-13 (requested = 1.000000e-12)
PyQUDA INFO: Time = 1.035 secs, Performance = 4286.582 GFLOPS
GCR: Convergence at 79 iterations, L2 relative residual: iterated = 7.595964e-13, true = 7.595964e-13 (requested = 1.000000e-12)
PyQUDA INFO: Time = 1.047 secs, Performance = 4290.198 GFLOPS
TIME Pyquda: Forward propagator inversion 54.609113931655884s
Begin sink smearing
Sink smearing completed
MEM: released temporary memory (after 2pt contraction)
TIME Pyquda: Contraction 2pt (includes sink smearing) 4.656057596206665s
starting diquark contractions for down quark insertion and Polarization PpUnpol
DEBUG: mom_phase shape: (2, 24, 16, 16, 8)
DEBUG: mom_phase shape: (2, 24, 16, 16, 8)
DEBUG: mom_phase shape: (2, 24, 16, 16, 8)
DEBUG: mom_phase shape: (2, 24, 16, 16, 8)
DEBUG: mom_phase shape: (2, 24, 16, 16, 8)
DEBUG: mom_phase shape: (2, 24, 16, 16, 8)
DEBUG: mom_phase shape: (2, 24, 16, 16, 8)
DEBUG: mom_phase shape: (2, 24, 16, 16, 8)
DEBUG: mom_phase shape: (2, 24, 16, 16, 8)
DEBUG: mom_phase shape: (2, 24, 16, 16, 8)
DEBUG: mom_phase shape: (2, 24, 16, 16, 8)
DEBUG: mom_phase shape: (2, 24, 16, 16, 8)
DEBUG: mom_phase shape: (2, 24, 16, 16, 8)
DEBUG: mom_phase shape: (2, 24, 16, 16, 8)
DEBUG: mom_phase shape: (2, 24, 16, 16, 8)
DEBUG: mom_phase shape: (2, 24, 16, 16, 8)
diquark contractions for Polarization PpUnpol done
GCR: Convergence at 78 iterations, L2 relative residual: iterated = 7.432053e-13, true = 7.432053e-13 (requested = 1.000000e-12)
PyQUDA INFO: Time = 1.165 secs, Performance = 3807.200 GFLOPS
GCR: Convergence at 80 iterations, L2 relative residual: iterated = 7.508286e-13, true = 7.508286e-13 (requested = 1.000000e-12)
PyQUDA INFO: Time = 1.067 secs, Performance = 4264.301 GFLOPS
GCR: Convergence at 79 iterations, L2 relative residual: iterated = 8.259213e-13, true = 8.259213e-13 (requested = 1.000000e-12)
PyQUDA INFO: Time = 1.051 secs, Performance = 4276.285 GFLOPS
GCR: Convergence at 75 iterations, L2 relative residual: iterated = 9.439696e-13, true = 9.439696e-13 (requested = 1.000000e-12)
PyQUDA INFO: Time = 0.997 secs, Performance = 4280.519 GFLOPS
GCR: Convergence at 78 iterations, L2 relative residual: iterated = 9.611839e-13, true = 9.611839e-13 (requested = 1.000000e-12)
PyQUDA INFO: Time = 1.038 secs, Performance = 4274.980 GFLOPS
GCR: Convergence at 79 iterations, L2 relative residual: iterated = 8.343051e-13, true = 8.343051e-13 (requested = 1.000000e-12)
PyQUDA INFO: Time = 1.052 secs, Performance = 4271.712 GFLOPS
GCR: Convergence at 77 iterations, L2 relative residual: iterated = 9.393340e-13, true = 9.393340e-13 (requested = 1.000000e-12)
PyQUDA INFO: Time = 1.027 secs, Performance = 4266.176 GFLOPS
GCR: Convergence at 78 iterations, L2 relative residual: iterated = 7.406969e-13, true = 7.406969e-13 (requested = 1.000000e-12)
PyQUDA INFO: Time = 1.037 secs, Performance = 4280.024 GFLOPS
GCR: Convergence at 79 iterations, L2 relative residual: iterated = 9.495701e-13, true = 9.495701e-13 (requested = 1.000000e-12)
PyQUDA INFO: Time = 1.049 secs, Performance = 4283.667 GFLOPS
GCR: Convergence at 77 iterations, L2 relative residual: iterated = 7.882366e-13, true = 7.882366e-13 (requested = 1.000000e-12)
PyQUDA INFO: Time = 1.024 secs, Performance = 4277.550 GFLOPS
GCR: Convergence at 77 iterations, L2 relative residual: iterated = 9.021309e-13, true = 9.021309e-13 (requested = 1.000000e-12)
PyQUDA INFO: Time = 1.023 secs, Performance = 4279.715 GFLOPS
GCR: Convergence at 76 iterations, L2 relative residual: iterated = 8.515025e-13, true = 8.515025e-13 (requested = 1.000000e-12)
PyQUDA INFO: Time = 1.010 secs, Performance = 4280.493 GFLOPS
starting diquark contractions for up quark insertion and Polarization PpUnpol
DEBUG: mom_phase shape: (2, 24, 16, 16, 8)
DEBUG: mom_phase shape: (2, 24, 16, 16, 8)
DEBUG: mom_phase shape: (2, 24, 16, 16, 8)
DEBUG: mom_phase shape: (2, 24, 16, 16, 8)
DEBUG: mom_phase shape: (2, 24, 16, 16, 8)
DEBUG: mom_phase shape: (2, 24, 16, 16, 8)
DEBUG: mom_phase shape: (2, 24, 16, 16, 8)
DEBUG: mom_phase shape: (2, 24, 16, 16, 8)
diquark contractions for Polarization PpUnpol done
DEBUG: mom_phase shape: (2, 24, 16, 16, 8)
DEBUG: mom_phase shape: (2, 24, 16, 16, 8)
DEBUG: mom_phase shape: (2, 24, 16, 16, 8)
DEBUG: mom_phase shape: (2, 24, 16, 16, 8)
DEBUG: mom_phase shape: (2, 24, 16, 16, 8)
DEBUG: mom_phase shape: (2, 24, 16, 16, 8)
DEBUG: mom_phase shape: (2, 24, 16, 16, 8)
DEBUG: mom_phase shape: (2, 24, 16, 16, 8)
GCR: Convergence at 79 iterations, L2 relative residual: iterated = 8.528639e-13, true = 8.528639e-13 (requested = 1.000000e-12)
PyQUDA INFO: Time = 1.077 secs, Performance = 4172.165 GFLOPS
GCR: Convergence at 80 iterations, L2 relative residual: iterated = 7.425901e-13, true = 7.425901e-13 (requested = 1.000000e-12)
PyQUDA INFO: Time = 1.062 secs, Performance = 4283.490 GFLOPS
GCR: Convergence at 79 iterations, L2 relative residual: iterated = 8.669599e-13, true = 8.669599e-13 (requested = 1.000000e-12)
PyQUDA INFO: Time = 1.049 secs, Performance = 4284.178 GFLOPS
GCR: Convergence at 79 iterations, L2 relative residual: iterated = 9.240357e-13, true = 9.240357e-13 (requested = 1.000000e-12)
PyQUDA INFO: Time = 1.049 secs, Performance = 4284.868 GFLOPS
GCR: Convergence at 78 iterations, L2 relative residual: iterated = 9.171198e-13, true = 9.171198e-13 (requested = 1.000000e-12)
PyQUDA INFO: Time = 1.036 secs, Performance = 4284.276 GFLOPS
GCR: Convergence at 76 iterations, L2 relative residual: iterated = 8.844573e-13, true = 8.844573e-13 (requested = 1.000000e-12)
PyQUDA INFO: Time = 1.009 secs, Performance = 4283.139 GFLOPS
GCR: Convergence at 76 iterations, L2 relative residual: iterated = 8.972765e-13, true = 8.972765e-13 (requested = 1.000000e-12)
PyQUDA INFO: Time = 1.009 secs, Performance = 4286.561 GFLOPS
GCR: Convergence at 77 iterations, L2 relative residual: iterated = 9.345031e-13, true = 9.345031e-13 (requested = 1.000000e-12)
PyQUDA INFO: Time = 1.022 secs, Performance = 4284.881 GFLOPS
GCR: Convergence at 77 iterations, L2 relative residual: iterated = 9.809484e-13, true = 9.809484e-13 (requested = 1.000000e-12)
PyQUDA INFO: Time = 1.022 secs, Performance = 4285.766 GFLOPS
GCR: Convergence at 79 iterations, L2 relative residual: iterated = 7.983175e-13, true = 7.983175e-13 (requested = 1.000000e-12)
PyQUDA INFO: Time = 1.048 secs, Performance = 4288.994 GFLOPS
GCR: Convergence at 77 iterations, L2 relative residual: iterated = 9.839703e-13, true = 9.839703e-13 (requested = 1.000000e-12)
PyQUDA INFO: Time = 1.023 secs, Performance = 4282.464 GFLOPS
GCR: Convergence at 78 iterations, L2 relative residual: iterated = 8.240665e-13, true = 8.240665e-13 (requested = 1.000000e-12)
PyQUDA INFO: Time = 1.037 secs, Performance = 4277.230 GFLOPS
TIME Pyquda: Backward propagator through sequential source for U and D 32.010990858078s
contract_TMD loop: CG no links
TIME PyQUDA: contract bw prop with gamma_ls for U and D 0.0010001659393310547s
TIME PyQUDA: contract TMD 1/132 [0, -5, 0, 0]
TIME PyQUDA: cshift 0.3391299247741699s
TIME PyQUDA: contract TMD for U and D 0.019768238067626953s
TIME PyQUDA: contract TMD 2/132 [0, -4, 0, 0]
TIME PyQUDA: cshift 0.003931522369384766s
TIME PyQUDA: contract TMD for U and D 0.019061803817749023s
TIME PyQUDA: contract TMD 3/132 [0, -3, 0, 0]
TIME PyQUDA: cshift 0.0037691593170166016s
TIME PyQUDA: contract TMD for U and D 0.01950979232788086s
TIME PyQUDA: contract TMD 4/132 [0, -2, 0, 0]
TIME PyQUDA: cshift 0.0035805702209472656s
TIME PyQUDA: contract TMD for U and D 0.018573999404907227s
TIME PyQUDA: contract TMD 5/132 [0, -1, 0, 0]
TIME PyQUDA: cshift 0.0035037994384765625s
TIME PyQUDA: contract TMD for U and D 0.01937389373779297s
TIME PyQUDA: contract TMD 6/132 [0, 0, 0, 0]
TIME PyQUDA: cshift 0.0034716129302978516s
TIME PyQUDA: contract TMD for U and D 0.018509387969970703s
TIME PyQUDA: contract TMD 7/132 [0, 1, 0, 0]
TIME PyQUDA: cshift 0.003493070602416992s
TIME PyQUDA: contract TMD for U and D 0.019049882888793945s
TIME PyQUDA: contract TMD 8/132 [0, 2, 0, 0]
TIME PyQUDA: cshift 0.003490924835205078s
TIME PyQUDA: contract TMD for U and D 0.018638134002685547s
TIME PyQUDA: contract TMD 9/132 [0, 3, 0, 0]
TIME PyQUDA: cshift 0.00347900390625s
TIME PyQUDA: contract TMD for U and D 0.018854618072509766s
TIME PyQUDA: contract TMD 10/132 [0, 4, 0, 0]
TIME PyQUDA: cshift 0.0035309791564941406s
TIME PyQUDA: contract TMD for U and D 0.018523454666137695s
TIME PyQUDA: contract TMD 11/132 [0, 5, 0, 0]
TIME PyQUDA: cshift 0.0035729408264160156s
TIME PyQUDA: contract TMD for U and D 0.018823862075805664s
TIME PyQUDA: contract TMD 12/132 [1, 4, 0, 0]
TIME PyQUDA: cshift 1.382408857345581s
TIME PyQUDA: contract TMD for U and D 0.018952608108520508s
TIME PyQUDA: contract TMD 13/132 [1, 3, 0, 0]
TIME PyQUDA: cshift 0.0038940906524658203s
TIME PyQUDA: contract TMD for U and D 0.019103527069091797s
TIME PyQUDA: contract TMD 14/132 [1, 2, 0, 0]
TIME PyQUDA: cshift 0.0036420822143554688s
TIME PyQUDA: contract TMD for U and D 0.018885374069213867s
TIME PyQUDA: contract TMD 15/132 [1, 1, 0, 0]
TIME PyQUDA: cshift 0.0036897659301757812s
TIME PyQUDA: contract TMD for U and D 0.019298791885375977s
TIME PyQUDA: contract TMD 16/132 [1, 0, 0, 0]
TIME PyQUDA: cshift 0.0039670467376708984s
TIME PyQUDA: contract TMD for U and D 0.01877760887145996s
TIME PyQUDA: contract TMD 17/132 [1, -1, 0, 0]
TIME PyQUDA: cshift 0.003962993621826172s
TIME PyQUDA: contract TMD for U and D 0.019162654876708984s
TIME PyQUDA: contract TMD 18/132 [1, -2, 0, 0]
TIME PyQUDA: cshift 0.003935337066650391s
TIME PyQUDA: contract TMD for U and D 0.018618345260620117s
TIME PyQUDA: contract TMD 19/132 [1, -3, 0, 0]
TIME PyQUDA: cshift 0.003954410552978516s
TIME PyQUDA: contract TMD for U and D 0.01920795440673828s
TIME PyQUDA: contract TMD 20/132 [1, -4, 0, 0]
TIME PyQUDA: cshift 0.003922939300537109s
TIME PyQUDA: contract TMD for U and D 0.01831531524658203s
TIME PyQUDA: contract TMD 21/132 [1, -5, 0, 0]
TIME PyQUDA: cshift 0.003908634185791016s
TIME PyQUDA: contract TMD for U and D 0.01894545555114746s
TIME PyQUDA: contract TMD 22/132 [2, -5, 0, 0]
TIME PyQUDA: cshift 0.005610466003417969s
TIME PyQUDA: contract TMD for U and D 0.018366098403930664s
TIME PyQUDA: contract TMD 23/132 [2, -4, 0, 0]
TIME PyQUDA: cshift 0.003931522369384766s
TIME PyQUDA: contract TMD for U and D 0.018913984298706055s
TIME PyQUDA: contract TMD 24/132 [2, -3, 0, 0]
TIME PyQUDA: cshift 0.003935575485229492s
TIME PyQUDA: contract TMD for U and D 0.018166542053222656s
TIME PyQUDA: contract TMD 25/132 [2, -2, 0, 0]
TIME PyQUDA: cshift 0.0039031505584716797s
TIME PyQUDA: contract TMD for U and D 0.018839597702026367s
TIME PyQUDA: contract TMD 26/132 [2, -1, 0, 0]
TIME PyQUDA: cshift 0.003918647766113281s
TIME PyQUDA: contract TMD for U and D 0.018603086471557617s
TIME PyQUDA: contract TMD 27/132 [2, 0, 0, 0]
TIME PyQUDA: cshift 0.003896474838256836s
TIME PyQUDA: contract TMD for U and D 0.018743276596069336s
TIME PyQUDA: contract TMD 28/132 [2, 1, 0, 0]
TIME PyQUDA: cshift 0.0038917064666748047s
TIME PyQUDA: contract TMD for U and D 0.018334150314331055s
TIME PyQUDA: contract TMD 29/132 [2, 2, 0, 0]
TIME PyQUDA: cshift 0.003911495208740234s
TIME PyQUDA: contract TMD for U and D 0.01887035369873047s
TIME PyQUDA: contract TMD 30/132 [2, 3, 0, 0]
TIME PyQUDA: cshift 0.003938198089599609s
TIME PyQUDA: contract TMD for U and D 0.018123626708984375s
TIME PyQUDA: contract TMD 31/132 [2, 4, 0, 0]
TIME PyQUDA: cshift 0.003912448883056641s
TIME PyQUDA: contract TMD for U and D 0.018949031829833984s
TIME PyQUDA: contract TMD 32/132 [1, 5, 0, 0]
TIME PyQUDA: cshift 0.008555412292480469s
TIME PyQUDA: contract TMD for U and D 0.018717527389526367s
TIME PyQUDA: contract TMD 33/132 [2, 5, 0, 0]
TIME PyQUDA: cshift 0.005592823028564453s
TIME PyQUDA: contract TMD for U and D 0.019173622131347656s
TIME PyQUDA: contract TMD 34/132 [3, 4, 0, 0]
TIME PyQUDA: cshift 0.00847482681274414s
TIME PyQUDA: contract TMD for U and D 0.01855015754699707s
TIME PyQUDA: contract TMD 35/132 [3, 3, 0, 0]
TIME PyQUDA: cshift 0.003933429718017578s
TIME PyQUDA: contract TMD for U and D 0.018440723419189453s
TIME PyQUDA: contract TMD 36/132 [3, 2, 0, 0]
TIME PyQUDA: cshift 0.003900289535522461s
TIME PyQUDA: contract TMD for U and D 0.018518686294555664s
TIME PyQUDA: contract TMD 37/132 [3, 1, 0, 0]
TIME PyQUDA: cshift 0.003916263580322266s
TIME PyQUDA: contract TMD for U and D 0.018749713897705078s
TIME PyQUDA: contract TMD 38/132 [3, 0, 0, 0]
TIME PyQUDA: cshift 0.003939390182495117s
TIME PyQUDA: contract TMD for U and D 0.01804661750793457s
TIME PyQUDA: contract TMD 39/132 [3, -1, 0, 0]
TIME PyQUDA: cshift 0.0039014816284179688s
TIME PyQUDA: contract TMD for U and D 0.01871037483215332s
TIME PyQUDA: contract TMD 40/132 [3, -2, 0, 0]
TIME PyQUDA: cshift 0.0039441585540771484s
TIME PyQUDA: contract TMD for U and D 0.018049240112304688s
TIME PyQUDA: contract TMD 41/132 [3, -3, 0, 0]
TIME PyQUDA: cshift 0.003951549530029297s
TIME PyQUDA: contract TMD for U and D 0.01866769790649414s
TIME PyQUDA: contract TMD 42/132 [3, -4, 0, 0]
TIME PyQUDA: cshift 0.003922462463378906s
TIME PyQUDA: contract TMD for U and D 0.01829695701599121s
TIME PyQUDA: contract TMD 43/132 [3, -5, 0, 0]
TIME PyQUDA: cshift 0.0039103031158447266s
TIME PyQUDA: contract TMD for U and D 0.018489599227905273s
TIME PyQUDA: contract TMD 44/132 [4, -5, 0, 0]
TIME PyQUDA: cshift 0.005684614181518555s
TIME PyQUDA: contract TMD for U and D 0.01828479766845703s
TIME PyQUDA: contract TMD 45/132 [4, -4, 0, 0]
TIME PyQUDA: cshift 0.0039861202239990234s
TIME PyQUDA: contract TMD for U and D 0.018768787384033203s
TIME PyQUDA: contract TMD 46/132 [4, -3, 0, 0]
TIME PyQUDA: cshift 0.003937482833862305s
TIME PyQUDA: contract TMD for U and D 0.018135547637939453s
TIME PyQUDA: contract TMD 47/132 [4, -2, 0, 0]
TIME PyQUDA: cshift 0.0039005279541015625s
TIME PyQUDA: contract TMD for U and D 0.018776416778564453s
TIME PyQUDA: contract TMD 48/132 [4, -1, 0, 0]
TIME PyQUDA: cshift 0.003919124603271484s
TIME PyQUDA: contract TMD for U and D 0.018247127532958984s
TIME PyQUDA: contract TMD 49/132 [4, 0, 0, 0]
TIME PyQUDA: cshift 0.003945589065551758s
TIME PyQUDA: contract TMD for U and D 0.018566370010375977s
TIME PyQUDA: contract TMD 50/132 [4, 1, 0, 0]
TIME PyQUDA: cshift 0.0039594173431396484s
TIME PyQUDA: contract TMD for U and D 0.018255233764648438s
TIME PyQUDA: contract TMD 51/132 [4, 2, 0, 0]
TIME PyQUDA: cshift 0.003959178924560547s
TIME PyQUDA: contract TMD for U and D 0.01862335205078125s
TIME PyQUDA: contract TMD 52/132 [4, 3, 0, 0]
TIME PyQUDA: cshift 0.0039560794830322266s
TIME PyQUDA: contract TMD for U and D 0.018270254135131836s
TIME PyQUDA: contract TMD 53/132 [4, 4, 0, 0]
TIME PyQUDA: cshift 0.004006624221801758s
TIME PyQUDA: contract TMD for U and D 0.01853156089782715s
TIME PyQUDA: contract TMD 54/132 [3, 5, 0, 0]
TIME PyQUDA: cshift 0.008450508117675781s
TIME PyQUDA: contract TMD for U and D 0.018281936645507812s
TIME PyQUDA: contract TMD 55/132 [4, 5, 0, 0]
TIME PyQUDA: cshift 0.005601406097412109s
TIME PyQUDA: contract TMD for U and D 0.019102096557617188s
TIME PyQUDA: contract TMD 56/132 [5, 4, 0, 0]
TIME PyQUDA: cshift 0.012831449508666992s
TIME PyQUDA: contract TMD for U and D 0.018162250518798828s
TIME PyQUDA: contract TMD 57/132 [5, 3, 0, 0]
TIME PyQUDA: cshift 0.004051923751831055s
TIME PyQUDA: contract TMD for U and D 0.018871068954467773s
TIME PyQUDA: contract TMD 58/132 [5, 2, 0, 0]
TIME PyQUDA: cshift 0.004037141799926758s
TIME PyQUDA: contract TMD for U and D 0.018273115158081055s
TIME PyQUDA: contract TMD 59/132 [5, 1, 0, 0]
TIME PyQUDA: cshift 0.003996133804321289s
TIME PyQUDA: contract TMD for U and D 0.018753528594970703s
TIME PyQUDA: contract TMD 60/132 [5, 0, 0, 0]
TIME PyQUDA: cshift 0.004019260406494141s
TIME PyQUDA: contract TMD for U and D 0.018085718154907227s
TIME PyQUDA: contract TMD 61/132 [5, -1, 0, 0]
TIME PyQUDA: cshift 0.0040130615234375s
TIME PyQUDA: contract TMD for U and D 0.018776893615722656s
TIME PyQUDA: contract TMD 62/132 [5, -2, 0, 0]
TIME PyQUDA: cshift 0.004013538360595703s
TIME PyQUDA: contract TMD for U and D 0.018225431442260742s
TIME PyQUDA: contract TMD 63/132 [5, -3, 0, 0]
TIME PyQUDA: cshift 0.004023313522338867s
TIME PyQUDA: contract TMD for U and D 0.01893448829650879s
TIME PyQUDA: contract TMD 64/132 [5, -4, 0, 0]
TIME PyQUDA: cshift 0.003998279571533203s
TIME PyQUDA: contract TMD for U and D 0.018108129501342773s
TIME PyQUDA: contract TMD 65/132 [5, -5, 0, 0]
TIME PyQUDA: cshift 0.004023313522338867s
TIME PyQUDA: contract TMD for U and D 0.018846750259399414s
TIME PyQUDA: contract TMD 66/132 [5, 5, 0, 0]
TIME PyQUDA: cshift 0.037413835525512695s
TIME PyQUDA: contract TMD for U and D 0.01855015754699707s
TIME PyQUDA: contract TMD 67/132 [0, -5, 0, 1]
TIME PyQUDA: cshift 0.01792311668395996s
TIME PyQUDA: contract TMD for U and D 0.018467426300048828s
TIME PyQUDA: contract TMD 68/132 [0, -4, 0, 1]
TIME PyQUDA: cshift 0.0035948753356933594s
TIME PyQUDA: contract TMD for U and D 0.018442630767822266s
TIME PyQUDA: contract TMD 69/132 [0, -3, 0, 1]
TIME PyQUDA: cshift 0.0036242008209228516s
TIME PyQUDA: contract TMD for U and D 0.01865220069885254s
TIME PyQUDA: contract TMD 70/132 [0, -2, 0, 1]
TIME PyQUDA: cshift 0.003587961196899414s
TIME PyQUDA: contract TMD for U and D 0.018451690673828125s
TIME PyQUDA: contract TMD 71/132 [0, -1, 0, 1]
TIME PyQUDA: cshift 0.003592252731323242s
TIME PyQUDA: contract TMD for U and D 0.0186002254486084s
TIME PyQUDA: contract TMD 72/132 [0, 0, 0, 1]
TIME PyQUDA: cshift 0.003648996353149414s
TIME PyQUDA: contract TMD for U and D 0.01845073699951172s
TIME PyQUDA: contract TMD 73/132 [0, 1, 0, 1]
TIME PyQUDA: cshift 0.0036220550537109375s
TIME PyQUDA: contract TMD for U and D 0.018428325653076172s
TIME PyQUDA: contract TMD 74/132 [0, 2, 0, 1]
TIME PyQUDA: cshift 0.003609180450439453s
TIME PyQUDA: contract TMD for U and D 0.018468856811523438s
TIME PyQUDA: contract TMD 75/132 [0, 3, 0, 1]
TIME PyQUDA: cshift 0.00377655029296875s
TIME PyQUDA: contract TMD for U and D 0.018448352813720703s
TIME PyQUDA: contract TMD 76/132 [0, 4, 0, 1]
TIME PyQUDA: cshift 0.004065990447998047s
TIME PyQUDA: contract TMD for U and D 0.018549203872680664s
TIME PyQUDA: contract TMD 77/132 [0, 5, 0, 1]
TIME PyQUDA: cshift 0.004080533981323242s
TIME PyQUDA: contract TMD for U and D 0.01929187774658203s
TIME PyQUDA: contract TMD 78/132 [1, 4, 0, 1]
TIME PyQUDA: cshift 0.006494283676147461s
TIME PyQUDA: contract TMD for U and D 0.018473148345947266s
TIME PyQUDA: contract TMD 79/132 [1, 3, 0, 1]
TIME PyQUDA: cshift 0.004002571105957031s
TIME PyQUDA: contract TMD for U and D 0.018793582916259766s
TIME PyQUDA: contract TMD 80/132 [1, 2, 0, 1]
TIME PyQUDA: cshift 0.003941774368286133s
TIME PyQUDA: contract TMD for U and D 0.01825118064880371s
TIME PyQUDA: contract TMD 81/132 [1, 1, 0, 1]
TIME PyQUDA: cshift 0.003997802734375s
TIME PyQUDA: contract TMD for U and D 0.018535375595092773s
TIME PyQUDA: contract TMD 82/132 [1, 0, 0, 1]
TIME PyQUDA: cshift 0.0039408206939697266s
TIME PyQUDA: contract TMD for U and D 0.018329143524169922s
TIME PyQUDA: contract TMD 83/132 [1, -1, 0, 1]
TIME PyQUDA: cshift 0.003918886184692383s
TIME PyQUDA: contract TMD for U and D 0.018420934677124023s
TIME PyQUDA: contract TMD 84/132 [1, -2, 0, 1]
TIME PyQUDA: cshift 0.003991842269897461s
TIME PyQUDA: contract TMD for U and D 0.018304109573364258s
TIME PyQUDA: contract TMD 85/132 [1, -3, 0, 1]
TIME PyQUDA: cshift 0.003997325897216797s
TIME PyQUDA: contract TMD for U and D 0.01856088638305664s
TIME PyQUDA: contract TMD 86/132 [1, -4, 0, 1]
TIME PyQUDA: cshift 0.004005908966064453s
TIME PyQUDA: contract TMD for U and D 0.018428802490234375s
TIME PyQUDA: contract TMD 87/132 [1, -5, 0, 1]
TIME PyQUDA: cshift 0.0040242671966552734s
TIME PyQUDA: contract TMD for U and D 0.019255876541137695s
TIME PyQUDA: contract TMD 88/132 [2, -5, 0, 1]
TIME PyQUDA: cshift 0.003622293472290039s
TIME PyQUDA: contract TMD for U and D 0.01896381378173828s
TIME PyQUDA: contract TMD 89/132 [2, -4, 0, 1]
TIME PyQUDA: cshift 0.004102468490600586s
TIME PyQUDA: contract TMD for U and D 0.018708229064941406s
TIME PyQUDA: contract TMD 90/132 [2, -3, 0, 1]
TIME PyQUDA: cshift 0.004096269607543945s
TIME PyQUDA: contract TMD for U and D 0.018326759338378906s
TIME PyQUDA: contract TMD 91/132 [2, -2, 0, 1]
TIME PyQUDA: cshift 0.004013538360595703s
TIME PyQUDA: contract TMD for U and D 0.01882314682006836s
TIME PyQUDA: contract TMD 92/132 [2, -1, 0, 1]
TIME PyQUDA: cshift 0.0040438175201416016s
TIME PyQUDA: contract TMD for U and D 0.018014907836914062s
TIME PyQUDA: contract TMD 93/132 [2, 0, 0, 1]
TIME PyQUDA: cshift 0.004019975662231445s
TIME PyQUDA: contract TMD for U and D 0.018962860107421875s
TIME PyQUDA: contract TMD 94/132 [2, 1, 0, 1]
TIME PyQUDA: cshift 0.004050016403198242s
TIME PyQUDA: contract TMD for U and D 0.018177032470703125s
TIME PyQUDA: contract TMD 95/132 [2, 2, 0, 1]
TIME PyQUDA: cshift 0.004025697708129883s
TIME PyQUDA: contract TMD for U and D 0.01867389678955078s
TIME PyQUDA: contract TMD 96/132 [2, 3, 0, 1]
TIME PyQUDA: cshift 0.004058122634887695s
TIME PyQUDA: contract TMD for U and D 0.018352508544921875s
TIME PyQUDA: contract TMD 97/132 [2, 4, 0, 1]
TIME PyQUDA: cshift 0.004003763198852539s
TIME PyQUDA: contract TMD for U and D 0.018818140029907227s
TIME PyQUDA: contract TMD 98/132 [1, 5, 0, 1]
TIME PyQUDA: cshift 0.0063669681549072266s
TIME PyQUDA: contract TMD for U and D 0.01885056495666504s
TIME PyQUDA: contract TMD 99/132 [2, 5, 0, 1]
TIME PyQUDA: cshift 0.00359344482421875s
TIME PyQUDA: contract TMD for U and D 0.019351720809936523s
TIME PyQUDA: contract TMD 100/132 [3, 4, 0, 1]
TIME PyQUDA: cshift 0.006579399108886719s
TIME PyQUDA: contract TMD for U and D 0.018326282501220703s
TIME PyQUDA: contract TMD 101/132 [3, 3, 0, 1]
TIME PyQUDA: cshift 0.003995180130004883s
TIME PyQUDA: contract TMD for U and D 0.018673181533813477s
TIME PyQUDA: contract TMD 102/132 [3, 2, 0, 1]
TIME PyQUDA: cshift 0.003987789154052734s
TIME PyQUDA: contract TMD for U and D 0.0182645320892334s
TIME PyQUDA: contract TMD 103/132 [3, 1, 0, 1]
TIME PyQUDA: cshift 0.004029273986816406s
TIME PyQUDA: contract TMD for U and D 0.018772363662719727s
TIME PyQUDA: contract TMD 104/132 [3, 0, 0, 1]
TIME PyQUDA: cshift 0.004004240036010742s
TIME PyQUDA: contract TMD for U and D 0.018101215362548828s
TIME PyQUDA: contract TMD 105/132 [3, -1, 0, 1]
TIME PyQUDA: cshift 0.0039215087890625s
TIME PyQUDA: contract TMD for U and D 0.018717288970947266s
TIME PyQUDA: contract TMD 106/132 [3, -2, 0, 1]
TIME PyQUDA: cshift 0.0039033889770507812s
TIME PyQUDA: contract TMD for U and D 0.01844644546508789s
TIME PyQUDA: contract TMD 107/132 [3, -3, 0, 1]
TIME PyQUDA: cshift 0.0038924217224121094s
TIME PyQUDA: contract TMD for U and D 0.018662452697753906s
TIME PyQUDA: contract TMD 108/132 [3, -4, 0, 1]
TIME PyQUDA: cshift 0.003935813903808594s
TIME PyQUDA: contract TMD for U and D 0.018339157104492188s
TIME PyQUDA: contract TMD 109/132 [3, -5, 0, 1]
TIME PyQUDA: cshift 0.003915548324584961s
TIME PyQUDA: contract TMD for U and D 0.019086360931396484s
TIME PyQUDA: contract TMD 110/132 [4, -5, 0, 1]
TIME PyQUDA: cshift 0.003570556640625s
TIME PyQUDA: contract TMD for U and D 0.018771886825561523s
TIME PyQUDA: contract TMD 111/132 [4, -4, 0, 1]
TIME PyQUDA: cshift 0.003936767578125s
TIME PyQUDA: contract TMD for U and D 0.018848896026611328s
TIME PyQUDA: contract TMD 112/132 [4, -3, 0, 1]
TIME PyQUDA: cshift 0.0039365291595458984s
TIME PyQUDA: contract TMD for U and D 0.018207550048828125s
TIME PyQUDA: contract TMD 113/132 [4, -2, 0, 1]
TIME PyQUDA: cshift 0.0038564205169677734s
TIME PyQUDA: contract TMD for U and D 0.018376588821411133s
TIME PyQUDA: contract TMD 114/132 [4, -1, 0, 1]
TIME PyQUDA: cshift 0.003902435302734375s
TIME PyQUDA: contract TMD for U and D 0.018208742141723633s
TIME PyQUDA: contract TMD 115/132 [4, 0, 0, 1]
TIME PyQUDA: cshift 0.003902435302734375s
TIME PyQUDA: contract TMD for U and D 0.018753767013549805s
TIME PyQUDA: contract TMD 116/132 [4, 1, 0, 1]
TIME PyQUDA: cshift 0.003894805908203125s
TIME PyQUDA: contract TMD for U and D 0.018270015716552734s
TIME PyQUDA: contract TMD 117/132 [4, 2, 0, 1]
TIME PyQUDA: cshift 0.003946781158447266s
TIME PyQUDA: contract TMD for U and D 0.01844930648803711s
TIME PyQUDA: contract TMD 118/132 [4, 3, 0, 1]
TIME PyQUDA: cshift 0.007643938064575195s
TIME PyQUDA: contract TMD for U and D 0.01906418800354004s
TIME PyQUDA: contract TMD 119/132 [4, 4, 0, 1]
TIME PyQUDA: cshift 0.00391387939453125s
TIME PyQUDA: contract TMD for U and D 0.019269466400146484s
TIME PyQUDA: contract TMD 120/132 [3, 5, 0, 1]
TIME PyQUDA: cshift 0.006534099578857422s
TIME PyQUDA: contract TMD for U and D 0.01882171630859375s
TIME PyQUDA: contract TMD 121/132 [4, 5, 0, 1]
TIME PyQUDA: cshift 0.0035943984985351562s
TIME PyQUDA: contract TMD for U and D 0.01949787139892578s
TIME PyQUDA: contract TMD 122/132 [5, 4, 0, 1]
TIME PyQUDA: cshift 0.0064334869384765625s
TIME PyQUDA: contract TMD for U and D 0.018444299697875977s
TIME PyQUDA: contract TMD 123/132 [5, 3, 0, 1]
TIME PyQUDA: cshift 0.0038521289825439453s
TIME PyQUDA: contract TMD for U and D 0.018926620483398438s
TIME PyQUDA: contract TMD 124/132 [5, 2, 0, 1]
TIME PyQUDA: cshift 0.0039119720458984375s
TIME PyQUDA: contract TMD for U and D 0.01809978485107422s
TIME PyQUDA: contract TMD 125/132 [5, 1, 0, 1]
TIME PyQUDA: cshift 0.00391077995300293s
TIME PyQUDA: contract TMD for U and D 0.01873779296875s
TIME PyQUDA: contract TMD 126/132 [5, 0, 0, 1]
TIME PyQUDA: cshift 0.003885984420776367s
TIME PyQUDA: contract TMD for U and D 0.01840686798095703s
TIME PyQUDA: contract TMD 127/132 [5, -1, 0, 1]
TIME PyQUDA: cshift 0.0038781166076660156s
TIME PyQUDA: contract TMD for U and D 0.018707275390625s
TIME PyQUDA: contract TMD 128/132 [5, -2, 0, 1]
TIME PyQUDA: cshift 0.0038754940032958984s
TIME PyQUDA: contract TMD for U and D 0.01826930046081543s
TIME PyQUDA: contract TMD 129/132 [5, -3, 0, 1]
TIME PyQUDA: cshift 0.00389862060546875s
TIME PyQUDA: contract TMD for U and D 0.01856398582458496s
TIME PyQUDA: contract TMD 130/132 [5, -4, 0, 1]
TIME PyQUDA: cshift 0.0038602352142333984s
TIME PyQUDA: contract TMD for U and D 0.01841139793395996s
TIME PyQUDA: contract TMD 131/132 [5, -5, 0, 1]
TIME PyQUDA: cshift 0.00392460823059082s
TIME PyQUDA: contract TMD for U and D 0.018530607223510742s
TIME PyQUDA: contract TMD 132/132 [5, 5, 0, 1]
TIME PyQUDA: cshift 0.03698897361755371s
TIME PyQUDA: contract TMD for U and D 0.018306493759155273s
contract_TMD over: proton_TMDs.shape (132, 1, 75, 16, 48) 5.227598428726196s
no roll
corr.shape, (132, 75, 1, 12)
plist.shape, (75, 4)
TIME: save TMDs for PpUnpol 2.3029513359069824s
contract_TMD DONE: CG no links
MEM: released temporary memory (after CG TMD)
contract_PDF loop: GI with links
contract_GI_PDF over: proton_PDFs.shape (11, 1, 75, 16, 48) 0.036586761474609375s
no roll
corr.shape, (11, 75, 1, 12)
plist.shape, (75, 4)
TIME: save PDFs for PpUnpol 0.21201086044311523s
contract_PDF DONE: GI with links
MEM: released temporary memory (end of source)
DONE: 300_x19y23z25t35_1HYP_GSRC_W90_k3_T5_PX0PY0PZ9dt10
START: 300_x19y23z25t47_1HYP_GSRC_W90_k3_T5_PX0PY0PZ9dt10
TIME Pyquda: Generatring boosted src 3.543302297592163s
GCR: Convergence at 78 iterations, L2 relative residual: iterated = 7.413943e-13, true = 7.413943e-13 (requested = 1.000000e-12)
PyQUDA INFO: Time = 1.045 secs, Performance = 4250.197 GFLOPS
GCR: Convergence at 80 iterations, L2 relative residual: iterated = 7.294794e-13, true = 7.294794e-13 (requested = 1.000000e-12)
PyQUDA INFO: Time = 1.066 secs, Performance = 4270.303 GFLOPS
GCR: Convergence at 80 iterations, L2 relative residual: iterated = 8.843324e-13, true = 8.843324e-13 (requested = 1.000000e-12)
PyQUDA INFO: Time = 1.067 secs, Performance = 4265.256 GFLOPS
GCR: Convergence at 79 iterations, L2 relative residual: iterated = 7.672395e-13, true = 7.672395e-13 (requested = 1.000000e-12)
PyQUDA INFO: Time = 1.053 secs, Performance = 4268.349 GFLOPS
GCR: Convergence at 79 iterations, L2 relative residual: iterated = 9.985651e-13, true = 9.985651e-13 (requested = 1.000000e-12)
PyQUDA INFO: Time = 1.051 secs, Performance = 4276.318 GFLOPS
GCR: Convergence at 79 iterations, L2 relative residual: iterated = 8.832828e-13, true = 8.832828e-13 (requested = 1.000000e-12)
PyQUDA INFO: Time = 1.051 secs, Performance = 4274.882 GFLOPS
GCR: Convergence at 81 iterations, L2 relative residual: iterated = 7.204357e-13, true = 7.204357e-13 (requested = 1.000000e-12)
PyQUDA INFO: Time = 1.079 secs, Performance = 4272.943 GFLOPS
GCR: Convergence at 78 iterations, L2 relative residual: iterated = 9.234868e-13, true = 9.234868e-13 (requested = 1.000000e-12)
PyQUDA INFO: Time = 1.038 secs, Performance = 4273.449 GFLOPS
GCR: Convergence at 80 iterations, L2 relative residual: iterated = 7.298443e-13, true = 7.298443e-13 (requested = 1.000000e-12)
PyQUDA INFO: Time = 1.063 secs, Performance = 4279.623 GFLOPS
GCR: Convergence at 81 iterations, L2 relative residual: iterated = 9.860180e-13, true = 9.860180e-13 (requested = 1.000000e-12)
PyQUDA INFO: Time = 1.078 secs, Performance = 4278.356 GFLOPS
GCR: Convergence at 80 iterations, L2 relative residual: iterated = 7.054014e-13, true = 7.054014e-13 (requested = 1.000000e-12)
PyQUDA INFO: Time = 1.063 secs, Performance = 4279.877 GFLOPS
GCR: Convergence at 79 iterations, L2 relative residual: iterated = 9.494779e-13, true = 9.494779e-13 (requested = 1.000000e-12)
PyQUDA INFO: Time = 1.049 secs, Performance = 4282.402 GFLOPS
TIME Pyquda: Forward propagator inversion 20.00715684890747s
Begin sink smearing
Sink smearing completed
MEM: released temporary memory (after 2pt contraction)
TIME Pyquda: Contraction 2pt (includes sink smearing) 1.496577501296997s
DEBUG: mom_phase shape: (2, 24, 16, 16, 8)
DEBUG: mom_phase shape: (2, 24, 16, 16, 8)
DEBUG: mom_phase shape: (2, 24, 16, 16, 8)
DEBUG: mom_phase shape: (2, 24, 16, 16, 8)
DEBUG: mom_phase shape: (2, 24, 16, 16, 8)
DEBUG: mom_phase shape: (2, 24, 16, 16, 8)
DEBUG: mom_phase shape: (2, 24, 16, 16, 8)
DEBUG: mom_phase shape: (2, 24, 16, 16, 8)
starting diquark contractions for down quark insertion and Polarization PpUnpol
DEBUG: mom_phase shape: (2, 24, 16, 16, 8)
DEBUG: mom_phase shape: (2, 24, 16, 16, 8)
DEBUG: mom_phase shape: (2, 24, 16, 16, 8)
DEBUG: mom_phase shape: (2, 24, 16, 16, 8)
DEBUG: mom_phase shape: (2, 24, 16, 16, 8)
DEBUG: mom_phase shape: (2, 24, 16, 16, 8)
DEBUG: mom_phase shape: (2, 24, 16, 16, 8)
DEBUG: mom_phase shape: (2, 24, 16, 16, 8)
diquark contractions for Polarization PpUnpol done
GCR: Convergence at 80 iterations, L2 relative residual: iterated = 8.546765e-13, true = 8.546765e-13 (requested = 1.000000e-12)
PyQUDA INFO: Time = 1.241 secs, Performance = 3667.175 GFLOPS
GCR: Convergence at 79 iterations, L2 relative residual: iterated = 7.974804e-13, true = 7.974804e-13 (requested = 1.000000e-12)
PyQUDA INFO: Time = 1.051 secs, Performance = 4276.912 GFLOPS
GCR: Convergence at 81 iterations, L2 relative residual: iterated = 7.437658e-13, true = 7.437658e-13 (requested = 1.000000e-12)
PyQUDA INFO: Time = 1.081 secs, Performance = 4266.213 GFLOPS
GCR: Convergence at 78 iterations, L2 relative residual: iterated = 7.639057e-13, true = 7.639057e-13 (requested = 1.000000e-12)
PyQUDA INFO: Time = 1.037 secs, Performance = 4277.721 GFLOPS
GCR: Convergence at 80 iterations, L2 relative residual: iterated = 7.080500e-13, true = 7.080500e-13 (requested = 1.000000e-12)
PyQUDA INFO: Time = 1.063 secs, Performance = 4283.075 GFLOPS
GCR: Convergence at 77 iterations, L2 relative residual: iterated = 9.831615e-13, true = 9.831615e-13 (requested = 1.000000e-12)
PyQUDA INFO: Time = 1.024 secs, Performance = 4275.504 GFLOPS
GCR: Convergence at 80 iterations, L2 relative residual: iterated = 7.272507e-13, true = 7.272507e-13 (requested = 1.000000e-12)
PyQUDA INFO: Time = 1.065 secs, Performance = 4274.747 GFLOPS
GCR: Convergence at 79 iterations, L2 relative residual: iterated = 7.345724e-13, true = 7.345724e-13 (requested = 1.000000e-12)
PyQUDA INFO: Time = 1.051 secs, Performance = 4274.276 GFLOPS
GCR: Convergence at 81 iterations, L2 relative residual: iterated = 7.153873e-13, true = 7.153873e-13 (requested = 1.000000e-12)
PyQUDA INFO: Time = 1.078 secs, Performance = 4274.912 GFLOPS
GCR: Convergence at 81 iterations, L2 relative residual: iterated = 8.102436e-13, true = 8.102436e-13 (requested = 1.000000e-12)
PyQUDA INFO: Time = 1.076 secs, Performance = 4284.212 GFLOPS
GCR: Convergence at 79 iterations, L2 relative residual: iterated = 9.557074e-13, true = 9.557074e-13 (requested = 1.000000e-12)
PyQUDA INFO: Time = 1.050 secs, Performance = 4279.792 GFLOPS
GCR: Convergence at 78 iterations, L2 relative residual: iterated = 9.519277e-13, true = 9.519277e-13 (requested = 1.000000e-12)
PyQUDA INFO: Time = 1.036 secs, Performance = 4283.751 GFLOPS
starting diquark contractions for up quark insertion and Polarization PpUnpol
DEBUG: mom_phase shape: (2, 24, 16, 16, 8)
DEBUG: mom_phase shape: (2, 24, 16, 16, 8)
DEBUG: mom_phase shape: (2, 24, 16, 16, 8)
DEBUG: mom_phase shape: (2, 24, 16, 16, 8)
DEBUG: mom_phase shape: (2, 24, 16, 16, 8)
DEBUG: mom_phase shape: (2, 24, 16, 16, 8)
DEBUG: mom_phase shape: (2, 24, 16, 16, 8)
DEBUG: mom_phase shape: (2, 24, 16, 16, 8)
diquark contractions for Polarization PpUnpol done
DEBUG: mom_phase shape: (2, 24, 16, 16, 8)
DEBUG: mom_phase shape: (2, 24, 16, 16, 8)
DEBUG: mom_phase shape: (2, 24, 16, 16, 8)
DEBUG: mom_phase shape: (2, 24, 16, 16, 8)
DEBUG: mom_phase shape: (2, 24, 16, 16, 8)
DEBUG: mom_phase shape: (2, 24, 16, 16, 8)
DEBUG: mom_phase shape: (2, 24, 16, 16, 8)
DEBUG: mom_phase shape: (2, 24, 16, 16, 8)
GCR: Convergence at 80 iterations, L2 relative residual: iterated = 7.762618e-13, true = 7.762618e-13 (requested = 1.000000e-12)
PyQUDA INFO: Time = 1.077 secs, Performance = 4224.092 GFLOPS
GCR: Convergence at 80 iterations, L2 relative residual: iterated = 7.006665e-13, true = 7.006665e-13 (requested = 1.000000e-12)
PyQUDA INFO: Time = 1.064 secs, Performance = 4275.518 GFLOPS
GCR: Convergence at 78 iterations, L2 relative residual: iterated = 9.259651e-13, true = 9.259651e-13 (requested = 1.000000e-12)
PyQUDA INFO: Time = 1.038 secs, Performance = 4276.328 GFLOPS
GCR: Convergence at 79 iterations, L2 relative residual: iterated = 9.568479e-13, true = 9.568479e-13 (requested = 1.000000e-12)
PyQUDA INFO: Time = 1.052 secs, Performance = 4272.907 GFLOPS
GCR: Convergence at 79 iterations, L2 relative residual: iterated = 8.883911e-13, true = 8.883911e-13 (requested = 1.000000e-12)
PyQUDA INFO: Time = 1.050 secs, Performance = 4278.125 GFLOPS
GCR: Convergence at 78 iterations, L2 relative residual: iterated = 7.920384e-13, true = 7.920384e-13 (requested = 1.000000e-12)
PyQUDA INFO: Time = 1.038 secs, Performance = 4274.717 GFLOPS
GCR: Convergence at 78 iterations, L2 relative residual: iterated = 9.319703e-13, true = 9.319703e-13 (requested = 1.000000e-12)
PyQUDA INFO: Time = 1.037 secs, Performance = 4279.338 GFLOPS
GCR: Convergence at 80 iterations, L2 relative residual: iterated = 7.592751e-13, true = 7.592751e-13 (requested = 1.000000e-12)
PyQUDA INFO: Time = 1.064 secs, Performance = 4275.639 GFLOPS
GCR: Convergence at 79 iterations, L2 relative residual: iterated = 8.761297e-13, true = 8.761297e-13 (requested = 1.000000e-12)
PyQUDA INFO: Time = 1.051 secs, Performance = 4276.175 GFLOPS
GCR: Convergence at 80 iterations, L2 relative residual: iterated = 7.630609e-13, true = 7.630609e-13 (requested = 1.000000e-12)
PyQUDA INFO: Time = 1.063 secs, Performance = 4280.122 GFLOPS
GCR: Convergence at 80 iterations, L2 relative residual: iterated = 6.959316e-13, true = 6.959316e-13 (requested = 1.000000e-12)
PyQUDA INFO: Time = 1.062 secs, Performance = 4283.579 GFLOPS
GCR: Convergence at 79 iterations, L2 relative residual: iterated = 8.775908e-13, true = 8.775908e-13 (requested = 1.000000e-12)
PyQUDA INFO: Time = 1.051 secs, Performance = 4277.568 GFLOPS
TIME Pyquda: Backward propagator through sequential source for U and D 29.88981819152832s
contract_TMD loop: CG no links
TIME PyQUDA: contract bw prop with gamma_ls for U and D 0.0010097026824951172s
TIME PyQUDA: contract TMD 1/132 [0, -5, 0, 0]
TIME PyQUDA: cshift 0.03018808364868164s
TIME PyQUDA: contract TMD for U and D 0.0184628963470459s
TIME PyQUDA: contract TMD 2/132 [0, -4, 0, 0]
TIME PyQUDA: cshift 0.003692150115966797s
TIME PyQUDA: contract TMD for U and D 0.01906418800354004s
TIME PyQUDA: contract TMD 3/132 [0, -3, 0, 0]
TIME PyQUDA: cshift 0.003567218780517578s
TIME PyQUDA: contract TMD for U and D 0.01800060272216797s
TIME PyQUDA: contract TMD 4/132 [0, -2, 0, 0]
TIME PyQUDA: cshift 0.0035202503204345703s
TIME PyQUDA: contract TMD for U and D 0.0180814266204834s
TIME PyQUDA: contract TMD 5/132 [0, -1, 0, 0]
TIME PyQUDA: cshift 0.0035037994384765625s
TIME PyQUDA: contract TMD for U and D 0.018573522567749023s
TIME PyQUDA: contract TMD 6/132 [0, 0, 0, 0]
TIME PyQUDA: cshift 0.0034847259521484375s
TIME PyQUDA: contract TMD for U and D 0.01935887336730957s
TIME PyQUDA: contract TMD 7/132 [0, 1, 0, 0]
TIME PyQUDA: cshift 0.0035076141357421875s
TIME PyQUDA: contract TMD for U and D 0.018523693084716797s
TIME PyQUDA: contract TMD 8/132 [0, 2, 0, 0]
TIME PyQUDA: cshift 0.003503084182739258s
TIME PyQUDA: contract TMD for U and D 0.01912379264831543s
TIME PyQUDA: contract TMD 9/132 [0, 3, 0, 0]
TIME PyQUDA: cshift 0.003523588180541992s
TIME PyQUDA: contract TMD for U and D 0.018646240234375s
TIME PyQUDA: contract TMD 10/132 [0, 4, 0, 0]
TIME PyQUDA: cshift 0.003570556640625s
TIME PyQUDA: contract TMD for U and D 0.018874168395996094s
TIME PyQUDA: contract TMD 11/132 [0, 5, 0, 0]
TIME PyQUDA: cshift 0.0035865306854248047s
TIME PyQUDA: contract TMD for U and D 0.018645048141479492s
TIME PyQUDA: contract TMD 12/132 [1, 4, 0, 0]
TIME PyQUDA: cshift 0.008145809173583984s
TIME PyQUDA: contract TMD for U and D 0.01913142204284668s
TIME PyQUDA: contract TMD 13/132 [1, 3, 0, 0]
TIME PyQUDA: cshift 0.0035676956176757812s
TIME PyQUDA: contract TMD for U and D 0.01862931251525879s
TIME PyQUDA: contract TMD 14/132 [1, 2, 0, 0]
TIME PyQUDA: cshift 0.0036003589630126953s
TIME PyQUDA: contract TMD for U and D 0.018878698348999023s
TIME PyQUDA: contract TMD 15/132 [1, 1, 0, 0]
TIME PyQUDA: cshift 0.0035789012908935547s
TIME PyQUDA: contract TMD for U and D 0.018383264541625977s
TIME PyQUDA: contract TMD 16/132 [1, 0, 0, 0]
TIME PyQUDA: cshift 0.0035817623138427734s
TIME PyQUDA: contract TMD for U and D 0.01893162727355957s
TIME PyQUDA: contract TMD 17/132 [1, -1, 0, 0]
TIME PyQUDA: cshift 0.003850698471069336s
TIME PyQUDA: contract TMD for U and D 0.01826786994934082s
TIME PyQUDA: contract TMD 18/132 [1, -2, 0, 0]
TIME PyQUDA: cshift 0.004038810729980469s
TIME PyQUDA: contract TMD for U and D 0.018912076950073242s
TIME PyQUDA: contract TMD 19/132 [1, -3, 0, 0]
TIME PyQUDA: cshift 0.0039594173431396484s
TIME PyQUDA: contract TMD for U and D 0.0184786319732666s
TIME PyQUDA: contract TMD 20/132 [1, -4, 0, 0]
TIME PyQUDA: cshift 0.003976345062255859s
TIME PyQUDA: contract TMD for U and D 0.018696069717407227s
TIME PyQUDA: contract TMD 21/132 [1, -5, 0, 0]
TIME PyQUDA: cshift 0.0039594173431396484s
TIME PyQUDA: contract TMD for U and D 0.018444299697875977s
TIME PyQUDA: contract TMD 22/132 [2, -5, 0, 0]
TIME PyQUDA: cshift 0.005629062652587891s
TIME PyQUDA: contract TMD for U and D 0.01907205581665039s
TIME PyQUDA: contract TMD 23/132 [2, -4, 0, 0]
TIME PyQUDA: cshift 0.004095315933227539s
TIME PyQUDA: contract TMD for U and D 0.018446683883666992s
TIME PyQUDA: contract TMD 24/132 [2, -3, 0, 0]
TIME PyQUDA: cshift 0.004006862640380859s
TIME PyQUDA: contract TMD for U and D 0.018947362899780273s
TIME PyQUDA: contract TMD 25/132 [2, -2, 0, 0]
TIME PyQUDA: cshift 0.0039424896240234375s
TIME PyQUDA: contract TMD for U and D 0.01864480972290039s
TIME PyQUDA: contract TMD 26/132 [2, -1, 0, 0]
TIME PyQUDA: cshift 0.00398564338684082s
TIME PyQUDA: contract TMD for U and D 0.01903820037841797s
TIME PyQUDA: contract TMD 27/132 [2, 0, 0, 0]
TIME PyQUDA: cshift 0.003976345062255859s
TIME PyQUDA: contract TMD for U and D 0.018589258193969727s
TIME PyQUDA: contract TMD 28/132 [2, 1, 0, 0]
TIME PyQUDA: cshift 0.003980159759521484s
TIME PyQUDA: contract TMD for U and D 0.01894235610961914s
TIME PyQUDA: contract TMD 29/132 [2, 2, 0, 0]
TIME PyQUDA: cshift 0.00398564338684082s
TIME PyQUDA: contract TMD for U and D 0.01854991912841797s
TIME PyQUDA: contract TMD 30/132 [2, 3, 0, 0]
TIME PyQUDA: cshift 0.0040357112884521484s
TIME PyQUDA: contract TMD for U and D 0.019236326217651367s
TIME PyQUDA: contract TMD 31/132 [2, 4, 0, 0]
TIME PyQUDA: cshift 0.004023551940917969s
TIME PyQUDA: contract TMD for U and D 0.018661022186279297s
TIME PyQUDA: contract TMD 32/132 [1, 5, 0, 0]
TIME PyQUDA: cshift 0.009147405624389648s
TIME PyQUDA: contract TMD for U and D 0.0190279483795166s
TIME PyQUDA: contract TMD 33/132 [2, 5, 0, 0]
TIME PyQUDA: cshift 0.005636930465698242s
TIME PyQUDA: contract TMD for U and D 0.019194364547729492s
TIME PyQUDA: contract TMD 34/132 [3, 4, 0, 0]
TIME PyQUDA: cshift 0.009036064147949219s
TIME PyQUDA: contract TMD for U and D 0.01896190643310547s
TIME PyQUDA: contract TMD 35/132 [3, 3, 0, 0]
TIME PyQUDA: cshift 0.004045248031616211s
TIME PyQUDA: contract TMD for U and D 0.0186159610748291s
TIME PyQUDA: contract TMD 36/132 [3, 2, 0, 0]
TIME PyQUDA: cshift 0.004006385803222656s
TIME PyQUDA: contract TMD for U and D 0.018885374069213867s
TIME PyQUDA: contract TMD 37/132 [3, 1, 0, 0]
TIME PyQUDA: cshift 0.0040357112884521484s
TIME PyQUDA: contract TMD for U and D 0.018516063690185547s
TIME PyQUDA: contract TMD 38/132 [3, 0, 0, 0]
TIME PyQUDA: cshift 0.004038810729980469s
TIME PyQUDA: contract TMD for U and D 0.019033193588256836s
TIME PyQUDA: contract TMD 39/132 [3, -1, 0, 0]
TIME PyQUDA: cshift 0.004038333892822266s
TIME PyQUDA: contract TMD for U and D 0.01866436004638672s
TIME PyQUDA: contract TMD 40/132 [3, -2, 0, 0]
TIME PyQUDA: cshift 0.003999233245849609s
TIME PyQUDA: contract TMD for U and D 0.019192934036254883s
TIME PyQUDA: contract TMD 41/132 [3, -3, 0, 0]
TIME PyQUDA: cshift 0.00406336784362793s
TIME PyQUDA: contract TMD for U and D 0.01891922950744629s
TIME PyQUDA: contract TMD 42/132 [3, -4, 0, 0]
TIME PyQUDA: cshift 0.004187107086181641s
TIME PyQUDA: contract TMD for U and D 0.01917743682861328s
TIME PyQUDA: contract TMD 43/132 [3, -5, 0, 0]
TIME PyQUDA: cshift 0.004004478454589844s
TIME PyQUDA: contract TMD for U and D 0.018808364868164062s
TIME PyQUDA: contract TMD 44/132 [4, -5, 0, 0]
TIME PyQUDA: cshift 0.0056607723236083984s
TIME PyQUDA: contract TMD for U and D 0.01951003074645996s
TIME PyQUDA: contract TMD 45/132 [4, -4, 0, 0]
TIME PyQUDA: cshift 0.0040514469146728516s
TIME PyQUDA: contract TMD for U and D 0.01896047592163086s
TIME PyQUDA: contract TMD 46/132 [4, -3, 0, 0]
TIME PyQUDA: cshift 0.004026889801025391s
TIME PyQUDA: contract TMD for U and D 0.019012928009033203s
TIME PyQUDA: contract TMD 47/132 [4, -2, 0, 0]
TIME PyQUDA: cshift 0.003964424133300781s
TIME PyQUDA: contract TMD for U and D 0.0187530517578125s
TIME PyQUDA: contract TMD 48/132 [4, -1, 0, 0]
TIME PyQUDA: cshift 0.004030942916870117s
TIME PyQUDA: contract TMD for U and D 0.019398212432861328s
TIME PyQUDA: contract TMD 49/132 [4, 0, 0, 0]
TIME PyQUDA: cshift 0.004029035568237305s
TIME PyQUDA: contract TMD for U and D 0.01874232292175293s
TIME PyQUDA: contract TMD 50/132 [4, 1, 0, 0]
TIME PyQUDA: cshift 0.0040628910064697266s
TIME PyQUDA: contract TMD for U and D 0.018729686737060547s
TIME PyQUDA: contract TMD 51/132 [4, 2, 0, 0]
TIME PyQUDA: cshift 0.004061222076416016s
TIME PyQUDA: contract TMD for U and D 0.018677473068237305s
TIME PyQUDA: contract TMD 52/132 [4, 3, 0, 0]
TIME PyQUDA: cshift 0.004194974899291992s
TIME PyQUDA: contract TMD for U and D 0.019144773483276367s
TIME PyQUDA: contract TMD 53/132 [4, 4, 0, 0]
TIME PyQUDA: cshift 0.004221439361572266s
TIME PyQUDA: contract TMD for U and D 0.018676280975341797s
TIME PyQUDA: contract TMD 54/132 [3, 5, 0, 0]
TIME PyQUDA: cshift 0.009024620056152344s
TIME PyQUDA: contract TMD for U and D 0.01914811134338379s
TIME PyQUDA: contract TMD 55/132 [4, 5, 0, 0]
TIME PyQUDA: cshift 0.005669116973876953s
TIME PyQUDA: contract TMD for U and D 0.018818140029907227s
TIME PyQUDA: contract TMD 56/132 [5, 4, 0, 0]
TIME PyQUDA: cshift 0.00915980339050293s
TIME PyQUDA: contract TMD for U and D 0.019420385360717773s
TIME PyQUDA: contract TMD 57/132 [5, 3, 0, 0]
TIME PyQUDA: cshift 0.0041027069091796875s
TIME PyQUDA: contract TMD for U and D 0.01918768882751465s
TIME PyQUDA: contract TMD 58/132 [5, 2, 0, 0]
TIME PyQUDA: cshift 0.004180431365966797s
TIME PyQUDA: contract TMD for U and D 0.019455671310424805s
TIME PyQUDA: contract TMD 59/132 [5, 1, 0, 0]
TIME PyQUDA: cshift 0.004192829132080078s
TIME PyQUDA: contract TMD for U and D 0.01902008056640625s
TIME PyQUDA: contract TMD 60/132 [5, 0, 0, 0]
TIME PyQUDA: cshift 0.004139900207519531s
TIME PyQUDA: contract TMD for U and D 0.019327640533447266s
TIME PyQUDA: contract TMD 61/132 [5, -1, 0, 0]
TIME PyQUDA: cshift 0.0040476322174072266s
TIME PyQUDA: contract TMD for U and D 0.019217491149902344s
TIME PyQUDA: contract TMD 62/132 [5, -2, 0, 0]
TIME PyQUDA: cshift 0.004081249237060547s
TIME PyQUDA: contract TMD for U and D 0.019338130950927734s
TIME PyQUDA: contract TMD 63/132 [5, -3, 0, 0]
TIME PyQUDA: cshift 0.003999948501586914s
TIME PyQUDA: contract TMD for U and D 0.019221067428588867s
TIME PyQUDA: contract TMD 64/132 [5, -4, 0, 0]
TIME PyQUDA: cshift 0.0039370059967041016s
TIME PyQUDA: contract TMD for U and D 0.019612550735473633s
TIME PyQUDA: contract TMD 65/132 [5, -5, 0, 0]
TIME PyQUDA: cshift 0.003998994827270508s
TIME PyQUDA: contract TMD for U and D 0.019024372100830078s
TIME PyQUDA: contract TMD 66/132 [5, 5, 0, 0]
TIME PyQUDA: cshift 0.038581132888793945s
TIME PyQUDA: contract TMD for U and D 0.019866228103637695s
TIME PyQUDA: contract TMD 67/132 [0, -5, 0, 1]
TIME PyQUDA: cshift 0.018349409103393555s
TIME PyQUDA: contract TMD for U and D 0.018538951873779297s
TIME PyQUDA: contract TMD 68/132 [0, -4, 0, 1]
TIME PyQUDA: cshift 0.0037834644317626953s
TIME PyQUDA: contract TMD for U and D 0.019365787506103516s
TIME PyQUDA: contract TMD 69/132 [0, -3, 0, 1]
TIME PyQUDA: cshift 0.0036072731018066406s
TIME PyQUDA: contract TMD for U and D 0.01911616325378418s
TIME PyQUDA: contract TMD 70/132 [0, -2, 0, 1]
TIME PyQUDA: cshift 0.003642559051513672s
TIME PyQUDA: contract TMD for U and D 0.018975257873535156s
TIME PyQUDA: contract TMD 71/132 [0, -1, 0, 1]
TIME PyQUDA: cshift 0.0036611557006835938s
TIME PyQUDA: contract TMD for U and D 0.01854991912841797s
TIME PyQUDA: contract TMD 72/132 [0, 0, 0, 1]
TIME PyQUDA: cshift 0.003610849380493164s
TIME PyQUDA: contract TMD for U and D 0.01933002471923828s
TIME PyQUDA: contract TMD 73/132 [0, 1, 0, 1]
TIME PyQUDA: cshift 0.0036308765411376953s
TIME PyQUDA: contract TMD for U and D 0.018832683563232422s
TIME PyQUDA: contract TMD 74/132 [0, 2, 0, 1]
TIME PyQUDA: cshift 0.0035958290100097656s
TIME PyQUDA: contract TMD for U and D 0.019892215728759766s
TIME PyQUDA: contract TMD 75/132 [0, 3, 0, 1]
TIME PyQUDA: cshift 0.003766775131225586s
TIME PyQUDA: contract TMD for U and D 0.019295215606689453s
TIME PyQUDA: contract TMD 76/132 [0, 4, 0, 1]
TIME PyQUDA: cshift 0.004044294357299805s
TIME PyQUDA: contract TMD for U and D 0.019479751586914062s
TIME PyQUDA: contract TMD 77/132 [0, 5, 0, 1]
TIME PyQUDA: cshift 0.004097700119018555s
TIME PyQUDA: contract TMD for U and D 0.019426584243774414s
TIME PyQUDA: contract TMD 78/132 [1, 4, 0, 1]
TIME PyQUDA: cshift 0.0069408416748046875s
TIME PyQUDA: contract TMD for U and D 0.01930856704711914s
TIME PyQUDA: contract TMD 79/132 [1, 3, 0, 1]
TIME PyQUDA: cshift 0.004193782806396484s
TIME PyQUDA: contract TMD for U and D 0.018838167190551758s
TIME PyQUDA: contract TMD 80/132 [1, 2, 0, 1]
TIME PyQUDA: cshift 0.00426173210144043s
TIME PyQUDA: contract TMD for U and D 0.019221067428588867s
TIME PyQUDA: contract TMD 81/132 [1, 1, 0, 1]
TIME PyQUDA: cshift 0.00428462028503418s
TIME PyQUDA: contract TMD for U and D 0.018833160400390625s
TIME PyQUDA: contract TMD 82/132 [1, 0, 0, 1]
TIME PyQUDA: cshift 0.004235029220581055s
TIME PyQUDA: contract TMD for U and D 0.019307374954223633s
TIME PyQUDA: contract TMD 83/132 [1, -1, 0, 1]
TIME PyQUDA: cshift 0.004177570343017578s
TIME PyQUDA: contract TMD for U and D 0.018713712692260742s
TIME PyQUDA: contract TMD 84/132 [1, -2, 0, 1]
TIME PyQUDA: cshift 0.004111051559448242s
TIME PyQUDA: contract TMD for U and D 0.019252538681030273s
TIME PyQUDA: contract TMD 85/132 [1, -3, 0, 1]
TIME PyQUDA: cshift 0.0040280818939208984s
TIME PyQUDA: contract TMD for U and D 0.019068479537963867s
TIME PyQUDA: contract TMD 86/132 [1, -4, 0, 1]
TIME PyQUDA: cshift 0.003934621810913086s
TIME PyQUDA: contract TMD for U and D 0.019652366638183594s
TIME PyQUDA: contract TMD 87/132 [1, -5, 0, 1]
TIME PyQUDA: cshift 0.003895282745361328s
TIME PyQUDA: contract TMD for U and D 0.01950550079345703s
TIME PyQUDA: contract TMD 88/132 [2, -5, 0, 1]
TIME PyQUDA: cshift 0.0034422874450683594s
TIME PyQUDA: contract TMD for U and D 0.019500732421875s
TIME PyQUDA: contract TMD 89/132 [2, -4, 0, 1]
TIME PyQUDA: cshift 0.003943681716918945s
TIME PyQUDA: contract TMD for U and D 0.018818378448486328s
TIME PyQUDA: contract TMD 90/132 [2, -3, 0, 1]
TIME PyQUDA: cshift 0.003930807113647461s
TIME PyQUDA: contract TMD for U and D 0.01930999755859375s
TIME PyQUDA: contract TMD 91/132 [2, -2, 0, 1]
TIME PyQUDA: cshift 0.003953218460083008s
TIME PyQUDA: contract TMD for U and D 0.018620967864990234s
TIME PyQUDA: contract TMD 92/132 [2, -1, 0, 1]
TIME PyQUDA: cshift 0.003973960876464844s
TIME PyQUDA: contract TMD for U and D 0.01877140998840332s
TIME PyQUDA: contract TMD 93/132 [2, 0, 0, 1]
TIME PyQUDA: cshift 0.003992557525634766s
TIME PyQUDA: contract TMD for U and D 0.01847219467163086s
TIME PyQUDA: contract TMD 94/132 [2, 1, 0, 1]
TIME PyQUDA: cshift 0.004002094268798828s
TIME PyQUDA: contract TMD for U and D 0.018993377685546875s
TIME PyQUDA: contract TMD 95/132 [2, 2, 0, 1]
TIME PyQUDA: cshift 0.003999471664428711s
TIME PyQUDA: contract TMD for U and D 0.018362760543823242s
TIME PyQUDA: contract TMD 96/132 [2, 3, 0, 1]
TIME PyQUDA: cshift 0.003999233245849609s
TIME PyQUDA: contract TMD for U and D 0.018500089645385742s
TIME PyQUDA: contract TMD 97/132 [2, 4, 0, 1]
TIME PyQUDA: cshift 0.004024028778076172s
TIME PyQUDA: contract TMD for U and D 0.01878213882446289s
TIME PyQUDA: contract TMD 98/132 [1, 5, 0, 1]
TIME PyQUDA: cshift 0.0066339969635009766s
TIME PyQUDA: contract TMD for U and D 0.01917243003845215s
TIME PyQUDA: contract TMD 99/132 [2, 5, 0, 1]
TIME PyQUDA: cshift 0.0035521984100341797s
TIME PyQUDA: contract TMD for U and D 0.019069194793701172s
TIME PyQUDA: contract TMD 100/132 [3, 4, 0, 1]
TIME PyQUDA: cshift 0.006613731384277344s
TIME PyQUDA: contract TMD for U and D 0.01867055892944336s
TIME PyQUDA: contract TMD 101/132 [3, 3, 0, 1]
TIME PyQUDA: cshift 0.003964662551879883s
TIME PyQUDA: contract TMD for U and D 0.018524885177612305s
TIME PyQUDA: contract TMD 102/132 [3, 2, 0, 1]
TIME PyQUDA: cshift 0.003968715667724609s
TIME PyQUDA: contract TMD for U and D 0.018883228302001953s
TIME PyQUDA: contract TMD 103/132 [3, 1, 0, 1]
TIME PyQUDA: cshift 0.003954172134399414s
TIME PyQUDA: contract TMD for U and D 0.018133163452148438s
TIME PyQUDA: contract TMD 104/132 [3, 0, 0, 1]
TIME PyQUDA: cshift 0.003922939300537109s
TIME PyQUDA: contract TMD for U and D 0.019026994705200195s
TIME PyQUDA: contract TMD 105/132 [3, -1, 0, 1]
TIME PyQUDA: cshift 0.003948688507080078s
TIME PyQUDA: contract TMD for U and D 0.0184786319732666s
TIME PyQUDA: contract TMD 106/132 [3, -2, 0, 1]
TIME PyQUDA: cshift 0.003947734832763672s
TIME PyQUDA: contract TMD for U and D 0.018748760223388672s
TIME PyQUDA: contract TMD 107/132 [3, -3, 0, 1]
TIME PyQUDA: cshift 0.004004955291748047s
TIME PyQUDA: contract TMD for U and D 0.018452167510986328s
TIME PyQUDA: contract TMD 108/132 [3, -4, 0, 1]
TIME PyQUDA: cshift 0.0039844512939453125s
TIME PyQUDA: contract TMD for U and D 0.019008159637451172s
TIME PyQUDA: contract TMD 109/132 [3, -5, 0, 1]
TIME PyQUDA: cshift 0.003962516784667969s
TIME PyQUDA: contract TMD for U and D 0.018881559371948242s
TIME PyQUDA: contract TMD 110/132 [4, -5, 0, 1]
TIME PyQUDA: cshift 0.003607511520385742s
TIME PyQUDA: contract TMD for U and D 0.01905655860900879s
TIME PyQUDA: contract TMD 111/132 [4, -4, 0, 1]
TIME PyQUDA: cshift 0.004056215286254883s
TIME PyQUDA: contract TMD for U and D 0.018443584442138672s
TIME PyQUDA: contract TMD 112/132 [4, -3, 0, 1]
TIME PyQUDA: cshift 0.004006147384643555s
TIME PyQUDA: contract TMD for U and D 0.018570661544799805s
TIME PyQUDA: contract TMD 113/132 [4, -2, 0, 1]
TIME PyQUDA: cshift 0.004065513610839844s
TIME PyQUDA: contract TMD for U and D 0.01829814910888672s
TIME PyQUDA: contract TMD 114/132 [4, -1, 0, 1]
TIME PyQUDA: cshift 0.004027128219604492s
TIME PyQUDA: contract TMD for U and D 0.018549680709838867s
TIME PyQUDA: contract TMD 115/132 [4, 0, 0, 1]
TIME PyQUDA: cshift 0.004019021987915039s
TIME PyQUDA: contract TMD for U and D 0.018192768096923828s
TIME PyQUDA: contract TMD 116/132 [4, 1, 0, 1]
TIME PyQUDA: cshift 0.004019021987915039s
TIME PyQUDA: contract TMD for U and D 0.018744707107543945s
TIME PyQUDA: contract TMD 117/132 [4, 2, 0, 1]
TIME PyQUDA: cshift 0.004006624221801758s
TIME PyQUDA: contract TMD for U and D 0.018230676651000977s
TIME PyQUDA: contract TMD 118/132 [4, 3, 0, 1]
TIME PyQUDA: cshift 0.004019260406494141s
TIME PyQUDA: contract TMD for U and D 0.01874256134033203s
TIME PyQUDA: contract TMD 119/132 [4, 4, 0, 1]
TIME PyQUDA: cshift 0.0038945674896240234s
TIME PyQUDA: contract TMD for U and D 0.01859879493713379s
TIME PyQUDA: contract TMD 120/132 [3, 5, 0, 1]
TIME PyQUDA: cshift 0.006323099136352539s
TIME PyQUDA: contract TMD for U and D 0.019308090209960938s
TIME PyQUDA: contract TMD 121/132 [4, 5, 0, 1]
TIME PyQUDA: cshift 0.0034987926483154297s
TIME PyQUDA: contract TMD for U and D 0.019237756729125977s
TIME PyQUDA: contract TMD 122/132 [5, 4, 0, 1]
TIME PyQUDA: cshift 0.006386995315551758s
TIME PyQUDA: contract TMD for U and D 0.018953323364257812s
TIME PyQUDA: contract TMD 123/132 [5, 3, 0, 1]
TIME PyQUDA: cshift 0.0038633346557617188s
TIME PyQUDA: contract TMD for U and D 0.01835012435913086s
TIME PyQUDA: contract TMD 124/132 [5, 2, 0, 1]
TIME PyQUDA: cshift 0.00388336181640625s
TIME PyQUDA: contract TMD for U and D 0.018771886825561523s
TIME PyQUDA: contract TMD 125/132 [5, 1, 0, 1]
TIME PyQUDA: cshift 0.0038666725158691406s
TIME PyQUDA: contract TMD for U and D 0.01842474937438965s
TIME PyQUDA: contract TMD 126/132 [5, 0, 0, 1]
TIME PyQUDA: cshift 0.003901958465576172s
TIME PyQUDA: contract TMD for U and D 0.01912236213684082s
TIME PyQUDA: contract TMD 127/132 [5, -1, 0, 1]
TIME PyQUDA: cshift 0.0039157867431640625s
TIME PyQUDA: contract TMD for U and D 0.018131494522094727s
TIME PyQUDA: contract TMD 128/132 [5, -2, 0, 1]
TIME PyQUDA: cshift 0.003911733627319336s
TIME PyQUDA: contract TMD for U and D 0.01898932456970215s
TIME PyQUDA: contract TMD 129/132 [5, -3, 0, 1]
TIME PyQUDA: cshift 0.003905773162841797s
TIME PyQUDA: contract TMD for U and D 0.01831960678100586s
TIME PyQUDA: contract TMD 130/132 [5, -4, 0, 1]
TIME PyQUDA: cshift 0.003902435302734375s
TIME PyQUDA: contract TMD for U and D 0.018823862075805664s
TIME PyQUDA: contract TMD 131/132 [5, -5, 0, 1]
TIME PyQUDA: cshift 0.003923892974853516s
TIME PyQUDA: contract TMD for U and D 0.018383026123046875s
TIME PyQUDA: contract TMD 132/132 [5, 5, 0, 1]
TIME PyQUDA: cshift 0.03695178031921387s
TIME PyQUDA: contract TMD for U and D 0.019144296646118164s
contract_TMD over: proton_TMDs.shape (132, 1, 75, 16, 48) 3.241755485534668s
no roll
corr.shape, (132, 75, 1, 12)
plist.shape, (75, 4)
TIME: save TMDs for PpUnpol 2.3065755367279053s
contract_TMD DONE: CG no links
MEM: released temporary memory (after CG TMD)
contract_PDF loop: GI with links
contract_GI_PDF over: proton_PDFs.shape (11, 1, 75, 16, 48) 0.03848385810852051s
no roll
corr.shape, (11, 75, 1, 12)
plist.shape, (75, 4)
TIME: save PDFs for PpUnpol 0.20908761024475098s
contract_PDF DONE: GI with links
MEM: released temporary memory (end of source)
DONE: 300_x19y23z25t47_1HYP_GSRC_W90_k3_T5_PX0PY0PZ9dt10
WARNING: Environment variable QUDA_PROFILE_OUTPUT_BASE not set; writing to profile.tsv and profile_async.tsv
Saving 283 sets of cached parameters to .cache/profile_0.tsv
Saving 0 sets of cached profiles to .cache/profile_async_0.tsv
WARNING: The following internal memory allocations were not freed.

Type    Pointer          Size             Location
----------------------------------------------------------
Device   0x7ffc72400000          4718592  quda_ptr(), /lustre/orion/nph158/world-shared/software/build/quda/lib/quda_ptr.cpp:17
Device   0x7ffc75c00000          2555904  quda_ptr(), /lustre/orion/nph158/world-shared/software/build/quda/lib/quda_ptr.cpp:17
Device   0x7ffc76200000          2555904  quda_ptr(), /lustre/orion/nph158/world-shared/software/build/quda/lib/quda_ptr.cpp:17
Device   0x7ffc76800000          2555904  quda_ptr(), /lustre/orion/nph158/world-shared/software/build/quda/lib/quda_ptr.cpp:17
Device   0x7ffc76e00000          2555904  quda_ptr(), /lustre/orion/nph158/world-shared/software/build/quda/lib/quda_ptr.cpp:17
Device   0x7ffc77400000          2555904  quda_ptr(), /lustre/orion/nph158/world-shared/software/build/quda/lib/quda_ptr.cpp:17
Device   0x7ffc77a00000          2555904  quda_ptr(), /lustre/orion/nph158/world-shared/software/build/quda/lib/quda_ptr.cpp:17
Device   0x7ffc78000000          2555904  quda_ptr(), /lustre/orion/nph158/world-shared/software/build/quda/lib/quda_ptr.cpp:17
Device   0x7ffc89800000         42467328  quda_ptr(), /lustre/orion/nph158/world-shared/software/build/quda/lib/quda_ptr.cpp:17
Device   0x7ffc8c400000        113639424  quda_ptr(), /lustre/orion/nph158/world-shared/software/build/quda/lib/quda_ptr.cpp:17
Device   0x7ffc9b800000          2555904  quda_ptr(), /lustre/orion/nph158/world-shared/software/build/quda/lib/quda_ptr.cpp:17
Device   0x7ffc9c200000          2555904  quda_ptr(), /lustre/orion/nph158/world-shared/software/build/quda/lib/quda_ptr.cpp:17
Device   0x7ffc9c800000          4718592  RNG(), random.cu:39
Device   0x7ffc9d000000          5111808  quda_ptr(), /lustre/orion/nph158/world-shared/software/build/quda/lib/quda_ptr.cpp:17
Device   0x7ffc9d800000          5111808  quda_ptr(), /lustre/orion/nph158/world-shared/software/build/quda/lib/quda_ptr.cpp:17
Device   0x7ffc9e000000          5111808  quda_ptr(), /lustre/orion/nph158/world-shared/software/build/quda/lib/quda_ptr.cpp:17
Device   0x7ffc9e800000          5111808  quda_ptr(), /lustre/orion/nph158/world-shared/software/build/quda/lib/quda_ptr.cpp:17
Device   0x7ffc9f000000          5111808  quda_ptr(), /lustre/orion/nph158/world-shared/software/build/quda/lib/quda_ptr.cpp:17
Device   0x7ffc9f800000          5111808  quda_ptr(), /lustre/orion/nph158/world-shared/software/build/quda/lib/quda_ptr.cpp:17
Device   0x7ffca0000000          5111808  quda_ptr(), /lustre/orion/nph158/world-shared/software/build/quda/lib/quda_ptr.cpp:17
Device   0x7ffca0800000          5111808  quda_ptr(), /lustre/orion/nph158/world-shared/software/build/quda/lib/quda_ptr.cpp:17
Device   0x7ffca1000000          5111808  quda_ptr(), /lustre/orion/nph158/world-shared/software/build/quda/lib/quda_ptr.cpp:17
Device   0x7ffca1800000          5111808  quda_ptr(), /lustre/orion/nph158/world-shared/software/build/quda/lib/quda_ptr.cpp:17
Device   0x7ffca2000000          5111808  quda_ptr(), /lustre/orion/nph158/world-shared/software/build/quda/lib/quda_ptr.cpp:17
Device   0x7ffca2800000          5111808  quda_ptr(), /lustre/orion/nph158/world-shared/software/build/quda/lib/quda_ptr.cpp:17
Device   0x7ffca3000000          5111808  quda_ptr(), /lustre/orion/nph158/world-shared/software/build/quda/lib/quda_ptr.cpp:17
Device   0x7ffca3800000          5111808  quda_ptr(), /lustre/orion/nph158/world-shared/software/build/quda/lib/quda_ptr.cpp:17
Device   0x7ffcc0600000          5111808  quda_ptr(), /lustre/orion/nph158/world-shared/software/build/quda/lib/quda_ptr.cpp:17
Device   0x7ffcd0400000          3538944  quda_ptr(), /lustre/orion/nph158/world-shared/software/build/quda/lib/quda_ptr.cpp:17
Device   0x7ffcd0a00000          3538944  quda_ptr(), /lustre/orion/nph158/world-shared/software/build/quda/lib/quda_ptr.cpp:17
Device   0x7ffcd1000000         42467328  quda_ptr(), /lustre/orion/nph158/world-shared/software/build/quda/lib/quda_ptr.cpp:17
Device   0x7ffcd3c00000          5111808  quda_ptr(), /lustre/orion/nph158/world-shared/software/build/quda/lib/quda_ptr.cpp:17
Device   0x7ffcef400000          5111808  quda_ptr(), /lustre/orion/nph158/world-shared/software/build/quda/lib/quda_ptr.cpp:17
Device   0x7ffcf4000000           147456  quda_ptr(), /lustre/orion/nph158/world-shared/software/build/quda/lib/quda_ptr.cpp:17
Device   0x7ffcf4024000           147456  quda_ptr(), /lustre/orion/nph158/world-shared/software/build/quda/lib/quda_ptr.cpp:17
Device   0x7ffcf4048000           147456  quda_ptr(), /lustre/orion/nph158/world-shared/software/build/quda/lib/quda_ptr.cpp:17
Device   0x7ffcf406c000           147456  quda_ptr(), /lustre/orion/nph158/world-shared/software/build/quda/lib/quda_ptr.cpp:17
Device   0x7ffcf4090000           147456  quda_ptr(), /lustre/orion/nph158/world-shared/software/build/quda/lib/quda_ptr.cpp:17
Device   0x7ffcf40c6000            73728  quda_ptr(), /lustre/orion/nph158/world-shared/software/build/quda/lib/quda_ptr.cpp:17
Device   0x7ffcf40d8000            73728  quda_ptr(), /lustre/orion/nph158/world-shared/software/build/quda/lib/quda_ptr.cpp:17
Device   0x7ffcf40ea000            73728  quda_ptr(), /lustre/orion/nph158/world-shared/software/build/quda/lib/quda_ptr.cpp:17
Device   0x7ffcf40fc000            73728  quda_ptr(), /lustre/orion/nph158/world-shared/software/build/quda/lib/quda_ptr.cpp:17
Device   0x7ffcf410e000            73728  quda_ptr(), /lustre/orion/nph158/world-shared/software/build/quda/lib/quda_ptr.cpp:17
Device   0x7ffcf4600000          5111808  quda_ptr(), /lustre/orion/nph158/world-shared/software/build/quda/lib/quda_ptr.cpp:17
Device   0x7ffcf4e00000          5111808  quda_ptr(), /lustre/orion/nph158/world-shared/software/build/quda/lib/quda_ptr.cpp:17
Device   0x7ffcf5600000          5111808  quda_ptr(), /lustre/orion/nph158/world-shared/software/build/quda/lib/quda_ptr.cpp:17
Device   0x7ffcf5e00000          5111808  quda_ptr(), /lustre/orion/nph158/world-shared/software/build/quda/lib/quda_ptr.cpp:17
Device   0x7ffcf6600000          5111808  quda_ptr(), /lustre/orion/nph158/world-shared/software/build/quda/lib/quda_ptr.cpp:17
Device   0x7ffcf6e00000          5111808  quda_ptr(), /lustre/orion/nph158/world-shared/software/build/quda/lib/quda_ptr.cpp:17
Device   0x7ffd29600000          5111808  quda_ptr(), /lustre/orion/nph158/world-shared/software/build/quda/lib/quda_ptr.cpp:17
Device   0x7ffd2d600000           147456  quda_ptr(), /lustre/orion/nph158/world-shared/software/build/quda/lib/quda_ptr.cpp:17
Device   0x7ffd2d624000           147456  quda_ptr(), /lustre/orion/nph158/world-shared/software/build/quda/lib/quda_ptr.cpp:17
Device   0x7ffd2d648000           147456  quda_ptr(), /lustre/orion/nph158/world-shared/software/build/quda/lib/quda_ptr.cpp:17
Device   0x7ffd2d66c000           147456  quda_ptr(), /lustre/orion/nph158/world-shared/software/build/quda/lib/quda_ptr.cpp:17
Device   0x7ffd2d690000           147456  quda_ptr(), /lustre/orion/nph158/world-shared/software/build/quda/lib/quda_ptr.cpp:17
Device   0x7ffd2d6b4000           147456  quda_ptr(), /lustre/orion/nph158/world-shared/software/build/quda/lib/quda_ptr.cpp:17
Device   0x7ffd2d6d8000           147456  quda_ptr(), /lustre/orion/nph158/world-shared/software/build/quda/lib/quda_ptr.cpp:17
Device   0x7ffd2d6fc000           147456  quda_ptr(), /lustre/orion/nph158/world-shared/software/build/quda/lib/quda_ptr.cpp:17
Device   0x7ffd2d720000           147456  quda_ptr(), /lustre/orion/nph158/world-shared/software/build/quda/lib/quda_ptr.cpp:17
Device   0x7ffd2d744000           147456  quda_ptr(), /lustre/orion/nph158/world-shared/software/build/quda/lib/quda_ptr.cpp:17
Device   0x7ffd2d768000           147456  quda_ptr(), /lustre/orion/nph158/world-shared/software/build/quda/lib/quda_ptr.cpp:17
Device   0x7ffd2d78c000           147456  quda_ptr(), /lustre/orion/nph158/world-shared/software/build/quda/lib/quda_ptr.cpp:17
Device   0x7ffd2d7b0000           147456  quda_ptr(), /lustre/orion/nph158/world-shared/software/build/quda/lib/quda_ptr.cpp:17
Device   0x7ffd2d7d4000           147456  quda_ptr(), /lustre/orion/nph158/world-shared/software/build/quda/lib/quda_ptr.cpp:17
Device   0x7ffd2d7f8000            18432  RNG(), random.cu:39
Device   0x7ffd37433000           393216  Transfer(), /lustre/orion/nph158/world-shared/software/build/quda/lib/transfer.cpp:103
Device   0x7ffd37493000           393216  Transfer(), /lustre/orion/nph158/world-shared/software/build/quda/lib/transfer.cpp:104
Device   0x7ffd374f3000           147456  quda_ptr(), /lustre/orion/nph158/world-shared/software/build/quda/lib/quda_ptr.cpp:17
Device   0x7ffd37517000           147456  quda_ptr(), /lustre/orion/nph158/world-shared/software/build/quda/lib/quda_ptr.cpp:17
Device   0x7ffd3753b000           147456  quda_ptr(), /lustre/orion/nph158/world-shared/software/build/quda/lib/quda_ptr.cpp:17
Device   0x7ffd3755f000           147456  quda_ptr(), /lustre/orion/nph158/world-shared/software/build/quda/lib/quda_ptr.cpp:17
Device   0x7ffd37583000           147456  quda_ptr(), /lustre/orion/nph158/world-shared/software/build/quda/lib/quda_ptr.cpp:17
Device   0x7ffd375a7000           147456  quda_ptr(), /lustre/orion/nph158/world-shared/software/build/quda/lib/quda_ptr.cpp:17
Device   0x7ffd375cb000           147456  quda_ptr(), /lustre/orion/nph158/world-shared/software/build/quda/lib/quda_ptr.cpp:17
Host          0x2c19b30              852  create(), color_spinor_field.cpp:207
Host          0x2c27f90              852  create(), color_spinor_field.cpp:207
Host          0x44408e0              852  create(), color_spinor_field.cpp:207
Host          0x4ac78e0               12  comm_declare_send_displaced(), communicator_mpi.cpp:173
Host          0x4f8f8d0                8  Transfer(), transfer.cpp:110
Host          0x50b0970             3096  operator new(), object.h:22
Host          0x50b1590             3096  operator new(), object.h:22
Host          0x50b2240             3096  operator new(), object.h:22
Host          0x50b2ef0              852  create(), color_spinor_field.cpp:207
Host          0x50b3320             3096  operator new(), object.h:22
Host          0x50b3fd0              852  create(), color_spinor_field.cpp:207
Host          0x50b4430              852  create(), color_spinor_field.cpp:207
Host          0x50b4b20             3096  operator new(), object.h:22
Host          0x50b57f0              852  create(), color_spinor_field.cpp:207
Host          0x50b5c50             3096  operator new(), object.h:22
Host          0x50b6900              852  create(), color_spinor_field.cpp:207
Host          0x50b6d60              852  create(), color_spinor_field.cpp:207
Host          0x50b75a0             3096  operator new(), object.h:22
Host          0x50b8270              852  create(), color_spinor_field.cpp:207
Host          0x50b86d0             3096  operator new(), object.h:22
Host          0x50b9380              852  create(), color_spinor_field.cpp:207
Host          0x50b97e0              852  create(), color_spinor_field.cpp:207
Host          0x50ba020             3096  operator new(), object.h:22
Host          0x50bacf0              852  create(), color_spinor_field.cpp:207
Host          0x50bb150             3096  operator new(), object.h:22
Host          0x50bbe00              852  create(), color_spinor_field.cpp:207
Host          0x50bc260              852  create(), color_spinor_field.cpp:207
Host          0x50bcd60             3096  operator new(), object.h:22
Host          0x50bda30              852  create(), color_spinor_field.cpp:207
Host          0x50bde90             3096  operator new(), object.h:22
Host          0x50beb40              852  create(), color_spinor_field.cpp:207
Host          0x50befa0              852  create(), color_spinor_field.cpp:207
Host          0x50bfaa0             3096  operator new(), object.h:22
Host          0x50c0770              852  create(), color_spinor_field.cpp:207
Host          0x50c0bd0             3096  operator new(), object.h:22
Host          0x50c1880              852  create(), color_spinor_field.cpp:207
Host          0x50c1ce0              852  create(), color_spinor_field.cpp:207
Host          0x50c27e0             3096  operator new(), object.h:22
Host          0x50c34b0              852  create(), color_spinor_field.cpp:207
Host          0x50c3910             3096  operator new(), object.h:22
Host          0x50c45c0              852  create(), color_spinor_field.cpp:207
Host          0x50c4a20              852  create(), color_spinor_field.cpp:207
Host          0x50c5580             3096  operator new(), object.h:22
Host          0x50c6250              852  create(), color_spinor_field.cpp:207
Host          0x50c66b0             3096  operator new(), object.h:22
Host          0x50c7360              852  create(), color_spinor_field.cpp:207
Host          0x50c77c0              852  create(), color_spinor_field.cpp:207
Host          0x50c8320             3096  operator new(), object.h:22
Host          0x50c8ff0              852  create(), color_spinor_field.cpp:207
Host          0x50c9450             3096  operator new(), object.h:22
Host          0x50ca100              852  create(), color_spinor_field.cpp:207
Host          0x50ca560              852  create(), color_spinor_field.cpp:207
Host          0x50cb0c0             3096  operator new(), object.h:22
Host          0x50cbd90              852  create(), color_spinor_field.cpp:207
Host          0x50cc1f0             3096  operator new(), object.h:22
Host          0x50ccea0              852  create(), color_spinor_field.cpp:207
Host          0x50cd300              852  create(), color_spinor_field.cpp:207
Host          0x50cde60             3096  operator new(), object.h:22
Host          0x50ceb30              852  create(), color_spinor_field.cpp:207
Host          0x50cef90             3096  operator new(), object.h:22
Host          0x50cfc40              852  create(), color_spinor_field.cpp:207
Host          0x50d00a0              852  create(), color_spinor_field.cpp:207
Host          0x50d0c00             3096  operator new(), object.h:22
Host          0x50d18d0              852  create(), color_spinor_field.cpp:207
Host          0x50d1d30             3096  operator new(), object.h:22
Host          0x50d29e0              852  create(), color_spinor_field.cpp:207
Host          0x50d2e40              852  create(), color_spinor_field.cpp:207
Host          0x50d39a0             3096  operator new(), object.h:22
Host          0x50d4670              852  create(), color_spinor_field.cpp:207
Host          0x50d4ad0             3096  operator new(), object.h:22
Host          0x50d5780              852  create(), color_spinor_field.cpp:207
Host          0x50d5be0              852  create(), color_spinor_field.cpp:207
Host          0x50d6740             3096  operator new(), object.h:22
Host          0x50d7410              852  create(), color_spinor_field.cpp:207
Host          0x50d7870             3096  operator new(), object.h:22
Host          0x50d8520              852  create(), color_spinor_field.cpp:207
Host          0x50d8980              852  create(), color_spinor_field.cpp:207
Host          0x50d94e0             3096  operator new(), object.h:22
Host          0x50da1b0              852  create(), color_spinor_field.cpp:207
Host          0x50da610             3096  operator new(), object.h:22
Host          0x50db2c0              852  create(), color_spinor_field.cpp:207
Host          0x50db720              852  create(), color_spinor_field.cpp:207
Host          0x50dc280             3096  operator new(), object.h:22
Host          0x50dcf50              852  create(), color_spinor_field.cpp:207
Host          0x50dd3b0             3096  operator new(), object.h:22
Host          0x50de060              852  create(), color_spinor_field.cpp:207
Host          0x50de4c0              852  create(), color_spinor_field.cpp:207
Host          0x50df020             3096  operator new(), object.h:22
Host          0x50dfcf0              852  create(), color_spinor_field.cpp:207
Host          0x50e0150             3096  operator new(), object.h:22
Host          0x50e0e00              852  create(), color_spinor_field.cpp:207
Host          0x50e1260              852  create(), color_spinor_field.cpp:207
Host          0x50e1dc0             3096  operator new(), object.h:22
Host          0x50e2a90              852  create(), color_spinor_field.cpp:207
Host          0x50e2ef0             3096  operator new(), object.h:22
Host          0x50e3ba0              852  create(), color_spinor_field.cpp:207
Host          0x50e4000              852  create(), color_spinor_field.cpp:207
Host          0x50e4b60             3096  operator new(), object.h:22
Host          0x50e5830              852  create(), color_spinor_field.cpp:207
Host          0x50e5c90             3096  operator new(), object.h:22
Host          0x50e6940              852  create(), color_spinor_field.cpp:207
Host          0x50e6da0              852  create(), color_spinor_field.cpp:207
Host          0x50e7900             3096  operator new(), object.h:22
Host          0x50e85d0              852  create(), color_spinor_field.cpp:207
Host          0x50e8a30             3096  operator new(), object.h:22
Host          0x50e96e0              852  create(), color_spinor_field.cpp:207
Host          0x50e9b40              852  create(), color_spinor_field.cpp:207
Host          0x50ea6a0             3096  operator new(), object.h:22
Host          0x50eb370              852  create(), color_spinor_field.cpp:207
Host          0x50eb7d0             3096  operator new(), object.h:22
Host          0x50ec480              852  create(), color_spinor_field.cpp:207
Host          0x50ec8e0              852  create(), color_spinor_field.cpp:207
Host          0x50ed440             3096  operator new(), object.h:22
Host          0x50ee110              852  create(), color_spinor_field.cpp:207
Host          0x50ee570             3096  operator new(), object.h:22
Host          0x50ef220              852  create(), color_spinor_field.cpp:207
Host          0x50ef680              852  create(), color_spinor_field.cpp:207
Host          0x50f01e0             3096  operator new(), object.h:22
Host          0x50f0eb0              852  create(), color_spinor_field.cpp:207
Host          0x50f1310             3096  operator new(), object.h:22
Host          0x50f1fc0              852  create(), color_spinor_field.cpp:207
Host          0x50f2420              852  create(), color_spinor_field.cpp:207
Host          0x50f9fa0              852  create(), color_spinor_field.cpp:207
Host          0x5423ac0               12  comm_declare_receive_displaced(), communicator_mpi.cpp:195
Host          0x595fd70             3096  operator new(), object.h:22
Host          0x5aed800              852  create(), color_spinor_field.cpp:207
Host          0x5aedb60              852  create(), color_spinor_field.cpp:207
Host          0x604db10              852  create(), color_spinor_field.cpp:207
Host          0x72263c0               12  comm_declare_send_displaced(), communicator_mpi.cpp:173
Host          0x722b930              852  create(), color_spinor_field.cpp:207
Host          0x7241330               32  Transfer(), transfer.cpp:109
Host          0x76ba3f0              852  create(), color_spinor_field.cpp:207
Host          0x78471e0              852  create(), color_spinor_field.cpp:207
Host          0x786eb40                8  Transfer(), transfer.cpp:110
Host          0x786eda0                8  Transfer(), transfer.cpp:110
Host          0x787ad60                8  Transfer(), transfer.cpp:110
Host          0x7e04830               12  comm_declare_receive_displaced(), communicator_mpi.cpp:195
Host          0x7e40ef0              852  create(), color_spinor_field.cpp:207
Host          0x7e41f80               12  comm_declare_receive_displaced(), communicator_mpi.cpp:195
Host          0x7e46d00             3096  operator new(), object.h:22
Host          0x7e4efd0              852  create(), color_spinor_field.cpp:207
Host          0x7e4ff90              852  create(), color_spinor_field.cpp:207
Host          0x839b010             3096  operator new(), object.h:22
Host          0x839bcc0              852  create(), color_spinor_field.cpp:207
Host          0x839ca40              852  create(), color_spinor_field.cpp:207
Host          0x83abce0             3096  operator new(), object.h:22
Host          0x83ad520             3096  operator new(), object.h:22
Host          0x83ae140             3096  operator new(), object.h:22
Host          0x83c0fb0             3096  operator new(), object.h:22
Host          0x83c1bd0             3096  operator new(), object.h:22
Host          0x83c2880              852  create(), color_spinor_field.cpp:207
Host          0x83c33c0             3096  operator new(), object.h:22
Host          0x83c4070              852  create(), color_spinor_field.cpp:207
Host          0x83c44a0             3096  operator new(), object.h:22
Host          0x83c5150              852  create(), color_spinor_field.cpp:207
Host          0x83c5580              852  create(), color_spinor_field.cpp:207
Host          0x83c6180             3096  operator new(), object.h:22
Host          0x83c6e30              852  create(), color_spinor_field.cpp:207
Host          0x83c7260             3096  operator new(), object.h:22
Host          0x83c7f10              852  create(), color_spinor_field.cpp:207
Host          0x83c8340              852  create(), color_spinor_field.cpp:207
Host          0x83c8fa0             3096  operator new(), object.h:22
Host          0x83c9c50              852  create(), color_spinor_field.cpp:207
Host          0x83ca080             3096  operator new(), object.h:22
Host          0x83cad30              852  create(), color_spinor_field.cpp:207
Host          0x83cb190              852  create(), color_spinor_field.cpp:207
Host          0x83cbdf0             3096  operator new(), object.h:22
Host          0x83ccaa0              852  create(), color_spinor_field.cpp:207
Host          0x83cced0             3096  operator new(), object.h:22
Host          0x83cdb80              852  create(), color_spinor_field.cpp:207
Host          0x83cdfe0              852  create(), color_spinor_field.cpp:207
Host          0x83cecc0             3096  operator new(), object.h:22
Host          0x83cf970              852  create(), color_spinor_field.cpp:207
Host          0x83cfda0             3096  operator new(), object.h:22
Host          0x83d0a50              852  create(), color_spinor_field.cpp:207
Host          0x83d0eb0              852  create(), color_spinor_field.cpp:207
Host          0x83d1b10             3096  operator new(), object.h:22
Host          0x83d27c0              852  create(), color_spinor_field.cpp:207
Host          0x83d2bf0             3096  operator new(), object.h:22
Host          0x83d38a0              852  create(), color_spinor_field.cpp:207
Host          0x83d3d00              852  create(), color_spinor_field.cpp:207
Host          0x83d4960             3096  operator new(), object.h:22
Host          0x83d5610              852  create(), color_spinor_field.cpp:207
Host          0x83d5a40             3096  operator new(), object.h:22
Host          0x83d66f0              852  create(), color_spinor_field.cpp:207
Host          0x83d6b50              852  create(), color_spinor_field.cpp:207
Host          0x83d77b0             3096  operator new(), object.h:22
Host          0x83d8460              852  create(), color_spinor_field.cpp:207
Host          0x83d8890             3096  operator new(), object.h:22
Host          0x83d9540              852  create(), color_spinor_field.cpp:207
Host          0x83d99a0              852  create(), color_spinor_field.cpp:207
Host          0x83da600             3096  operator new(), object.h:22
Host          0x83db2b0              852  create(), color_spinor_field.cpp:207
Host          0x83db6e0             3096  operator new(), object.h:22
Host          0x83dc390              852  create(), color_spinor_field.cpp:207
Host          0x83dc7f0              852  create(), color_spinor_field.cpp:207
Host          0x83dd450             3096  operator new(), object.h:22
Host          0x83de120              852  create(), color_spinor_field.cpp:207
Host          0x83de550             3096  operator new(), object.h:22
Host          0x83df200              852  create(), color_spinor_field.cpp:207
Host          0x83df660              852  create(), color_spinor_field.cpp:207
Host          0x83e02c0             3096  operator new(), object.h:22
Host          0x83e0f90              852  create(), color_spinor_field.cpp:207
Host          0x83e13c0             3096  operator new(), object.h:22
Host          0x83e2070              852  create(), color_spinor_field.cpp:207
Host          0x83e24d0              852  create(), color_spinor_field.cpp:207
Host          0x83e3130             3096  operator new(), object.h:22
Host          0x83e3e00              852  create(), color_spinor_field.cpp:207
Host          0x83e4230             3096  operator new(), object.h:22
Host          0x83e4ee0              852  create(), color_spinor_field.cpp:207
Host          0x83e5340              852  create(), color_spinor_field.cpp:207
Host          0x83e5a10               12  comm_declare_send_displaced(), communicator_mpi.cpp:173
Host          0x83e5fa0             3096  operator new(), object.h:22
Host          0x83e6c70              852  create(), color_spinor_field.cpp:207
Host          0x83e70a0             3096  operator new(), object.h:22
Host          0x83e7d50              852  create(), color_spinor_field.cpp:207
Host          0x83e81b0              852  create(), color_spinor_field.cpp:207
Host          0x83e8e10             3096  operator new(), object.h:22
Host          0x83e9ae0              852  create(), color_spinor_field.cpp:207
Host          0x83e9f10             3096  operator new(), object.h:22
Host          0x83eabc0              852  create(), color_spinor_field.cpp:207
Host          0x83eb020              852  create(), color_spinor_field.cpp:207
Host          0x83ebc80             3096  operator new(), object.h:22
Host          0x83ec950              852  create(), color_spinor_field.cpp:207
Host          0x83ecd80             3096  operator new(), object.h:22
Host          0x83eda30              852  create(), color_spinor_field.cpp:207
Host          0x83ede90              852  create(), color_spinor_field.cpp:207
Host          0x83eeaf0             3096  operator new(), object.h:22
Host          0x83ef7c0              852  create(), color_spinor_field.cpp:207
Host          0x83efbf0             3096  operator new(), object.h:22
Host          0x83f08a0              852  create(), color_spinor_field.cpp:207
Host          0x83f0d00              852  create(), color_spinor_field.cpp:207
Host          0x83f1960             3096  operator new(), object.h:22
Host          0x83f2630              852  create(), color_spinor_field.cpp:207
Host          0x83f2a60             3096  operator new(), object.h:22
Host          0x83f3710              852  create(), color_spinor_field.cpp:207
Host          0x83f3b70              852  create(), color_spinor_field.cpp:207
Host          0x83f47d0             3096  operator new(), object.h:22
Host          0x83f54a0              852  create(), color_spinor_field.cpp:207
Host          0x83f58d0             3096  operator new(), object.h:22
Host          0x83f6580              852  create(), color_spinor_field.cpp:207
Host          0x83f69e0              852  create(), color_spinor_field.cpp:207
Host          0x83f76e0             3096  operator new(), object.h:22
Host          0x83f83b0              852  create(), color_spinor_field.cpp:207
Host          0x83f87e0             3096  operator new(), object.h:22
Host          0x83f9490              852  create(), color_spinor_field.cpp:207
Host          0x83f98f0              852  create(), color_spinor_field.cpp:207
Host          0x83fa550             3096  operator new(), object.h:22
Host          0x83fb220              852  create(), color_spinor_field.cpp:207
Host          0x83fb650             3096  operator new(), object.h:22
Host          0x83fc300              852  create(), color_spinor_field.cpp:207
Host          0x83fc760              852  create(), color_spinor_field.cpp:207
Host          0x83fd3c0             3096  operator new(), object.h:22
Host          0x83fe090              852  create(), color_spinor_field.cpp:207
Host          0x83fe4c0             3096  operator new(), object.h:22
Host          0x83ff170              852  create(), color_spinor_field.cpp:207
Host          0x83ff5d0              852  create(), color_spinor_field.cpp:207
Host          0x8400230             3096  operator new(), object.h:22
Host          0x8400f00              852  create(), color_spinor_field.cpp:207
Host          0x8401330             3096  operator new(), object.h:22
Host          0x8401fe0              852  create(), color_spinor_field.cpp:207
Host          0x8402440              852  create(), color_spinor_field.cpp:207
Host          0x84030a0             3096  operator new(), object.h:22
Host          0x8403d70              852  create(), color_spinor_field.cpp:207
Host          0x84041a0             3096  operator new(), object.h:22
Host          0x8404e50              852  create(), color_spinor_field.cpp:207
Host          0x84052b0              852  create(), color_spinor_field.cpp:207
Host          0x8405ad0             3600  operator new(), object.h:22
Host          0x87aac40               12  comm_declare_receive_displaced(), communicator_mpi.cpp:195
Host          0x87ab060               12  comm_declare_send_displaced(), communicator_mpi.cpp:173
Host          0x87ab2a0               12  comm_declare_send_displaced(), communicator_mpi.cpp:173
Host          0x87ab5e0               12  comm_declare_receive_displaced(), communicator_mpi.cpp:195
Host          0x87abab0               12  comm_declare_send_displaced(), communicator_mpi.cpp:173
Host          0x87ac6d0               12  comm_declare_send_displaced(), communicator_mpi.cpp:173
Host          0x87cea30               12  comm_declare_receive_displaced(), communicator_mpi.cpp:195
Host          0x87ceb40               12  comm_declare_send_displaced(), communicator_mpi.cpp:173
Host          0x87cec50               12  comm_declare_receive_displaced(), communicator_mpi.cpp:195
Host          0x87ced60               12  comm_declare_send_displaced(), communicator_mpi.cpp:173
Host          0x87cee70               12  comm_declare_receive_displaced(), communicator_mpi.cpp:195
Host          0x87cef80               12  comm_declare_send_displaced(), communicator_mpi.cpp:173
Host          0x87cf090               12  comm_declare_receive_displaced(), communicator_mpi.cpp:195
Host          0x87cf1a0               12  comm_declare_send_displaced(), communicator_mpi.cpp:173
Host          0x87cf2b0               12  comm_declare_receive_displaced(), communicator_mpi.cpp:195
Host          0x87cf3c0               12  comm_declare_send_displaced(), communicator_mpi.cpp:173
Host          0x87cf4d0               12  comm_declare_receive_displaced(), communicator_mpi.cpp:195
Host          0x87cf5e0               12  comm_declare_send_displaced(), communicator_mpi.cpp:173
Host          0x87cf6f0               12  comm_declare_receive_displaced(), communicator_mpi.cpp:195
Host          0x87cf800               12  comm_declare_send_displaced(), communicator_mpi.cpp:173
Host          0x87cf910               12  comm_declare_receive_displaced(), communicator_mpi.cpp:195
Host          0x87cfa20               12  comm_declare_send_displaced(), communicator_mpi.cpp:173
Host          0x87cfb30               12  comm_declare_receive_displaced(), communicator_mpi.cpp:195
Host          0x87cfc40               12  comm_declare_send_displaced(), communicator_mpi.cpp:173
Host          0x87cfd50               12  comm_declare_receive_displaced(), communicator_mpi.cpp:195
Host          0x87cfe60               12  comm_declare_send_displaced(), communicator_mpi.cpp:173
Host          0x87cff70               12  comm_declare_receive_displaced(), communicator_mpi.cpp:195
Host          0x87d24e0               12  comm_declare_receive_displaced(), communicator_mpi.cpp:195
Host          0x87d4670               12  comm_declare_receive_displaced(), communicator_mpi.cpp:195
Host          0x9b6cb90               12  comm_declare_receive_displaced(), communicator_mpi.cpp:195
Host          0xa3b6df0               12  comm_declare_receive_displaced(), communicator_mpi.cpp:195
Host          0xa53d0f0              852  create(), color_spinor_field.cpp:207
Host          0xaad5360               12  comm_declare_receive_displaced(), communicator_mpi.cpp:195
Host          0xaaf01e0              852  create(), color_spinor_field.cpp:207
Host          0xaafc540               12  comm_declare_receive_displaced(), communicator_mpi.cpp:195
Host          0xab24d10              852  create(), color_spinor_field.cpp:207
Host          0xabaef20               12  comm_declare_send_displaced(), communicator_mpi.cpp:173
Host          0xabeb630              852  create(), color_spinor_field.cpp:207
Host          0xabf0e30              852  create(), color_spinor_field.cpp:207
Host          0xad3bf10              852  create(), color_spinor_field.cpp:207
Host          0xad43890               12  comm_declare_receive_displaced(), communicator_mpi.cpp:195
Host          0xad44380               12  comm_declare_send_displaced(), communicator_mpi.cpp:173
Host          0xad55c70               12  comm_declare_send_displaced(), communicator_mpi.cpp:173
Host          0xad5e5b0               12  comm_declare_receive_displaced(), communicator_mpi.cpp:195
Host          0xae3e830               12  comm_declare_receive_displaced(), communicator_mpi.cpp:195
Host          0xae4b230               12  comm_declare_send_displaced(), communicator_mpi.cpp:173
Host          0xae68180               12  comm_declare_send_displaced(), communicator_mpi.cpp:173
Host          0xaea4310             3360  operator new(), object.h:22
Host          0xaea83f0             3360  operator new(), object.h:22
Host          0xaf265f0              852  create(), color_spinor_field.cpp:207
Host          0xaf54f50              852  create(), color_spinor_field.cpp:207
Host          0xaf6f280              852  create(), color_spinor_field.cpp:207
Host          0xaf94100               12  comm_declare_receive_displaced(), communicator_mpi.cpp:195
Host          0xb051300              852  create(), color_spinor_field.cpp:207
Host          0xb06e530              852  create(), color_spinor_field.cpp:207
Host          0xb08d480               12  comm_declare_send_displaced(), communicator_mpi.cpp:173
Host          0xb0a6b60              852  create(), color_spinor_field.cpp:207
Host          0xb1a8330               12  comm_declare_send_displaced(), communicator_mpi.cpp:173
Host          0xb1e3f50               12  comm_declare_send_displaced(), communicator_mpi.cpp:173
Host          0xb1f5f50              852  create(), color_spinor_field.cpp:207
Host          0xb2a0a90               12  comm_declare_send_displaced(), communicator_mpi.cpp:173
Host          0xb328920              852  create(), color_spinor_field.cpp:207
Host          0xb389830               12  comm_declare_receive_displaced(), communicator_mpi.cpp:195
Host          0xb467ad0              852  create(), color_spinor_field.cpp:207
Host          0xb486bd0              852  create(), color_spinor_field.cpp:207
Host          0xb4ecc00              852  create(), color_spinor_field.cpp:207
Host          0xb4f53b0               12  comm_declare_receive_displaced(), communicator_mpi.cpp:195
Host          0xb502ca0              852  create(), color_spinor_field.cpp:207
Host          0xb5e12a0              852  create(), color_spinor_field.cpp:207
Host          0xb620a40             3360  operator new(), object.h:22
Host          0xb6cc3b0              852  create(), color_spinor_field.cpp:207
Host          0xb6f4350               12  comm_declare_receive_displaced(), communicator_mpi.cpp:195
Host          0xb704ba0               12  comm_declare_send_displaced(), communicator_mpi.cpp:173
Host          0xb744150              852  create(), color_spinor_field.cpp:207
Host          0xb749e20               12  comm_declare_receive_displaced(), communicator_mpi.cpp:195
Host          0xb781850               12  comm_declare_receive_displaced(), communicator_mpi.cpp:195
Host          0xb78c070             3600  operator new(), object.h:22
Host          0xb7a8470               12  comm_declare_send_displaced(), communicator_mpi.cpp:173
Host          0xb7da6e0               12  comm_declare_send_displaced(), communicator_mpi.cpp:173
Host          0xb7dec40               12  comm_declare_receive_displaced(), communicator_mpi.cpp:195
Host          0xb82f630              852  create(), color_spinor_field.cpp:207
Host          0xb851f70              852  create(), color_spinor_field.cpp:207
Host          0xb859130              852  create(), color_spinor_field.cpp:207
Host          0xb90cb00               12  comm_declare_send_displaced(), communicator_mpi.cpp:173
Host          0xb943700             3600  operator new(), object.h:22
Host          0xb9d3350               12  comm_declare_send_displaced(), communicator_mpi.cpp:173
Host          0xba09800               12  comm_declare_receive_displaced(), communicator_mpi.cpp:195
Host          0xba15940               12  comm_declare_send_displaced(), communicator_mpi.cpp:173
Host          0xbb520c0              852  create(), color_spinor_field.cpp:207
Host          0xbb8c390              852  create(), color_spinor_field.cpp:207
Host          0xbb91b20               12  comm_declare_send_displaced(), communicator_mpi.cpp:173
Host          0xbba05e0               12  comm_declare_send_displaced(), communicator_mpi.cpp:173
Host          0xbbc0a40              852  create(), color_spinor_field.cpp:207
Host          0xbbd8920               12  comm_declare_receive_displaced(), communicator_mpi.cpp:195
Host          0xbc31e40               12  comm_declare_receive_displaced(), communicator_mpi.cpp:195
Host          0xbc32eb0               12  comm_declare_send_displaced(), communicator_mpi.cpp:173
Host          0xbc3f6a0               12  comm_declare_send_displaced(), communicator_mpi.cpp:173
Host          0xbc411c0               12  comm_declare_send_displaced(), communicator_mpi.cpp:173
Host          0xbc45820               12  comm_declare_receive_displaced(), communicator_mpi.cpp:195
Host          0xbc47c70               12  comm_declare_send_displaced(), communicator_mpi.cpp:173
Host          0xbc494e0               12  comm_declare_send_displaced(), communicator_mpi.cpp:173
Host          0xbc4cff0               12  comm_declare_receive_displaced(), communicator_mpi.cpp:195
Host          0xbc577f0               12  comm_declare_send_displaced(), communicator_mpi.cpp:173
Host          0xbc75180               12  comm_declare_send_displaced(), communicator_mpi.cpp:173
Host          0xbc7a1e0               12  comm_declare_receive_displaced(), communicator_mpi.cpp:195
Host          0xbc7b340               12  comm_declare_receive_displaced(), communicator_mpi.cpp:195
Host          0xbc7dd30               12  comm_declare_receive_displaced(), communicator_mpi.cpp:195
Host          0xbc80aa0               12  comm_declare_receive_displaced(), communicator_mpi.cpp:195
Host          0xbc86950               12  comm_declare_receive_displaced(), communicator_mpi.cpp:195
Host          0xbc87c80               12  comm_declare_send_displaced(), communicator_mpi.cpp:173
Host          0xbc88890               12  comm_declare_send_displaced(), communicator_mpi.cpp:173
Host          0xbc95900               12  comm_declare_send_displaced(), communicator_mpi.cpp:173
Host          0xbc99010               12  comm_declare_receive_displaced(), communicator_mpi.cpp:195
Host          0xbc9da70               12  comm_declare_receive_displaced(), communicator_mpi.cpp:195
Host          0xbcbabd0               12  comm_declare_receive_displaced(), communicator_mpi.cpp:195
Host          0xbcde550               12  comm_declare_send_displaced(), communicator_mpi.cpp:173
Host          0xbcdedd0               12  comm_declare_send_displaced(), communicator_mpi.cpp:173
Host          0xbce07f0               12  comm_declare_receive_displaced(), communicator_mpi.cpp:195
Host          0xbce4fb0               12  comm_declare_receive_displaced(), communicator_mpi.cpp:195
Host          0xbcf0710               12  comm_declare_send_displaced(), communicator_mpi.cpp:173
Host          0xbcf2c50               12  comm_declare_send_displaced(), communicator_mpi.cpp:173
Host          0xbcf69c0               12  comm_declare_receive_displaced(), communicator_mpi.cpp:195
Pinned        0x81ce000           393216  Transfer(), /lustre/orion/nph158/world-shared/software/build/quda/lib/transfer.cpp:100
Pinned        0x82fa000           393216  Transfer(), /lustre/orion/nph158/world-shared/software/build/quda/lib/transfer.cpp:101


               initQuda Total time =     1.193 secs
                     init     =     1.192 secs ( 99.990%),	 with        2 calls at 5.962e+05 us per call
        total accounted       =     1.192 secs ( 99.990%)
        total missing         =     0.000 secs (  0.010%)

          loadGaugeQuda Total time =     0.323 secs
                 download     =     0.197 secs ( 60.973%),	 with        4 calls at 4.916e+04 us per call
                     init     =     0.001 secs (  0.354%),	 with       31 calls at 3.681e+01 us per call
                  compute     =     0.002 secs (  0.574%),	 with       12 calls at 1.543e+02 us per call
                    comms     =     0.108 secs ( 33.391%),	 with        3 calls at 3.590e+04 us per call
                     free     =     0.001 secs (  0.325%),	 with       12 calls at 8.742e+01 us per call
        total accounted       =     0.308 secs ( 95.618%)
        total missing         =     0.014 secs (  4.382%)

         loadCloverQuda Total time =     0.155 secs
                     init     =     0.001 secs (  0.511%),	 with       16 calls at 4.956e+01 us per call
                  compute     =     0.008 secs (  4.879%),	 with        6 calls at 1.262e+03 us per call
                    comms     =     0.055 secs ( 35.735%),	 with        2 calls at 2.772e+04 us per call
                     free     =     0.000 secs (  0.253%),	 with        9 calls at 4.367e+01 us per call
        total accounted       =     0.064 secs ( 41.378%)
        total missing         =     0.091 secs ( 58.622%)

             invertQuda Total time =    43.642 secs
                     init     =     0.126 secs (  0.289%),	 with     1043 calls at 1.207e+02 us per call
                 preamble     =     0.406 secs (  0.931%),	 with      504 calls at 8.058e+02 us per call
                  compute     =    42.062 secs ( 96.381%),	 with       62 calls at 6.784e+05 us per call
                 epilogue     =     0.094 secs (  0.214%),	 with       48 calls at 1.949e+03 us per call
                     free     =     0.017 secs (  0.040%),	 with      271 calls at 6.404e+01 us per call
        total accounted       =    42.705 secs ( 97.854%)
        total missing         =     0.936 secs (  2.146%)

     invertMultiSrcQuda Total time =    75.401 secs
                     init     =     0.106 secs (  0.141%),	 with    30514 calls at 3.490e+00 us per call
                 preamble     =     6.467 secs (  8.577%),	 with    11599 calls at 5.576e+02 us per call
                  compute     =    68.413 secs ( 90.732%),	 with   163430 calls at 4.186e+02 us per call
                 epilogue     =     0.173 secs (  0.230%),	 with      144 calls at 1.205e+03 us per call
                     free     =     0.089 secs (  0.118%),	 with     2880 calls at 3.098e+01 us per call
                    eigen     =     0.094 secs (  0.125%),	 with    28061 calls at 3.355e+00 us per call
        total accounted       =    75.343 secs ( 99.924%)
        total missing         =     0.058 secs (  0.076%)

                endQuda Total time =     0.021 secs
                     free     =     0.001 secs (  2.547%),	 with       17 calls at 3.147e+01 us per call
        total accounted       =     0.001 secs (  2.547%)
        total missing         =     0.020 secs ( 97.453%)

       initQuda-endQuda Total time =   179.411 secs

                   QUDA Total time =   120.734 secs
                 download     =     0.197 secs (  0.163%),	 with        4 calls at 4.916e+04 us per call
                     init     =     1.427 secs (  1.182%),	 with    31606 calls at 4.516e+01 us per call
                 preamble     =     6.875 secs (  5.694%),	 with    12103 calls at 5.680e+02 us per call
                  compute     =   110.492 secs ( 91.517%),	 with   163510 calls at 6.758e+02 us per call
                    comms     =     0.163 secs (  0.135%),	 with        5 calls at 3.263e+04 us per call
                 epilogue     =     0.267 secs (  0.221%),	 with      192 calls at 1.391e+03 us per call
                     free     =     0.109 secs (  0.090%),	 with     3189 calls at 3.406e+01 us per call
                    eigen     =     0.094 secs (  0.078%),	 with    28061 calls at 3.363e+00 us per call
        total accounted       =   119.624 secs ( 99.081%)
        total missing         =     1.110 secs (  0.919%)

Device memory used = 1150.0 MiB
Pinned device memory used = 0.0 MiB
Managed memory used = 0.0 MiB
Page-locked host memory used = 244.8 MiB
Total host memory used >= 253.9 MiB

 
Total time: 0 hours 3 minutes 9 seconds
