# file_a: data/c2pt/S32T48_pyquda_frontier.c2pt.300.ex.x19y23z25t35.1HYP_GSRC_W90_k3_T5.h5
# file_b: data/c2pt/S32T48_nobaryon_frontier.c2pt.300.ex.x19y23z25t35.1HYP_GSRC_W90_k3_T5.h5
# dataset_path	abs_diff=max(abs(abs(a)-abs(b)))	rel_diff=max(abs(abs(a)-abs(b))/abs(a))	abs(a)_at_max_rel
/SS/5/PX-1PY-1PZ5	1.6033935546875000e-01	1.4656193807526173e-10	5.5961528598785952e+07
/SS/5/PX-1PY-1PZ6	3.5882568359375000e-01	8.4932995435323897e-11	7.9973587086822540e+07
/SS/5/PX-1PY-1PZ7	1.8342285156250000e+00	1.8324027633033461e-10	5.9566822253485635e+07
/SS/5/PX-1PY-2PZ5	6.3404083251953125e-02	7.6383846606621713e-11	2.3334442237559883e+06
/SS/5/PX-1PY-2PZ6	9.2880249023437500e-02	9.7084888635639012e-11	9.6788398352680206e+06
/SS/5/PX-1PY-2PZ7	2.0639038085937500e-01	9.4219955872684650e-11	4.6958527935568094e+07
/SS/5/PX-1PY0PZ5	3.2091064453125000e+00	1.8798960885950551e-10	5.7180580478614628e+07
/SS/5/PX-1PY0PZ6	6.9750976562500000e+00	7.6487641777885056e-11	5.6397929185924932e+07
/SS/5/PX-1PY0PZ7	9.5742187500000000e+00	6.4601145391416641e-10	2.3371093911522988e+07
/SS/5/PX-1PY1PZ5	4.6484375000000000e-01	1.0490059892358429e-10	2.0419623602960411e+07
/SS/5/PX-1PY1PZ6	8.3691406250000000e-01	1.4371719739059515e-10	1.8119022766987726e+07
/SS/5/PX-1PY1PZ7	1.1475830078125000e+01	4.1998183659186968e-10	2.7979825413223028e+07
/SS/5/PX-1PY2PZ5	1.1695098876953125e-01	2.2434198409228679e-10	1.7102875444420399e+06
/SS/5/PX-1PY2PZ6	2.8677558898925781e-01	2.3368836043511864e-10	2.9634968760258672e+06
/SS/5/PX-1PY2PZ7	1.3229064941406250e+00	1.4777391325955571e-10	1.4041731396527806e+08
/SS/5/PX-2PY-1PZ5	9.0179443359375000e-02	7.8646796074972299e-10	2.1791147953311442e+06
/SS/5/PX-2PY-1PZ6	1.4904022216796875e-01	3.4080742908609024e-10	3.8655862410198250e+06
/SS/5/PX-2PY-1PZ7	5.6571197509765625e-01	1.0594588289117678e-10	1.9550183069146141e+07
/SS/5/PX-2PY-2PZ5	3.5948753356933594e-03	2.0536575410835867e-10	7.7951637734479259e+05
/SS/5/PX-2PY-2PZ6	7.2103142738342285e-03	1.2185159900558117e-10	3.2795003039639504e+06
/SS/5/PX-2PY-2PZ7	1.0002183914184570e-01	2.2488055196758818e-10	3.5963010806325902e+06
/SS/5/PX-2PY0PZ5	6.8299102783203125e-01	1.6536637960605278e-10	5.2873495175917130e+06
/SS/5/PX-2PY0PZ6	9.3801879882812500e-01	7.2809154875443300e-11	2.8312821424007928e+08
/SS/5/PX-2PY0PZ7	1.5725097656250000e+00	3.9254754187546682e-10	7.7758982357112514e+06
/SS/5/PX-2PY1PZ5	1.4524078369140625e-01	2.4609386410276104e-10	9.5477741114156563e+06
/SS/5/PX-2PY1PZ6	8.0955505371093750e-02	4.3903521161217055e-10	5.0103384539333843e+06
/SS/5/PX-2PY1PZ7	1.5829162597656250e+00	3.4765908018316111e-10	5.9054226127734959e+07
/SS/5/PX-2PY2PZ5	2.7804851531982422e-02	2.0893336476968742e-10	1.3285051534872476e+06
/SS/5/PX-2PY2PZ6	3.6963939666748047e-02	1.7631409689359830e-10	1.7830733850352387e+06
/SS/5/PX-2PY2PZ7	1.6073226928710938e-01	9.6131222325881647e-11	1.8843962911465693e+07
/SS/5/PX0PY-1PZ5	6.2426757812500000e-01	1.1570554066345658e-10	1.4549604557334105e+07
/SS/5/PX0PY-1PZ6	1.0734405517578125e+00	2.5323703192425914e-10	8.7473677621841103e+07
/SS/5/PX0PY-1PZ7	1.4589843750000000e+01	1.0403652005174583e-10	1.8132071307610935e+08
/SS/5/PX0PY-2PZ5	1.1633300781250000e-01	1.0571542103939323e-10	5.5591406678990118e+07
/SS/5/PX0PY-2PZ6	4.7974014282226562e-01	2.0008036274269852e-10	2.0763000402708434e+07
/SS/5/PX0PY-2PZ7	1.9221191406250000e+00	1.6641243235509665e-10	5.7380004091453321e+07
/SS/5/PX0PY0PZ5	3.2377929687500000e+00	1.3211597204688866e-10	7.6663691153087229e+07
/SS/5/PX0PY0PZ6	2.6547851562500000e+01	1.1684335172825220e-10	1.1726102067640552e+08
/SS/5/PX0PY0PZ7	6.8789062500000000e+00	2.2122472681025085e-10	5.1303368728565298e+07
/SS/5/PX0PY1PZ5	3.3113098144531250e-01	3.4135325628501530e-10	1.8655106745345991e+07
/SS/5/PX0PY1PZ6	8.5046386718750000e-01	2.6441628207287794e-10	1.7310566537340176e+08
/SS/5/PX0PY1PZ7	2.2061523437500000e+01	1.3192310804669882e-10	7.8379616721552861e+08
/SS/5/PX0PY2PZ5	1.2351989746093750e-01	1.7498856526155322e-10	7.8838733576100972e+06
/SS/5/PX0PY2PZ6	8.7413787841796875e-02	7.5065898452971494e-10	3.8768162891692668e+06
/SS/5/PX0PY2PZ7	3.0460205078125000e+00	1.2469932514292294e-10	3.0834409608426124e+08
/SS/5/PX1PY-1PZ5	2.0892333984375000e-01	1.5772737344764516e-10	5.6124264526394680e+06
/SS/5/PX1PY-1PZ6	1.1334228515625000e+00	1.5372163229343069e-10	3.3377854052655283e+07
/SS/5/PX1PY-1PZ7	4.3212890625000000e+00	2.0823057699547137e-10	5.4387227065344177e+07
/SS/5/PX1PY-2PZ5	8.6460113525390625e-02	2.8411654157903701e-10	6.8409339073975303e+05
/SS/5/PX1PY-2PZ6	2.1980285644531250e-01	1.9645204214590699e-10	4.4787071708357716e+06
/SS/5/PX1PY-2PZ7	9.8846435546875000e-02	1.3907656083053693e-10	3.0673306333663125e+07
/SS/5/PX1PY0PZ5	5.9106445312500000e-01	2.4389246162811579e-10	1.2272820500850187e+08
/SS/5/PX1PY0PZ6	6.6748046875000000e-01	7.0096227702448027e-11	2.9067799012588334e+08
/SS/5/PX1PY0PZ7	2.9627929687500000e+01	1.0504017312237432e-10	2.4269247448687491e+08
/SS/5/PX1PY1PZ5	9.9815368652343750e-02	1.7723596705197626e-10	1.3432066384233502e+08
/SS/5/PX1PY1PZ6	1.2848510742187500e+00	9.4172405949133112e-11	3.9456924964887299e+07
/SS/5/PX1PY1PZ7	2.2861328125000000e+00	8.9113313176085668e-11	2.3337451023481965e+08
/SS/5/PX1PY2PZ5	2.8027534484863281e-02	1.8753396101541674e-10	1.2306986854778498e+06
/SS/5/PX1PY2PZ6	2.3818778991699219e-01	1.1180589756783632e-10	1.4936926416751089e+07
/SS/5/PX1PY2PZ7	1.8116760253906250e-01	3.9565783826788488e-10	3.6755583214465585e+06
/SS/5/PX2PY-1PZ5	1.0316562652587891e-01	2.3479516959114065e-10	1.6228560310870814e+06
/SS/5/PX2PY-1PZ6	4.8133850097656250e-02	1.0060068111692560e-10	1.8284274949406657e+07
/SS/5/PX2PY-1PZ7	9.2221069335937500e-01	9.9647444237840738e-11	5.2810755705441922e+07
/SS/5/PX2PY-2PZ5	6.3418149948120117e-03	1.7608822580954400e-10	1.2807163108970572e+06
/SS/5/PX2PY-2PZ6	3.1682014465332031e-02	8.7757026315540093e-10	7.8351506258301239e+05
/SS/5/PX2PY-2PZ7	8.4526062011718750e-02	1.2796525836731166e-10	2.0187326727550417e+07
/SS/5/PX2PY0PZ5	4.4422531127929688e-01	2.6767422029119870e-10	1.0580244948756197e+07
/SS/5/PX2PY0PZ6	3.7078857421875000e-02	1.3372977317870883e-10	3.0243764732037611e+07
/SS/5/PX2PY0PZ7	5.1738281250000000e+00	6.5731691000400846e-10	6.7831863638714468e+06
/SS/5/PX2PY1PZ5	1.0768890380859375e-02	3.5993151639604957e-10	5.4857380239810457e+05
/SS/5/PX2PY1PZ6	2.6014328002929688e-01	2.6840157160270921e-10	1.6958776441362686e+06
/SS/5/PX2PY1PZ7	1.1775207519531250e-01	1.4967788737366679e-10	8.2420473439585254e+07
/SS/5/PX2PY2PZ5	1.2989044189453125e-02	2.7586545461759468e-10	9.3701087071162823e+05
/SS/5/PX2PY2PZ6	2.4736404418945312e-02	4.0498243534340514e-10	1.2455088217037013e+06
/SS/5/PX2PY2PZ7	2.7002334594726562e-02	1.2323839738319995e-10	4.3620908467790186e+06
/SS/I/PX-1PY-1PZ5	2.5828857421875000e+00	1.6337426382119786e-10	5.1945545179395992e+06
/SS/I/PX-1PY-1PZ6	2.6411132812500000e+00	1.2304225612747852e-10	7.4160983067925826e+07
/SS/I/PX-1PY-1PZ7	2.4453125000000000e+00	1.2877329051003709e-10	8.6857420944435760e+07
/SS/I/PX-1PY-2PZ5	1.0665130615234375e-01	9.4507485778492239e-11	1.6214155271421945e+07
/SS/I/PX-1PY-2PZ6	2.6437377929687500e-01	2.3913264389072446e-10	2.3945295443923520e+06
/SS/I/PX-1PY-2PZ7	5.6542968750000000e-01	2.3877929383388026e-10	8.6244984638129510e+06
/SS/I/PX-1PY0PZ5	1.7225097656250000e+01	1.7222530367377849e-10	3.9422921871400073e+07
/SS/I/PX-1PY0PZ6	1.9465820312500000e+01	3.4989932200392565e-10	2.1051636039269112e+07
/SS/I/PX-1PY0PZ7	2.8937500000000000e+01	1.3228677667188034e-10	8.7678275447507054e+07
/SS/I/PX-1PY1PZ5	2.5843505859375000e+00	7.8431579886776011e-11	1.9630597232475299e+07
/SS/I/PX-1PY1PZ6	3.2038574218750000e+00	2.0093243749862060e-10	7.4556740024498984e+07
/SS/I/PX-1PY1PZ7	1.2869140625000000e+01	2.4180258414711942e-10	1.3713420437592241e+08
/SS/I/PX-1PY2PZ5	2.5656890869140625e-01	9.8746068367174617e-11	4.9824582034583716e+06
/SS/I/PX-1PY2PZ6	1.9805252552032471e-02	3.3307675574915320e-10	1.1464147877225930e+07
/SS/I/PX-1PY2PZ7	7.1923828125000000e-01	2.2604956017927960e-10	1.8372135854086015e+07
/SS/I/PX-2PY-1PZ5	6.9026184082031250e-01	1.0181821955786497e-09	3.9815468025358435e+05
/SS/I/PX-2PY-1PZ6	9.9932861328125000e-01	4.1898219393664008e-10	1.6120407383421764e+07
/SS/I/PX-2PY-1PZ7	4.5996093750000000e-01	1.7972652447973595e-10	2.1671448159720817e+08
/SS/I/PX-2PY-2PZ5	5.2891731262207031e-02	2.8456289043958172e-10	1.1523412478043130e+06
/SS/I/PX-2PY-2PZ6	1.1781454086303711e-02	3.4156019647930142e-10	8.5917387554837260e+04
/SS/I/PX-2PY-2PZ7	1.2178039550781250e-01	1.5164782986881960e-09	1.0340751029378747e+06
/SS/I/PX-2PY0PZ5	3.0089111328125000e+00	2.5370557894714648e-10	1.4952042286722062e+06
/SS/I/PX-2PY0PZ6	3.6098632812500000e+00	1.6617643532041591e-10	1.6247909173183525e+07
/SS/I/PX-2PY0PZ7	5.0322265625000000e+00	7.5977688476774771e-11	7.6457952309350803e+07
/SS/I/PX-2PY1PZ5	2.8097534179687500e-01	1.0978449931800832e-09	4.4925040347161598e+05
/SS/I/PX-2PY1PZ6	4.6552276611328125e-01	4.3495411707230577e-10	2.7038782372487001e+06
/SS/I/PX-2PY1PZ7	2.6433105468750000e+00	4.3698030771556130e-10	5.2196802020711983e+06
/SS/I/PX-2PY2PZ5	1.6570091247558594e-02	1.4649369023246011e-10	7.5119645701619668e+05
/SS/I/PX-2PY2PZ6	2.1560668945312500e-02	3.5974663789392294e-10	5.5816709281311918e+05
/SS/I/PX-2PY2PZ7	2.9316711425781250e-01	2.8841667782281128e-10	3.8214308410419188e+06
/SS/I/PX0PY-1PZ5	1.2924804687500000e+00	8.6301542278144948e-11	3.3309457001895323e+07
/SS/I/PX0PY-1PZ6	2.8437500000000000e+00	3.7112579837848130e-10	2.2538567618131753e+07
/SS/I/PX0PY-1PZ7	3.4218750000000000e+01	1.7614028485324120e-10	1.1519177930686198e+08
/SS/I/PX0PY-2PZ5	1.4154052734375000e-01	8.9085292985083080e-11	1.3155080199693264e+07
/SS/I/PX0PY-2PZ6	1.1718177795410156e-01	4.6948901437459216e-10	5.7352721700969990e+06
/SS/I/PX0PY-2PZ7	6.3310546875000000e+00	2.3216962203957086e-10	2.5620244771359682e+08
/SS/I/PX0PY0PZ5	5.3310546875000000e+00	2.2319552817678069e-10	1.4831859513333190e+07
/SS/I/PX0PY0PZ6	9.0468750000000000e+00	1.4860985765651904e-10	1.5267643511193717e+08
/SS/I/PX0PY0PZ7	1.1868750000000000e+02	1.8330434669436373e-10	3.3941682800261748e+08
/SS/I/PX0PY1PZ5	5.2661132812500000e+00	3.9930703863064963e-10	4.0626965848269546e+06
/SS/I/PX0PY1PZ6	6.2910156250000000e+00	3.0615240313389200e-10	1.8949051729996882e+07
/SS/I/PX0PY1PZ7	5.7921875000000000e+01	2.8491584560943114e-10	8.4350002811099380e+07
/SS/I/PX0PY2PZ5	8.5015869140625000e-01	1.5476239878046682e-10	8.2830639789605020e+06
/SS/I/PX0PY2PZ6	6.2780761718750000e-01	1.5648801922771224e-10	2.4309796786728438e+07
/SS/I/PX0PY2PZ7	7.3046875000000000e+00	1.7935154511618234e-10	3.5915418947925329e+08
/SS/I/PX1PY-1PZ5	9.1302490234375000e-01	1.4354490800607238e-10	1.5678293087330900e+07
/SS/I/PX1PY-1PZ6	2.6433105468750000e+00	2.1369194573062167e-10	1.8359958051239818e+07
/SS/I/PX1PY-1PZ7	1.2203125000000000e+01	1.1109973100410308e-10	5.3716522644484830e+08
/SS/I/PX1PY-2PZ5	7.2700500488281250e-02	2.1591291409155721e-10	1.2074955490330577e+07
/SS/I/PX1PY-2PZ6	1.7633056640625000e-01	3.6531525243099404e-10	3.6134276277775019e+07
/SS/I/PX1PY-2PZ7	4.9340820312500000e-01	1.6915239929444820e-10	1.3265501215087976e+07
/SS/I/PX1PY0PZ5	2.0039062500000000e+00	1.1014456334405926e-10	1.2043411225789376e+07
/SS/I/PX1PY0PZ6	6.1083984375000000e+00	1.4558468649742791e-10	7.7562151664338335e+07
/SS/I/PX1PY0PZ7	5.9453125000000000e+01	8.8042904272820533e-10	9.1183161911960259e+07
/SS/I/PX1PY1PZ5	5.7165527343750000e-01	2.2177831631262590e-10	6.4054751632725522e+07
/SS/I/PX1PY1PZ6	1.7963867187500000e+00	7.1114403904148840e-11	5.6415558835544094e+07
/SS/I/PX1PY1PZ7	1.1480468750000000e+01	1.1711137296974402e-10	6.3043476921285249e+07
/SS/I/PX1PY2PZ5	8.4541320800781250e-02	4.2674149491516943e-10	1.8425730512976404e+06
/SS/I/PX1PY2PZ6	5.3383636474609375e-01	1.0468302392103554e-10	1.9975918507615950e+07
/SS/I/PX1PY2PZ7	2.0393371582031250e-01	1.3613426139867293e-10	2.1269009553787943e+07
/SS/I/PX2PY-1PZ5	1.1738777160644531e-02	9.4838021893068773e-11	2.8660076198973563e+07
/SS/I/PX2PY-1PZ6	3.1781005859375000e-01	3.6779196931034992e-10	6.2931432958094096e+06
/SS/I/PX2PY-1PZ7	2.8413085937500000e+00	2.9970812503957668e-10	3.3760407492779441e+07
/SS/I/PX2PY-2PZ5	5.3164958953857422e-02	1.0229663588191510e-10	1.0803401258832593e+06
/SS/I/PX2PY-2PZ6	2.5442123413085938e-02	1.4424067329211662e-10	6.8345870261616781e+06
/SS/I/PX2PY-2PZ7	4.2257690429687500e-01	1.6848985014696431e-10	1.2800835380425509e+07
/SS/I/PX2PY0PZ5	1.0343322753906250e+00	1.2329393183696000e-10	1.3666097870715123e+07
/SS/I/PX2PY0PZ6	6.9665527343750000e-01	2.3632452146279472e-10	7.7030434298876198e+06
/SS/I/PX2PY0PZ7	1.4153320312500000e+01	2.1691049865736795e-10	1.1451156421165757e+08
/SS/I/PX2PY1PZ5	1.7922639846801758e-02	1.2852157418841487e-10	4.0638522214019867e+06
/SS/I/PX2PY1PZ6	1.2154159545898438e+00	1.8900636560225823e-10	1.4439862356238320e+07
/SS/I/PX2PY1PZ7	3.4462890625000000e+00	1.7481100809320264e-09	9.9202949858516513e+05
/SS/I/PX2PY2PZ5	2.0182609558105469e-02	8.3286191145926573e-11	3.5906648733547810e+06
/SS/I/PX2PY2PZ6	2.3848056793212891e-02	7.5974076481022106e-11	7.4909278341604732e+06
/SS/I/PX2PY2PZ7	1.8879699707031250e-01	1.5889633750592131e-10	3.1766363442130983e+06
/SS/SXT/PX-1PY-1PZ5	1.6333618164062500e+00	1.5994211280992270e-10	5.4039694867744949e+06
/SS/SXT/PX-1PY-1PZ6	5.6143188476562500e-01	9.2872496242545451e-11	2.6831637861216217e+07
/SS/SXT/PX-1PY-1PZ7	4.8686523437500000e+00	1.3360957754597002e-10	5.3696042975219257e+07
/SS/SXT/PX-1PY-2PZ5	3.1678390502929688e-01	1.2347219426434069e-10	6.6365529509953111e+06
/SS/SXT/PX-1PY-2PZ6	1.3201904296875000e-01	1.4167482503415175e-10	1.8184435091728434e+07
/SS/SXT/PX-1PY-2PZ7	1.2903137207031250e+00	3.9311673715979083e-10	4.1427804560443126e+07
/SS/SXT/PX-1PY0PZ5	8.5403442382812500e-01	1.1221151860392585e-10	4.1058311847484425e+07
/SS/SXT/PX-1PY0PZ6	6.7380371093750000e+00	1.3772502602894934e-10	7.6337533484402910e+07
/SS/SXT/PX-1PY0PZ7	2.4423828125000000e+00	2.3337145728116505e-10	9.3187386496635780e+07
/SS/SXT/PX-1PY1PZ5	3.7506103515625000e-01	3.6319219259410974e-10	2.9759883313451740e+06
/SS/SXT/PX-1PY1PZ6	1.4971313476562500e+00	3.6260861707112882e-10	8.0297695011542393e+06
/SS/SXT/PX-1PY1PZ7	3.6376190185546875e-01	3.3454802279807498e-10	2.0763500046729338e+08
/SS/SXT/PX-1PY2PZ5	7.7312469482421875e-02	1.3817580320390661e-09	1.6831171257096928e+05
/SS/SXT/PX-1PY2PZ6	1.0187911987304688e-01	2.0123440222509609e-10	5.7293019043569770e+06
/SS/SXT/PX-1PY2PZ7	2.6051139831542969e-01	1.5189399445776679e-10	3.4606936209498659e+07
/SS/SXT/PX-2PY-1PZ5	2.2812271118164062e-01	1.0417881400053541e-10	1.4371768065564362e+06
/SS/SXT/PX-2PY-1PZ6	5.8147430419921875e-02	1.8240264059424165e-10	4.9965856081051175e+06
/SS/SXT/PX-2PY-1PZ7	3.4750366210937500e-01	9.9063592316145339e-11	1.4669387449423881e+07
/SS/SXT/PX-2PY-2PZ5	3.9134025573730469e-02	1.2146904236872005e-10	3.9808086045413041e+06
/SS/SXT/PX-2PY-2PZ6	5.4873466491699219e-02	1.8782779849820294e-10	5.7770492952506067e+06
/SS/SXT/PX-2PY-2PZ7	9.2098236083984375e-02	3.8246507432891034e-10	1.5556662283264617e+06
/SS/SXT/PX-2PY0PZ5	1.1046981811523438e-01	1.7568852688686545e-10	8.8081515926935468e+06
/SS/SXT/PX-2PY0PZ6	7.9605102539062500e-01	1.0762811747503690e-10	1.8813581556211121e+07
/SS/SXT/PX-2PY0PZ7	1.3444824218750000e+00	3.1898674440206404e-10	2.4471946712927043e+07
/SS/SXT/PX-2PY1PZ5	3.8392543792724609e-03	2.2483997267334265e-10	6.3126190044420185e+06
/SS/SXT/PX-2PY1PZ6	1.7453002929687500e-01	1.6451674723455426e-10	7.4268613036053246e+06
/SS/SXT/PX-2PY1PZ7	4.9606323242187500e-02	1.1304785856254379e-10	3.5335270245446801e+07
/SS/SXT/PX-2PY2PZ5	3.1805038452148438e-03	1.4781246473846591e-10	8.9900963678236888e+05
/SS/SXT/PX-2PY2PZ6	1.5869140625000000e-02	7.0607965410413969e-11	2.3290989801179860e+06
/SS/SXT/PX-2PY2PZ7	4.2626857757568359e-02	2.0089237029014224e-10	5.9959285396831036e+06
/SS/SXT/PX0PY-1PZ5	1.7645263671875000e+00	2.2871795626742020e-10	3.1925397685677610e+07
/SS/SXT/PX0PY-1PZ6	5.1945800781250000e+00	1.6004808947851352e-10	2.9412990203833498e+07
/SS/SXT/PX0PY-1PZ7	5.6831054687500000e+00	2.3002868247192627e-10	3.9258601429367089e+08
/SS/SXT/PX0PY-2PZ5	2.2992706298828125e-01	1.5272406127181540e-10	6.7282424890785711e+06
/SS/SXT/PX0PY-2PZ6	5.9963989257812500e-01	2.1591194966488668e-10	6.3519887719056904e+06
/SS/SXT/PX0PY-2PZ7	8.3691406250000000e-01	1.2920967363037852e-10	5.0711359457090452e+07
/SS/SXT/PX0PY0PZ5	1.0610351562500000e+01	9.7563087890030470e-11	1.0149712530047768e+08
/SS/SXT/PX0PY0PZ6	1.6795410156250000e+01	2.7693560169081246e-10	2.7658224454208415e+07
/SS/SXT/PX0PY0PZ7	3.4833740234375000e+01	2.4352899382492935e-10	8.8149791575958312e+08
/SS/SXT/PX0PY1PZ5	4.4799804687500000e+00	9.2228035454905571e-11	2.3230892969058838e+08
/SS/SXT/PX0PY1PZ6	7.7461547851562500e+00	1.1670493793015826e-10	4.3451837241329372e+08
/SS/SXT/PX0PY1PZ7	3.1218750000000000e+01	2.4896134161749700e-10	9.5122357080628708e+07
/SS/SXT/PX0PY2PZ5	2.6850891113281250e-01	3.3972217571319188e-10	5.6853627715299921e+06
/SS/SXT/PX0PY2PZ6	4.4941711425781250e-01	3.5862839315722282e-10	5.8526808221079623e+06
/SS/SXT/PX0PY2PZ7	2.4030151367187500e+00	2.2697731976189912e-10	1.9093232714109581e+07
/SS/SXT/PX1PY-1PZ5	8.1194305419921875e-01	1.0938577011446437e-10	8.0547575625955863e+06
/SS/SXT/PX1PY-1PZ6	1.4633178710937500e-01	2.8832760312107532e-10	1.1672692683616607e+07
/SS/SXT/PX1PY-1PZ7	6.3181152343750000e+00	9.5887176625442599e-11	5.1796307954646491e+07
/SS/SXT/PX1PY-2PZ5	5.8877944946289062e-02	1.1851434537162499e-10	1.1064831826854037e+07
/SS/SXT/PX1PY-2PZ6	2.8054952621459961e-02	9.3955758095131365e-11	1.7221958778091863e+07
/SS/SXT/PX1PY-2PZ7	3.2124328613281250e-01	2.0529073135116752e-10	4.2578161661226764e+07
/SS/SXT/PX1PY0PZ5	6.0021972656250000e+00	4.6016661296890535e-10	1.4876429754704136e+07
/SS/SXT/PX1PY0PZ6	6.6684570312500000e+00	1.3394370449849357e-10	2.9899709140528369e+08
/SS/SXT/PX1PY0PZ7	9.8300781250000000e+00	8.7882512961279412e-11	1.6717851600862661e+08
/SS/SXT/PX1PY1PZ5	1.5962219238281250e+00	2.2559418814068040e-10	2.6695265935474511e+07
/SS/SXT/PX1PY1PZ6	7.4833679199218750e-01	4.3440175685563338e-10	4.3592001902431445e+06
/SS/SXT/PX1PY1PZ7	6.7673339843750000e+00	5.8586297941571164e-11	2.0137774374482098e+09
/SS/SXT/PX1PY2PZ5	6.2637329101562500e-02	3.7268523090421406e-10	7.0978863631869515e+05
/SS/SXT/PX1PY2PZ6	1.6680717468261719e-01	2.0488461349073241e-10	1.3440598562324904e+07
/SS/SXT/PX1PY2PZ7	1.3300170898437500e+00	1.7617053777483873e-10	2.1111697225005016e+07
/SS/SXT/PX2PY-1PZ5	2.6139450073242188e-01	6.4432753197686690e-10	3.9642782261098159e+05
/SS/SXT/PX2PY-1PZ6	2.1041870117187500e-01	1.8971125435578881e-10	2.4649546446632301e+06
/SS/SXT/PX2PY-1PZ7	7.6071166992187500e-01	1.4001803873286136e-10	2.5416908661783084e+07
/SS/SXT/PX2PY-2PZ5	7.4315071105957031e-03	1.4886792887627457e-10	3.7026522793054295e+05
/SS/SXT/PX2PY-2PZ6	6.2704563140869141e-02	2.1102296778410725e-10	6.3749815173253207e+05
/SS/SXT/PX2PY-2PZ7	6.4683437347412109e-02	1.6922608876469873e-10	3.7258579485973208e+06
/SS/SXT/PX2PY0PZ5	1.1032409667968750e+00	3.5237722883854732e-10	3.1487767525654105e+06
/SS/SXT/PX2PY0PZ6	6.0220336914062500e-01	1.2283430691210034e-10	1.9971198818064839e+07
/SS/SXT/PX2PY0PZ7	2.4708862304687500e+00	1.9345657164952441e-10	5.2498677871810116e+07
/SS/SXT/PX2PY1PZ5	2.9389953613281250e-01	3.7508803979620684e-10	2.2321394430319616e+05
/SS/SXT/PX2PY1PZ6	2.6834487915039062e-01	4.6844353050420173e-10	1.1169628460719436e+06
/SS/SXT/PX2PY1PZ7	8.5159301757812500e-01	6.8320073133521090e-11	2.0254226814573321e+07
/SS/SXT/PX2PY2PZ5	2.1293640136718750e-02	1.4701837264248495e-10	1.0487503822171730e+06
/SS/SXT/PX2PY2PZ6	2.8457164764404297e-02	3.0190478111773163e-10	1.2386409506151190e+06
/SS/SXT/PX2PY2PZ7	1.9970703125000000e-01	1.0536011380468880e-10	6.7827453298111148e+06
/SS/SXY/PX-1PY-1PZ5	3.9367675781250000e-01	3.0936790996599790e-10	1.4105438833333917e+06
/SS/SXY/PX-1PY-1PZ6	7.7600097656250000e-01	1.5947978294753414e-10	3.4225018286827497e+07
/SS/SXY/PX-1PY-1PZ7	8.3491210937500000e+00	3.1054880677642902e-10	2.4373568659708884e+07
/SS/SXY/PX-1PY-2PZ5	1.0416984558105469e-02	1.5851891247655962e-10	3.1389669561054711e+06
/SS/SXY/PX-1PY-2PZ6	7.9387664794921875e-02	1.7801305241158079e-10	9.5027594104294553e+06
/SS/SXY/PX-1PY-2PZ7	3.9382934570312500e-01	1.6929274723597124e-10	1.9568646241465215e+07
/SS/SXY/PX-1PY0PZ5	2.1638183593750000e+00	1.2444894847837430e-10	1.5310563612445172e+07
/SS/SXY/PX-1PY0PZ6	1.6274414062500000e+00	4.5575731207844101e-10	1.6880881127933815e+07
/SS/SXY/PX-1PY0PZ7	1.3698242187500000e+01	2.0189788299588185e-10	1.8025545810920471e+08
/SS/SXY/PX-1PY1PZ5	3.8793945312500000e-01	7.2814266389950453e-11	2.9682393020125836e+07
/SS/SXY/PX-1PY1PZ6	8.1799316406250000e-01	1.7338666505244309e-10	1.4126403214018773e+07
/SS/SXY/PX-1PY1PZ7	3.5783691406250000e+00	1.4318805122238078e-10	1.8309019446991247e+08
/SS/SXY/PX-1PY2PZ5	6.2133789062500000e-02	1.2744596134370215e-10	6.0963844987439103e+06
/SS/SXY/PX-1PY2PZ6	1.6629791259765625e-01	1.0166026817183943e-10	9.6741312396146636e+06
/SS/SXY/PX-1PY2PZ7	3.3306884765625000e-01	2.8323277726095895e-10	1.4335644061820824e+07
/SS/SXY/PX-2PY-1PZ5	5.6072235107421875e-02	1.1555055701274769e-10	1.5172320138938358e+07
/SS/SXY/PX-2PY-1PZ6	3.4166812896728516e-02	1.0103420439563611e-10	1.1493183501015132e+07
/SS/SXY/PX-2PY-1PZ7	1.1807250976562500e+00	1.4598820849077314e-10	2.5258564119810361e+07
/SS/SXY/PX-2PY-2PZ5	4.7173500061035156e-03	1.0340402306918883e-10	1.8420960897202250e+06
/SS/SXY/PX-2PY-2PZ6	8.3938837051391602e-03	1.9224915044496350e-10	3.2569233118561590e+06
/SS/SXY/PX-2PY-2PZ7	4.0079116821289062e-02	2.5778892854705714e-10	1.6259692030219217e+06
/SS/SXY/PX-2PY0PZ5	1.7669677734375000e-02	1.0610246438952662e-10	9.7736391299131494e+06
/SS/SXY/PX-2PY0PZ6	5.1193237304687500e-01	2.4863008512231935e-10	8.4142266947683617e+06
/SS/SXY/PX-2PY0PZ7	2.9527587890625000e+00	2.4720253447302588e-10	3.7568866077934779e+07
/SS/SXY/PX-2PY1PZ5	5.4729461669921875e-02	1.2713933670571683e-10	9.5433226117134595e+05
/SS/SXY/PX-2PY1PZ6	2.8877019882202148e-02	1.6012292742831162e-10	5.3606079944196185e+06
/SS/SXY/PX-2PY1PZ7	2.3846435546875000e-01	9.0230606276014450e-11	9.5085507104819827e+06
/SS/SXY/PX-2PY2PZ5	1.8070220947265625e-02	2.6092747512308925e-10	3.0284762165166100e+05
/SS/SXY/PX-2PY2PZ6	8.4505081176757812e-03	6.3547618516233272e-11	4.8213687271181298e+06
/SS/SXY/PX-2PY2PZ7	2.5601387023925781e-02	2.8785117605058675e-10	3.7991593771845279e+06
/SS/SXY/PX0PY-1PZ5	1.9392700195312500e+00	1.5116479195918200e-10	2.8682273419536225e+07
/SS/SXY/PX0PY-1PZ6	1.0633789062500000e+01	1.3249964581038557e-10	1.7118679678484377e+08
/SS/SXY/PX0PY-1PZ7	1.7987304687500000e+01	1.6825855249376268e-10	6.6505908705446696e+08
/SS/SXY/PX0PY-2PZ5	1.0641479492187500e-01	1.3410839917421331e-10	3.9363588280239012e+06
/SS/SXY/PX0PY-2PZ6	1.5027694702148438e+00	2.9817233809108102e-10	2.5317057755071677e+07
/SS/SXY/PX0PY-2PZ7	1.5636596679687500e+00	4.1930820899626633e-10	3.0577628947922856e+07
/SS/SXY/PX0PY0PZ5	5.1218261718750000e+00	1.4349380675312489e-10	4.9077405086127415e+07
/SS/SXY/PX0PY0PZ6	3.7690429687500000e+00	1.6445646735081601e-10	1.1191414744758274e+08
/SS/SXY/PX0PY0PZ7	8.1163940429687500e+00	1.2123106684499841e-10	4.2619576366773081e+08
/SS/SXY/PX0PY1PZ5	1.5264892578125000e+00	3.4822585376998299e-10	7.3003507772408009e+07
/SS/SXY/PX0PY1PZ6	1.2968750000000000e+00	1.1745765347603139e-10	4.0920464140896074e+07
/SS/SXY/PX0PY1PZ7	2.7107299804687500e+01	1.5062137636097602e-10	4.5516764839598197e+08
/SS/SXY/PX0PY2PZ5	2.6336669921875000e-01	8.4851363394002451e-11	8.5758229227904864e+06
/SS/SXY/PX0PY2PZ6	3.2113647460937500e-01	1.1007518646317226e-10	1.2931143507630458e+07
/SS/SXY/PX0PY2PZ7	4.5545959472656250e+00	1.7010262973144720e-10	1.5032016969525105e+08
/SS/SXY/PX1PY-1PZ5	1.2952423095703125e-01	3.1994665265890465e-10	1.1881262104138641e+07
/SS/SXY/PX1PY-1PZ6	8.9340209960937500e-01	1.7825509259734623e-10	1.1480953991603097e+07
/SS/SXY/PX1PY-1PZ7	2.0828857421875000e+00	1.4902883566465581e-10	1.5280033834831011e+08
/SS/SXY/PX1PY-2PZ5	8.6398124694824219e-03	9.5393675841494819e-11	4.5832211634477247e+06
/SS/SXY/PX1PY-2PZ6	2.9238128662109375e-01	7.3876063803054717e-10	2.6928802893289477e+06
/SS/SXY/PX1PY-2PZ7	3.7796020507812500e-01	1.1913785783377974e-10	1.4693601467206644e+07
/SS/SXY/PX1PY0PZ5	3.0238342285156250e+00	1.0195477574379520e-10	7.2064731013592072e+06
/SS/SXY/PX1PY0PZ6	7.6660156250000000e-01	2.1885242938667488e-10	4.6757772365547538e+07
/SS/SXY/PX1PY0PZ7	6.3828125000000000e+00	1.8527481348815925e-10	4.0637845907432869e+07
/SS/SXY/PX1PY1PZ5	1.8284606933593750e-01	2.4632545796979795e-10	3.2681106080355287e+07
/SS/SXY/PX1PY1PZ6	1.0025634765625000e+00	2.6473082689513616e-10	1.2050680523965901e+08
/SS/SXY/PX1PY1PZ7	3.9218750000000000e+00	1.6584276630563434e-10	1.4565192848094320e+08
/SS/SXY/PX1PY2PZ5	1.5468358993530273e-02	1.0290631757971455e-10	6.0814979145461861e+06
/SS/SXY/PX1PY2PZ6	9.8556518554687500e-02	7.7990590561910540e-10	3.5082992479719915e+06
/SS/SXY/PX1PY2PZ7	3.0538940429687500e-01	1.7209496653121692e-10	1.8132758538094405e+07
/SS/SXY/PX2PY-1PZ5	4.0403366088867188e-02	1.8478358772064749e-10	1.5491807710185135e+06
/SS/SXY/PX2PY-1PZ6	4.3632507324218750e-02	1.7372526644746534e-09	6.4236478877710411e+05
/SS/SXY/PX2PY-1PZ7	6.2466430664062500e-01	1.6825711460566934e-10	1.2369621657841692e+07
/SS/SXY/PX2PY-2PZ5	2.2401809692382812e-03	7.3782017190799235e-11	5.3856566148887360e+06
/SS/SXY/PX2PY-2PZ6	9.6583366394042969e-03	1.9756916532702151e-10	9.9698934130792581e+06
/SS/SXY/PX2PY-2PZ7	1.1330413818359375e-01	3.4458430768473199e-10	1.6565343874469378e+06
/SS/SXY/PX2PY0PZ5	1.2181472778320312e-01	3.1936293157701823e-10	1.3467980116653317e+06
/SS/SXY/PX2PY0PZ6	2.4510192871093750e-01	1.1887343423423263e-10	1.7917417289605413e+07
/SS/SXY/PX2PY0PZ7	8.9947509765625000e-01	1.0514318190700288e-10	6.1102194835773662e+07
/SS/SXY/PX2PY1PZ5	4.5091629028320312e-02	6.0161512164167766e-10	7.3642276416912046e+05
/SS/SXY/PX2PY1PZ6	1.6145324707031250e-01	1.9789641412414972e-10	1.0099945727646736e+07
/SS/SXY/PX2PY1PZ7	1.8743896484375000e-01	1.7945274929638165e-10	1.1110092392203392e+08
/SS/SXY/PX2PY2PZ5	5.6340694427490234e-03	2.8471560937086872e-10	5.5135926797400776e+05
/SS/SXY/PX2PY2PZ6	4.0738582611083984e-03	4.0948629544756731e-10	4.8683062761225598e+05
/SS/SXY/PX2PY2PZ7	7.6698303222656250e-02	1.1714208663414431e-10	2.2338082430518992e+07
/SS/SXZ/PX-1PY-1PZ5	1.9825744628906250e-01	3.0958007782989810e-10	1.6838613563305888e+07
/SS/SXZ/PX-1PY-1PZ6	3.5241699218750000e-01	1.2132180423553142e-10	6.6615441426457360e+07
/SS/SXZ/PX-1PY-1PZ7	3.3509216308593750e+00	1.8874406565386999e-10	4.6127748035260364e+07
/SS/SXZ/PX-1PY-2PZ5	1.1981773376464844e-01	8.4963888919543657e-10	6.4686536836241768e+05
/SS/SXZ/PX-1PY-2PZ6	3.8358688354492188e-02	2.0171221054381259e-10	2.0670542885474910e+06
/SS/SXZ/PX-1PY-2PZ7	4.9937057495117188e-01	6.4427129271625881e-11	8.2263810781089509e+08
/SS/SXZ/PX-1PY0PZ5	2.6397705078125000e+00	9.5694024683480836e-11	6.0208685763783133e+08
/SS/SXZ/PX-1PY0PZ6	1.4157714843750000e+00	7.6909953275256383e-11	9.5290184066747412e+07
/SS/SXZ/PX-1PY0PZ7	1.6009277343750000e+01	3.9976200939999041e-10	1.2048685286641073e+08
/SS/SXZ/PX-1PY1PZ5	1.2661743164062500e-01	1.6830173381474867e-10	6.1294726252050614e+06
/SS/SXZ/PX-1PY1PZ6	5.5923461914062500e-01	2.9082090027218405e-10	2.8179642064973082e+07
/SS/SXZ/PX-1PY1PZ7	6.1826782226562500e+00	7.9887585482443350e-11	2.8293103626524299e+08
/SS/SXZ/PX-1PY2PZ5	6.3392639160156250e-02	2.9414795487624024e-10	3.7429865968122478e+06
/SS/SXZ/PX-1PY2PZ6	2.2697448730468750e-02	2.1118477460071882e-10	9.3396691614871267e+06
/SS/SXZ/PX-1PY2PZ7	6.9381713867187500e-01	1.4603746263604132e-10	7.2668707679250851e+07
/SS/SXZ/PX-2PY-1PZ5	2.1493911743164062e-02	4.7901481745847542e-10	4.2998285205681506e+05
/SS/SXZ/PX-2PY-1PZ6	3.1235885620117188e-01	2.0704008690826760e-10	4.7469901944475628e+07
/SS/SXZ/PX-2PY-1PZ7	3.9545440673828125e-01	1.2119817489541707e-10	2.3462582012381129e+07
/SS/SXZ/PX-2PY-2PZ5	1.3358831405639648e-02	1.1802339566634072e-10	1.0120068966461112e+06
/SS/SXZ/PX-2PY-2PZ6	2.1317958831787109e-02	1.7796939266522435e-10	3.7227074189466350e+06
/SS/SXZ/PX-2PY-2PZ7	5.0000190734863281e-02	1.8960101987561250e-10	2.9544649825237226e+06
/SS/SXZ/PX-2PY0PZ5	2.4784564971923828e-02	1.9520173183980011e-10	8.3725967720608171e+06
/SS/SXZ/PX-2PY0PZ6	1.3614044189453125e+00	3.1481733306347901e-10	3.8710016199829262e+06
/SS/SXZ/PX-2PY0PZ7	2.2181091308593750e+00	1.3797153191251652e-10	5.6444446992537454e+07
/SS/SXZ/PX-2PY1PZ5	7.3747634887695312e-03	1.0811055885760056e-10	1.1418269310666134e+06
/SS/SXZ/PX-2PY1PZ6	4.1507530212402344e-01	2.5195823118206715e-10	4.7016041127849491e+06
/SS/SXZ/PX-2PY1PZ7	3.6146926879882812e-01	4.9180960567037951e-10	8.0143930944748698e+06
/SS/SXZ/PX-2PY2PZ5	2.6860982179641724e-03	5.9624398100423867e-10	1.0431618584683044e+05
/SS/SXZ/PX-2PY2PZ6	3.1409740447998047e-02	2.3728046733617140e-10	5.7179445181373111e+05
/SS/SXZ/PX-2PY2PZ7	6.2910079956054688e-02	4.1541914041775298e-10	1.3361469964111247e+06
/SS/SXZ/PX0PY-1PZ5	5.4705810546875000e-01	1.5398652457698679e-10	7.2334921005838379e+07
/SS/SXZ/PX0PY-1PZ6	5.9636230468750000e+00	1.1414269971362670e-10	2.4526047128575101e+08
/SS/SXZ/PX0PY-1PZ7	4.8225097656250000e+00	1.8680981824743080e-10	2.9395669973519564e+08
/SS/SXZ/PX0PY-2PZ5	6.4482688903808594e-02	9.5623259128850508e-11	7.5235384677887755e+06
/SS/SXZ/PX0PY-2PZ6	1.1091461181640625e+00	1.1968897268483191e-10	1.2612399297218479e+08
/SS/SXZ/PX0PY-2PZ7	6.8643188476562500e-01	2.9872338166791555e-10	9.4980047104760762e+06
/SS/SXZ/PX0PY0PZ5	8.7556152343750000e+00	1.4103552587379672e-10	1.2115945456924072e+08
/SS/SXZ/PX0PY0PZ6	2.6070068359375000e+01	1.2439070022066471e-10	2.0882951221509022e+08
/SS/SXZ/PX0PY0PZ7	5.9136962890625000e+00	1.1376353990419522e-10	1.8344707688863952e+09
/SS/SXZ/PX0PY1PZ5	8.2669067382812500e-01	2.3443314330852942e-10	5.3431321121927455e+07
/SS/SXZ/PX0PY1PZ6	6.8641357421875000e+00	3.0462418804384517e-10	8.1193531454284132e+07
/SS/SXZ/PX0PY1PZ7	7.6520996093750000e+00	6.2539070233801842e-10	2.3558355797966365e+07
/SS/SXZ/PX0PY2PZ5	1.9069671630859375e-01	2.3074102381000048e-10	8.4897704065134171e+06
/SS/SXZ/PX0PY2PZ6	7.5962829589843750e-01	4.9268828662263305e-10	6.8479847003502315e+06
/SS/SXZ/PX0PY2PZ7	3.1177673339843750e+00	7.3267403929641694e-11	1.0649450380605365e+08
/SS/SXZ/PX1PY-1PZ5	3.9575195312500000e-01	2.3549109943670083e-10	1.1450583103983451e+07
/SS/SXZ/PX1PY-1PZ6	3.3236999511718750e+00	1.2537406877880037e-10	1.9371094822722176e+08
/SS/SXZ/PX1PY-1PZ7	1.1117553710937500e+01	2.5391228276380811e-09	1.1956004925559370e+07
/SS/SXZ/PX1PY-2PZ5	9.1110229492187500e-02	3.6738910410239690e-10	1.1636820165993962e+06
/SS/SXZ/PX1PY-2PZ6	4.4510650634765625e-01	7.6651783351757228e-11	3.8254949541273713e+07
/SS/SXZ/PX1PY-2PZ7	1.3301696777343750e+00	7.2865995183048476e-10	7.8025808103852328e+06
/SS/SXZ/PX1PY0PZ5	3.4016113281250000e+00	1.5159170591804719e-10	2.6246228957581192e+07
/SS/SXZ/PX1PY0PZ6	7.3463134765625000e+00	1.1580037251557292e-10	1.8249051119765770e+08
/SS/SXZ/PX1PY0PZ7	2.9444824218750000e+01	1.1665729501108004e-10	3.6991349029815602e+08
/SS/SXZ/PX1PY1PZ5	2.2277832031250000e-01	2.7425105251809364e-10	2.1715866516196333e+07
/SS/SXZ/PX1PY1PZ6	3.8616943359375000e-01	3.8815471180893030e-10	1.1329481369647542e+07
/SS/SXZ/PX1PY1PZ7	5.3065490722656250e-01	1.5418487187491276e-10	1.3176576682346432e+08
/SS/SXZ/PX1PY2PZ5	6.4075469970703125e-02	6.0996117591107750e-10	1.0696298392558408e+06
/SS/SXZ/PX1PY2PZ6	1.5098571777343750e-02	1.4429231274997374e-10	8.0695170998073202e+06
/SS/SXZ/PX1PY2PZ7	5.5290603637695312e-01	5.5758252684333377e-10	1.7361218583513539e+07
/SS/SXZ/PX2PY-1PZ5	5.2345275878906250e-02	2.3245589314670334e-10	2.0751690700580296e+06
/SS/SXZ/PX2PY-1PZ6	4.4197082519531250e-01	1.9263020948963480e-10	6.2703860304761492e+06
/SS/SXZ/PX2PY-1PZ7	2.0769653320312500e+00	1.2723843556372948e-10	1.1719349923481809e+08
/SS/SXZ/PX2PY-2PZ5	9.7608566284179688e-03	9.0332302284560365e-11	1.3646574572571078e+06
/SS/SXZ/PX2PY-2PZ6	6.1086654663085938e-02	5.5510615044529901e-10	6.1683561351499660e+05
/SS/SXZ/PX2PY-2PZ7	2.8539466857910156e-01	1.2356797455489369e-10	5.3521589690297702e+06
/SS/SXZ/PX2PY0PZ5	4.2368316650390625e-01	3.5329669416631591e-10	3.5949018706272678e+06
/SS/SXZ/PX2PY0PZ6	1.6086578369140625e-01	5.0167341596310738e-10	3.1866054127938589e+06
/SS/SXZ/PX2PY0PZ7	3.7125244140625000e+00	1.1750115386299985e-10	3.5657114032927528e+07
/SS/SXZ/PX2PY1PZ5	1.3036727905273438e-01	1.1157855982038083e-10	3.7302838537965585e+06
/SS/SXZ/PX2PY1PZ6	1.7531776428222656e-01	2.6718647267047033e-10	1.0551115360855518e+07
/SS/SXZ/PX2PY1PZ7	2.4856948852539062e-01	1.0525940181402636e-10	1.1177420851389068e+08
/SS/SXZ/PX2PY2PZ5	2.4268627166748047e-03	4.9476828924510161e-10	5.9164782514118277e+04
/SS/SXZ/PX2PY2PZ6	1.3103246688842773e-02	3.0676913699137874e-10	7.9388057639275503e+05
/SS/SXZ/PX2PY2PZ7	4.5079469680786133e-02	3.5267348212062585e-10	7.3400180445373515e+06
/SS/SYT/PX-1PY-1PZ5	1.0197448730468750e-01	2.7589631114224027e-10	1.7762081368424013e+07
/SS/SYT/PX-1PY-1PZ6	2.8795108795166016e+00	5.9352985097911040e-10	1.2258579420994453e+07
/SS/SYT/PX-1PY-1PZ7	4.9315185546875000e+00	2.2121172313347867e-10	4.9349195143460438e+07
/SS/SYT/PX-1PY-2PZ5	4.5581817626953125e-02	1.7761936356743854e-10	2.1623440284233810e+06
/SS/SYT/PX-1PY-2PZ6	1.9535446166992188e-01	3.4849773245121048e-10	1.8502563006547425e+07
/SS/SYT/PX-1PY-2PZ7	1.0907592773437500e+00	2.0541151028363552e-09	4.0198778218380590e+06
/SS/SYT/PX-1PY0PZ5	3.0340576171875000e-01	2.8698051386814767e-10	1.9042406846753005e+07
/SS/SYT/PX-1PY0PZ6	3.0151367187500000e+00	2.8265390109417167e-10	2.0794648523704514e+08
/SS/SYT/PX-1PY0PZ7	9.3579101562500000e+00	1.3261487428857556e-10	1.0712744443352580e+08
/SS/SYT/PX-1PY1PZ5	1.0306701660156250e+00	5.6069261587582123e-10	8.2094234425650602e+06
/SS/SYT/PX-1PY1PZ6	1.0573120117187500e+00	1.3896976233768766e-10	3.5721029915367268e+07
/SS/SYT/PX-1PY1PZ7	2.9527587890625000e+00	1.7739408495726862e-10	3.6068732529864930e+07
/SS/SYT/PX-1PY2PZ5	1.6616821289062500e-01	1.2050835678892874e-10	6.5537764133785758e+06
/SS/SYT/PX-1PY2PZ6	1.4060974121093750e-01	4.9204704703553623e-10	8.5412308430325845e+05
/SS/SYT/PX-1PY2PZ7	3.4635543823242188e-01	2.2722521925602717e-10	8.3515853738730680e+06
/SS/SYT/PX-2PY-1PZ5	5.1097869873046875e-02	4.0249887848231076e-10	2.2306452584855198e+06
/SS/SYT/PX-2PY-1PZ6	2.4524688720703125e-01	2.5670836573490509e-10	6.5854513852426792e+06
/SS/SYT/PX-2PY-1PZ7	2.9104614257812500e-01	3.0935150100494342e-10	1.3516981970520603e+07
/SS/SYT/PX-2PY-2PZ5	1.5910148620605469e-02	1.9938998738364887e-10	7.7846934718417760e+05
/SS/SYT/PX-2PY-2PZ6	3.0119180679321289e-02	1.5641818660729839e-10	1.6398868232221131e+06
/SS/SYT/PX-2PY-2PZ7	3.1444549560546875e-02	2.2453223650585977e-10	7.7067305691041360e+06
/SS/SYT/PX-2PY0PZ5	7.5180053710937500e-02	2.5150765937091670e-10	5.9739209569262303e+06
/SS/SYT/PX-2PY0PZ6	2.6679992675781250e-01	6.7743188807221477e-11	3.1750033409290627e+07
/SS/SYT/PX-2PY0PZ7	1.1174774169921875e+00	1.3914922776120340e-10	1.6588666532028145e+08
/SS/SYT/PX-2PY1PZ5	1.0545730590820312e-01	1.8472818442297659e-10	6.0270971698843064e+06
/SS/SYT/PX-2PY1PZ6	5.5477142333984375e-02	1.1486861597307810e-10	2.7196795400971297e+07
/SS/SYT/PX-2PY1PZ7	2.1313476562500000e-01	3.4907462698375239e-10	1.2018493552117750e+07
/SS/SYT/PX-2PY2PZ5	2.4287700653076172e-02	1.7167530702556842e-10	5.2807468765049020e+05
/SS/SYT/PX-2PY2PZ6	1.6591072082519531e-02	1.2085564059144011e-10	1.5235198337459813e+06
/SS/SYT/PX-2PY2PZ7	6.9087982177734375e-02	1.5407188320296900e-10	9.9062447689496744e+06
/SS/SYT/PX0PY-1PZ5	2.0632324218750000e+00	1.6881625143740063e-10	1.6726514404356301e+08
/SS/SYT/PX0PY-1PZ6	4.6153564453125000e+00	1.5759143270809126e-10	2.9719523270419800e+08
/SS/SYT/PX0PY-1PZ7	3.6426147460937500e+01	1.6525770023554242e-10	1.1716356573701325e+08
/SS/SYT/PX0PY-2PZ5	2.2454071044921875e-01	2.3343365748607265e-10	1.8534237720148885e+06
/SS/SYT/PX0PY-2PZ6	1.2103271484375000e-01	4.0475310616566313e-10	7.6494003930061525e+06
/SS/SYT/PX0PY-2PZ7	2.3596191406250000e+00	1.2281007417887408e-10	1.3688166129702661e+07
/SS/SYT/PX0PY0PZ5	3.5185546875000000e+00	2.2608518370728270e-10	4.6539158624065362e+07
/SS/SYT/PX0PY0PZ6	1.0769531250000000e+01	7.1995371467069543e-11	1.1272294105392739e+08
/SS/SYT/PX0PY0PZ7	1.0698925781250000e+02	1.0109461273260917e-10	2.0697120787177953e+08
/SS/SYT/PX0PY1PZ5	1.0873413085937500e+00	2.9763748104423308e-10	9.8869032462052181e+06
/SS/SYT/PX0PY1PZ6	5.8027343750000000e+00	1.5797310457254716e-10	9.9100820362717003e+07
/SS/SYT/PX0PY1PZ7	6.5297851562500000e+00	2.7274102765943618e-10	1.2542677638183028e+08
/SS/SYT/PX0PY2PZ5	8.8407993316650391e-02	2.9434156363682412e-10	1.1449327938428769e+07
/SS/SYT/PX0PY2PZ6	4.5874023437500000e-01	2.9254853180082721e-10	7.4092964106457634e+06
/SS/SYT/PX0PY2PZ7	1.5386962890625000e+00	2.7910425424517425e-10	2.4527679577950757e+07
/SS/SYT/PX1PY-1PZ5	6.1828613281250000e-01	1.0216602067046752e-10	1.9009638490023304e+07
/SS/SYT/PX1PY-1PZ6	2.4296875000000000e+00	2.3361259550125213e-10	4.7600966172839470e+07
/SS/SYT/PX1PY-1PZ7	1.9537048339843750e+00	1.5795463982936799e-10	2.2239365171566278e+07
/SS/SYT/PX1PY-2PZ5	1.7184448242187500e-01	1.9297678022106789e-10	8.1085004564897448e+05
/SS/SYT/PX1PY-2PZ6	2.8070068359375000e-01	2.2187489341315054e-10	1.9742897948373653e+07
/SS/SYT/PX1PY-2PZ7	3.6257648468017578e-01	1.8189786128357019e-10	2.0125364828809083e+07
/SS/SYT/PX1PY0PZ5	1.3926391601562500e+00	2.5359010635264772e-10	4.1392998067153871e+07
/SS/SYT/PX1PY0PZ6	4.7571105957031250e+00	1.8814276158294038e-10	2.2794260151881859e+08
/SS/SYT/PX1PY0PZ7	8.4685058593750000e+00	1.0618722901825353e-10	2.1369066934771517e+08
/SS/SYT/PX1PY1PZ5	1.1543273925781250e-01	2.6927025472300900e-10	5.1445674949520482e+06
/SS/SYT/PX1PY1PZ6	1.4843444824218750e+00	2.7986868028314651e-10	5.0485928047837906e+07
/SS/SYT/PX1PY1PZ7	7.8295898437500000e-01	1.6126917976616873e-10	6.5764008845355518e+07
/SS/SYT/PX1PY2PZ5	4.5228958129882812e-02	3.2946024531099403e-10	1.3999432018880318e+06
/SS/SYT/PX1PY2PZ6	1.1598968505859375e-01	9.2681482813397172e-11	1.9291694811023559e+07
/SS/SYT/PX1PY2PZ7	1.8231201171875000e-01	9.2609620039476527e-11	8.0711816683291122e+07
/SS/SYT/PX2PY-1PZ5	1.9655609130859375e-01	1.9393426016400324e-10	9.1267703433168065e+06
/SS/SYT/PX2PY-1PZ6	2.1907806396484375e-01	1.1822516597636032e-10	5.5984283534674598e+06
/SS/SYT/PX2PY-1PZ7	9.9007415771484375e-01	2.1832077640284860e-10	1.2205546392706849e+07
/SS/SYT/PX2PY-2PZ5	3.6708354949951172e-02	1.8951323210954340e-10	1.2345145659380157e+06
/SS/SYT/PX2PY-2PZ6	3.1830787658691406e-02	1.0432761608984836e-10	2.5128073216492897e+06
/SS/SYT/PX2PY-2PZ7	8.0234527587890625e-02	1.8306103699887525e-10	2.7000102371624585e+07
/SS/SYT/PX2PY0PZ5	4.8448181152343750e-01	4.0649913031485818e-10	1.1957955423063852e+07
/SS/SYT/PX2PY0PZ6	9.7514343261718750e-01	1.2732120016713427e-10	1.1980929189139852e+07
/SS/SYT/PX2PY0PZ7	3.4108810424804688e+00	1.4718150783133683e-10	8.9875415772451103e+07
/SS/SYT/PX2PY1PZ5	3.2970428466796875e-02	3.3580179216480278e-10	8.2087063043737435e+05
/SS/SYT/PX2PY1PZ6	2.4706268310546875e-01	2.3079054590124999e-10	1.1246140404323293e+07
/SS/SYT/PX2PY1PZ7	1.7425537109375000e-01	1.0332283096796627e-10	4.0228456223499894e+08
/SS/SYT/PX2PY2PZ5	2.4151206016540527e-03	3.2366309168205876e-10	7.7443216862161527e+05
/SS/SYT/PX2PY2PZ6	2.8533190488815308e-03	2.3674442124355003e-10	3.1286625997596858e+06
/SS/SYT/PX2PY2PZ7	6.3325881958007812e-02	1.5086237184852564e-10	3.8342279702732135e+06
/SS/SYZ/PX-1PY-1PZ5	1.4592208862304688e+00	2.0931364914253418e-10	1.2256527118266461e+07
/SS/SYZ/PX-1PY-1PZ6	8.7606811523437500e-01	5.0404104746760307e-10	1.1864656140104366e+07
/SS/SYZ/PX-1PY-1PZ7	2.1230468750000000e+00	4.0063781406155337e-10	1.2633451285725286e+07
/SS/SYZ/PX-1PY-2PZ5	1.0392570495605469e-01	2.3025014721188828e-10	4.2094287207743176e+05
/SS/SYZ/PX-1PY-2PZ6	7.1147918701171875e-02	1.1900159474462081e-10	1.1648826654856401e+07
/SS/SYZ/PX-1PY-2PZ7	2.8390121459960938e-01	2.3077962484100778e-10	1.8171158805009585e+07
/SS/SYZ/PX-1PY0PZ5	4.9360504150390625e+00	1.1232922016157054e-10	2.7161478119522300e+07
/SS/SYZ/PX-1PY0PZ6	2.3522644042968750e+00	2.7664380965339390e-10	5.8060968507238150e+07
/SS/SYZ/PX-1PY0PZ7	1.6156005859375000e+00	1.2791458324035722e-10	3.3734666018840414e+08
/SS/SYZ/PX-1PY1PZ5	9.3858337402343750e-01	1.9670212204583940e-10	1.0622748597320655e+07
/SS/SYZ/PX-1PY1PZ6	9.5135498046875000e-01	1.7275989722800137e-10	1.3548519710149067e+07
/SS/SYZ/PX-1PY1PZ7	7.9628906250000000e+00	2.4615895441181508e-10	7.0656054279465944e+07
/SS/SYZ/PX-1PY2PZ5	1.6068649291992188e-01	1.5287012021013761e-10	1.3889580552762467e+07
/SS/SYZ/PX-1PY2PZ6	1.6246795654296875e-01	2.0463235894119743e-10	3.1152410584123884e+06
/SS/SYZ/PX-1PY2PZ7	1.2468872070312500e+00	1.6446120330573120e-10	2.6339054870209415e+07
/SS/SYZ/PX-2PY-1PZ5	1.7529487609863281e-01	2.5783416867619374e-10	1.9088210058721388e+06
/SS/SYZ/PX-2PY-1PZ6	4.3567657470703125e-01	1.2590019978572159e-10	2.7566542268052563e+07
/SS/SYZ/PX-2PY-1PZ7	5.8038330078125000e-01	1.1815226473523043e-10	1.0394874129041117e+07
/SS/SYZ/PX-2PY-2PZ5	1.6518115997314453e-02	2.0382188476546767e-10	1.0166518528962124e+06
/SS/SYZ/PX-2PY-2PZ6	3.3388614654541016e-02	1.7333074056280774e-10	2.5891871274448619e+06
/SS/SYZ/PX-2PY-2PZ7	7.9490661621093750e-02	9.9099934911937002e-11	2.2704625522676211e+07
/SS/SYZ/PX-2PY0PZ5	4.4778060913085938e-01	2.0844688225257633e-10	4.8894607993967831e+06
/SS/SYZ/PX-2PY0PZ6	4.7499084472656250e-01	1.8480801188225182e-10	3.8523314644431151e+07
/SS/SYZ/PX-2PY0PZ7	5.8624267578125000e-01	2.5932149364934928e-10	3.8295711973686144e+07
/SS/SYZ/PX-2PY1PZ5	2.0483016967773438e-02	1.2800024035258386e-10	3.2684122306761337e+06
/SS/SYZ/PX-2PY1PZ6	2.1527862548828125e-01	1.6650826939390757e-10	7.4078808495997703e+06
/SS/SYZ/PX-2PY1PZ7	1.1863708496093750e+00	2.1026234518274199e-10	7.0011989404404331e+06
/SS/SYZ/PX-2PY2PZ5	1.7507314682006836e-02	2.7878433290286845e-10	3.4970635018505191e+05
/SS/SYZ/PX-2PY2PZ6	3.6503314971923828e-02	1.7815667260758241e-10	6.4197793071693769e+06
/SS/SYZ/PX-2PY2PZ7	1.7707061767578125e-01	1.7716107575007933e-10	4.0012378667975930e+06
/SS/SYZ/PX0PY-1PZ5	3.9740600585937500e+00	1.1448166107337903e-10	2.0400393328882056e+08
/SS/SYZ/PX0PY-1PZ6	2.1872558593750000e+00	9.6571184812382423e-10	8.2638718680611402e+06
/SS/SYZ/PX0PY-1PZ7	2.1612304687500000e+01	1.8780549324232799e-10	1.7598343769433218e+08
/SS/SYZ/PX0PY-2PZ5	1.1488723754882812e-01	3.4115186118099701e-10	1.2110621735680457e+06
/SS/SYZ/PX0PY-2PZ6	6.2261962890625000e-01	3.1078349593249274e-10	6.6569905904483795e+06
/SS/SYZ/PX0PY-2PZ7	2.3937988281250000e+00	1.1974563437252901e-10	1.6832816022028410e+08
/SS/SYZ/PX0PY0PZ5	2.9191650390625000e+01	1.7728055463939219e-10	8.4925341982636675e+07
/SS/SYZ/PX0PY0PZ6	5.2370605468750000e+00	6.8668137971218622e-10	9.4756529741316348e+07
/SS/SYZ/PX0PY0PZ7	2.5154296875000000e+01	1.4417156686894919e-10	1.3267402399593315e+09
/SS/SYZ/PX0PY1PZ5	6.1467132568359375e+00	1.4783877559619056e-10	7.0478318739605024e+07
/SS/SYZ/PX0PY1PZ6	6.3999023437500000e+00	7.2195219675426555e-11	1.7949286212559143e+08
/SS/SYZ/PX0PY1PZ7	2.9016845703125000e+01	4.4413670368569312e-10	9.1163346386567280e+07
/SS/SYZ/PX0PY2PZ5	2.4810791015625000e-01	9.6945363437427381e-11	1.3961399620802138e+07
/SS/SYZ/PX0PY2PZ6	9.0940856933593750e-01	8.7735660409251474e-11	2.5979346746710945e+07
/SS/SYZ/PX0PY2PZ7	2.0379333496093750e+00	1.9992384191224984e-10	5.7524107319712698e+07
/SS/SYZ/PX1PY-1PZ5	1.5870513916015625e+00	3.9814007107962418e-10	1.4599760623248706e+06
/SS/SYZ/PX1PY-1PZ6	1.2705993652343750e-01	1.6245523239968156e-10	2.3060535543839343e+07
/SS/SYZ/PX1PY-1PZ7	9.1002197265625000e+00	3.8960682809573020e-10	1.0029908263439541e+08
/SS/SYZ/PX1PY-2PZ5	1.0127639770507812e-01	2.0486550687114512e-10	1.6527667347592174e+06
/SS/SYZ/PX1PY-2PZ6	8.4686279296875000e-02	1.0957728701653617e-10	7.2229856967692375e+07
/SS/SYZ/PX1PY-2PZ7	1.3361663818359375e+00	1.7719049637379585e-10	3.5788462363010794e+07
/SS/SYZ/PX1PY0PZ5	7.8878173828125000e+00	2.3308512731439233e-10	9.6870440705246311e+06
/SS/SYZ/PX1PY0PZ6	3.3137817382812500e+00	1.3768726161424001e-10	4.0544540258017406e+07
/SS/SYZ/PX1PY0PZ7	2.0017089843750000e+00	9.0865750572261676e-11	8.4742161895597532e+07
/SS/SYZ/PX1PY1PZ5	2.3733825683593750e+00	1.9826255600079298e-10	4.2763624227353066e+07
/SS/SYZ/PX1PY1PZ6	8.3251953125000000e-01	1.1435460150963308e-10	3.0822694469408900e+07
/SS/SYZ/PX1PY1PZ7	7.1976318359375000e+00	1.9930203860449478e-10	3.6763173704213277e+07
/SS/SYZ/PX1PY2PZ5	2.8701591491699219e-01	2.9858469190712872e-10	9.9862798575540949e+06
/SS/SYZ/PX1PY2PZ6	1.4118957519531250e-01	2.7612223096856572e-10	1.1793031470081531e+06
/SS/SYZ/PX1PY2PZ7	9.3551635742187500e-01	5.1581131003105251e-10	4.9468415974047109e+07
/SS/SYZ/PX2PY-1PZ5	2.4328613281250000e-01	1.4675578790744303e-10	1.5034015503540980e+06
/SS/SYZ/PX2PY-1PZ6	7.5758934020996094e-02	1.5854908500767951e-10	8.3594128787596682e+06
/SS/SYZ/PX2PY-1PZ7	6.0787963867187500e-01	1.7900553401741782e-10	9.0360574194786157e+06
/SS/SYZ/PX2PY-2PZ5	1.8982410430908203e-02	6.1908811638606996e-11	1.2677196823334084e+06
/SS/SYZ/PX2PY-2PZ6	4.8898220062255859e-02	7.0902002152604440e-10	6.0173249256384035e+05
/SS/SYZ/PX2PY-2PZ7	1.3569450378417969e-01	9.3847158516917203e-11	1.5015200444003172e+07
/SS/SYZ/PX2PY0PZ5	1.0457763671875000e+00	3.8576000631638954e-10	4.2342897877384908e+06
/SS/SYZ/PX2PY0PZ6	1.8998718261718750e-01	2.0296142840259016e-10	1.8681255934115507e+07
/SS/SYZ/PX2PY0PZ7	1.1041870117187500e+00	1.8415700914296714e-10	6.0622963706252918e+07
/SS/SYZ/PX2PY1PZ5	3.6295318603515625e-01	3.5354594801483683e-10	1.6010238903536887e+06
/SS/SYZ/PX2PY1PZ6	1.9944000244140625e-01	8.9551417220336656e-11	6.0008880193610936e+07
/SS/SYZ/PX2PY1PZ7	1.1391906738281250e+00	1.9926591328303423e-10	5.6573564152690329e+07
/SS/SYZ/PX2PY2PZ5	4.2052030563354492e-02	1.5850750983500668e-10	6.4716140586140088e+05
/SS/SYZ/PX2PY2PZ6	4.1574478149414062e-02	1.1849628016886060e-10	2.1883584449422881e+06
/SS/SYZ/PX2PY2PZ7	1.1884689331054688e-01	1.0422540765549898e-10	6.7048886852783011e+06
/SS/SZT/PX-1PY-1PZ5	1.4877319335937500e+00	2.0987427184665925e-10	2.1589030777841676e+06
/SS/SZT/PX-1PY-1PZ6	1.0211181640625000e-01	8.8455199568842955e-11	6.6940015918502659e+07
/SS/SZT/PX-1PY-1PZ7	6.8376464843750000e+00	3.4625271144686818e-10	3.0126071070775539e+07
/SS/SZT/PX-1PY-2PZ5	1.9359207153320312e-01	1.4351526872027672e-10	3.9996762740717004e+06
/SS/SZT/PX-1PY-2PZ6	1.0486602783203125e-01	2.4064584154917251e-10	7.4142646491565788e+06
/SS/SZT/PX-1PY-2PZ7	2.6538085937500000e-01	1.4945552793525611e-10	5.7787659028699566e+06
/SS/SZT/PX-1PY0PZ5	7.2900390625000000e-01	1.5745798742149146e-10	7.0546439695951417e+07
/SS/SZT/PX-1PY0PZ6	4.5190429687500000e+00	3.7035578608947653e-10	4.0632661062300071e+07
/SS/SZT/PX-1PY0PZ7	3.8353515625000000e+01	1.3338488253380149e-10	1.3462412508426470e+08
/SS/SZT/PX-1PY1PZ5	4.6173095703125000e-02	1.6960765778050659e-10	1.9625616901107550e+07
/SS/SZT/PX-1PY1PZ6	5.1196289062500000e-01	5.7419478687749834e-10	4.9774388399756746e+06
/SS/SZT/PX-1PY1PZ7	4.9702148437500000e+00	9.7117770464156079e-11	7.2272137475497052e+07
/SS/SZT/PX-1PY2PZ5	4.6939849853515625e-02	1.2492470259451780e-10	9.3326311035264395e+06
/SS/SZT/PX-1PY2PZ6	1.2484741210937500e-01	1.4048005262846132e-10	1.6552634946535615e+07
/SS/SZT/PX-1PY2PZ7	4.6810913085937500e-01	2.7924574663289187e-10	9.5528103639930524e+06
/SS/SZT/PX-2PY-1PZ5	8.3438873291015625e-02	2.8700286871099743e-10	2.1178047436266583e+06
/SS/SZT/PX-2PY-1PZ6	3.0461692810058594e-01	1.4323362509062063e-10	6.4263467516691713e+06
/SS/SZT/PX-2PY-1PZ7	7.9965209960937500e-01	2.0427843771189212e-10	1.3728496365046620e+07
/SS/SZT/PX-2PY-2PZ5	9.6230506896972656e-03	5.0471944554509041e-10	8.0392442689388283e+06
/SS/SZT/PX-2PY-2PZ6	9.6919536590576172e-03	5.3591999224313298e-10	5.6158924104501051e+05
/SS/SZT/PX-2PY-2PZ7	5.9975624084472656e-02	2.4536062918702739e-10	2.9419469420369606e+07
/SS/SZT/PX-2PY0PZ5	1.0098266601562500e-01	1.6534121693507601e-10	1.7160632768035430e+07
/SS/SZT/PX-2PY0PZ6	4.4238281250000000e-01	1.2776153956088121e-10	2.9302542446554687e+07
/SS/SZT/PX-2PY0PZ7	6.5338134765625000e+00	1.4250827696230935e-10	1.2936920355293915e+07
/SS/SZT/PX-2PY1PZ5	9.1667175292968750e-02	1.6992045650903188e-10	4.0298502354074055e+06
/SS/SZT/PX-2PY1PZ6	1.2425994873046875e-01	1.4386637090416761e-10	6.6465948757738695e+06
/SS/SZT/PX-2PY1PZ7	8.5491943359375000e-01	1.4769357234443946e-10	2.1318809431353152e+08
/SS/SZT/PX-2PY2PZ5	2.0899772644042969e-02	9.1732972530222682e-11	2.2233298812407413e+06
/SS/SZT/PX-2PY2PZ6	1.3473510742187500e-02	3.4307809171540285e-10	1.1751694654705452e+06
/SS/SZT/PX-2PY2PZ7	3.5312652587890625e-02	2.0206155538853374e-10	3.5525746552088466e+06
/SS/SZT/PX0PY-1PZ5	4.4408569335937500e+00	1.1917456856213578e-10	5.9314150884850502e+07
/SS/SZT/PX0PY-1PZ6	3.6614685058593750e+00	1.6862872012762464e-10	6.5229636743596323e+07
/SS/SZT/PX0PY-1PZ7	9.1357421875000000e+00	7.7616682139215205e-11	6.1312317784847987e+08
/SS/SZT/PX0PY-2PZ5	2.4942016601562500e-01	1.3969493850372045e-10	9.8434295977480281e+06
/SS/SZT/PX0PY-2PZ6	1.5708923339843750e-01	1.6448131406841030e-10	1.1844552846870745e+07
/SS/SZT/PX0PY-2PZ7	7.7349853515625000e-01	5.0441669799181628e-10	1.9433444296659049e+07
/SS/SZT/PX0PY0PZ5	7.0402832031250000e+00	1.4163219476872993e-10	3.4126055190413155e+07
/SS/SZT/PX0PY0PZ6	8.8894042968750000e+00	1.2671236127081250e-10	4.9431090949188894e+08
/SS/SZT/PX0PY0PZ7	2.5039062500000000e+01	2.3931851193807398e-10	1.5163899966077632e+08
/SS/SZT/PX0PY1PZ5	1.0839843750000000e+00	1.7818362340037199e-10	6.2715276810671479e+07
/SS/SZT/PX0PY1PZ6	3.5468750000000000e+00	3.0505631091878924e-10	1.5969001795052515e+07
/SS/SZT/PX0PY1PZ7	1.8434570312500000e+01	6.3501306553598126e-11	5.2801588925455731e+08
/SS/SZT/PX0PY2PZ5	3.0244445800781250e-01	1.0924209713287004e-10	9.3372076832777560e+06
/SS/SZT/PX0PY2PZ6	6.5209960937500000e-01	3.7173685954741653e-10	2.2675193025965854e+06
/SS/SZT/PX0PY2PZ7	2.8652343750000000e+00	6.5449967562184480e-11	1.1635000904209670e+08
/SS/SZT/PX1PY-1PZ5	8.9123535156250000e-01	1.1557635837876529e-10	3.3012178926936176e+07
/SS/SZT/PX1PY-1PZ6	1.4860534667968750e+00	1.3233289091875656e-10	9.9335413727836892e+07
/SS/SZT/PX1PY-1PZ7	5.5617675781250000e+00	1.1432886718929976e-10	1.0552754231275612e+08
/SS/SZT/PX1PY-2PZ5	9.0808868408203125e-02	1.2296506123361002e-10	1.6688589370212310e+06
/SS/SZT/PX1PY-2PZ6	1.2056732177734375e-01	2.8192371729532616e-10	7.0577377859521173e+06
/SS/SZT/PX1PY-2PZ7	7.3332214355468750e-01	1.0902924475328826e-10	4.5700263194840655e+07
/SS/SZT/PX1PY0PZ5	3.7578582763671875e-02	2.0163712259505209e-10	1.3445659483762735e+08
/SS/SZT/PX1PY0PZ6	8.1632080078125000e+00	4.0246528255771920e-10	3.5338662193258636e+07
/SS/SZT/PX1PY0PZ7	3.7827148437500000e+00	6.0222789987955542e-10	6.8956073405196503e+07
/SS/SZT/PX1PY1PZ5	8.5458374023437500e-01	3.3756649428607024e-10	7.4377213469044529e+06
/SS/SZT/PX1PY1PZ6	1.8472900390625000e+00	2.1301770059847659e-10	2.8690011574098356e+07
/SS/SZT/PX1PY1PZ7	8.3798828125000000e+00	1.2706264145242405e-10	8.6730789175380841e+07
/SS/SZT/PX1PY2PZ5	1.1247634887695312e-01	1.9203271795262790e-10	1.5097889028568987e+06
/SS/SZT/PX1PY2PZ6	1.6606140136718750e-01	2.2037496718203571e-10	1.5977461852501507e+06
/SS/SZT/PX1PY2PZ7	1.4128112792968750e+00	2.8030340625447815e-10	1.9780054336523645e+07
/SS/SZT/PX2PY-1PZ5	1.1020278930664062e-01	1.0097744652545894e-10	8.3349667695192248e+06
/SS/SZT/PX2PY-1PZ6	1.3888168334960938e-01	1.2403106224955999e-10	2.7659360273403986e+06
/SS/SZT/PX2PY-1PZ7	6.3754272460937500e-01	1.3782912598912733e-10	1.0895522901182279e+07
/SS/SZT/PX2PY-2PZ5	1.8481254577636719e-02	1.5838062659878269e-10	2.7003896403248864e+06
/SS/SZT/PX2PY-2PZ6	1.7863273620605469e-02	9.2460241717054757e-10	2.6502994279848272e+05
/SS/SZT/PX2PY-2PZ7	8.1596374511718750e-02	1.6099879144268682e-10	3.1006535414047632e+06
/SS/SZT/PX2PY0PZ5	1.3450622558593750e-01	1.3557994221944765e-10	6.2864781419986431e+06
/SS/SZT/PX2PY0PZ6	1.3344268798828125e+00	5.6503331680837559e-11	3.7841021303393626e+08
/SS/SZT/PX2PY0PZ7	8.9758300781250000e-01	1.2761133164735931e-10	1.7633374421925965e+08
/SS/SZT/PX2PY1PZ5	6.4292907714843750e-02	2.6223963147923414e-10	1.3929451991332651e+06
/SS/SZT/PX2PY1PZ6	2.4325561523437500e-01	3.0199399225250245e-10	3.0774609339698516e+06
/SS/SZT/PX2PY1PZ7	1.0957946777343750e+00	1.9563126868059522e-10	1.2375793799892873e+07
/SS/SZT/PX2PY2PZ5	5.8088302612304688e-03	1.5376405306461759e-10	1.3520099103412321e+06
/SS/SZT/PX2PY2PZ6	2.5859832763671875e-02	2.1626914145567047e-10	6.4518739582560759e+05
/SS/SZT/PX2PY2PZ7	1.9676208496093750e-01	1.2425832846924088e-10	5.3893767613623515e+06
/SS/T/PX-1PY-1PZ5	3.8620758056640625e-01	2.2645301615946012e-10	5.6279100317402221e+06
/SS/T/PX-1PY-1PZ6	4.5703125000000000e+00	1.8820381634698465e-10	2.1689637359374985e+07
/SS/T/PX-1PY-1PZ7	2.3706054687500000e+00	4.2092700954335937e-10	3.2511431395012513e+07
/SS/T/PX-1PY-2PZ5	4.4685363769531250e-02	5.5141802233484509e-10	1.1639336064123234e+06
/SS/T/PX-1PY-2PZ6	3.6756896972656250e-01	2.1705894391577216e-10	5.6229356715911832e+06
/SS/T/PX-1PY-2PZ7	6.8667602539062500e-01	1.2120945855184881e-10	2.5629626141521048e+07
/SS/T/PX-1PY0PZ5	1.6236572265625000e+00	1.5045567418394689e-10	2.1984425304359533e+07
/SS/T/PX-1PY0PZ6	1.5923675537109375e+01	2.2733087090868494e-10	2.2585188508787397e+07
/SS/T/PX-1PY0PZ7	1.4192993164062500e+01	4.3610752509905963e-10	6.9478019335338488e+07
/SS/T/PX-1PY1PZ5	9.4956970214843750e-01	1.9795511086828155e-10	1.3902482785835717e+07
/SS/T/PX-1PY1PZ6	4.4148254394531250e-01	2.0952141495191267e-10	8.8089132237314191e+06
/SS/T/PX-1PY1PZ7	1.2200378417968750e+01	3.0788504306147283e-10	1.5300125744931292e+07
/SS/T/PX-1PY2PZ5	9.7404479980468750e-02	2.2958927839055381e-10	5.5237106571863284e+06
/SS/T/PX-1PY2PZ6	2.9472351074218750e-02	5.0061956083747020e-10	3.9074636364941285e+06
/SS/T/PX-1PY2PZ7	1.9836578369140625e+00	2.2528152072074224e-10	1.1534935951896673e+07
/SS/T/PX-2PY-1PZ5	1.7631912231445312e-01	1.1684497670041548e-10	3.2420664816975170e+06
/SS/T/PX-2PY-1PZ6	5.9684753417968750e-01	3.8877182655136334e-10	2.5255080012783860e+06
/SS/T/PX-2PY-1PZ7	1.2133789062500000e-01	1.4290990565223632e-10	3.1993646276076686e+07
/SS/T/PX-2PY-2PZ5	3.9779424667358398e-02	3.1905491457437543e-10	3.7004907080845599e+05
/SS/T/PX-2PY-2PZ6	4.5939445495605469e-02	1.9636188530871707e-10	3.6086932975723175e+06
/SS/T/PX-2PY-2PZ7	6.1935424804687500e-02	4.4962330209457637e-10	2.8931881943607465e+06
/SS/T/PX-2PY0PZ5	1.4533996582031250e-01	2.1480136163603262e-10	4.0902621739297723e+06
/SS/T/PX-2PY0PZ6	1.7591094970703125e-01	2.9024606644167040e-10	9.4697585193660166e+06
/SS/T/PX-2PY0PZ7	2.4250946044921875e+00	4.4138909774866179e-10	6.0484945155153545e+06
/SS/T/PX-2PY1PZ5	1.2692642211914062e-01	6.2420408272195522e-11	6.4401534459149772e+06
/SS/T/PX-2PY1PZ6	2.6939010620117188e-01	3.7442732084719939e-10	2.6431824220595579e+06
/SS/T/PX-2PY1PZ7	2.3942871093750000e+00	5.4584697160455500e-10	4.6257190026169652e+06
/SS/T/PX-2PY2PZ5	2.0759582519531250e-02	8.3546137130994375e-11	7.0455775930202426e+05
/SS/T/PX-2PY2PZ6	6.4382553100585938e-03	1.4704258616532448e-09	1.1633132228237246e+05
/SS/T/PX-2PY2PZ7	3.9215850830078125e-01	1.9382929862270633e-10	5.8583587539480608e+06
/SS/T/PX0PY-1PZ5	4.1275024414062500e+00	2.3623556804645718e-10	1.8402150238851469e+07
/SS/T/PX0PY-1PZ6	8.2121582031250000e+00	1.9900496434177902e-10	4.0478106918687552e+07
/SS/T/PX0PY-1PZ7	2.4662597656250000e+01	1.0216618696079983e-10	2.6269447990131645e+09
/SS/T/PX0PY-2PZ5	1.1137466430664062e+00	2.2674080515137067e-10	1.6811906462412805e+06
/SS/T/PX0PY-2PZ6	7.5561523437500000e-02	6.4697703490988105e-10	3.6507643728405354e+06
/SS/T/PX0PY-2PZ7	1.0552368164062500e+00	1.1784134275491025e-10	7.5650097688784719e+07
/SS/T/PX0PY0PZ5	4.8977050781250000e+00	3.7488001527574553e-10	2.8180754682336126e+07
/SS/T/PX0PY0PZ6	2.5097656250000000e+01	5.1235657057482859e-10	1.3827586198773969e+07
/SS/T/PX0PY0PZ7	7.9899414062500000e+01	2.1618289942612031e-10	3.9221083789757985e+08
/SS/T/PX0PY1PZ5	3.6156005859375000e+00	1.2502725846084505e-10	2.6094885472608387e+07
/SS/T/PX0PY1PZ6	9.4179687500000000e+00	2.1265801548503337e-10	3.1239336419715084e+07
/SS/T/PX0PY1PZ7	1.6994628906250000e+00	2.0646781149606176e-10	2.4109204161110121e+08
/SS/T/PX0PY2PZ5	7.0265197753906250e-01	7.5512865264625288e-11	1.2689901676751923e+07
/SS/T/PX0PY2PZ6	6.5969085693359375e-01	1.6521853298115036e-10	1.4162226505857415e+07
/SS/T/PX0PY2PZ7	1.5578002929687500e+00	2.1334046426856998e-10	3.5214900128501125e+07
/SS/T/PX1PY-1PZ5	3.2826232910156250e-01	1.3822758208970077e-10	3.2803998465956098e+08
/SS/T/PX1PY-1PZ6	8.6541748046875000e-01	2.7106638340811170e-10	1.0569413658405961e+07
/SS/T/PX1PY-1PZ7	2.8493652343750000e+00	3.6603562563659438e-10	2.2620397075160965e+07
/SS/T/PX1PY-2PZ5	1.1828422546386719e-01	2.0314450469228575e-10	3.7114976465262813e+06
/SS/T/PX1PY-2PZ6	1.7121505737304688e-01	1.7393814867881795e-10	7.5973418194800466e+06
/SS/T/PX1PY-2PZ7	1.9369506835937500e-01	1.7533014951020359e-10	2.2946986769913930e+07
/SS/T/PX1PY0PZ5	8.9111328125000000e-01	1.4183251396292373e-10	2.9908668132189840e+07
/SS/T/PX1PY0PZ6	1.0182006835937500e+01	2.7015797997966456e-10	1.2456491206634862e+07
/SS/T/PX1PY0PZ7	3.2858886718750000e+00	2.0492808565411236e-10	1.5620006552434972e+08
/SS/T/PX1PY1PZ5	6.5750122070312500e-01	2.5145063724193127e-10	6.2227116631153179e+06
/SS/T/PX1PY1PZ6	3.4024353027343750e+00	1.8282298171957946e-10	1.6385483878996322e+08
/SS/T/PX1PY1PZ7	1.8748779296875000e+00	2.1899816681775689e-10	4.0331861318084121e+08
/SS/T/PX1PY2PZ5	1.2020683288574219e-01	1.5148788679673294e-10	3.1411257741810279e+06
/SS/T/PX1PY2PZ6	1.7105865478515625e-01	1.4746084083107733e-10	1.1856844761263825e+07
/SS/T/PX1PY2PZ7	4.3269348144531250e-01	1.5207095414727278e-10	2.0476131629627950e+07
/SS/T/PX2PY-1PZ5	3.8728713989257812e-02	1.1725044312116933e-10	4.1050240464084879e+06
/SS/T/PX2PY-1PZ6	1.5337371826171875e-01	3.4389119460471529e-10	7.4913075530769210e+06
/SS/T/PX2PY-1PZ7	1.2611999511718750e+00	1.7521893476283879e-10	1.1862109081962412e+07
/SS/T/PX2PY-2PZ5	4.1728019714355469e-03	9.2753592737543807e-10	1.1501807172665137e+05
/SS/T/PX2PY-2PZ6	3.4343719482421875e-02	1.0892931639253586e-10	3.6209891626844527e+06
/SS/T/PX2PY-2PZ7	1.0931396484375000e-01	2.8623347289255920e-10	2.3697289084159299e+06
/SS/T/PX2PY0PZ5	1.7037963867187500e-01	5.2943967781578565e-10	1.2100665884776898e+06
/SS/T/PX2PY0PZ6	6.1178588867187500e-01	5.2937066582348701e-10	1.2026228384503718e+06
/SS/T/PX2PY0PZ7	1.7409667968750000e+00	3.1728955077956867e-10	1.0466919376496753e+07
/SS/T/PX2PY1PZ5	2.1070098876953125e-01	1.9461324122967698e-10	1.7580664032570552e+06
/SS/T/PX2PY1PZ6	1.3623237609863281e-01	3.8742007884700461e-10	1.3818347447167917e+06
/SS/T/PX2PY1PZ7	3.1729125976562500e-01	2.5093740578794189e-10	6.6083278799066748e+06
/SS/T/PX2PY2PZ5	2.8609752655029297e-02	3.8466666053744177e-10	4.3726064666123188e+05
/SS/T/PX2PY2PZ6	4.3635368347167969e-02	1.1091717684860860e-10	2.5402906390906228e+06
/SS/T/PX2PY2PZ7	1.2491607666015625e-01	2.5553577908542475e-10	2.3430198279186408e+06
/SS/T5/PX-1PY-1PZ5	6.3005447387695312e-02	1.2161643939980775e-10	8.0764924489391111e+06
/SS/T5/PX-1PY-1PZ6	3.5772705078125000e-01	1.9907134009163738e-10	3.6015213679536693e+07
/SS/T5/PX-1PY-1PZ7	2.9638671875000000e+00	4.6373962952026409e-10	4.3516492758530550e+07
/SS/T5/PX-1PY-2PZ5	2.0609378814697266e-02	1.4653632775614893e-10	2.1961179866149463e+06
/SS/T5/PX-1PY-2PZ6	6.1575412750244141e-02	3.4753316434535776e-10	3.2887811141007524e+06
/SS/T5/PX-1PY-2PZ7	3.2784652709960938e-01	1.8359721869321434e-10	1.5537810476386433e+07
/SS/T5/PX-1PY0PZ5	5.8468627929687500e+00	8.4583421918667019e-11	3.9680179840269111e+07
/SS/T5/PX-1PY0PZ6	4.1025390625000000e+00	1.0040044285181032e-09	1.2185704757018667e+07
/SS/T5/PX-1PY0PZ7	6.1630859375000000e+00	8.6967810519878375e-11	8.4049668128177822e+08
/SS/T5/PX-1PY1PZ5	4.9499511718750000e-01	1.3477043928073498e-10	6.5205939827026308e+07
/SS/T5/PX-1PY1PZ6	8.8198852539062500e-01	6.5769313427240391e-10	5.3452894621410612e+06
/SS/T5/PX-1PY1PZ7	3.4134521484375000e+00	2.5456530164233839e-10	5.9059050579581365e+07
/SS/T5/PX-1PY2PZ5	7.3261260986328125e-02	1.4014958017551218e-10	4.0491953541929070e+06
/SS/T5/PX-1PY2PZ6	4.0515136718750000e-01	1.4051315098540836e-10	9.0143852784417924e+06
/SS/T5/PX-1PY2PZ7	7.1853637695312500e-01	1.9140444838442352e-10	2.9085102199328251e+07
/SS/T5/PX-2PY-1PZ5	4.5799255371093750e-02	1.4459634672371205e-10	7.2314661365595483e+05
/SS/T5/PX-2PY-1PZ6	1.6136550903320312e-01	2.1415691262254444e-10	2.9060414267509454e+06
/SS/T5/PX-2PY-1PZ7	1.2545013427734375e+00	5.8580483512655048e-10	4.8456052874331055e+06
/SS/T5/PX-2PY-2PZ5	4.0259361267089844e-03	1.8261247240963510e-10	4.8111497799454618e+05
/SS/T5/PX-2PY-2PZ6	5.6991577148437500e-03	1.3687276233601388e-09	1.7390369779572766e+06
/SS/T5/PX-2PY-2PZ7	7.7404022216796875e-02	2.3211512068100053e-10	1.9561535489127249e+06
/SS/T5/PX-2PY0PZ5	5.3341674804687500e-01	4.3471440016028625e-10	3.3485411254663225e+06
/SS/T5/PX-2PY0PZ6	2.3573303222656250e-01	7.8599600491162616e-10	1.4852659209666143e+06
/SS/T5/PX-2PY0PZ7	2.0109252929687500e+00	6.5871551723472753e-10	1.0948088634244969e+07
/SS/T5/PX-2PY1PZ5	1.3341140747070312e-01	1.7685766336390878e-10	4.6390598129309462e+06
/SS/T5/PX-2PY1PZ6	5.8982849121093750e-02	3.5579607945458715e-10	1.0280328269886484e+07
/SS/T5/PX-2PY1PZ7	4.2141723632812500e-01	1.2073701448753393e-10	1.6876395792300978e+08
/SS/T5/PX-2PY2PZ5	2.9157400131225586e-03	1.2978390838043807e-10	1.8701596816758900e+06
/SS/T5/PX-2PY2PZ6	5.1732063293457031e-02	1.9551039405512307e-10	1.9114617776145914e+06
/SS/T5/PX-2PY2PZ7	1.9142532348632812e-01	4.7557257743155452e-10	1.6224135098281873e+06
/SS/T5/PX0PY-1PZ5	6.0953063964843750e+00	1.2215172002350374e-10	3.0752257726824146e+07
/SS/T5/PX0PY-1PZ6	5.6958007812500000e+00	1.5533018544996538e-10	3.4139715810916297e+07
/SS/T5/PX0PY-1PZ7	9.7983398437500000e+00	1.6977286164725874e-10	5.7717543167853713e+08
/SS/T5/PX0PY-2PZ5	5.1318359375000000e-01	1.9560124246887922e-10	7.1601919691468943e+06
/SS/T5/PX0PY-2PZ6	1.1942443847656250e+00	1.4151990348165473e-10	6.7504677987212054e+06
/SS/T5/PX0PY-2PZ7	8.7042999267578125e-01	1.6382818801748107e-10	7.3732685183900908e+07
/SS/T5/PX0PY0PZ5	1.6274902343750000e+01	2.3607285768561442e-10	1.3262213777824616e+08
/SS/T5/PX0PY0PZ6	1.6480957031250000e+01	2.6978632162413491e-10	7.4206077050977290e+07
/SS/T5/PX0PY0PZ7	4.8500732421875000e+01	2.1051324481146159e-10	5.6517843710238934e+08
/SS/T5/PX0PY1PZ5	1.5270385742187500e+00	1.1647802367503924e-10	4.0739913288210034e+07
/SS/T5/PX0PY1PZ6	1.3171386718750000e+01	8.1952255527216115e-11	6.6909554416544616e+08
/SS/T5/PX0PY1PZ7	3.2004638671875000e+01	1.2285642826130287e-10	5.5402395996080661e+08
/SS/T5/PX0PY2PZ5	1.7298889160156250e-01	7.4960852984722969e-10	1.5923335131091231e+06
/SS/T5/PX0PY2PZ6	1.4407348632812500e+00	1.3791855639774303e-09	3.3374167513052467e+06
/SS/T5/PX0PY2PZ7	4.8331909179687500e+00	3.0192937438049297e-10	8.5367647668866798e+07
/SS/T5/PX1PY-1PZ5	1.0660705566406250e+00	2.1619034613453274e-10	7.0896801327536209e+06
/SS/T5/PX1PY-1PZ6	2.0159301757812500e+00	3.7567802184786442e-10	6.6156518221168406e+07
/SS/T5/PX1PY-1PZ7	8.6871337890625000e-01	3.3785280358109740e-10	3.7024987504684404e+07
/SS/T5/PX1PY-2PZ5	1.8670654296875000e-01	3.4450091958540582e-10	2.2311969232332059e+06
/SS/T5/PX1PY-2PZ6	3.8373565673828125e-01	1.7697694473435850e-10	1.0514780761342674e+07
/SS/T5/PX1PY-2PZ7	5.5132293701171875e-01	7.8452298469954102e-11	4.9067829770549349e+07
/SS/T5/PX1PY0PZ5	9.9539184570312500e-01	1.0358384434567808e-10	4.0260988667352431e+07
/SS/T5/PX1PY0PZ6	3.6745605468750000e+00	8.5864881624779735e-11	6.3828998947309941e+07
/SS/T5/PX1PY0PZ7	1.2421325683593750e+01	1.7846074107009749e-10	1.8436666100096381e+08
/SS/T5/PX1PY1PZ5	1.4494018554687500e+00	4.1791028904870405e-10	3.5479028845457924e+06
/SS/T5/PX1PY1PZ6	1.6970825195312500e+00	1.7155960958509765e-10	1.5861204338146109e+07
/SS/T5/PX1PY1PZ7	3.5874023437500000e+00	2.4656874289739725e-09	5.5427358087045550e+06
/SS/T5/PX1PY2PZ5	1.9200325012207031e-01	2.5587021709766287e-10	9.8571668023251719e+05
/SS/T5/PX1PY2PZ6	7.4935913085937500e-02	1.2813033160541413e-10	5.8448426580531551e+06
/SS/T5/PX1PY2PZ7	1.1389160156250000e-01	1.3816061349225190e-10	2.7232247288536977e+07
/SS/T5/PX2PY-1PZ5	2.5199127197265625e-01	2.9523573763035569e-10	1.6264674470297939e+06
/SS/T5/PX2PY-1PZ6	6.5177917480468750e-02	7.5004860694559611e-10	8.7428790798832313e+05
/SS/T5/PX2PY-1PZ7	4.8307037353515625e-01	2.2313143231949281e-10	5.8889611386944540e+06
/SS/T5/PX2PY-2PZ5	4.2037010192871094e-02	1.5261837862342966e-09	1.0015150743903725e+05
/SS/T5/PX2PY-2PZ6	1.8951416015625000e-02	3.2559629185167948e-10	1.0153140628110894e+06
/SS/T5/PX2PY-2PZ7	4.8166275024414062e-02	1.4864568903760046e-10	2.2668741881799955e+07
/SS/T5/PX2PY0PZ5	5.5434417724609375e-01	1.7470417980068076e-10	4.9346974399186326e+06
/SS/T5/PX2PY0PZ6	2.6530456542968750e-01	9.8570312870357645e-11	5.6866714156238988e+07
/SS/T5/PX2PY0PZ7	4.6835327148437500e+00	2.3902039761594569e-09	2.7713347259696644e+07
/SS/T5/PX2PY1PZ5	2.3553848266601562e-01	1.4353607159001003e-10	1.0870572099228868e+07
/SS/T5/PX2PY1PZ6	3.4000396728515625e-02	1.1600510380135780e-10	4.7540384239189520e+07
/SS/T5/PX2PY1PZ7	1.5961914062500000e+00	2.0763135347062814e-10	4.1072982075290285e+07
/SS/T5/PX2PY2PZ5	3.9332866668701172e-02	1.5065006174160764e-10	8.8938178411633347e+05
/SS/T5/PX2PY2PZ6	2.5709152221679688e-02	1.6301393727658038e-10	7.0822854471365409e+06
/SS/T5/PX2PY2PZ7	1.1205863952636719e-01	4.0506536705737402e-10	2.4009622054914046e+07
/SS/X/PX-1PY-1PZ5	5.5758666992187500e-01	5.4725126712127045e-10	7.4063654057890987e+06
/SS/X/PX-1PY-1PZ6	2.1176147460937500e-01	1.8633445413592942e-10	4.9722290110933453e+07
/SS/X/PX-1PY-1PZ7	3.7175292968750000e+00	1.5143133256844367e-10	1.7874564417168272e+08
/SS/X/PX-1PY-2PZ5	7.1683883666992188e-02	1.2151602519085201e-10	1.3903295177803371e+07
/SS/X/PX-1PY-2PZ6	5.7316780090332031e-02	1.1935012218983750e-10	4.2733187323261639e+06
/SS/X/PX-1PY-2PZ7	4.7827148437500000e-01	3.0844227322931084e-10	1.0692020079430681e+07
/SS/X/PX-1PY0PZ5	1.3917236328125000e+00	1.7730578330810679e-10	4.1556369389816508e+07
/SS/X/PX-1PY0PZ6	2.2545166015625000e+00	2.9821215699233955e-10	5.4357514817717642e+07
/SS/X/PX-1PY0PZ7	8.2822265625000000e+00	1.5524182411965045e-10	7.1539169702114749e+08
/SS/X/PX-1PY1PZ5	9.4717407226562500e-01	2.6863393709852535e-10	1.5496284711026386e+06
/SS/X/PX-1PY1PZ6	4.2660522460937500e-01	2.1261996613473030e-10	1.4471463825351028e+07
/SS/X/PX-1PY1PZ7	3.9007568359375000e-01	3.0736749499451921e-10	2.2318569748080835e+07
/SS/X/PX-1PY2PZ5	9.4760894775390625e-02	1.6247009848823514e-10	9.5432274597684748e+05
/SS/X/PX-1PY2PZ6	2.4971008300781250e-02	2.5595646976669025e-10	7.1814926364195170e+06
/SS/X/PX-1PY2PZ7	2.6892089843750000e-01	3.3461861645099061e-10	1.1869571875947358e+07
/SS/X/PX-2PY-1PZ5	3.7662506103515625e-02	2.3806759344412287e-10	1.6369875124106067e+05
/SS/X/PX-2PY-1PZ6	9.1392517089843750e-02	5.1004667248279746e-10	1.0211265902693946e+07
/SS/X/PX-2PY-1PZ7	1.2607955932617188e-01	2.8658303040360873e-10	6.5511796033893853e+07
/SS/X/PX-2PY-2PZ5	1.8370151519775391e-03	9.8406275357354601e-11	9.4065862661668588e+05
/SS/X/PX-2PY-2PZ6	1.4874458312988281e-02	1.5476920282475366e-10	2.2806659029858313e+06
/SS/X/PX-2PY-2PZ7	3.0155181884765625e-02	4.0424865954219136e-10	3.6945095805940251e+06
/SS/X/PX-2PY0PZ5	2.0214080810546875e-01	2.1655494338940697e-10	4.1925907911157414e+07
/SS/X/PX-2PY0PZ6	4.5010375976562500e-01	3.2568816516671684e-10	1.3887790958690325e+07
/SS/X/PX-2PY0PZ7	4.0893554687500000e-01	4.2268393331288163e-10	2.0655109420570619e+07
/SS/X/PX-2PY1PZ5	1.8408966064453125e-01	3.1602618278673843e-10	1.5970829388688158e+06
/SS/X/PX-2PY1PZ6	4.5761108398437500e-02	1.2841445145671135e-10	4.3858398600495346e+06
/SS/X/PX-2PY1PZ7	1.4574432373046875e-01	1.5087032974717769e-10	1.6806116484872099e+07
/SS/X/PX-2PY2PZ5	2.2358417510986328e-02	3.0092143957213900e-10	1.2249358902560518e+05
/SS/X/PX-2PY2PZ6	6.5274238586425781e-03	4.7562251109161031e-11	1.6391441412468238e+07
/SS/X/PX-2PY2PZ7	2.8812408447265625e-02	3.4358442688072481e-10	1.2408579023624239e+06
/SS/X/PX0PY-1PZ5	1.2361450195312500e+00	2.8504963932039375e-10	4.1798868618708126e+07
/SS/X/PX0PY-1PZ6	5.0551757812500000e+00	3.8675516021283173e-10	3.5898373697832897e+07
/SS/X/PX0PY-1PZ7	1.6932617187500000e+01	1.1227256692287158e-10	1.3094008088786915e+08
/SS/X/PX0PY-2PZ5	2.7838134765625000e-01	1.1998095412362714e-10	1.7352517578812219e+07
/SS/X/PX0PY-2PZ6	7.3683166503906250e-01	1.0929359315075344e-09	4.9203540627230727e+05
/SS/X/PX0PY-2PZ7	9.9426269531250000e-01	2.4187994864894960e-10	1.6045155847563878e+08
/SS/X/PX0PY0PZ5	8.6212921142578125e-01	5.8353361027615198e-10	1.3604870327982994e+07
/SS/X/PX0PY0PZ6	1.3572265625000000e+01	4.0318577637706493e-10	5.0615268487860627e+07
/SS/X/PX0PY0PZ7	1.4509765625000000e+01	2.6940912441023582e-10	1.0711602981530185e+08
/SS/X/PX0PY1PZ5	7.3022460937500000e-01	2.0632196128606954e-10	9.0137554233952705e+06
/SS/X/PX0PY1PZ6	6.3717651367187500e-01	2.5322072321397287e-10	1.8093413491462991e+08
/SS/X/PX0PY1PZ7	1.1905212402343750e+00	2.4006714590776437e-10	7.9997040734149516e+07
/SS/X/PX0PY2PZ5	1.6056823730468750e-01	3.7707997808812563e-10	3.9765337376155879e+05
/SS/X/PX0PY2PZ6	1.7407226562500000e-01	2.2643082602367764e-10	1.1390408235715155e+07
/SS/X/PX0PY2PZ7	1.5748901367187500e+00	2.3993666020218239e-10	2.0535059744840499e+07
/SS/X/PX1PY-1PZ5	3.1256103515625000e-01	2.7981743986862934e-10	4.3330493747245986e+06
/SS/X/PX1PY-1PZ6	1.1184082031250000e+00	1.0636824787139753e-10	1.8796652840348594e+07
/SS/X/PX1PY-1PZ7	4.7153320312500000e+00	2.1277240075144498e-10	6.0087307318462811e+07
/SS/X/PX1PY-2PZ5	5.4119110107421875e-02	8.3284971854155058e-10	6.5665518255684827e+05
/SS/X/PX1PY-2PZ6	2.0046234130859375e-01	5.6145494362918715e-10	1.9732597564423026e+06
/SS/X/PX1PY-2PZ7	5.2914428710937500e-01	1.4374436550891738e-10	1.7025225852005965e+08
/SS/X/PX1PY0PZ5	1.5319976806640625e+00	3.4068744610067571e-10	7.9138819405267499e+06
/SS/X/PX1PY0PZ6	1.6401367187500000e+00	7.4050607250822850e-11	9.1394783170652688e+07
/SS/X/PX1PY0PZ7	1.5636718750000000e+01	1.1678930907777804e-10	2.8393903845003787e+07
/SS/X/PX1PY1PZ5	1.0237426757812500e+00	9.1165076999798028e-11	1.7620099483048089e+07
/SS/X/PX1PY1PZ6	1.3723754882812500e-01	1.0275570379901041e-10	2.4831062291139733e+07
/SS/X/PX1PY1PZ7	2.8027343750000000e-01	2.0013972634435658e-10	2.5677679000933565e+07
/SS/X/PX1PY2PZ5	8.3389282226562500e-02	1.9898515466165098e-10	1.1157515189517397e+06
/SS/X/PX1PY2PZ6	3.1169414520263672e-02	5.0591131418545791e-10	9.3864916322038358e+05
/SS/X/PX1PY2PZ7	4.3637084960937500e-01	4.3256421705857199e-10	8.0302880748060700e+06
/SS/X/PX2PY-1PZ5	7.1617126464843750e-02	9.9880928020316061e-11	7.4066777037455048e+06
/SS/X/PX2PY-1PZ6	1.7848205566406250e-01	3.4861997616909192e-10	5.6638024799057711e+06
/SS/X/PX2PY-1PZ7	6.8408203125000000e-01	2.2112672773628990e-10	9.1029294772979878e+06
/SS/X/PX2PY-2PZ5	1.1451005935668945e-02	1.4599260435771925e-10	1.0086582920400477e+06
/SS/X/PX2PY-2PZ6	2.5532722473144531e-02	2.4827586610407330e-10	1.4667402546371787e+06
/SS/X/PX2PY-2PZ7	6.1161041259765625e-02	5.0281610130645167e-10	9.6887554472053004e+05
/SS/X/PX2PY0PZ5	2.8993320465087891e-01	9.8809690264834457e-11	4.3789735240142066e+06
/SS/X/PX2PY0PZ6	3.5850524902343750e-01	3.6366386446864101e-10	2.9386402993606566e+06
/SS/X/PX2PY0PZ7	3.1854248046875000e+00	1.5128749154355437e-10	5.3866291007655658e+07
/SS/X/PX2PY1PZ5	2.2233486175537109e-01	1.0973217498733850e-10	3.0820284553474323e+06
/SS/X/PX2PY1PZ6	1.6558647155761719e-01	1.3569437422390518e-09	1.5222578691627784e+06
/SS/X/PX2PY1PZ7	8.6254882812500000e-01	1.1698919335981260e-10	2.2196183493260022e+07
/SS/X/PX2PY2PZ5	2.0733833312988281e-02	2.8567379459223920e-10	4.3245250112180150e+05
/SS/X/PX2PY2PZ6	1.3785719871520996e-02	2.9812048952184423e-10	8.0866342079761892e+05
/SS/X/PX2PY2PZ7	4.8240661621093750e-02	2.5346997977947408e-10	3.2413221141376290e+06
/SS/X5/PX-1PY-1PZ5	1.4152526855468750e+00	9.1321152728891504e-11	1.2020742437549390e+07
/SS/X5/PX-1PY-1PZ6	1.8673095703125000e+00	3.7210898055945019e-10	1.3591855649314743e+07
/SS/X5/PX-1PY-1PZ7	6.2980957031250000e+00	5.0963919948979641e-10	3.6607489104533538e+07
/SS/X5/PX-1PY-2PZ5	1.6861343383789062e-01	1.7139703501149473e-10	4.1400178057071683e+06
/SS/X5/PX-1PY-2PZ6	2.1311187744140625e-01	1.2911835277138448e-10	4.6503032562806848e+06
/SS/X5/PX-1PY-2PZ7	7.4726104736328125e-01	3.9837847323374657e-10	3.1879031137621254e+06
/SS/X5/PX-1PY0PZ5	3.3062744140625000e-01	3.6430212803635600e-10	6.9822939302631710e+06
/SS/X5/PX-1PY0PZ6	3.7939834594726562e-01	2.1898307154947736e-10	7.0761286252602294e+07
/SS/X5/PX-1PY0PZ7	9.1625976562500000e+00	2.5826176163976157e-10	1.3774450363325998e+08
/SS/X5/PX-1PY1PZ5	2.0915222167968750e-01	1.3177506688687321e-10	1.3358455937976547e+07
/SS/X5/PX-1PY1PZ6	7.5601196289062500e-01	1.4901959789070282e-10	2.4924189242457490e+07
/SS/X5/PX-1PY1PZ7	2.8537597656250000e+00	1.8455954656757157e-10	3.1388695772601970e+07
/SS/X5/PX-1PY2PZ5	5.1700592041015625e-02	2.2415759486996575e-10	3.2876515348992776e+05
/SS/X5/PX-1PY2PZ6	2.4063873291015625e-01	9.9339982890943771e-11	2.4556432369332552e+07
/SS/X5/PX-1PY2PZ7	2.2076416015625000e-01	2.5549786687531890e-10	1.0354643831722189e+07
/SS/X5/PX-2PY-1PZ5	2.2584915161132812e-01	1.0627493046793301e-10	4.6321574581419034e+06
/SS/X5/PX-2PY-1PZ6	4.1786193847656250e-01	2.7609234146774856e-10	6.1338214895571172e+06
/SS/X5/PX-2PY-1PZ7	1.6996040344238281e+00	2.7573448045339898e-10	2.0456987188960951e+07
/SS/X5/PX-2PY-2PZ5	3.1076431274414062e-02	3.1201809076377375e-10	1.3438931249362731e+05
/SS/X5/PX-2PY-2PZ6	4.3655395507812500e-02	1.5545541000284969e-10	2.1878908550344133e+06
/SS/X5/PX-2PY-2PZ7	1.0704040527343750e-01	2.8123222586817398e-10	3.1830991271524373e+06
/SS/X5/PX-2PY0PZ5	5.7083129882812500e-02	1.1526469218166293e-10	1.0802530410797758e+07
/SS/X5/PX-2PY0PZ6	3.9141845703125000e-01	1.3181684694952871e-10	2.8394982016516142e+07
/SS/X5/PX-2PY0PZ7	1.2891845703125000e+00	1.0773489469126617e-10	9.6854392075462863e+07
/SS/X5/PX-2PY1PZ5	2.4354934692382812e-02	1.9553681593165837e-10	2.6420695210021199e+06
/SS/X5/PX-2PY1PZ6	1.2976837158203125e-01	1.0982966761880865e-10	9.9377498784617633e+06
/SS/X5/PX-2PY1PZ7	6.2036132812500000e-01	2.9444760705981035e-10	1.1344072425450724e+07
/SS/X5/PX-2PY2PZ5	1.1362195014953613e-02	2.9707762876744961e-10	3.1359421892457054e+05
/SS/X5/PX-2PY2PZ6	5.1081180572509766e-02	3.2373858717351582e-10	2.5175768262596289e+05
/SS/X5/PX-2PY2PZ7	9.4768524169921875e-02	4.5620037944884850e-10	1.5052794813714416e+06
/SS/X5/PX0PY-1PZ5	3.5759735107421875e+00	6.2621100236107111e-10	4.6288402394325184e+06
/SS/X5/PX0PY-1PZ6	7.9162597656250000e-01	1.4092466305177417e-10	8.8918774844257087e+07
/SS/X5/PX0PY-1PZ7	8.3869018554687500e+00	5.0431160824242610e-10	3.0915607738280036e+07
/SS/X5/PX0PY-2PZ5	3.1034278869628906e-01	8.1712736621959207e-11	6.9204147623481639e+06
/SS/X5/PX0PY-2PZ6	1.1016540527343750e+00	2.1743943631992972e-10	3.7470068865839541e+07
/SS/X5/PX0PY-2PZ7	8.1030273437500000e-01	9.1954650521738093e-10	4.6323649450776078e+07
/SS/X5/PX0PY0PZ5	6.5774383544921875e+00	1.6315747486249976e-10	5.0639981757497169e+07
/SS/X5/PX0PY0PZ6	3.8979736328125000e+01	1.1488584467504895e-10	1.2638182616924086e+08
/SS/X5/PX0PY0PZ7	5.7655273437500000e+01	1.5053856874806689e-10	1.7750205496289606e+09
/SS/X5/PX0PY1PZ5	1.9908752441406250e+00	2.3376939217274609e-10	9.1135431583102643e+06
/SS/X5/PX0PY1PZ6	1.4048095703125000e+01	2.0208740462528009e-10	4.3310738100202084e+07
/SS/X5/PX0PY1PZ7	2.5656982421875000e+01	2.1820695366283382e-10	5.2017927231857222e+08
/SS/X5/PX0PY2PZ5	2.6296377182006836e-02	2.6779953774148049e-10	1.4475109579610433e+06
/SS/X5/PX0PY2PZ6	1.0786437988281250e+00	5.0186337081333835e-10	4.3470162533280114e+06
/SS/X5/PX0PY2PZ7	4.6635894775390625e+00	1.8404984914235154e-10	9.9223112525921613e+07
/SS/X5/PX1PY-1PZ5	1.8801879882812500e-01	2.5836006705973675e-10	2.0426846361403847e+06
/SS/X5/PX1PY-1PZ6	4.7613525390625000e-01	2.1479552656698062e-10	8.3372900739692926e+07
/SS/X5/PX1PY-1PZ7	2.2159271240234375e+00	4.7329527517788907e-10	3.0283307570578407e+07
/SS/X5/PX1PY-2PZ5	2.7845382690429688e-02	2.0936369884136370e-10	1.3150817773899210e+06
/SS/X5/PX1PY-2PZ6	1.0729217529296875e-01	1.6380078186996578e-10	7.4171699572692886e+06
/SS/X5/PX1PY-2PZ7	3.5687637329101562e-01	3.1919814454871818e-10	5.0679968932799129e+06
/SS/X5/PX1PY0PZ5	3.1216964721679688e+00	1.1010959733518522e-10	2.3546891284161620e+07
/SS/X5/PX1PY0PZ6	7.1721191406250000e+00	9.5298728402153422e-11	7.2219214631691754e+07
/SS/X5/PX1PY0PZ7	1.0522827148437500e+01	3.5233378754253242e-10	3.9924346356632367e+07
/SS/X5/PX1PY1PZ5	1.5653991699218750e-01	2.7828485592239971e-10	6.4823645590544706e+06
/SS/X5/PX1PY1PZ6	8.1567382812500000e-01	1.0103628420236903e-10	2.7755576402324852e+07
/SS/X5/PX1PY1PZ7	2.0889892578125000e+00	1.0788381963257375e-10	1.1634497049367990e+08
/SS/X5/PX1PY2PZ5	1.1392116546630859e-02	1.9174793911215097e-10	1.8539504699845032e+06
/SS/X5/PX1PY2PZ6	3.0162048339843750e-01	1.0114675023046980e-10	1.4486430767565889e+07
/SS/X5/PX1PY2PZ7	8.3080291748046875e-01	1.0274690776527481e-10	4.7998773577549659e+07
/SS/X5/PX2PY-1PZ5	2.0369625091552734e-01	5.1408935060758384e-10	1.0993534217106432e+06
/SS/X5/PX2PY-1PZ6	9.9182128906250000e-02	1.7656378280289005e-10	7.1010928183584958e+06
/SS/X5/PX2PY-1PZ7	2.5144195556640625e-01	1.8321388736734089e-10	2.2765613672213394e+07
/SS/X5/PX2PY-2PZ5	2.0422697067260742e-02	4.4293230702520663e-10	9.5642804912516498e+04
/SS/X5/PX2PY-2PZ6	3.4456253051757812e-03	1.8684820072201551e-10	7.6305436288189758e+06
/SS/X5/PX2PY-2PZ7	3.3188104629516602e-02	7.3359114093060472e-10	2.4020338327845964e+06
/SS/X5/PX2PY0PZ5	4.5691394805908203e-01	3.6231768829701838e-10	9.6090729658191092e+06
/SS/X5/PX2PY0PZ6	4.3566894531250000e-01	2.0305685954670716e-10	3.2825202503106506e+06
/SS/X5/PX2PY0PZ7	1.7893428802490234e+00	1.1616010529157426e-10	1.5404108628841045e+10
/SS/X5/PX2PY1PZ5	1.0173082351684570e-02	4.4406014117004234e-10	5.7802472335660364e+05
/SS/X5/PX2PY1PZ6	3.1935119628906250e-01	1.0691602644893728e-10	2.2435586282763649e+06
/SS/X5/PX2PY1PZ7	5.2150726318359375e-01	1.6317286083177050e-10	1.2438911371677358e+07
/SS/X5/PX2PY2PZ5	1.5684962272644043e-03	1.6577208264463743e-10	7.0070440815688262e+05
/SS/X5/PX2PY2PZ6	8.3206176757812500e-02	1.2036424692884679e-10	9.1107056768072105e+05
/SS/X5/PX2PY2PZ7	1.2480831146240234e-01	1.9979522489784513e-10	1.6170369785393269e+06
/SS/Y/PX-1PY-1PZ5	1.6139221191406250e-01	1.3409860754531539e-10	1.8553287733309146e+06
/SS/Y/PX-1PY-1PZ6	1.3954467773437500e+00	9.9304882200880886e-11	1.0694096125252888e+07
/SS/Y/PX-1PY-1PZ7	1.0891113281250000e+01	3.9987787348536971e-10	9.1275426468014836e+07
/SS/Y/PX-1PY-2PZ5	4.9411773681640625e-02	1.0835032726441787e-10	1.6009094456121712e+06
/SS/Y/PX-1PY-2PZ6	1.1262893676757812e-01	1.4158601813971258e-10	6.3724936184829483e+06
/SS/Y/PX-1PY-2PZ7	1.7446289062500000e+00	7.4607068444170930e-11	2.1464826683294344e+08
/SS/Y/PX-1PY0PZ5	7.1106338500976562e-01	6.4723190147840061e-10	4.6836655000256691e+06
/SS/Y/PX-1PY0PZ6	1.1733764648437500e+01	1.1399522943394654e-10	3.0732480177699298e+07
/SS/Y/PX-1PY0PZ7	6.7983398437500000e+00	2.3253717194507932e-10	1.4485381319040799e+08
/SS/Y/PX-1PY1PZ5	1.6209220886230469e+00	3.0478421409900031e-10	6.4294470512398714e+06
/SS/Y/PX-1PY1PZ6	2.5017700195312500e+00	2.9687559174731980e-10	7.8881821757130474e+06
/SS/Y/PX-1PY1PZ7	2.3664550781250000e+00	1.9005446307201197e-10	1.4586339858469844e+07
/SS/Y/PX-1PY2PZ5	1.9073104858398438e-01	2.5785602213202880e-10	2.5981685739518376e+06
/SS/Y/PX-1PY2PZ6	2.8708934783935547e-02	2.1050042496327714e-10	4.8726344786954839e+06
/SS/Y/PX-1PY2PZ7	2.9873657226562500e-01	2.6541824932013365e-10	4.7368918274237392e+06
/SS/Y/PX-2PY-1PZ5	5.4763793945312500e-02	1.9465315265666336e-10	4.4576400287009254e+06
/SS/Y/PX-2PY-1PZ6	1.3170623779296875e-01	1.0038210116498906e-10	1.1065825217783915e+07
/SS/Y/PX-2PY-1PZ7	1.4802551269531250e+00	1.3989167303378428e-10	9.5742064507113658e+06
/SS/Y/PX-2PY-2PZ5	9.2301368713378906e-03	1.4631451942217540e-10	7.8069135856815486e+05
/SS/Y/PX-2PY-2PZ6	1.4138221740722656e-02	2.5993389073047763e-10	6.4746157767274615e+05
/SS/Y/PX-2PY-2PZ7	2.6955032348632812e-01	1.3507493937232841e-10	9.9319469359124135e+06
/SS/Y/PX-2PY0PZ5	2.6004791259765625e-02	2.3973423909635029e-10	4.9281682787615955e+06
/SS/Y/PX-2PY0PZ6	1.3395538330078125e+00	1.6449804520483717e-10	1.0778198663234088e+09
/SS/Y/PX-2PY0PZ7	2.2240905761718750e+00	3.6872035328792662e-10	5.3027423805752613e+07
/SS/Y/PX-2PY1PZ5	1.2405490875244141e-01	2.1109966739945942e-10	2.2313637280445909e+06
/SS/Y/PX-2PY1PZ6	9.5397949218750000e-02	8.7891543384561487e-11	1.1482267138645403e+07
/SS/Y/PX-2PY1PZ7	1.9299507141113281e-01	1.2958255400085150e-10	1.0982907018553551e+07
/SS/Y/PX-2PY2PZ5	1.8022537231445312e-02	5.6775656092951856e-10	2.3891387689039620e+05
/SS/Y/PX-2PY2PZ6	2.9102325439453125e-02	1.7601859857199638e-10	1.5814752542169280e+06
/SS/Y/PX-2PY2PZ7	1.8795013427734375e-02	2.5141662966474031e-10	3.2974010013272665e+06
/SS/Y/PX0PY-1PZ5	2.1651916503906250e+00	1.6787659063602941e-10	1.8295789688245486e+07
/SS/Y/PX0PY-1PZ6	3.1831359863281250e+00	2.5273678486316799e-10	1.0373442611451273e+08
/SS/Y/PX0PY-1PZ7	2.5707855224609375e+00	3.0511338066552156e-10	3.2637105576108687e+07
/SS/Y/PX0PY-2PZ5	5.5974578857421875e-01	8.4159078387144341e-11	6.2975624367475938e+06
/SS/Y/PX0PY-2PZ6	3.5897827148437500e-01	1.5431314867428942e-10	5.0085917680851184e+06
/SS/Y/PX0PY-2PZ7	1.4042968750000000e+00	1.0523079099296770e-10	1.9538351133675408e+07
/SS/Y/PX0PY0PZ5	1.4667968750000000e+00	4.2595796026870544e-10	8.9907779145753905e+06
/SS/Y/PX0PY0PZ6	1.2302246093750000e+01	1.5800206687954090e-10	9.9720284173424929e+07
/SS/Y/PX0PY0PZ7	4.5337402343750000e+01	7.4208535946281400e-10	2.3455850279085630e+08
/SS/Y/PX0PY1PZ5	1.2202835083007812e-01	4.5217644602539947e-10	1.0527801076379111e+07
/SS/Y/PX0PY1PZ6	9.6423339843750000e-01	7.5054781096258648e-11	7.5602543867490619e+07
/SS/Y/PX0PY1PZ7	1.6903320312500000e+01	1.2883507163796118e-10	2.2539597120739144e+08
/SS/Y/PX0PY2PZ5	3.8084030151367188e-01	1.1227806692276166e-10	1.6094643495716858e+06
/SS/Y/PX0PY2PZ6	5.5979919433593750e-01	9.4431018232497164e-11	5.3101245209036924e+07
/SS/Y/PX0PY2PZ7	1.8659667968750000e+00	1.1480577877566145e-10	4.5600320076054931e+07
/SS/Y/PX1PY-1PZ5	7.5891494750976562e-02	2.0191159379786615e-10	3.9259463851810396e+07
/SS/Y/PX1PY-1PZ6	4.5156860351562500e-01	2.9684588214430088e-10	1.1366572432026353e+07
/SS/Y/PX1PY-1PZ7	5.2407226562500000e+00	7.9574874994972643e-10	1.0607473565900017e+07
/SS/Y/PX1PY-2PZ5	6.9800376892089844e-02	1.3580598877418577e-10	5.3669314245719640e+06
/SS/Y/PX1PY-2PZ6	4.7500133514404297e-02	9.0369318200277488e-11	1.4618463537233572e+07
/SS/Y/PX1PY-2PZ7	3.7896728515625000e-01	2.8726706648675291e-10	3.0559554904030068e+06
/SS/Y/PX1PY0PZ5	1.2227783203125000e+00	5.2182645810420812e-10	7.3723115886597214e+06
/SS/Y/PX1PY0PZ6	9.6752929687500000e-01	5.3127822964105658e-10	7.9240252202532329e+06
/SS/Y/PX1PY0PZ7	1.5962036132812500e+01	8.3545196433915963e-10	8.5737578695795208e+07
/SS/Y/PX1PY1PZ5	1.5476989746093750e-01	2.1566505952665614e-10	5.4462868910461767e+06
/SS/Y/PX1PY1PZ6	1.8929138183593750e+00	6.4346286797916207e-11	9.7511786042388856e+07
/SS/Y/PX1PY1PZ7	1.3845214843750000e+00	7.9282694389210076e-11	2.5918192917101082e+08
/SS/Y/PX1PY2PZ5	2.0622253417968750e-02	1.6501157721065163e-10	3.5874088670298918e+06
/SS/Y/PX1PY2PZ6	1.2273788452148438e-01	8.7453188223885230e-10	1.1709860197396094e+06
/SS/Y/PX1PY2PZ7	1.9087219238281250e-01	1.5185761005448503e-10	2.1086343342740137e+07
/SS/Y/PX2PY-1PZ5	7.8573226928710938e-02	3.3885260217329647e-10	8.5206222545244289e+05
/SS/Y/PX2PY-1PZ6	1.2655639648437500e-01	1.3141951409272973e-10	1.6987636019169807e+07
/SS/Y/PX2PY-1PZ7	7.6004028320312500e-01	1.3939751196224294e-10	6.8141532588847116e+07
/SS/Y/PX2PY-2PZ5	6.6875219345092773e-03	3.0734382319131114e-10	8.9794389227613501e+04
/SS/Y/PX2PY-2PZ6	3.6201477050781250e-03	3.3085393118097164e-10	5.1119688009489246e+05
/SS/Y/PX2PY-2PZ7	2.2177219390869141e-02	1.0202336951309897e-10	1.9903792886791214e+07
/SS/Y/PX2PY0PZ5	1.0116577148437500e-01	1.7351784975725480e-10	3.3326969056767751e+06
/SS/Y/PX2PY0PZ6	3.8827514648437500e-01	1.9868636495329170e-10	4.1056613222525050e+06
/SS/Y/PX2PY0PZ7	1.5489501953125000e+00	8.9647319566533680e-11	8.3034445488548428e+07
/SS/Y/PX2PY1PZ5	6.9747924804687500e-02	3.3596418393419223e-10	1.5966836861898992e+06
/SS/Y/PX2PY1PZ6	3.6219024658203125e-01	2.8200686467640739e-10	1.0360731248512385e+07
/SS/Y/PX2PY1PZ7	7.3341369628906250e-02	2.5206335213736583e-10	1.5425158463152338e+07
/SS/Y/PX2PY2PZ5	6.3266754150390625e-03	1.5391081489473088e-10	1.3501443369297632e+06
/SS/Y/PX2PY2PZ6	2.7707099914550781e-02	9.1701333737381554e-11	2.3517279512452898e+06
/SS/Y/PX2PY2PZ7	2.3560523986816406e-02	3.1095004351406163e-10	2.7536130220295247e+06
/SS/Y5/PX-1PY-1PZ5	4.7512817382812500e-01	1.6130820319627710e-10	2.9304425002062051e+06
/SS/Y5/PX-1PY-1PZ6	1.6583557128906250e+00	1.5505798359580138e-10	8.2355789221312791e+07
/SS/Y5/PX-1PY-1PZ7	1.1942871093750000e+01	1.6800411325048596e-10	3.6695827565591827e+07
/SS/Y5/PX-1PY-2PZ5	4.0653228759765625e-02	2.3100638164558377e-10	7.1461360166316619e+05
/SS/Y5/PX-1PY-2PZ6	2.7986335754394531e-01	1.1108759738469085e-10	2.3287105846019775e+07
/SS/Y5/PX-1PY-2PZ7	1.2098960876464844e+00	9.5623643528077032e-11	7.2899462527246952e+07
/SS/Y5/PX-1PY0PZ5	2.0212402343750000e+00	2.9831901992797019e-10	2.1757417678811237e+07
/SS/Y5/PX-1PY0PZ6	5.8978271484375000e+00	1.7545031566202227e-10	1.1767802492083076e+08
/SS/Y5/PX-1PY0PZ7	2.7006347656250000e+01	2.6912846542392305e-10	4.7259230496439025e+07
/SS/Y5/PX-1PY1PZ5	1.0544738769531250e+00	2.6681093440916635e-10	2.7465751796609038e+06
/SS/Y5/PX-1PY1PZ6	2.0004577636718750e+00	2.0609221002990713e-10	1.2133400140813354e+07
/SS/Y5/PX-1PY1PZ7	1.8395385742187500e+00	3.6259809668818662e-10	8.0515185548025414e+07
/SS/Y5/PX-1PY2PZ5	2.4775028228759766e-01	2.3564359157346430e-10	1.2174236723814851e+06
/SS/Y5/PX-1PY2PZ6	4.6368789672851562e-01	1.9268383721802218e-10	4.5492519722568784e+06
/SS/Y5/PX-1PY2PZ7	1.5121459960937500e-01	1.5026056648364817e-10	2.5388677462278571e+07
/SS/Y5/PX-2PY-1PZ5	5.2902221679687500e-02	4.0938729790348038e-10	1.5422574091515462e+06
/SS/Y5/PX-2PY-1PZ6	2.0049667358398438e-01	2.6144668382572125e-10	5.6840037636630144e+06
/SS/Y5/PX-2PY-1PZ7	7.6970672607421875e-01	1.2046797134415855e-10	4.1676641011608779e+07
/SS/Y5/PX-2PY-2PZ5	8.7702274322509766e-03	1.4318258645756721e-10	5.7555189758949843e+05
/SS/Y5/PX-2PY-2PZ6	1.0463714599609375e-02	1.6557974598975289e-10	4.8561673492048780e+05
/SS/Y5/PX-2PY-2PZ7	2.5893974304199219e-01	2.2596692507208429e-10	2.4938946342904288e+06
/SS/Y5/PX-2PY0PZ5	6.4178466796875000e-02	1.9935386691069068e-10	9.0902701426638924e+06
/SS/Y5/PX-2PY0PZ6	1.0314636230468750e+00	1.4758765466290444e-10	2.4476270621806871e+07
/SS/Y5/PX-2PY0PZ7	2.9346313476562500e+00	4.8122370365325678e-10	3.8554932810494578e+06
/SS/Y5/PX-2PY1PZ5	1.4607429504394531e-01	1.7917074103231307e-09	3.9895564608173701e+05
/SS/Y5/PX-2PY1PZ6	2.5313186645507812e-01	4.0920523832233179e-10	2.6079474906548224e+06
/SS/Y5/PX-2PY1PZ7	3.8029479980468750e-01	3.0328671509837002e-10	7.7554139521581307e+07
/SS/Y5/PX-2PY2PZ5	1.5974640846252441e-03	1.2726414794696931e-09	8.7787599094634963e+04
/SS/Y5/PX-2PY2PZ6	4.6305656433105469e-02	2.9209514616763511e-10	1.0986528836596506e+06
/SS/Y5/PX-2PY2PZ7	5.9675216674804688e-02	1.0491887011872731e-10	5.7461055784223303e+06
/SS/Y5/PX0PY-1PZ5	2.2077331542968750e+00	1.0904679501699990e-10	4.7639613091954313e+07
/SS/Y5/PX0PY-1PZ6	9.1975402832031250e-01	1.4539485358413634e-10	7.0407711647889704e+07
/SS/Y5/PX0PY-1PZ7	3.0010986328125000e+00	1.1063108056378672e-10	1.5096777524391353e+08
/SS/Y5/PX0PY-2PZ5	6.0260772705078125e-02	1.5333096206125249e-10	4.9395562236972228e+06
/SS/Y5/PX0PY-2PZ6	1.9651794433593750e-01	4.7224141043978400e-10	3.9035254266014700e+06
/SS/Y5/PX0PY-2PZ7	2.0179443359375000e+00	1.6390816736138682e-10	4.6573581394337147e+07
/SS/Y5/PX0PY0PZ5	1.4877929687500000e+01	1.3768160433564968e-10	1.5679090114270547e+08
/SS/Y5/PX0PY0PZ6	3.3085937500000000e+00	1.8921008809420314e-10	7.1933410403511763e+07
/SS/Y5/PX0PY0PZ7	9.0020507812500000e+01	1.5000339844349220e-10	2.9087480519604075e+08
/SS/Y5/PX0PY1PZ5	1.8649902343750000e+00	1.7941163210803629e-10	9.1636199746981971e+06
/SS/Y5/PX0PY1PZ6	5.5823974609375000e+00	1.4786815874454298e-10	2.3596933059494558e+08
/SS/Y5/PX0PY1PZ7	8.7088623046875000e+00	2.8036710785464482e-10	5.7797606880765986e+08
/SS/Y5/PX0PY2PZ5	4.6720027923583984e-02	1.3725743513522917e-10	6.1471016920280047e+06
/SS/Y5/PX0PY2PZ6	6.2635803222656250e-01	7.9653954631941895e-11	1.9287988430178857e+09
/SS/Y5/PX0PY2PZ7	8.9852142333984375e-01	2.0358378129194315e-10	5.8331275331177525e+07
/SS/Y5/PX1PY-1PZ5	1.2062377929687500e+00	1.3583589606582502e-10	7.0450538188863415e+06
/SS/Y5/PX1PY-1PZ6	3.7223815917968750e-01	1.5767049363479019e-10	2.0668314629652236e+07
/SS/Y5/PX1PY-1PZ7	6.7673339843750000e+00	1.1632371147450028e-10	1.2563166293950151e+08
/SS/Y5/PX1PY-2PZ5	8.3888053894042969e-02	1.4534596055232500e-10	5.4209350044820430e+06
/SS/Y5/PX1PY-2PZ6	2.6134872436523438e-01	1.8059242153636504e-10	9.5486538845097218e+06
/SS/Y5/PX1PY-2PZ7	1.1233520507812500e+00	1.6789722555183297e-10	2.3391482095689736e+07
/SS/Y5/PX1PY0PZ5	1.4303588867187500e+00	4.0723651481111188e-10	1.0396918281536791e+07
/SS/Y5/PX1PY0PZ6	2.8840332031250000e+00	2.4449751199386407e-10	2.5094724993374711e+08
/SS/Y5/PX1PY0PZ7	2.1576904296875000e+01	2.8031094098750904e-10	6.9530633489541367e+07
/SS/Y5/PX1PY1PZ5	1.0529785156250000e+00	2.8288263537546205e-10	4.2765968448496750e+06
/SS/Y5/PX1PY1PZ6	8.1076049804687500e-01	8.6908635237781785e-11	6.6618289482944354e+07
/SS/Y5/PX1PY1PZ7	6.4448242187500000e+00	4.4319904568154990e-10	2.2658194025388896e+07
/SS/Y5/PX1PY2PZ5	1.2146759033203125e-01	1.0004030212960274e-10	3.1221182383491602e+06
/SS/Y5/PX1PY2PZ6	1.7826843261718750e-01	1.1863800580289017e-10	2.3187276063083533e+07
/SS/Y5/PX1PY2PZ7	1.1730957031250000e-01	9.7417256247494744e-11	3.0578068448667847e+07
/SS/Y5/PX2PY-1PZ5	2.8860473632812500e-01	8.3926373077143634e-11	4.8721716505858190e+06
/SS/Y5/PX2PY-1PZ6	4.7575473785400391e-02	2.4293078828857341e-10	2.9361446586809224e+06
/SS/Y5/PX2PY-1PZ7	8.3010864257812500e-01	1.0760726269732493e-10	1.4531442403962497e+07
/SS/Y5/PX2PY-2PZ5	2.6844263076782227e-02	1.1502011791512566e-10	1.1230676403675843e+06
/SS/Y5/PX2PY-2PZ6	1.0889053344726562e-02	7.0372655696705459e-10	2.1155953424077193e+05
/SS/Y5/PX2PY-2PZ7	1.9349479675292969e-01	1.4480774852274778e-10	1.2683011812982426e+06
/SS/Y5/PX2PY0PZ5	3.6057281494140625e-01	1.7649082214476131e-10	4.6004134151186105e+06
/SS/Y5/PX2PY0PZ6	7.0953369140625000e-02	1.1321616182182566e-10	4.7848997987105362e+07
/SS/Y5/PX2PY0PZ7	3.7233734130859375e-01	2.8276177286612322e-10	8.6731950559872195e+07
/SS/Y5/PX2PY1PZ5	1.1380767822265625e-01	1.2920211491806734e-10	4.1264584296986751e+07
/SS/Y5/PX2PY1PZ6	2.5415039062500000e-01	1.5160221752069619e-10	2.2888674448926315e+07
/SS/Y5/PX2PY1PZ7	1.2134933471679688e+00	2.0680263720890549e-10	1.2997467575711483e+07
/SS/Y5/PX2PY2PZ5	9.8590850830078125e-03	1.0900173206769446e-10	4.5649118636595625e+06
/SS/Y5/PX2PY2PZ6	3.5301208496093750e-02	3.5691249570886552e-10	5.5148726986320429e+06
/SS/Y5/PX2PY2PZ7	2.1214485168457031e-02	1.0239057863313454e-10	1.5916730403527396e+07
/SS/Z/PX-1PY-1PZ5	3.3488464355468750e+00	3.6275132420166490e-10	5.9234492581896372e+06
/SS/Z/PX-1PY-1PZ6	1.9702148437500000e+00	4.1865676000267538e-10	9.0033825204588715e+06
/SS/Z/PX-1PY-1PZ7	2.8762207031250000e+00	2.2097737644470050e-10	5.4529166897369646e+07
/SS/Z/PX-1PY-2PZ5	4.1490173339843750e-01	1.8709201699458790e-10	2.8402518462560792e+07
/SS/Z/PX-1PY-2PZ6	1.5554809570312500e-01	1.0501854899609845e-10	1.0689410964541277e+07
/SS/Z/PX-1PY-2PZ7	3.5754394531250000e-01	1.4399432513123794e-10	1.6031875325071206e+07
/SS/Z/PX-1PY0PZ5	8.3223876953125000e+00	1.3050296591651887e-10	3.9076693464826308e+07
/SS/Z/PX-1PY0PZ6	1.4436523437500000e+01	1.3810373446460454e-10	1.0556059683641733e+08
/SS/Z/PX-1PY0PZ7	9.7968750000000000e+00	2.1199843405341499e-10	1.0522216401580185e+08
/SS/Z/PX-1PY1PZ5	9.0188598632812500e-01	4.1708782386105009e-10	1.2227649951772916e+06
/SS/Z/PX-1PY1PZ6	8.4887695312500000e-01	2.3621822381839337e-10	8.0551216370514050e+07
/SS/Z/PX-1PY1PZ7	1.4122924804687500e+00	1.0070963763787385e-09	1.4519461991485381e+08
/SS/Z/PX-1PY2PZ5	1.5892601013183594e-01	9.9041683428167475e-11	1.4109127923137469e+07
/SS/Z/PX-1PY2PZ6	5.6896972656250000e-01	1.4004905532747732e-10	1.1017277900665158e+07
/SS/Z/PX-1PY2PZ7	4.5483398437500000e-01	1.2502470296732322e-10	1.6548403055043636e+07
/SS/Z/PX-2PY-1PZ5	6.6800308227539062e-01	3.3666039784572284e-10	7.6881499195746728e+05
/SS/Z/PX-2PY-1PZ6	1.7976379394531250e-01	2.5343663071108223e-10	2.9277446264588083e+06
/SS/Z/PX-2PY-1PZ7	1.4698486328125000e+00	2.9207993835062831e-10	1.1958856536420457e+07
/SS/Z/PX-2PY-2PZ5	6.9425344467163086e-02	6.8447982927405261e-10	8.1191279836403744e+04
/SS/Z/PX-2PY-2PZ6	2.1692991256713867e-02	4.1347721926506784e-10	1.0484831719759635e+06
/SS/Z/PX-2PY-2PZ7	8.2733154296875000e-02	3.4673537036524122e-10	5.3167776055955123e+06
/SS/Z/PX-2PY0PZ5	1.2310943603515625e+00	1.3336179911674546e-10	2.7154328049757406e+06
/SS/Z/PX-2PY0PZ6	3.2490844726562500e+00	2.9048787109103005e-10	1.6885374887787532e+07
/SS/Z/PX-2PY0PZ7	1.0061492919921875e+00	1.0399874869355434e-10	4.4097364954833865e+07
/SS/Z/PX-2PY1PZ5	5.2520751953125000e-02	3.8008102235535330e-10	1.3581124138525720e+06
/SS/Z/PX-2PY1PZ6	1.7294025421142578e-01	1.7500612337955975e-10	3.0195720841242215e+06
/SS/Z/PX-2PY1PZ7	4.8449707031250000e-01	1.5012488265108046e-10	1.1799483168505464e+07
/SS/Z/PX-2PY2PZ5	1.8741607666015625e-02	8.5295917022824040e-11	2.7065005440552058e+06
/SS/Z/PX-2PY2PZ6	4.5059204101562500e-02	1.8908899660177594e-10	1.5235989193997004e+06
/SS/Z/PX-2PY2PZ7	1.4646530151367188e-01	7.4754313299557676e-10	2.2275720114282565e+06
/SS/Z/PX0PY-1PZ5	4.8715820312500000e+00	3.6345241837131606e-10	4.8842489610725725e+06
/SS/Z/PX0PY-1PZ6	4.3642578125000000e+00	1.7107301391904311e-10	4.2963139993373744e+07
/SS/Z/PX0PY-1PZ7	2.5320312500000000e+01	1.1477847734447661e-10	4.9129564694793737e+08
/SS/Z/PX0PY-2PZ5	3.1901550292968750e-01	8.0047060836591724e-11	9.6461568985513467e+06
/SS/Z/PX0PY-2PZ6	1.9464111328125000e-01	1.8384032306206336e-10	9.0532561456465758e+06
/SS/Z/PX0PY-2PZ7	2.6069335937500000e+00	2.1367553997584448e-10	3.9009178315067939e+07
/SS/Z/PX0PY0PZ5	2.3753906250000000e+01	3.5370301810382559e-10	3.4292347456454180e+07
/SS/Z/PX0PY0PZ6	2.2539062500000000e+00	1.5439349647391485e-10	1.3468321718887287e+08
/SS/Z/PX0PY0PZ7	6.7343750000000000e+01	1.6588598629847776e-10	5.0910223941776282e+08
/SS/Z/PX0PY1PZ5	1.6984863281250000e+00	4.2222283160616881e-10	1.1590333397110529e+07
/SS/Z/PX0PY1PZ6	8.6474609375000000e+00	1.7882262165471525e-10	5.7748611062287383e+07
/SS/Z/PX0PY1PZ7	3.5351562500000000e+01	1.5457831140508515e-09	2.0911701372291990e+07
/SS/Z/PX0PY2PZ5	1.3545989990234375e-01	2.0060766552143032e-10	1.6150911894915409e+06
/SS/Z/PX0PY2PZ6	4.2944335937500000e-01	1.7552707354601405e-09	1.0434699519676660e+06
/SS/Z/PX0PY2PZ7	5.7861328125000000e+00	2.2279302816443560e-10	1.9073347474754822e+07
/SS/Z/PX1PY-1PZ5	3.4018554687500000e+00	6.8671374801583830e-10	1.2968193616866772e+06
/SS/Z/PX1PY-1PZ6	1.8308105468750000e+00	5.6028546213468492e-10	4.9994071322818352e+06
/SS/Z/PX1PY-1PZ7	3.5761718750000000e+00	3.2189567642122059e-10	2.7339010108030476e+07
/SS/Z/PX1PY-2PZ5	2.8552055358886719e-01	1.7153647098192008e-10	1.5947476258307623e+06
/SS/Z/PX1PY-2PZ6	1.7507171630859375e-01	1.3677062870866730e-10	3.1658761634833389e+06
/SS/Z/PX1PY-2PZ7	4.1760253906250000e-01	7.4248205229468033e-10	4.3014696532552149e+06
/SS/Z/PX1PY0PZ5	8.5158691406250000e+00	3.4323075572160379e-10	9.3181110688744299e+06
/SS/Z/PX1PY0PZ6	2.4228515625000000e+00	3.1004038997080975e-10	3.3217102011011675e+07
/SS/Z/PX1PY0PZ7	4.3859375000000000e+01	5.3739757212405036e-10	3.2206098114881817e+07
/SS/Z/PX1PY1PZ5	1.8129272460937500e+00	3.9942191910991005e-10	3.5335922957494622e+06
/SS/Z/PX1PY1PZ6	1.9003906250000000e+00	1.5710090541545356e-10	1.7635365724036638e+07
/SS/Z/PX1PY1PZ7	8.8789062500000000e+00	1.6704695784287218e-10	4.3445949543973789e+07
/SS/Z/PX1PY2PZ5	1.2854385375976562e-01	3.3701996767189206e-10	8.1599576699742128e+05
/SS/Z/PX1PY2PZ6	1.0788726806640625e-01	1.3080048803428741e-10	5.7401938153679697e+06
/SS/Z/PX1PY2PZ7	2.2555541992187500e-01	5.7657745442236802e-10	7.0184361056692228e+06
/SS/Z/PX2PY-1PZ5	5.5294799804687500e-01	2.9572790419260989e-10	1.8634669209104506e+06
/SS/Z/PX2PY-1PZ6	5.9757995605468750e-01	2.0544893270950590e-10	3.5521357896534521e+06
/SS/Z/PX2PY-1PZ7	1.8095703125000000e+00	1.3107070953763070e-10	3.0449443439280096e+07
/SS/Z/PX2PY-2PZ5	7.9527854919433594e-02	3.6017264093065634e-10	1.2338218136757740e+05
/SS/Z/PX2PY-2PZ6	4.9453735351562500e-02	9.2696953230576188e-11	2.4059002827939722e+06
/SS/Z/PX2PY-2PZ7	1.7555236816406250e-01	1.7423379419513432e-10	5.1567891220689025e+06
/SS/Z/PX2PY0PZ5	2.0735778808593750e+00	3.9280087218335189e-10	5.5679356881082989e+05
/SS/Z/PX2PY0PZ6	1.7032470703125000e+00	3.0426555208805357e-10	7.3885688049352430e+06
/SS/Z/PX2PY0PZ7	1.1389648437500000e+01	2.1868780440096251e-10	9.5054949867634639e+07
/SS/Z/PX2PY1PZ5	3.8643646240234375e-01	3.1732645001837120e-10	1.0418933841682810e+06
/SS/Z/PX2PY1PZ6	1.2060165405273438e+00	1.6818680768250912e-10	6.6155757716123410e+07
/SS/Z/PX2PY1PZ7	2.3370361328125000e+00	4.9025693179854449e-10	2.3361331788449589e+07
/SS/Z/PX2PY2PZ5	1.6298532485961914e-02	2.4973098996235645e-10	6.2298102828011278e+05
/SS/Z/PX2PY2PZ6	1.4426708221435547e-02	3.4852407496488004e-10	7.5927809253876889e+05
/SS/Z/PX2PY2PZ7	1.1637496948242188e-01	1.0163185799128974e-10	7.6518988919042032e+06
/SS/Z5/PX-1PY-1PZ5	3.4039306640625000e-01	2.5998475592004787e-10	1.1560948536909221e+07
/SS/Z5/PX-1PY-1PZ6	4.9798583984375000e-01	3.0460760533704738e-10	4.0341367276083268e+07
/SS/Z5/PX-1PY-1PZ7	1.6959228515625000e+00	9.3032622294431770e-10	4.6858250102146640e+06
/SS/Z5/PX-1PY-2PZ5	2.5215148925781250e-02	2.0389104325362874e-10	1.2686104793823319e+06
/SS/Z5/PX-1PY-2PZ6	3.3027648925781250e-02	4.5059177855077942e-10	1.8000767255043583e+06
/SS/Z5/PX-1PY-2PZ7	3.8391113281250000e-01	1.0625902176213914e-10	1.1791686568376069e+08
/SS/Z5/PX-1PY0PZ5	9.0527343750000000e-01	1.3737376020286820e-10	1.7335264363634635e+07
/SS/Z5/PX-1PY0PZ6	2.6725463867187500e+00	5.5142859546514524e-10	6.5945014571370848e+07
/SS/Z5/PX-1PY0PZ7	9.4079589843750000e+00	1.1421684581711026e-10	1.3611077195964089e+08
/SS/Z5/PX-1PY1PZ5	6.3366699218750000e-01	5.0466032314474503e-10	1.5160667273119525e+06
/SS/Z5/PX-1PY1PZ6	2.0299224853515625e+00	3.2963031096385294e-10	3.4403192407647893e+07
/SS/Z5/PX-1PY1PZ7	1.3121337890625000e+00	3.2601842842461525e-10	2.3611520668714926e+07
/SS/Z5/PX-1PY2PZ5	5.8704376220703125e-02	1.6717949345207248e-10	1.4772771680503469e+06
/SS/Z5/PX-1PY2PZ6	1.5830230712890625e-01	3.9379801303179401e-10	2.2373541393424170e+06
/SS/Z5/PX-1PY2PZ7	2.2949218750000000e-01	1.7939952515988652e-10	1.0070375085008007e+07
/SS/Z5/PX-2PY-1PZ5	1.3538360595703125e-01	1.4291180991935097e-10	5.5453672298832785e+05
/SS/Z5/PX-2PY-1PZ6	1.6090774536132812e-01	2.9883129162142119e-10	2.9436357387357326e+06
/SS/Z5/PX-2PY-1PZ7	2.7695465087890625e-01	1.4073644324906263e-10	5.6247640553274773e+07
/SS/Z5/PX-2PY-2PZ5	2.0764350891113281e-02	1.3256396127014572e-10	8.6381960935142939e+05
/SS/Z5/PX-2PY-2PZ6	9.4842910766601562e-03	2.0866793895167013e-10	5.4783749395362765e+05
/SS/Z5/PX-2PY-2PZ7	1.2303924560546875e-01	1.6162079675637046e-10	3.8978959456239594e+06
/SS/Z5/PX-2PY0PZ5	1.0867309570312500e-01	1.0221714873493947e-10	1.0162250017621143e+07
/SS/Z5/PX-2PY0PZ6	5.7427978515625000e-01	2.2877592161873123e-10	2.1305415651828777e+07
/SS/Z5/PX-2PY0PZ7	7.5344848632812500e-01	3.4978079442523255e-10	4.6910668518753454e+07
/SS/Z5/PX-2PY1PZ5	1.0404205322265625e-01	1.0532671040417454e-10	3.4209997553261910e+06
/SS/Z5/PX-2PY1PZ6	4.7405052185058594e-01	2.0073059255280755e-09	1.7522776946726922e+05
/SS/Z5/PX-2PY1PZ7	5.2296447753906250e-01	1.4678713513814138e-10	2.4579934450460028e+07
/SS/Z5/PX-2PY2PZ5	9.6999406814575195e-03	9.9494184646052404e-11	1.3142969882225650e+06
/SS/Z5/PX-2PY2PZ6	2.5068759918212891e-02	2.3038664035875998e-10	3.2384598351063724e+06
/SS/Z5/PX-2PY2PZ7	7.2761535644531250e-02	2.2716070983997054e-10	4.7771213196978997e+06
/SS/Z5/PX0PY-1PZ5	6.1127929687500000e+00	1.9044533143053071e-10	1.6804610637951240e+07
/SS/Z5/PX0PY-1PZ6	1.8162231445312500e+00	7.6097236263813724e-10	1.0784061923302174e+07
/SS/Z5/PX0PY-1PZ7	3.3852539062500000e+00	1.7098822391160087e-10	1.0830979555113304e+08
/SS/Z5/PX0PY-2PZ5	8.5547637939453125e-01	5.9533714469914969e-10	1.1761806077793669e+07
/SS/Z5/PX0PY-2PZ6	9.6107482910156250e-02	4.4631329040775833e-10	5.6588921800447889e+06
/SS/Z5/PX0PY-2PZ7	7.7885818481445312e-01	4.4866551673233989e-10	1.3938628402418128e+08
/SS/Z5/PX0PY0PZ5	1.5169433593750000e+01	1.2311256045910799e-10	3.5081392141461879e+07
/SS/Z5/PX0PY0PZ6	3.3744506835937500e+01	1.9406636507944762e-10	1.5447296632725751e+08
/SS/Z5/PX0PY0PZ7	8.6630859375000000e+00	2.9989086108679077e-10	5.0559376995103008e+08
/SS/Z5/PX0PY1PZ5	1.2358093261718750e+00	3.6760175670739587e-10	1.5531417034758590e+07
/SS/Z5/PX0PY1PZ6	5.9246826171875000e+00	1.8040897244733625e-10	9.1178924899750248e+07
/SS/Z5/PX0PY1PZ7	4.1596679687500000e+00	1.8615485047906369e-10	6.4372299609867680e+08
/SS/Z5/PX0PY2PZ5	2.7614593505859375e-01	8.2845537679733645e-11	4.8569430169309020e+07
/SS/Z5/PX0PY2PZ6	7.0007324218750000e-01	1.0108482978620772e-10	6.5680569888761565e+07
/SS/Z5/PX0PY2PZ7	1.8791580200195312e-01	1.8547892127140293e-10	5.1508925269254595e+07
/SS/Z5/PX1PY-1PZ5	4.0631103515625000e-01	4.3088067151380122e-10	8.1696669935887568e+06
/SS/Z5/PX1PY-1PZ6	1.8953552246093750e+00	2.3295357053584754e-10	2.8906370392138422e+07
/SS/Z5/PX1PY-1PZ7	1.7307128906250000e+00	2.4438661584695570e-10	1.2353141618890809e+08
/SS/Z5/PX1PY-2PZ5	6.2290191650390625e-02	1.7661277219888637e-10	7.4650230809272351e+06
/SS/Z5/PX1PY-2PZ6	2.3811817169189453e-01	3.6749055606750644e-10	3.8274793498224169e+06
/SS/Z5/PX1PY-2PZ7	2.5764465332031250e-01	3.9575567632963628e-10	1.9164256322137900e+07
/SS/Z5/PX1PY0PZ5	8.7731933593750000e-01	1.4109816839677498e-10	3.8768868061270349e+07
/SS/Z5/PX1PY0PZ6	4.6154785156250000e-01	9.7463418204546282e-11	1.2619354793011981e+08
/SS/Z5/PX1PY0PZ7	5.5175781250000000e+00	2.5167903491808544e-10	6.6436769326736063e+07
/SS/Z5/PX1PY1PZ5	8.1765747070312500e-01	1.1619985275627012e-10	8.0310323585020285e+06
/SS/Z5/PX1PY1PZ6	1.0391845703125000e+00	1.6633827705362157e-10	4.0690338110235572e+07
/SS/Z5/PX1PY1PZ7	4.0273437500000000e+00	1.3083718693077974e-10	8.8251644319105387e+07
/SS/Z5/PX1PY2PZ5	2.1525859832763672e-02	1.9158620493734415e-10	2.4719037136364304e+06
/SS/Z5/PX1PY2PZ6	5.3502082824707031e-02	5.2073918931087760e-10	9.6416042175537208e+05
/SS/Z5/PX1PY2PZ7	2.9635620117187500e-01	1.4237109619605210e-10	1.9856583771190965e+08
/SS/Z5/PX2PY-1PZ5	2.1079254150390625e-01	1.9075656532337279e-10	2.1280415602783286e+06
/SS/Z5/PX2PY-1PZ6	2.1385574340820312e-01	1.6829855965763659e-10	1.2935124324901508e+07
/SS/Z5/PX2PY-1PZ7	5.9225463867187500e-01	1.6404411075495887e-10	1.6168942114496164e+07
/SS/Z5/PX2PY-2PZ5	2.2110462188720703e-02	4.8462683646367808e-10	2.3331800122225456e+05
/SS/Z5/PX2PY-2PZ6	5.0464630126953125e-02	1.5366033695086115e-10	1.1907702136921143e+07
/SS/Z5/PX2PY-2PZ7	8.8600158691406250e-02	1.9217535582584215e-10	2.7485026560725174e+06
/SS/Z5/PX2PY0PZ5	4.7650146484375000e-01	2.2537467689442738e-10	1.2147711795224436e+07
/SS/Z5/PX2PY0PZ6	1.8094539642333984e-01	1.2918450415246348e-10	1.1286993818772785e+07
/SS/Z5/PX2PY0PZ7	5.9104919433593750e-01	3.2837682855217083e-10	1.1144350200986390e+08
/SS/Z5/PX2PY1PZ5	1.7308044433593750e-01	5.3480597088910684e-10	3.6864607217145176e+05
/SS/Z5/PX2PY1PZ6	8.2252502441406250e-02	2.6800969878764955e-10	1.1474104392253224e+07
/SS/Z5/PX2PY1PZ7	1.3100891113281250e+00	1.3283488225075384e-10	1.4433966748569511e+07
/SS/Z5/PX2PY2PZ5	1.6952991485595703e-02	1.2248753375773968e-10	3.6564670330822282e+06
/SS/Z5/PX2PY2PZ6	2.9982089996337891e-02	2.2445682680919958e-10	4.2901696060414554e+05
/SS/Z5/PX2PY2PZ7	1.3637924194335938e-01	1.3971634449151415e-10	5.8090199141774168e+06
