# file_a: data/c2pt/S32T48_pyquda_frontier.c2pt.300.ex.x19y23z25t47.1HYP_GSRC_W90_k3_T5.h5
# file_b: data/c2pt/S32T48_pycontract_frontier.c2pt.300.ex.x19y23z25t47.1HYP_GSRC_W90_k3_T5.h5
# dataset_path	abs_diff=max(abs(abs(a)-abs(b)))	rel_diff=max(abs(abs(a)-abs(b))/abs(a))	abs(a)_at_max_rel
/SS/5/PX-1PY-1PZ5	1.7718353271484375e+00	1.0662188479122487e-10	1.0485273457297109e+07
/SS/5/PX-1PY-1PZ6	8.8699340820312500e-01	1.0312652708011902e-10	5.2448204080400504e+07
/SS/5/PX-1PY-1PZ7	3.3442993164062500e+00	2.1356148618971160e-10	4.0085909990474030e+07
/SS/5/PX-1PY-2PZ5	1.0414123535156250e-01	2.1773139764583065e-10	1.6333339614733814e+06
/SS/5/PX-1PY-2PZ6	7.2481155395507812e-02	1.0510213379357192e-10	1.1640073000693077e+07
/SS/5/PX-1PY-2PZ7	2.5287628173828125e-01	1.1740994586525762e-10	1.8603983316467765e+08
/SS/5/PX-1PY0PZ5	3.2485351562500000e+00	1.3192538857377751e-10	3.5878117890015982e+07
/SS/5/PX-1PY0PZ6	1.2208099365234375e+00	2.4658395739879760e-10	5.8774946014286272e+07
/SS/5/PX-1PY0PZ7	1.3671630859375000e+01	1.8392765462853025e-10	7.3634209130851686e+07
/SS/5/PX-1PY1PZ5	3.7287902832031250e-01	1.3068638764235321e-10	2.6209591168332506e+07
/SS/5/PX-1PY1PZ6	4.1906356811523438e-01	3.9037637707829070e-10	1.9261336196045298e+07
/SS/5/PX-1PY1PZ7	4.6406250000000000e+00	1.8262018233620686e-10	3.2696294831207059e+07
/SS/5/PX-1PY2PZ5	5.9087753295898438e-02	4.3223409206281586e-10	4.6787726798925260e+06
/SS/5/PX-1PY2PZ6	1.2765121459960938e-01	1.5931010375967836e-10	4.4072463517778389e+07
/SS/5/PX-1PY2PZ7	2.6160430908203125e-01	3.0260830998931228e-10	8.4036535732462667e+06
/SS/5/PX-2PY-1PZ5	2.1087265014648438e-01	1.2822732066076874e-10	4.4921147346800128e+06
/SS/5/PX-2PY-1PZ6	1.3306617736816406e-01	1.1330112300055219e-10	5.3580684251430063e+06
/SS/5/PX-2PY-1PZ7	1.1621475219726562e+00	1.0434560795277174e-10	1.6790895331443384e+07
/SS/5/PX-2PY-2PZ5	1.4825820922851562e-02	2.3874851341813938e-10	5.6496183283576067e+05
/SS/5/PX-2PY-2PZ6	1.9830703735351562e-02	1.0737823436424153e-10	1.1276838292535711e+06
/SS/5/PX-2PY-2PZ7	1.7218208312988281e-01	2.5136622974669169e-10	2.3321701498729475e+07
/SS/5/PX-2PY0PZ5	4.8627090454101562e-01	1.1763817539900681e-10	9.0223471703365501e+06
/SS/5/PX-2PY0PZ6	2.9801940917968750e-01	2.3966590717544982e-10	1.7327644303895731e+07
/SS/5/PX-2PY0PZ7	2.8230285644531250e-01	1.5511265207857751e-10	5.7449233771487541e+07
/SS/5/PX-2PY1PZ5	4.7734260559082031e-02	2.0192909832805001e-10	2.1694498247828227e+06
/SS/5/PX-2PY1PZ6	9.5689058303833008e-02	2.0833913818203669e-10	1.4850049947168622e+06
/SS/5/PX-2PY1PZ7	6.6764068603515625e-01	1.4301718775500432e-10	8.6195879184875891e+07
/SS/5/PX-2PY2PZ5	6.3001513481140137e-03	3.5447974324554604e-10	4.1573449602366658e+05
/SS/5/PX-2PY2PZ6	2.0388603210449219e-02	1.4562884905213670e-10	7.2942517708841609e+06
/SS/5/PX-2PY2PZ7	9.5697402954101562e-02	1.0774369178479938e-10	3.1534985147734854e+07
/SS/5/PX0PY-1PZ5	1.2255859375000000e+00	1.1317801221712453e-10	2.6045068500235081e+07
/SS/5/PX0PY-1PZ6	3.2399902343750000e+00	3.1072105735701040e-10	2.3452907765566096e+07
/SS/5/PX0PY-1PZ7	6.0942382812500000e+00	7.9732087792897287e-11	7.8386316043828905e+08
/SS/5/PX0PY-2PZ5	7.5109100341796875e-01	2.4109384297965406e-10	2.3903568663847008e+08
/SS/5/PX0PY-2PZ6	3.0596923828125000e-01	4.8161824955219554e-10	3.1765327500831109e+07
/SS/5/PX0PY-2PZ7	1.1978759765625000e+00	1.5450678617253893e-10	3.7127481664950415e+07
/SS/5/PX0PY0PZ5	2.2806518554687500e+01	2.5950186423067599e-10	1.1432661526742976e+07
/SS/5/PX0PY0PZ6	3.8872070312500000e+00	2.0803761232703067e-10	1.9506090268844348e+08
/SS/5/PX0PY0PZ7	3.2488281250000000e+01	1.2449041479507444e-10	7.8528391017655921e+08
/SS/5/PX0PY1PZ5	7.4212036132812500e+00	2.1600095486382071e-10	2.0779508438700121e+07
/SS/5/PX0PY1PZ6	5.8563995361328125e-01	1.4962185645465867e-10	1.1926716736112118e+08
/SS/5/PX0PY1PZ7	2.4009399414062500e+01	1.1572584250621103e-10	8.9644269561291531e+07
/SS/5/PX0PY2PZ5	3.8610076904296875e-01	1.2603639356531414e-10	5.5727107889903504e+06
/SS/5/PX0PY2PZ6	3.1065368652343750e-01	2.2115423177619209e-10	7.1389194328094330e+06
/SS/5/PX0PY2PZ7	3.2103576660156250e+00	9.4034721542018486e-11	9.0207477430763006e+07
/SS/5/PX1PY-1PZ5	3.3047485351562500e-01	1.3265494343169529e-10	2.0084730567939505e+07
/SS/5/PX1PY-1PZ6	2.2906188964843750e+00	2.1953122429008348e-10	9.3696561091182549e+06
/SS/5/PX1PY-1PZ7	6.0611572265625000e+00	5.0987014094358666e-10	1.7708198741633631e+07
/SS/5/PX1PY-2PZ5	9.4528198242187500e-02	1.1602564260923188e-10	1.9110079532155275e+07
/SS/5/PX1PY-2PZ6	5.9224128723144531e-01	2.0057688991329304e-10	9.7581070274429042e+06
/SS/5/PX1PY-2PZ7	9.5999145507812500e-01	1.0486140474721634e-10	5.0509797691095576e+07
/SS/5/PX1PY0PZ5	1.4855957031250000e+00	2.4013991866157619e-10	1.3396630284458607e+07
/SS/5/PX1PY0PZ6	1.3057861328125000e+00	3.4628046682918153e-10	3.0871852622833437e+08
/SS/5/PX1PY0PZ7	1.4403808593750000e+01	3.2496998040517016e-10	9.1276805424206018e+07
/SS/5/PX1PY1PZ5	1.0806503295898438e+00	1.3623004254077800e-10	3.5450953984191106e+06
/SS/5/PX1PY1PZ6	1.9373016357421875e+00	1.5788246252291521e-10	6.4215716790591848e+08
/SS/5/PX1PY1PZ7	7.7253417968750000e+00	7.0956327743272090e-10	6.5252602947748505e+07
/SS/5/PX1PY2PZ5	1.6965103149414062e-01	1.9814122629220261e-10	7.1118875005874811e+06
/SS/5/PX1PY2PZ6	5.7178735733032227e-02	1.4158468870687790e-10	4.0772396733878879e+06
/SS/5/PX1PY2PZ7	1.4521713256835938e+00	2.4961205692809709e-10	5.8493037953974254e+07
/SS/5/PX2PY-1PZ5	4.9255371093750000e-02	1.2814801955514076e-09	5.9409160296164069e+05
/SS/5/PX2PY-1PZ6	5.0002861022949219e-01	1.7806658702910286e-10	3.5901350665857745e+06
/SS/5/PX2PY-1PZ7	9.0917968750000000e-01	2.2044951105976344e-10	1.9599886534020443e+07
/SS/5/PX2PY-2PZ5	1.7021179199218750e-02	1.6414177083366761e-10	9.7658521545987902e+05
/SS/5/PX2PY-2PZ6	1.0124635696411133e-01	2.0954841658387857e-10	3.4117952562787221e+06
/SS/5/PX2PY-2PZ7	1.6563034057617188e-01	1.9580944900286601e-10	2.9721478318660478e+06
/SS/5/PX2PY0PZ5	1.3813781738281250e-01	1.7554968746866537e-10	5.3133599237653315e+06
/SS/5/PX2PY0PZ6	1.9160461425781250e-01	1.2017740243450268e-10	1.1698929098984027e+07
/SS/5/PX2PY0PZ7	3.3307495117187500e+00	1.6801488252442440e-10	1.4796376062437630e+08
/SS/5/PX2PY1PZ5	8.2793831825256348e-03	2.2658030683629417e-10	2.2245068696090397e+06
/SS/5/PX2PY1PZ6	2.0475769042968750e-01	1.5354812605886961e-10	7.2365647975913016e+06
/SS/5/PX2PY1PZ7	9.5199584960937500e-02	1.2700142906323870e-10	1.4332555817292314e+07
/SS/5/PX2PY2PZ5	6.3705444335937500e-03	1.1087238168291601e-10	1.4798697693236135e+06
/SS/5/PX2PY2PZ6	5.0573348999023438e-03	1.2880481885826884e-10	1.1679635185924133e+06
/SS/5/PX2PY2PZ7	9.4577789306640625e-02	1.9791426925116915e-10	4.0395945251564896e+06
/SS/I/PX-1PY-1PZ5	3.3349609375000000e+00	1.3076901468695837e-10	9.6443783544020541e+06
/SS/I/PX-1PY-1PZ6	2.4041748046875000e+00	1.6750010525258921e-10	4.2333905463740639e+07
/SS/I/PX-1PY-1PZ7	9.9160156250000000e+00	1.5202476659729971e-10	5.4707169679776989e+07
/SS/I/PX-1PY-2PZ5	4.8142242431640625e-01	3.2528230285789185e-10	1.9610209664718609e+06
/SS/I/PX-1PY-2PZ6	8.5983276367187500e-02	1.2439246972741970e-10	1.0133837258650567e+07
/SS/I/PX-1PY-2PZ7	9.4580078125000000e-01	6.1292453333643177e-10	3.9226496440541096e+07
/SS/I/PX-1PY0PZ5	9.9826660156250000e+00	3.1309020718144318e-10	1.3512470544012349e+07
/SS/I/PX-1PY0PZ6	3.4677734375000000e+00	4.1171718662749701e-10	1.6653700517013311e+07
/SS/I/PX-1PY0PZ7	3.0921875000000000e+01	7.6455655664273613e-11	2.3596586946528178e+08
/SS/I/PX-1PY1PZ5	6.9769287109375000e-01	6.1559256337768540e-10	1.9210019627928969e+06
/SS/I/PX-1PY1PZ6	6.8558349609375000e+00	2.7493981504143729e-10	1.5240944641554777e+07
/SS/I/PX-1PY1PZ7	7.5820312500000000e+00	2.0749336060335730e-10	1.5559662020337811e+07
/SS/I/PX-1PY2PZ5	2.6825714111328125e-01	2.2511294553886503e-10	1.3822200073490268e+07
/SS/I/PX-1PY2PZ6	1.2733154296875000e+00	1.3954737059761650e-10	3.1020933993649110e+06
/SS/I/PX-1PY2PZ7	1.0168457031250000e+00	1.7157704803185436e-10	1.2962802458890311e+07
/SS/I/PX-2PY-1PZ5	9.7657775878906250e-01	1.1337348351689581e-10	1.5415367088291528e+07
/SS/I/PX-2PY-1PZ6	5.2153778076171875e-01	8.3126221566296673e-11	1.0887255791496560e+07
/SS/I/PX-2PY-1PZ7	1.4689941406250000e+00	4.6774123129424513e-10	7.6068628388122236e+06
/SS/I/PX-2PY-2PZ5	6.9360733032226562e-02	1.7713939032233377e-10	5.4457965853024938e+05
/SS/I/PX-2PY-2PZ6	4.4238090515136719e-02	3.5051024155526302e-10	5.1177270780864730e+05
/SS/I/PX-2PY-2PZ7	3.8818359375000000e-01	3.2097659183278752e-10	5.1470959924641363e+06
/SS/I/PX-2PY0PZ5	4.1708374023437500e-01	3.4006020631534730e-10	6.0662903558844526e+05
/SS/I/PX-2PY0PZ6	8.4237670898437500e-01	1.6622804797641123e-10	9.5124991835922245e+06
/SS/I/PX-2PY0PZ7	3.1386718750000000e+00	3.1439634196872026e-10	2.6154057938611809e+07
/SS/I/PX-2PY1PZ5	1.4498138427734375e-01	1.9042065061986599e-10	1.6314180330115296e+06
/SS/I/PX-2PY1PZ6	3.8456726074218750e-01	2.2135423274271276e-10	2.8369516431116168e+06
/SS/I/PX-2PY1PZ7	1.6391601562500000e+00	4.6118399278172924e-10	9.4861041015204303e+06
/SS/I/PX-2PY2PZ5	3.7034988403320312e-02	1.9734721671575092e-10	2.1585185719489047e+05
/SS/I/PX-2PY2PZ6	6.2337875366210938e-02	4.9224943238912227e-10	1.1320964992350349e+06
/SS/I/PX-2PY2PZ7	2.1629333496093750e-01	3.0162502943022580e-10	1.9289081955445309e+06
/SS/I/PX0PY-1PZ5	1.3394042968750000e+01	9.6756560624067203e-09	5.2018162073930970e+05
/SS/I/PX0PY-1PZ6	1.0542968750000000e+01	1.4408547326284730e-10	7.5528787847176582e+07
/SS/I/PX0PY-1PZ7	2.8945312500000000e+01	1.6036891124232544e-10	2.2211610562668055e+07
/SS/I/PX0PY-2PZ5	3.9010620117187500e-01	7.1823458574571652e-10	1.4538905734582015e+06
/SS/I/PX0PY-2PZ6	1.4187011718750000e+00	2.9200901120696740e-10	2.0798623480702803e+08
/SS/I/PX0PY-2PZ7	3.1699218750000000e+00	2.5121890986757163e-10	3.9321216226712994e+07
/SS/I/PX0PY0PZ5	5.5397460937500000e+01	2.8284136151290485e-10	1.4030087752227072e+07
/SS/I/PX0PY0PZ6	2.8765625000000000e+01	1.1374645924704018e-10	1.6016410701089516e+08
/SS/I/PX0PY0PZ7	9.7187500000000000e+01	2.9367568936263676e-10	4.4432314386660272e+08
/SS/I/PX0PY1PZ5	2.6325683593750000e+00	2.0950964494958257e-10	7.0132589416122198e+07
/SS/I/PX0PY1PZ6	1.9446777343750000e+01	2.4603781748356145e-10	4.5913777455480322e+07
/SS/I/PX0PY1PZ7	1.5187500000000000e+01	1.5027639363520874e-10	4.5096975606893465e+07
/SS/I/PX0PY2PZ5	5.6857299804687500e-01	1.4080424201699724e-10	7.9493196587999556e+06
/SS/I/PX0PY2PZ6	3.4086303710937500e+00	4.0140461337257024e-10	3.6454117361649543e+07
/SS/I/PX0PY2PZ7	3.2373046875000000e+00	1.4797095984836109e-10	1.7417186368890502e+07
/SS/I/PX1PY-1PZ5	1.4001464843750000e-01	2.9367944218185963e-10	9.7938230337456316e+06
/SS/I/PX1PY-1PZ6	8.7463378906250000e+00	1.9820092797536888e-10	2.7377372302267801e+07
/SS/I/PX1PY-1PZ7	2.9945312500000000e+01	1.1550100260153682e-10	9.0050483303770989e+07
/SS/I/PX1PY-2PZ5	2.0545959472656250e-01	2.3054945131424224e-10	1.5657122955843613e+06
/SS/I/PX1PY-2PZ6	1.1559448242187500e+00	1.9581121893049476e-10	1.6005951818671939e+06
/SS/I/PX1PY-2PZ7	4.4233398437500000e+00	3.1532367513258484e-10	1.2180554273121767e+07
/SS/I/PX1PY0PZ5	1.1456176757812500e+01	1.6861583835946521e-10	2.2439562227675021e+07
/SS/I/PX1PY0PZ6	2.5553710937500000e+01	2.6695268979587275e-10	4.0694105775964007e+07
/SS/I/PX1PY0PZ7	1.0841406250000000e+02	1.2915365031517503e-10	1.1314524763574257e+08
/SS/I/PX1PY1PZ5	2.9064941406250000e+00	2.0722071464523021e-10	3.6944102500345288e+06
/SS/I/PX1PY1PZ6	4.3627929687500000e+00	3.1032822424289674e-10	2.3690451355068088e+07
/SS/I/PX1PY1PZ7	2.5937500000000000e+00	2.1326486078585225e-10	9.2274976017538458e+07
/SS/I/PX1PY2PZ5	1.9235992431640625e-01	5.4485314209263994e-10	4.0429151148517715e+05
/SS/I/PX1PY2PZ6	9.4879150390625000e-02	6.1646970448192559e-10	1.1406244509427126e+06
/SS/I/PX1PY2PZ7	1.1275634765625000e+00	1.8491305708035464e-10	4.8884042277232073e+07
/SS/I/PX2PY-1PZ5	1.7743682861328125e-01	2.9735155608590106e-10	7.4814432825918566e+05
/SS/I/PX2PY-1PZ6	1.5811462402343750e+00	8.0917354886333010e-11	1.2660554201338043e+07
/SS/I/PX2PY-1PZ7	3.8262939453125000e+00	6.2433429531451987e-10	3.1960226608818416e+06
/SS/I/PX2PY-2PZ5	1.6469955444335938e-02	7.3898545798249179e-10	4.0295247047758359e+05
/SS/I/PX2PY-2PZ6	1.0824394226074219e-01	1.6643383181472809e-10	1.0026609698670093e+06
/SS/I/PX2PY-2PZ7	5.8671569824218750e-01	2.9980457273815113e-10	4.4755517900512442e+06
/SS/I/PX2PY0PZ5	8.8307189941406250e-01	2.6411344585607007e-10	8.4522785786723159e+05
/SS/I/PX2PY0PZ6	2.9605712890625000e+00	8.9073312337468165e-11	1.5252775481694035e+07
/SS/I/PX2PY0PZ7	1.3200195312500000e+01	1.1255160458307524e-10	2.2878324919570410e+08
/SS/I/PX2PY1PZ5	5.0527191162109375e-01	1.0001543785446222e-10	1.2117392745111631e+07
/SS/I/PX2PY1PZ6	3.5848999023437500e-01	1.6349651047643778e-10	2.6518310155692836e+06
/SS/I/PX2PY1PZ7	5.3674316406250000e-01	7.9168005463181634e-11	1.8562831167233291e+08
/SS/I/PX2PY2PZ5	8.7801933288574219e-02	2.7321183802916367e-10	1.9941300003037913e+05
/SS/I/PX2PY2PZ6	1.4676666259765625e-01	1.4208693126562617e-10	1.3973237381075874e+06
/SS/I/PX2PY2PZ7	1.8905639648437500e-01	7.7702779163704235e-11	3.0220276700596455e+06
/SS/SXT/PX-1PY-1PZ5	1.9434509277343750e+00	1.5076859449839978e-10	1.0905674667509988e+07
/SS/SXT/PX-1PY-1PZ6	5.5886840820312500e-01	1.1892570248647643e-10	1.0722532841056396e+08
/SS/SXT/PX-1PY-1PZ7	2.2630615234375000e+00	1.4925158688825407e-10	4.9097081868313491e+07
/SS/SXT/PX-1PY-2PZ5	9.7133636474609375e-02	1.7084791418249148e-10	1.2067097952629770e+06
/SS/SXT/PX-1PY-2PZ6	1.3436889648437500e-01	1.0767978846412781e-09	7.6689457450035622e+05
/SS/SXT/PX-1PY-2PZ7	1.9609689712524414e-01	1.3272992069165609e-10	3.1414098264133062e+07
/SS/SXT/PX-1PY0PZ5	8.5667343139648438e+00	2.1919943989842663e-10	3.9081916988175362e+10
/SS/SXT/PX-1PY0PZ6	1.5506958007812500e+01	2.2845741509327027e-10	2.1110434626189686e+07
/SS/SXT/PX-1PY0PZ7	1.6414062500000000e+01	1.6826261278469678e-10	4.8839201106355660e+07
/SS/SXT/PX-1PY1PZ5	1.0843658447265625e+00	5.0722808881634475e-10	3.7822051400051545e+06
/SS/SXT/PX-1PY1PZ6	2.5748252868652344e-01	1.4895625335492055e-10	7.6354303518165862e+06
/SS/SXT/PX-1PY1PZ7	3.7952270507812500e+00	2.0813206067924914e-10	3.0648491955193855e+07
/SS/SXT/PX-1PY2PZ5	2.5586605072021484e-01	1.0698891452449777e-10	4.7933959193051038e+06
/SS/SXT/PX-1PY2PZ6	7.2151184082031250e-02	2.3200947628115648e-10	1.1768048577665681e+07
/SS/SXT/PX-1PY2PZ7	4.9266052246093750e-01	2.1792712587142858e-10	1.2866335711798072e+07
/SS/SXT/PX-2PY-1PZ5	3.1394004821777344e-02	1.0309282405387804e-10	2.5080474007725767e+06
/SS/SXT/PX-2PY-1PZ6	9.7229003906250000e-02	2.2098348663664931e-10	2.5455221924857171e+06
/SS/SXT/PX-2PY-1PZ7	3.3303070068359375e-01	1.2643784070764306e-10	1.8397455850842286e+07
/SS/SXT/PX-2PY-2PZ5	8.3598345518112183e-03	9.1617750173682424e-11	9.1246887595070139e+07
/SS/SXT/PX-2PY-2PZ6	1.9715070724487305e-02	2.0925513935941641e-10	1.4023248310422932e+06
/SS/SXT/PX-2PY-2PZ7	5.1300048828125000e-02	2.3793040597290349e-10	2.4527741222094940e+06
/SS/SXT/PX-2PY0PZ5	1.3655719757080078e+00	1.6391682338360563e-10	9.1165133691727407e+06
/SS/SXT/PX-2PY0PZ6	4.3332672119140625e-01	1.6302864849608653e-10	7.3131336119218469e+06
/SS/SXT/PX-2PY0PZ7	2.8980102539062500e+00	4.1251204744175710e-10	7.3657291362029128e+06
/SS/SXT/PX-2PY1PZ5	3.5602569580078125e-02	5.4777077924820358e-10	2.7901527398704770e+06
/SS/SXT/PX-2PY1PZ6	1.3275909423828125e-01	2.1091374258775683e-10	3.3603563151032883e+06
/SS/SXT/PX-2PY1PZ7	1.6348266601562500e+00	1.3569249257423286e-10	2.1757859902181275e+07
/SS/SXT/PX-2PY2PZ5	4.3921709060668945e-02	1.9817111716687918e-10	5.0884699337185564e+05
/SS/SXT/PX-2PY2PZ6	6.3758373260498047e-02	1.7986146313503399e-10	3.8000251294692303e+06
/SS/SXT/PX-2PY2PZ7	2.4070358276367188e-01	9.9064348024566057e-11	2.9375140513450764e+07
/SS/SXT/PX0PY-1PZ5	7.3815917968750000e-01	9.9985554159660748e-11	1.2470105896670595e+07
/SS/SXT/PX0PY-1PZ6	1.6735839843750000e+00	2.1571113950604975e-10	5.5446588720230512e+07
/SS/SXT/PX0PY-1PZ7	3.8762207031250000e+01	1.6852447067572003e-10	2.6690143635627511e+08
/SS/SXT/PX0PY-2PZ5	9.7686767578125000e-02	1.0577209938467563e-10	4.5718762908582620e+07
/SS/SXT/PX0PY-2PZ6	1.6885375976562500e-01	1.0434790991740562e-10	2.2765674654950991e+07
/SS/SXT/PX0PY-2PZ7	6.7189331054687500e+00	7.8361560136874969e-10	1.3333193168217195e+07
/SS/SXT/PX0PY0PZ5	1.2921997070312500e+01	1.0262633700636590e-10	6.5246851773505306e+08
/SS/SXT/PX0PY0PZ6	4.3223144531250000e+01	3.3170764013113906e-10	1.9630590071045116e+08
/SS/SXT/PX0PY0PZ7	3.7421875000000000e+01	1.6402845165341480e-10	5.3809370449453068e+08
/SS/SXT/PX0PY1PZ5	1.1934326171875000e+01	2.1591722753853912e-10	5.5272690872917213e+10
/SS/SXT/PX0PY1PZ6	2.9135742187500000e+00	5.5134512263012585e-10	2.6628814669521600e+07
/SS/SXT/PX0PY1PZ7	2.2996582031250000e+01	1.3617986159703956e-10	6.1054117761470452e+07
/SS/SXT/PX0PY2PZ5	1.3001632690429688e+00	1.6381351024714823e-10	3.7000077093966510e+06
/SS/SXT/PX0PY2PZ6	4.2065429687500000e-01	9.5985619297145035e-11	2.4017478744721197e+07
/SS/SXT/PX0PY2PZ7	5.5128173828125000e+00	1.0016438223493814e-10	7.5032454594722167e+07
/SS/SXT/PX1PY-1PZ5	1.1297149658203125e+00	9.8411713326690834e-11	3.3927677144282535e+07
/SS/SXT/PX1PY-1PZ6	1.1844177246093750e+00	1.1251352649538158e-10	3.8136824155397132e+07
/SS/SXT/PX1PY-1PZ7	9.3394775390625000e+00	2.9660008609007526e-10	1.7907161315501809e+07
/SS/SXT/PX1PY-2PZ5	1.7934989929199219e-01	1.0289812472519407e-09	2.4016528262229459e+05
/SS/SXT/PX1PY-2PZ6	3.8105010986328125e-02	2.2726250667105284e-10	3.6175044979444509e+06
/SS/SXT/PX1PY-2PZ7	1.6798400878906250e+00	1.5883884815059911e-09	4.5546225741095264e+06
/SS/SXT/PX1PY0PZ5	2.2313537597656250e+00	1.2409425330498785e-10	1.9853774850347977e+07
/SS/SXT/PX1PY0PZ6	1.0889892578125000e+00	1.4931864256894138e-10	1.2741037758279967e+08
/SS/SXT/PX1PY0PZ7	1.1367187500000000e+01	4.0098636892589169e-10	5.3913769374081150e+07
/SS/SXT/PX1PY1PZ5	1.1570663452148438e+00	2.0619132790998223e-10	1.2779069057212194e+07
/SS/SXT/PX1PY1PZ6	2.0012512207031250e+00	2.0048472155171333e-10	5.2190927820461886e+06
/SS/SXT/PX1PY1PZ7	3.5534973144531250e+00	1.1428095408744840e-10	3.9041237951696712e+08
/SS/SXT/PX1PY2PZ5	1.6352748870849609e-01	1.2459673889139080e-10	8.0803990303829294e+06
/SS/SXT/PX1PY2PZ6	3.5032844543457031e-01	1.2251621946534124e-10	8.3158148169432199e+06
/SS/SXT/PX1PY2PZ7	3.9189910888671875e-01	9.4664363987972017e-11	2.2541178042775519e+07
/SS/SXT/PX2PY-1PZ5	2.4087142944335938e-01	3.0956443094441082e-10	8.5239570783422422e+05
/SS/SXT/PX2PY-1PZ6	5.3188085556030273e-02	5.7921657471573373e-10	5.7164115982080949e+05
/SS/SXT/PX2PY-1PZ7	2.2366790771484375e+00	2.1017111428083735e-10	9.8747852321787626e+06
/SS/SXT/PX2PY-2PZ5	3.7182807922363281e-02	1.9742112748740060e-10	9.6063143581910571e+05
/SS/SXT/PX2PY-2PZ6	4.3882846832275391e-02	1.2758803440252923e-10	1.6456702980300449e+06
/SS/SXT/PX2PY-2PZ7	3.7848377227783203e-01	1.7831546561737155e-10	1.1208192311408648e+07
/SS/SXT/PX2PY0PZ5	2.5507926940917969e-01	1.8558681065853062e-10	9.8806497269751541e+06
/SS/SXT/PX2PY0PZ6	5.9353637695312500e-01	1.7996618553906708e-10	1.1808315169472380e+07
/SS/SXT/PX2PY0PZ7	1.1335754394531250e-01	1.8875202169506226e-10	2.5022511853623856e+07
/SS/SXT/PX2PY1PZ5	2.3365020751953125e-02	2.8155307596426638e-10	9.8828354640866711e+05
/SS/SXT/PX2PY1PZ6	5.4672241210937500e-02	2.4198245247733871e-10	2.2865607959541241e+06
/SS/SXT/PX2PY1PZ7	2.9989242553710938e-01	1.2221334797667374e-10	7.3008690594456747e+07
/SS/SXT/PX2PY2PZ5	6.1857700347900391e-03	4.3072429444207908e-10	9.2018459041309732e+04
/SS/SXT/PX2PY2PZ6	2.0786643028259277e-02	1.2212842098040469e-10	1.3726757350818219e+06
/SS/SXT/PX2PY2PZ7	1.1027526855468750e-01	1.4151491454601700e-10	6.1075488865024941e+06
/SS/SXY/PX-1PY-1PZ5	1.2003097534179688e+00	1.6999294669664787e-10	6.4872705480010929e+06
/SS/SXY/PX-1PY-1PZ6	4.4947242736816406e-01	1.6803580561452346e-10	3.1539524106566876e+07
/SS/SXY/PX-1PY-1PZ7	5.5106201171875000e+00	1.9193956962384120e-10	1.6933234973220742e+08
/SS/SXY/PX-1PY-2PZ5	3.4439563751220703e-02	3.5316135267242908e-10	1.1330768391509183e+07
/SS/SXY/PX-1PY-2PZ6	1.9966983795166016e-01	5.6469284852023998e-10	4.3703415715021710e+05
/SS/SXY/PX-1PY-2PZ7	1.5227737426757812e+00	2.0264441699054066e-09	5.2228741617096023e+05
/SS/SXY/PX-1PY0PZ5	1.4052429199218750e+00	5.8842838305576129e-11	6.7099802012205517e+08
/SS/SXY/PX-1PY0PZ6	6.7098388671875000e+00	1.7763206346984856e-10	2.5720793272440661e+07
/SS/SXY/PX-1PY0PZ7	2.6301269531250000e+00	7.4873985431389064e-11	6.5902813268023932e+08
/SS/SXY/PX-1PY1PZ5	2.4847717285156250e+00	2.5055630791374437e-10	6.8406346305059390e+06
/SS/SXY/PX-1PY1PZ6	2.6677551269531250e+00	2.6978290304895746e-10	8.5430655783513680e+07
/SS/SXY/PX-1PY1PZ7	4.0831375122070312e-01	1.4250326980875704e-10	4.6849378336237267e+07
/SS/SXY/PX-1PY2PZ5	3.9578056335449219e-01	1.6396431119348650e-10	1.4929442193132354e+07
/SS/SXY/PX-1PY2PZ6	1.2768173217773438e-01	1.9467482617740415e-10	1.6441160268737486e+07
/SS/SXY/PX-1PY2PZ7	1.3546180725097656e-01	2.3478259421413951e-10	4.4843856665718421e+07
/SS/SXY/PX-2PY-1PZ5	1.1370277404785156e-01	2.0906679242144603e-10	5.2671427327140030e+06
/SS/SXY/PX-2PY-1PZ6	2.0129776000976562e-01	9.9895062859663741e-11	6.3830913729141215e+06
/SS/SXY/PX-2PY-1PZ7	7.5527954101562500e-01	1.3229992989044233e-10	1.6208667835922200e+07
/SS/SXY/PX-2PY-2PZ5	1.6694664955139160e-02	2.0243873566927264e-10	9.7258466554210149e+05
/SS/SXY/PX-2PY-2PZ6	5.6343078613281250e-03	5.5486897405372756e-10	3.2234276178535202e+05
/SS/SXY/PX-2PY-2PZ7	7.4799537658691406e-02	1.0124975522762019e-10	3.0165266182189845e+06
/SS/SXY/PX-2PY0PZ5	6.3630676269531250e-01	2.4552215785087341e-10	1.8864777784242174e+06
/SS/SXY/PX-2PY0PZ6	4.9609375000000000e-01	1.2054466889306675e-10	1.4878163328697952e+07
/SS/SXY/PX-2PY0PZ7	5.5792236328125000e-01	1.1582274615323749e-10	4.9511748824459630e+08
/SS/SXY/PX-2PY1PZ5	3.0500888824462891e-01	1.0102512738390182e-10	1.5407849465085035e+06
/SS/SXY/PX-2PY1PZ6	1.9849205017089844e-01	1.5235110349204693e-10	1.1795660559275098e+07
/SS/SXY/PX-2PY1PZ7	2.6754760742187500e-01	1.8028086132046768e-10	5.6153750928404994e+07
/SS/SXY/PX-2PY2PZ5	3.9327144622802734e-02	1.2592132135781607e-10	2.6560609175977446e+06
/SS/SXY/PX-2PY2PZ6	5.4306507110595703e-02	3.1062845752358224e-10	1.1023146216015171e+06
/SS/SXY/PX-2PY2PZ7	3.2664775848388672e-02	1.1893799438956086e-10	5.2015250722932108e+06
/SS/SXY/PX0PY-1PZ5	7.5177612304687500e+00	1.5230398777851599e-10	7.3312184852384841e+06
/SS/SXY/PX0PY-1PZ6	3.4744873046875000e+00	1.7776078502886400e-10	1.5960954238562548e+08
/SS/SXY/PX0PY-1PZ7	2.7925720214843750e+00	2.6023027012387831e-10	6.5075412897777678e+06
/SS/SXY/PX0PY-2PZ5	1.0890388488769531e+00	1.0819014707885839e-10	7.1213928470428223e+06
/SS/SXY/PX0PY-2PZ6	6.6564941406250000e-01	1.7146871481427652e-10	4.0612774197502565e+06
/SS/SXY/PX0PY-2PZ7	6.6292572021484375e-01	1.1050663559801168e-10	2.1637964633426028e+08
/SS/SXY/PX0PY0PZ5	9.3335723876953125e-01	1.0887762636336940e-10	3.5445979291065834e+07
/SS/SXY/PX0PY0PZ6	2.8569091796875000e+01	9.3518740499616175e-10	8.1640754744907739e+06
/SS/SXY/PX0PY0PZ7	3.9907684326171875e+00	2.5098789524959778e-10	1.5561991571830338e+08
/SS/SXY/PX0PY1PZ5	2.4188232421875000e+00	2.1711012543433713e-10	1.4280374178245783e+07
/SS/SXY/PX0PY1PZ6	1.9534179687500000e+01	2.9814928561341028e-10	2.8011826193704378e+07
/SS/SXY/PX0PY1PZ7	6.1601562500000000e+00	1.4079285044722762e-10	2.4376447204532719e+08
/SS/SXY/PX0PY2PZ5	8.2553100585937500e-01	1.1355191781401437e-10	7.4289662198122367e+06
/SS/SXY/PX0PY2PZ6	2.7587585449218750e+00	1.8954800445050295e-10	4.6852283257486848e+06
/SS/SXY/PX0PY2PZ7	3.6157226562500000e-01	1.7924873544843596e-10	1.3321266553189731e+08
/SS/SXY/PX1PY-1PZ5	4.1145324707031250e-01	2.6377630918514830e-10	1.2197177552104210e+07
/SS/SXY/PX1PY-1PZ6	4.1904907226562500e+00	1.5061354087691868e-10	2.2653467003630944e+07
/SS/SXY/PX1PY-1PZ7	1.1130249023437500e+01	6.9244036459824521e-10	2.4597759750569351e+07
/SS/SXY/PX1PY-2PZ5	8.6507797241210938e-02	1.4902570082607656e-10	1.0641456361749224e+07
/SS/SXY/PX1PY-2PZ6	7.7199554443359375e-01	1.1784739406945949e-10	5.8404739534431025e+06
/SS/SXY/PX1PY-2PZ7	1.8477630615234375e+00	1.4743348482303643e-10	6.5031878682155967e+07
/SS/SXY/PX1PY0PZ5	4.7940216064453125e+00	1.5327914398865616e-10	1.7340428798374495e+08
/SS/SXY/PX1PY0PZ6	3.9255371093750000e+00	3.3467029061923722e-10	1.1476676979969583e+07
/SS/SXY/PX1PY0PZ7	8.2651367187500000e+00	3.0788973312083514e-10	4.9276835873844516e+08
/SS/SXY/PX1PY1PZ5	1.0779724121093750e+00	1.1570810396397957e-09	7.1720689977456036e+05
/SS/SXY/PX1PY1PZ6	1.8006134033203125e-01	1.0696053848729115e-10	1.3283644042257639e+07
/SS/SXY/PX1PY1PZ7	6.1874694824218750e+00	1.7923095517755848e-10	3.3986072726283833e+07
/SS/SXY/PX1PY2PZ5	8.8459014892578125e-02	3.6092798433743245e-10	1.5286156068720846e+06
/SS/SXY/PX1PY2PZ6	1.0914611816406250e-01	6.1043424622750772e-10	1.6568422758865720e+06
/SS/SXY/PX1PY2PZ7	2.9138946533203125e-01	1.8157883210912896e-10	1.0696799414049450e+07
/SS/SXY/PX2PY-1PZ5	1.2961864471435547e-02	2.1987192567261179e-10	2.3168283403126718e+06
/SS/SXY/PX2PY-1PZ6	6.5131378173828125e-01	1.6364121829323941e-10	9.2394319978713095e+06
/SS/SXY/PX2PY-1PZ7	1.1102905273437500e+00	1.2276435287603801e-10	4.2846602229342610e+07
/SS/SXY/PX2PY-2PZ5	2.2004842758178711e-02	1.7499405911512770e-10	2.3405489661171497e+06
/SS/SXY/PX2PY-2PZ6	1.1089801788330078e-01	1.8090551667716577e-10	1.3443004886346799e+06
/SS/SXY/PX2PY-2PZ7	2.1807098388671875e-01	2.4188088078839550e-10	4.6655017427453743e+06
/SS/SXY/PX2PY0PZ5	8.9290618896484375e-02	1.0409671122740207e-10	7.6418191929951645e+06
/SS/SXY/PX2PY0PZ6	8.0828857421875000e-01	1.6982800701442767e-10	2.1966265423531387e+07
/SS/SXY/PX2PY0PZ7	2.4881744384765625e-01	3.5256029635407149e-10	2.6874635403144144e+07
/SS/SXY/PX2PY1PZ5	1.6067504882812500e-01	4.1082606306824248e-10	9.5854823037207092e+05
/SS/SXY/PX2PY1PZ6	2.5908660888671875e-01	1.3639362924659500e-10	1.5704648331233082e+07
/SS/SXY/PX2PY1PZ7	5.7221984863281250e-01	6.5048836314331562e-10	3.0612984654467837e+06
/SS/SXY/PX2PY2PZ5	1.4281988143920898e-02	1.4027644755127036e-10	2.4018197846748875e+05
/SS/SXY/PX2PY2PZ6	6.0081481933593750e-02	3.3062189940005555e-10	3.1458998376222752e+05
/SS/SXY/PX2PY2PZ7	5.2236557006835938e-02	2.7702646375483003e-10	3.6435204066921524e+06
/SS/SXZ/PX-1PY-1PZ5	3.6645507812500000e-01	3.3408230786070461e-10	4.6380675628765570e+06
/SS/SXZ/PX-1PY-1PZ6	2.0478515625000000e+00	1.2010600618859397e-10	6.7503475065433636e+07
/SS/SXZ/PX-1PY-1PZ7	1.6619628906250000e+01	1.5064455426140623e-09	8.3852830806337511e+06
/SS/SXZ/PX-1PY-2PZ5	3.1884193420410156e-01	1.2951734533107195e-10	1.0893109296210220e+06
/SS/SXZ/PX-1PY-2PZ6	5.2985000610351562e-01	2.9891673050923529e-10	3.9994264640106326e+06
/SS/SXZ/PX-1PY-2PZ7	2.4495925903320312e+00	9.7769154289450162e-10	6.4147171351588173e+06
/SS/SXZ/PX-1PY0PZ5	5.1938476562500000e+00	1.4684110987490213e-10	1.2782591130105874e+08
/SS/SXZ/PX-1PY0PZ6	1.0480712890625000e+01	1.0235542463624414e-10	4.0292642587532514e+08
/SS/SXZ/PX-1PY0PZ7	1.9020751953125000e+01	3.3262348565997903e-10	1.4449907150229162e+08
/SS/SXZ/PX-1PY1PZ5	4.3441772460937500e-01	4.6797158789607587e-10	7.6001058460732375e+05
/SS/SXZ/PX-1PY1PZ6	4.5513916015625000e-01	2.0756023738564831e-10	2.5482340289485571e+06
/SS/SXZ/PX-1PY1PZ7	2.5260925292968750e+00	1.8424354270179352e-10	6.8332852266800076e+07
/SS/SXZ/PX-1PY2PZ5	6.4056396484375000e-02	1.9675717035795022e-10	9.0790110159358829e+06
/SS/SXZ/PX-1PY2PZ6	6.3537597656250000e-02	1.7751610070852344e-10	6.6649261952724624e+06
/SS/SXZ/PX-1PY2PZ7	7.1362686157226562e-01	2.3359330846669152e-10	1.7242990508036893e+07
/SS/SXZ/PX-2PY-1PZ5	2.7824974060058594e-01	2.3342547966591376e-10	2.1530414071900486e+06
/SS/SXZ/PX-2PY-1PZ6	2.0124053955078125e-01	1.1161647944120619e-09	2.8269702384049227e+06
/SS/SXZ/PX-2PY-1PZ7	3.2058563232421875e+00	1.7246740120072840e-10	3.7980303238156766e+07
/SS/SXZ/PX-2PY-2PZ5	1.2657284736633301e-02	1.4443251702678970e-10	7.8405154861947754e+05
/SS/SXZ/PX-2PY-2PZ6	3.8701057434082031e-02	2.4764507971478949e-10	1.4043628753236427e+06
/SS/SXZ/PX-2PY-2PZ7	4.7527313232421875e-01	1.1429195985041469e-10	2.9027593975748014e+07
/SS/SXZ/PX-2PY0PZ5	1.3153839111328125e-01	2.7981678205856101e-10	1.4383386174689555e+06
/SS/SXZ/PX-2PY0PZ6	1.8878021240234375e+00	2.9511680175388168e-10	1.6802630495538381e+06
/SS/SXZ/PX-2PY0PZ7	4.3472900390625000e+00	2.3931930451491923e-10	8.5318859996300906e+07
/SS/SXZ/PX-2PY1PZ5	7.7018737792968750e-02	1.2291430335692859e-10	1.2029162087294259e+06
/SS/SXZ/PX-2PY1PZ6	8.1077575683593750e-02	5.4361424708341013e-10	1.3099044499172466e+06
/SS/SXZ/PX-2PY1PZ7	3.0953598022460938e-01	1.2894161207179677e-10	1.4643726793688912e+07
/SS/SXZ/PX-2PY2PZ5	2.5154113769531250e-02	7.9478448436923523e-11	7.3593994602423755e+05
/SS/SXZ/PX-2PY2PZ6	9.1269016265869141e-03	4.3459234949918011e-10	6.2603213663363573e+05
/SS/SXZ/PX-2PY2PZ7	3.6972999572753906e-02	3.6154401963000531e-10	5.0192046103925230e+06
/SS/SXZ/PX0PY-1PZ5	8.8485717773437500e-01	4.8909728368214515e-10	3.6894165005374108e+06
/SS/SXZ/PX0PY-1PZ6	1.0942382812500000e+00	1.7755154231866747e-10	5.0656332303018890e+07
/SS/SXZ/PX0PY-1PZ7	1.1310302734375000e+01	7.5384954672343872e-11	1.0889664849784520e+08
/SS/SXZ/PX0PY-2PZ5	5.7453155517578125e-01	2.5507587973962982e-10	1.5371260407490146e+06
/SS/SXZ/PX0PY-2PZ6	4.8745727539062500e-01	9.7942849993392136e-11	7.6706188841119021e+07
/SS/SXZ/PX0PY-2PZ7	4.2908096313476562e-01	3.4775483659339635e-10	1.9011999664235029e+07
/SS/SXZ/PX0PY0PZ5	3.6454467773437500e+00	1.3761950065270419e-10	2.8451364990700964e+07
/SS/SXZ/PX0PY0PZ6	8.7880859375000000e+00	1.8286517536424066e-10	3.6500618673984073e+07
/SS/SXZ/PX0PY0PZ7	3.6974609375000000e+01	4.1512663107995695e-10	4.4837772327921517e+07
/SS/SXZ/PX0PY1PZ5	4.1887817382812500e+00	1.1185425535922271e-10	1.1025523896339485e+07
/SS/SXZ/PX0PY1PZ6	2.8869628906250000e+00	1.5812095832744461e-10	3.0087968654927958e+07
/SS/SXZ/PX0PY1PZ7	3.4019775390625000e+01	7.8818075417314666e-10	1.5734728642847380e+08
/SS/SXZ/PX0PY2PZ5	3.1152343750000000e-01	2.6579903324925724e-10	9.6305271261605602e+06
/SS/SXZ/PX0PY2PZ6	4.8056793212890625e-01	7.2661036085645804e-11	1.6186540063241786e+08
/SS/SXZ/PX0PY2PZ7	6.1562500000000000e+00	7.4694859055218283e-11	4.7563511035906456e+07
/SS/SXZ/PX1PY-1PZ5	1.4659404754638672e+00	2.6870866552572875e-10	3.9744061588380230e+06
/SS/SXZ/PX1PY-1PZ6	1.1874084472656250e+00	1.4098574846834604e-10	3.1600366534926951e+07
/SS/SXZ/PX1PY-1PZ7	1.6398010253906250e+00	4.1054528103826957e-10	3.5209434041662114e+06
/SS/SXZ/PX1PY-2PZ5	2.5266170501708984e-01	2.0377994955832366e-10	1.3077252026844495e+06
/SS/SXZ/PX1PY-2PZ6	2.2572708129882812e-01	2.3677150574976476e-10	4.0537841608011080e+06
/SS/SXZ/PX1PY-2PZ7	2.9608154296875000e-01	1.4737329996151053e-10	1.5432851884588722e+07
/SS/SXZ/PX1PY0PZ5	2.9828033447265625e+00	1.4571839567343855e-10	5.8315994315065732e+06
/SS/SXZ/PX1PY0PZ6	2.0017089843750000e+00	9.7115982503504119e-11	1.3842450270383194e+08
/SS/SXZ/PX1PY0PZ7	6.5727539062500000e+00	1.5221937129828606e-10	1.0669498676518919e+08
/SS/SXZ/PX1PY1PZ5	1.9792022705078125e+00	3.3507409601933400e-10	7.8196258426141944e+06
/SS/SXZ/PX1PY1PZ6	2.5323486328125000e-01	2.0534133388885677e-10	5.0250889797701135e+07
/SS/SXZ/PX1PY1PZ7	6.2505493164062500e+00	1.4742596426496805e-10	5.0351596443779714e+07
/SS/SXZ/PX1PY2PZ5	3.1800460815429688e-01	9.6241912692278661e-11	2.9476393000456460e+07
/SS/SXZ/PX1PY2PZ6	1.4113616943359375e-01	3.4466498893175742e-10	2.8536979462284478e+06
/SS/SXZ/PX1PY2PZ7	5.7416534423828125e-01	9.6993784684572729e-11	5.1859747940099239e+07
/SS/SXZ/PX2PY-1PZ5	2.5160145759582520e-01	4.4885323255565760e-10	4.8988412876518938e+05
/SS/SXZ/PX2PY-1PZ6	2.6339721679687500e-01	5.9029145338948504e-10	1.9577009759801608e+06
/SS/SXZ/PX2PY-1PZ7	1.1431884765625000e-01	4.7854514720882954e-10	3.4891770728212699e+07
/SS/SXZ/PX2PY-2PZ5	5.0236821174621582e-02	1.6233904368266686e-10	7.5165629614762019e+05
/SS/SXZ/PX2PY-2PZ6	4.6028733253479004e-02	2.4618085224591363e-10	1.0027458473589049e+06
/SS/SXZ/PX2PY-2PZ7	3.4324645996093750e-02	5.9438664854659612e-10	9.3775118163111771e+05
/SS/SXZ/PX2PY0PZ5	7.0103073120117188e-01	2.6968013280176744e-10	1.3763653088794483e+06
/SS/SXZ/PX2PY0PZ6	6.2356948852539062e-02	3.2433602198710315e-10	5.7577368343146397e+06
/SS/SXZ/PX2PY0PZ7	4.0663146972656250e+00	2.1459612476389605e-10	6.6646091435989559e+07
/SS/SXZ/PX2PY1PZ5	3.2074546813964844e-01	9.8967599528155582e-10	4.9242111245911671e+06
/SS/SXZ/PX2PY1PZ6	2.2167026996612549e-02	1.4140361267926404e-10	6.5894657739590127e+06
/SS/SXZ/PX2PY1PZ7	2.2111511230468750e-01	7.8754657213725963e-11	1.4650901348357517e+08
/SS/SXZ/PX2PY2PZ5	5.7686328887939453e-02	1.0753101791002691e-10	1.0188750501191609e+06
/SS/SXZ/PX2PY2PZ6	2.5861740112304688e-02	8.7568770795515817e-11	4.7618935350798760e+06
/SS/SXZ/PX2PY2PZ7	5.3190231323242188e-02	9.6268562118501640e-11	4.0571666085567079e+06
/SS/SYT/PX-1PY-1PZ5	3.8169708251953125e+00	1.1301407126068360e-09	6.1465388753373036e+06
/SS/SYT/PX-1PY-1PZ6	2.1799011230468750e+00	1.5516606406913875e-10	1.5245627690555025e+07
/SS/SYT/PX-1PY-1PZ7	3.5927124023437500e+00	9.2176452592315336e-11	1.5414258634816512e+08
/SS/SYT/PX-1PY-2PZ5	6.3815116882324219e-01	3.4673177348992451e-10	1.2318713369443342e+07
/SS/SYT/PX-1PY-2PZ6	3.1632804870605469e-01	2.1716955367605971e-10	4.4756452146358937e+06
/SS/SYT/PX-1PY-2PZ7	1.5532913208007812e+00	9.7101703511396737e-11	4.7591494253435209e+07
/SS/SYT/PX-1PY0PZ5	8.1090087890625000e+00	2.3605890295071617e-10	1.2378701978304124e+07
/SS/SYT/PX-1PY0PZ6	6.1239013671875000e+00	4.7044273255094430e-10	1.1662940051309200e+07
/SS/SYT/PX-1PY0PZ7	8.3493652343750000e+00	9.9731868968616225e-11	6.2337413053661287e+08
/SS/SYT/PX-1PY1PZ5	6.2637329101562500e-01	1.9139924724794785e-10	6.9863724784801565e+06
/SS/SYT/PX-1PY1PZ6	1.4483489990234375e+00	7.4751482942669957e-10	1.1623330491531231e+07
/SS/SYT/PX-1PY1PZ7	4.4422607421875000e+00	3.6395962749133776e-10	4.6171169933000825e+07
/SS/SYT/PX-1PY2PZ5	7.0581436157226562e-02	1.3902101463150334e-10	1.2081849312820730e+06
/SS/SYT/PX-1PY2PZ6	1.7088794708251953e-01	2.0335783161206672e-10	2.7072415296963430e+06
/SS/SYT/PX-1PY2PZ7	6.6975402832031250e-01	1.2700352787635280e-10	5.6542469463717658e+06
/SS/SYT/PX-2PY-1PZ5	5.2773046493530273e-01	1.9075216338910765e-10	1.5523262413162778e+06
/SS/SYT/PX-2PY-1PZ6	8.0829620361328125e-02	1.5960168162408038e-10	3.4310618334448272e+06
/SS/SYT/PX-2PY-1PZ7	1.5392837524414062e+00	2.9420731061539856e-10	4.9447568128270078e+06
/SS/SYT/PX-2PY-2PZ5	1.6388058662414551e-02	2.1282944123425531e-10	9.4964476879672240e+05
/SS/SYT/PX-2PY-2PZ6	4.3050765991210938e-02	1.6765789758289540e-10	1.3751178580380210e+06
/SS/SYT/PX-2PY-2PZ7	3.4634017944335938e-01	1.5845788955982721e-10	1.3821902097535798e+07
/SS/SYT/PX-2PY0PZ5	1.2971496582031250e+00	1.0917540091744262e-10	2.0279733705478329e+07
/SS/SYT/PX-2PY0PZ6	1.4077453613281250e+00	5.3273921376579088e-10	3.2707163915102398e+06
/SS/SYT/PX-2PY0PZ7	1.7384033203125000e+00	1.5042598799241103e-10	2.8112835916712958e+07
/SS/SYT/PX-2PY1PZ5	4.1004180908203125e-02	2.3690841998922836e-10	8.2917509700119216e+06
/SS/SYT/PX-2PY1PZ6	1.5781021118164062e-01	1.2140802697806945e-10	4.7006741380144469e+06
/SS/SYT/PX-2PY1PZ7	1.1371154785156250e+00	3.5656352039273188e-10	1.0764635951376908e+07
/SS/SYT/PX-2PY2PZ5	3.6289215087890625e-02	2.1750475209018045e-10	2.9650682548592961e+05
/SS/SYT/PX-2PY2PZ6	2.7273178100585938e-02	3.6121176202337468e-10	3.7542783216015459e+05
/SS/SYT/PX-2PY2PZ7	1.5383911132812500e-01	1.5064035495980188e-10	1.4227452047278948e+07
/SS/SYT/PX0PY-1PZ5	2.5756835937500000e+00	1.1348772156753400e-09	2.4558186693979953e+06
/SS/SYT/PX0PY-1PZ6	5.0853271484375000e+00	2.1271272537256925e-10	6.8208068827261060e+07
/SS/SYT/PX0PY-1PZ7	1.0403808593750000e+01	1.9155804272517281e-10	7.2907394005689363e+09
/SS/SYT/PX0PY-2PZ5	1.0994796752929688e+00	1.2467804996942770e-09	4.6773864432688104e+05
/SS/SYT/PX0PY-2PZ6	4.2772674560546875e-01	3.1187322764249968e-10	7.8121797206012327e+06
/SS/SYT/PX0PY-2PZ7	2.8634643554687500e+00	5.4988174399254382e-11	5.1199368984588408e+08
/SS/SYT/PX0PY0PZ5	4.5749511718750000e+00	1.1728990296227857e-10	2.9702387598921287e+08
/SS/SYT/PX0PY0PZ6	1.7787597656250000e+01	9.4122089281485405e-11	2.0609501310111210e+08
/SS/SYT/PX0PY0PZ7	7.9871093750000000e+01	1.6472758949127645e-10	1.0177957729092239e+09
/SS/SYT/PX0PY1PZ5	7.5849151611328125e+00	1.8534168119864875e-10	3.8203275294009699e+06
/SS/SYT/PX0PY1PZ6	5.9423828125000000e-01	1.6598808151124604e-10	2.0913979712641660e+07
/SS/SYT/PX0PY1PZ7	2.4983886718750000e+01	1.0191724061148102e-10	5.7573142416393542e+08
/SS/SYT/PX0PY2PZ5	9.1362380981445312e-01	2.5501839070835537e-10	1.0505065021773294e+07
/SS/SYT/PX0PY2PZ6	1.0965118408203125e+00	8.4936879039056658e-10	1.0246666796410870e+06
/SS/SYT/PX0PY2PZ7	4.5108032226562500e-01	1.3408344917656719e-10	5.3368022803926438e+07
/SS/SYT/PX1PY-1PZ5	1.7835083007812500e+00	2.0140455071686990e-10	6.2165255811942834e+06
/SS/SYT/PX1PY-1PZ6	3.5172119140625000e+00	8.9204682050896760e-11	3.4307822157134163e+08
/SS/SYT/PX1PY-1PZ7	2.2332763671875000e+00	2.5026294836458833e-10	2.3224572857093684e+07
/SS/SYT/PX1PY-2PZ5	1.5054845809936523e-01	1.8685954716038295e-10	2.8806496063994572e+07
/SS/SYT/PX1PY-2PZ6	3.8585281372070312e-01	1.3776895983940345e-10	6.4523491261607837e+06
/SS/SYT/PX1PY-2PZ7	4.3016052246093750e-01	1.2672559430435280e-10	2.3915031600483242e+07
/SS/SYT/PX1PY0PZ5	1.8706665039062500e+00	2.8806678854045794e-10	2.7671713616244566e+07
/SS/SYT/PX1PY0PZ6	8.4613342285156250e+00	1.3650885624840395e-10	1.3764723226473966e+08
/SS/SYT/PX1PY0PZ7	1.2286132812500000e+01	3.1055454425194579e-10	1.4015849678258783e+08
/SS/SYT/PX1PY1PZ5	2.4618759155273438e+00	1.4274450914832108e-10	7.2370038168274155e+06
/SS/SYT/PX1PY1PZ6	1.8535766601562500e+00	2.5897657713850716e-10	4.2179192395372696e+07
/SS/SYT/PX1PY1PZ7	1.9157714843750000e+00	3.2838118011785012e-10	1.4899800767015234e+08
/SS/SYT/PX1PY2PZ5	3.9817619323730469e-01	9.4860943944772044e-11	2.6140784437216599e+06
/SS/SYT/PX1PY2PZ6	1.5898895263671875e-01	9.5070831924508386e-11	5.3852250077611141e+07
/SS/SYT/PX1PY2PZ7	1.7367553710937500e-01	4.1419604560547996e-10	4.1622365697870669e+06
/SS/SYT/PX2PY-1PZ5	1.2397193908691406e-01	2.3948521659515588e-10	1.0597559322031902e+06
/SS/SYT/PX2PY-1PZ6	1.3892364501953125e-01	6.0120483290933190e-10	9.9693283507392872e+06
/SS/SYT/PX2PY-1PZ7	2.0635986328125000e-01	2.3087401608890591e-10	7.5669137049653279e+06
/SS/SYT/PX2PY-2PZ5	4.2761564254760742e-03	2.6079220260901292e-10	1.2536876579083723e+06
/SS/SYT/PX2PY-2PZ6	4.5107841491699219e-02	1.4177173938314858e-10	1.0550966353138048e+07
/SS/SYT/PX2PY-2PZ7	8.0263137817382812e-02	4.1802477662793135e-10	9.8430171468743344e+05
/SS/SYT/PX2PY0PZ5	5.8712768554687500e-01	5.6047906310068762e-10	2.6934074003973170e+06
/SS/SYT/PX2PY0PZ6	1.1788558959960938e+00	1.9724847644812506e-10	4.2445029576515583e+06
/SS/SYT/PX2PY0PZ7	2.6467285156250000e+00	3.3844770978590000e-10	2.4271401893757500e+07
/SS/SYT/PX2PY1PZ5	2.2853755950927734e-01	1.2158253456923580e-10	4.3505293208207227e+06
/SS/SYT/PX2PY1PZ6	3.1983947753906250e-01	6.0334847636189810e-10	2.0090060949037625e+06
/SS/SYT/PX2PY1PZ7	2.6570892333984375e-01	2.6555328953522505e-10	5.3572146248310646e+06
/SS/SYT/PX2PY2PZ5	6.5222501754760742e-02	2.3736820079008779e-10	5.8458766995022702e+05
/SS/SYT/PX2PY2PZ6	6.0660362243652344e-02	2.0824812277088910e-10	4.9202897147804853e+06
/SS/SYT/PX2PY2PZ7	2.8305768966674805e-02	1.5937182012285969e-10	7.5433345151476264e+06
/SS/SYZ/PX-1PY-1PZ5	2.3300170898437500e-01	2.8418062682346262e-10	5.7049067850637250e+06
/SS/SYZ/PX-1PY-1PZ6	2.2610473632812500e-01	4.3096250037590623e-10	9.3991158460936565e+06
/SS/SYZ/PX-1PY-1PZ7	2.3347778320312500e+00	7.3200004421219127e-11	3.9875260664972699e+08
/SS/SYZ/PX-1PY-2PZ5	6.3215255737304688e-02	9.9520941206570460e-11	1.2267869091766177e+07
/SS/SYZ/PX-1PY-2PZ6	1.4467239379882812e-01	1.9758601761127692e-10	1.3526353166736696e+07
/SS/SYZ/PX-1PY-2PZ7	7.1871566772460938e-01	1.0005075804809775e-10	9.5763437386137918e+06
/SS/SYZ/PX-1PY0PZ5	3.1230468750000000e+00	1.4846893434074539e-10	2.2281571088648826e+07
/SS/SYZ/PX-1PY0PZ6	4.4477539062500000e+00	3.5450128595170692e-10	1.0205240751540035e+08
/SS/SYZ/PX-1PY0PZ7	2.6278320312500000e+01	1.2628326921887757e-10	5.1256779522592032e+08
/SS/SYZ/PX-1PY1PZ5	1.2719726562500000e+00	2.0473352226258939e-10	3.7383067140601175e+06
/SS/SYZ/PX-1PY1PZ6	3.7152099609375000e-01	2.3525628839830990e-10	1.4124387218009191e+07
/SS/SYZ/PX-1PY1PZ7	2.9546356201171875e-01	5.6403855298365495e-10	1.2304106535378266e+07
/SS/SYZ/PX-1PY2PZ5	1.4899444580078125e-01	4.5200300228951834e-10	3.5819455947049684e+05
/SS/SYZ/PX-1PY2PZ6	9.9082946777343750e-02	1.0408144141289598e-10	1.3491946282243466e+07
/SS/SYZ/PX-1PY2PZ7	2.1115112304687500e-01	1.4044929623678707e-10	3.3634248398544155e+07
/SS/SYZ/PX-2PY-1PZ5	1.5338897705078125e-02	2.4679566903425460e-10	4.4442489383399067e+06
/SS/SYZ/PX-2PY-1PZ6	1.5037536621093750e-01	9.6916649951478249e-11	2.9557204665047973e+06
/SS/SYZ/PX-2PY-1PZ7	6.6869354248046875e-01	5.7748687757400830e-10	1.7237655012512524e+07
/SS/SYZ/PX-2PY-2PZ5	2.8665959835052490e-03	1.1447273438539222e-10	4.7659225147569965e+05
/SS/SYZ/PX-2PY-2PZ6	1.4257907867431641e-02	2.1137956482391480e-10	3.9399282134129703e+06
/SS/SYZ/PX-2PY-2PZ7	1.5022659301757812e-01	2.7837926712116743e-10	2.7988428066782276e+06
/SS/SYZ/PX-2PY0PZ5	6.0569763183593750e-02	1.2727904028812219e-10	1.3831889415498516e+08
/SS/SYZ/PX-2PY0PZ6	7.7223205566406250e-01	2.7045082059560873e-10	5.7820372784906114e+06
/SS/SYZ/PX-2PY0PZ7	2.7542114257812500e+00	9.4211968088252920e-10	3.9753817881200485e+07
/SS/SYZ/PX-2PY1PZ5	1.5213584899902344e-01	1.7001216164134675e-10	1.3342093088891776e+07
/SS/SYZ/PX-2PY1PZ6	7.2212219238281250e-02	2.4446767390486903e-10	2.5810284817731446e+06
/SS/SYZ/PX-2PY1PZ7	2.8115844726562500e-01	1.2826824436500330e-10	5.5494719146847449e+07
/SS/SYZ/PX-2PY2PZ5	3.3091545104980469e-02	1.4258609897415097e-10	6.8597843653401476e+05
/SS/SYZ/PX-2PY2PZ6	2.9562950134277344e-02	6.9237716439529086e-11	4.9642717637915909e+06
/SS/SYZ/PX-2PY2PZ7	7.1689605712890625e-02	1.1301974602020627e-10	3.2662286184428241e+06
/SS/SYZ/PX0PY-1PZ5	5.8010253906250000e+00	2.9959684732774150e-10	5.5892376842230432e+07
/SS/SYZ/PX0PY-1PZ6	7.4652099609375000e-01	8.7323125667199025e-11	1.0809320186370748e+08
/SS/SYZ/PX0PY-1PZ7	2.3242034912109375e+00	7.1545603471455897e-11	5.0114716071571261e+08
/SS/SYZ/PX0PY-2PZ5	5.6466674804687500e-01	2.3414704090704533e-10	3.0663372872763881e+06
/SS/SYZ/PX0PY-2PZ6	1.2008666992187500e-01	1.1044586709914342e-10	4.2551119349014506e+07
/SS/SYZ/PX0PY-2PZ7	1.7941436767578125e+00	8.9880446543467139e-11	1.0817479704027541e+08
/SS/SYZ/PX0PY0PZ5	1.3017822265625000e+01	1.3701279620091955e-10	1.4676990768210855e+08
/SS/SYZ/PX0PY0PZ6	8.9465332031250000e+00	3.2402222668272827e-10	4.4527271959810123e+07
/SS/SYZ/PX0PY0PZ7	6.0613281250000000e+01	3.3799320077740841e-10	1.3789009578880456e+08
/SS/SYZ/PX0PY1PZ5	1.4598388671875000e+00	6.4673739969025238e-10	9.6045413514909633e+06
/SS/SYZ/PX0PY1PZ6	1.0266967773437500e+01	2.1069418870466845e-10	6.6660347912664406e+07
/SS/SYZ/PX0PY1PZ7	1.8862792968750000e+01	3.0206137227384986e-10	7.2392991072689563e+07
/SS/SYZ/PX0PY2PZ5	3.8421630859375000e-01	1.0446522291080573e-09	5.7191121065185324e+05
/SS/SYZ/PX0PY2PZ6	1.9512176513671875e+00	1.3027925165265613e-10	4.3457942719996804e+06
/SS/SYZ/PX0PY2PZ7	5.8966979980468750e+00	1.1793093989920106e-10	5.0001280436558472e+10
/SS/SYZ/PX1PY-1PZ5	1.1275787353515625e+00	1.4372574768844310e-10	3.1318195153772626e+07
/SS/SYZ/PX1PY-1PZ6	1.1457214355468750e+00	1.7150556030963904e-10	8.4376935976109579e+07
/SS/SYZ/PX1PY-1PZ7	4.1521606445312500e+00	1.8540329748823042e-10	4.4999870566908699e+08
/SS/SYZ/PX1PY-2PZ5	6.9823265075683594e-02	3.9936572826421390e-10	7.0677131280749722e+05
/SS/SYZ/PX1PY-2PZ6	2.9312515258789062e-01	2.9714243222846385e-10	2.6448341654742002e+07
/SS/SYZ/PX1PY-2PZ7	3.4968566894531250e-01	2.2905052277864983e-10	3.3908537915897891e+07
/SS/SYZ/PX1PY0PZ5	8.6163330078125000e-01	4.3793136181384166e-10	9.2253410125224702e+06
/SS/SYZ/PX1PY0PZ6	3.8790283203125000e+00	1.3032701756875908e-10	8.9346127985818565e+07
/SS/SYZ/PX1PY0PZ7	1.6722900390625000e+01	1.1936695806392854e-10	5.6947879632414818e+08
/SS/SYZ/PX1PY1PZ5	1.7880249023437500e-01	5.7503710190083346e-10	8.2579032765511703e+05
/SS/SYZ/PX1PY1PZ6	1.8377838134765625e+00	1.6891699574455551e-10	1.1509316171141593e+07
/SS/SYZ/PX1PY1PZ7	3.1370239257812500e+00	1.0511005521674257e-10	3.7410556926115727e+08
/SS/SYZ/PX1PY2PZ5	3.3113479614257812e-02	1.5213547787914547e-10	2.4863452336438959e+06
/SS/SYZ/PX1PY2PZ6	3.8404846191406250e-01	2.7100950388566530e-09	3.2962093707375502e+05
/SS/SYZ/PX1PY2PZ7	8.4457397460937500e-02	1.2209803081296974e-10	6.5642931477337748e+07
/SS/SYZ/PX2PY-1PZ5	1.4260673522949219e-01	3.1521116035983917e-10	8.1735103022515250e+05
/SS/SYZ/PX2PY-1PZ6	1.0351943969726562e-01	3.9580502108854414e-10	1.4941179938586423e+07
/SS/SYZ/PX2PY-1PZ7	1.7617034912109375e-01	3.1288692590280373e-10	1.2367420940228412e+07
/SS/SYZ/PX2PY-2PZ5	3.8371086120605469e-03	1.2666929615320726e-10	1.6285240261135160e+06
/SS/SYZ/PX2PY-2PZ6	4.2849540710449219e-02	7.6459764615340142e-11	1.6736360342166920e+06
/SS/SYZ/PX2PY-2PZ7	1.0873508453369141e-01	1.2913665742177780e-10	1.8891553199000739e+07
/SS/SYZ/PX2PY0PZ5	8.3557128906250000e-02	5.4711874469720926e-10	1.6852348059265637e+06
/SS/SYZ/PX2PY0PZ6	9.3804931640625000e-01	1.6175599163543990e-10	5.6686857538641710e+06
/SS/SYZ/PX2PY0PZ7	1.4126281738281250e+00	1.7080440212408199e-10	1.8253473816290263e+07
/SS/SYZ/PX2PY1PZ5	9.6359252929687500e-03	5.1874323954838241e-10	7.6551965541796701e+05
/SS/SYZ/PX2PY1PZ6	2.9068374633789062e-01	1.5599787287146672e-10	3.2293955096792649e+07
/SS/SYZ/PX2PY1PZ7	1.9034576416015625e-01	9.7471445009017394e-11	4.3449610041326717e+07
/SS/SYZ/PX2PY2PZ5	1.1766672134399414e-02	6.7642934711691896e-10	4.8930081804721465e+05
/SS/SYZ/PX2PY2PZ6	5.0570487976074219e-02	3.8598126006244921e-10	7.7824103393371834e+05
/SS/SYZ/PX2PY2PZ7	1.0728168487548828e-01	1.9586991633378487e-10	6.0478174821659038e+06
/SS/SZT/PX-1PY-1PZ5	5.5361938476562500e-01	2.3776010421841443e-10	1.1585520836813333e+07
/SS/SZT/PX-1PY-1PZ6	1.5358276367187500e+00	8.4122294294325941e-11	2.9220004612398720e+08
/SS/SZT/PX-1PY-1PZ7	1.4662719726562500e+01	1.1793731672601095e-10	1.2534999464809586e+08
/SS/SZT/PX-1PY-2PZ5	1.4062500000000000e-01	1.8127521741196142e-10	1.2709251106483923e+07
/SS/SZT/PX-1PY-2PZ6	5.1928758621215820e-02	1.6255056407537798e-10	2.9148977659517061e+06
/SS/SZT/PX-1PY-2PZ7	1.8432159423828125e+00	3.6576229626204174e-10	5.8392968100105664e+06
/SS/SZT/PX-1PY0PZ5	1.6647338867187500e+00	3.4811460584646864e-10	6.7082118836089283e+07
/SS/SZT/PX-1PY0PZ6	3.1823730468750000e+00	6.7710470170730328e-10	1.3007659477556350e+07
/SS/SZT/PX-1PY0PZ7	4.3037841796875000e+01	1.1995018919088266e-10	3.0888663354148476e+10
/SS/SZT/PX-1PY1PZ5	1.3565063476562500e-01	2.1563399331833682e-10	4.8111424117568228e+06
/SS/SZT/PX-1PY1PZ6	3.1396675109863281e-01	3.7216915828447580e-10	2.8847417264751997e+07
/SS/SZT/PX-1PY1PZ7	9.2883300781250000e+00	2.6580069541274834e-10	6.3392866498668790e+07
/SS/SZT/PX-1PY2PZ5	2.0646286010742188e-01	1.5343496802171107e-10	5.9118768139806045e+06
/SS/SZT/PX-1PY2PZ6	6.5490722656250000e-02	1.5300349424001375e-10	5.3251199948989507e+06
/SS/SZT/PX-1PY2PZ7	9.5092773437500000e-01	1.7884897715561731e-10	1.3049421823107107e+07
/SS/SZT/PX-2PY-1PZ5	1.3954448699951172e-01	1.7353313723910283e-10	2.4468793025413249e+06
/SS/SZT/PX-2PY-1PZ6	6.4113616943359375e-02	3.4044741907074249e-10	2.8487607713981280e+06
/SS/SZT/PX-2PY-1PZ7	2.0518112182617188e+00	6.8830360071579961e-10	1.2166302566957792e+07
/SS/SZT/PX-2PY-2PZ5	1.7840862274169922e-02	3.7434654469193118e-10	3.9847776008110744e+05
/SS/SZT/PX-2PY-2PZ6	8.8161230087280273e-03	1.9497948303638977e-10	4.5421464661568170e+06
/SS/SZT/PX-2PY-2PZ7	1.1928367614746094e-01	1.6654462458842310e-10	7.1851381245857943e+06
/SS/SZT/PX-2PY0PZ5	7.6303577423095703e-01	1.4663231644560629e-10	7.6080160755468989e+06
/SS/SZT/PX-2PY0PZ6	3.8204956054687500e-01	1.1922598108513292e-10	1.7407437632540524e+07
/SS/SZT/PX-2PY0PZ7	3.1074523925781250e+00	1.9838420542871443e-10	1.1133871357498410e+08
/SS/SZT/PX-2PY1PZ5	7.9582214355468750e-02	2.3468850116129570e-10	1.4184327052563033e+06
/SS/SZT/PX-2PY1PZ6	1.7259216308593750e-01	1.7773181599199752e-10	2.0442397619920786e+07
/SS/SZT/PX-2PY1PZ7	7.4642944335937500e-01	4.6868311306111522e-10	2.6396226403320186e+07
/SS/SZT/PX-2PY2PZ5	2.1013259887695312e-02	4.8587886793088433e-10	3.5514866258242284e+05
/SS/SZT/PX-2PY2PZ6	1.4455020427703857e-02	1.3328931361048930e-10	4.6838870347694196e+06
/SS/SZT/PX-2PY2PZ7	4.7691345214843750e-02	1.1312333800393450e-10	1.9237928719282325e+07
/SS/SZT/PX0PY-1PZ5	7.9757080078125000e+00	3.2821226311052929e-10	5.9513630437828843e+06
/SS/SZT/PX0PY-1PZ6	1.0106933593750000e+01	1.0274482835956689e-10	5.5451425777073674e+07
/SS/SZT/PX0PY-1PZ7	1.9762695312500000e+01	1.3122885817078606e-10	1.3358006295096617e+09
/SS/SZT/PX0PY-2PZ5	1.2828979492187500e+00	1.3767085574285284e-10	1.3208679193305288e+07
/SS/SZT/PX0PY-2PZ6	5.2288055419921875e-01	2.0301872060843676e-10	1.0680422479355780e+07
/SS/SZT/PX0PY-2PZ7	3.2237548828125000e+00	5.8113278325803449e-10	6.1022120579156123e+07
/SS/SZT/PX0PY0PZ5	1.7152832031250000e+01	1.2430779621845083e-10	9.0059103534976497e+07
/SS/SZT/PX0PY0PZ6	9.5849609375000000e+00	2.7479589134243029e-10	9.3419910519644067e+07
/SS/SZT/PX0PY0PZ7	1.0266796875000000e+02	3.0574371037257115e-10	1.3204303873693751e+08
/SS/SZT/PX0PY1PZ5	2.3925170898437500e+00	1.5007102525588333e-10	4.4497540180481315e+07
/SS/SZT/PX0PY1PZ6	1.7580078125000000e+01	2.0938610815681164e-10	4.2607765610157561e+08
/SS/SZT/PX0PY1PZ7	1.5125488281250000e+01	1.4220883824676949e-10	1.0988468617896929e+09
/SS/SZT/PX0PY2PZ5	8.4915161132812500e-01	1.1982338905020512e-10	2.2915623416510774e+06
/SS/SZT/PX0PY2PZ6	2.3209838867187500e+00	3.9971867611640166e-10	3.9674526670299429e+06
/SS/SZT/PX0PY2PZ7	4.4456176757812500e+00	2.3317564009261976e-10	3.5781476853147887e+07
/SS/SZT/PX1PY-1PZ5	6.5789794921875000e-01	1.1067062211696799e-10	1.2559358367813259e+08
/SS/SZT/PX1PY-1PZ6	3.2815246582031250e+00	5.5108647898738022e-10	5.0963356842743024e+07
/SS/SZT/PX1PY-1PZ7	1.0454406738281250e+00	1.7195912426208236e-10	1.0747807539863469e+08
/SS/SZT/PX1PY-2PZ5	1.4435577392578125e-01	1.1395035216942647e-10	1.8276995795390408e+06
/SS/SZT/PX1PY-2PZ6	5.0229644775390625e-01	9.1501206080135221e-10	2.9636563459386653e+06
/SS/SZT/PX1PY-2PZ7	7.9765319824218750e-01	2.6561551286452141e-10	2.6149028796324715e+07
/SS/SZT/PX1PY0PZ5	3.9571838378906250e+00	1.0642019066457193e-10	8.3055691977890491e+07
/SS/SZT/PX1PY0PZ6	1.0506591796875000e+00	3.5598776455799046e-10	2.2537075206700500e+07
/SS/SZT/PX1PY0PZ7	4.0572509765625000e+01	1.9411694256545248e-10	1.2338642897188780e+08
/SS/SZT/PX1PY1PZ5	1.8420639038085938e+00	2.1856165323741979e-10	5.9904135808828874e+06
/SS/SZT/PX1PY1PZ6	4.1452941894531250e+00	9.0078108115689578e-11	2.6909129347124081e+07
/SS/SZT/PX1PY1PZ7	6.8546142578125000e+00	3.0945008291651771e-10	3.3665708465315871e+07
/SS/SZT/PX1PY2PZ5	1.7077636718750000e-01	1.5852026372320128e-10	6.1886552380187707e+06
/SS/SZT/PX1PY2PZ6	3.9938354492187500e-01	1.7876922708914031e-10	9.1190612067181971e+06
/SS/SZT/PX1PY2PZ7	1.5592575073242188e-01	3.4227371580536311e-10	4.8171414095575046e+06
/SS/SZT/PX2PY-1PZ5	2.5038719177246094e-01	7.2388789531273641e-10	1.8731279581737265e+05
/SS/SZT/PX2PY-1PZ6	5.4533958435058594e-01	1.9686851962969925e-10	9.5442004188719392e+06
/SS/SZT/PX2PY-1PZ7	6.6680908203125000e-01	1.8937225611860537e-10	3.1864475297855150e+07
/SS/SZT/PX2PY-2PZ5	3.1781196594238281e-02	2.6130241252268425e-10	1.8455707921974033e+06
/SS/SZT/PX2PY-2PZ6	6.8977355957031250e-02	9.9544434978035958e-11	1.7322562552481822e+06
/SS/SZT/PX2PY-2PZ7	1.8705749511718750e-01	4.2671955526252369e-10	1.2437137144695653e+06
/SS/SZT/PX2PY0PZ5	4.5785140991210938e-01	7.7776062173773912e-11	4.7421782953037992e+06
/SS/SZT/PX2PY0PZ6	2.8535461425781250e-01	3.1477649193563159e-10	5.5738108576362748e+06
/SS/SZT/PX2PY0PZ7	4.1958923339843750e+00	8.9218791718454620e-11	9.1322373479845002e+07
/SS/SZT/PX2PY1PZ5	8.0966949462890625e-02	2.8612232022076451e-10	1.1414402888991444e+06
/SS/SZT/PX2PY1PZ6	7.8162765502929688e-01	1.2918562614312395e-10	8.7720306361373514e+06
/SS/SZT/PX2PY1PZ7	5.3974914550781250e-01	2.4102099273700496e-10	2.1694479199192744e+07
/SS/SZT/PX2PY2PZ5	1.9778966903686523e-02	1.4148740438655579e-10	1.9347859019337911e+06
/SS/SZT/PX2PY2PZ6	1.3202190399169922e-01	3.5772882719094233e-10	5.4415523885169625e+06
/SS/SZT/PX2PY2PZ7	7.1265697479248047e-02	3.2620938755574480e-10	4.0449855508515355e+06
/SS/T/PX-1PY-1PZ5	2.3428955078125000e+00	1.0955015211320243e-10	2.1630865532560412e+07
/SS/T/PX-1PY-1PZ6	8.1188964843750000e-01	8.6583533378468079e-11	2.6386439129171409e+07
/SS/T/PX-1PY-1PZ7	1.3438354492187500e+01	3.0011129164616864e-10	9.2549263506765842e+07
/SS/T/PX-1PY-2PZ5	4.9537658691406250e-01	2.0419587806810425e-10	1.9710435424544998e+06
/SS/T/PX-1PY-2PZ6	1.1968231201171875e-01	1.1110127602561654e-10	1.8470890382660042e+07
/SS/T/PX-1PY-2PZ7	1.8995208740234375e+00	7.8071143133985904e-10	2.6850888050519247e+06
/SS/T/PX-1PY0PZ5	3.5197753906250000e+00	1.8856092688444516e-10	1.2750071330619140e+08
/SS/T/PX-1PY0PZ6	8.1079711914062500e+00	9.3213404490768216e-11	1.9362713082370526e+08
/SS/T/PX-1PY0PZ7	4.5341796875000000e+00	4.4447475569085122e-10	5.7856063571086526e+07
/SS/T/PX-1PY1PZ5	3.3515930175781250e-01	1.2772613822735720e-10	2.0238449028352875e+07
/SS/T/PX-1PY1PZ6	8.6291503906250000e-01	1.3088479834183733e-09	9.9965288653376140e+06
/SS/T/PX-1PY1PZ7	2.2614746093750000e+00	1.9582675002053947e-10	9.2679501519152510e+08
/SS/T/PX-1PY2PZ5	9.3417167663574219e-02	2.2932638265595662e-10	6.2512956655475929e+04
/SS/T/PX-1PY2PZ6	2.0331192016601562e-01	4.1785396909690857e-10	1.1933127739717958e+07
/SS/T/PX-1PY2PZ7	1.0557861328125000e+00	7.5276975742325985e-10	1.1114333969860522e+07
/SS/T/PX-2PY-1PZ5	5.0236511230468750e-01	1.1515579701072543e-10	1.4702299646504885e+07
/SS/T/PX-2PY-1PZ6	5.5809783935546875e-01	1.4547696742235220e-10	7.6893970959300362e+06
/SS/T/PX-2PY-1PZ7	1.4084472656250000e+00	8.9413588220566400e-11	1.5562680834734774e+08
/SS/T/PX-2PY-2PZ5	9.1836929321289062e-02	2.3161337700324347e-10	9.2468235071208992e+05
/SS/T/PX-2PY-2PZ6	1.0763978958129883e-01	3.6764128821936091e-10	1.2981599183155703e+06
/SS/T/PX-2PY-2PZ7	2.2135925292968750e-01	1.3315296119200619e-10	1.4441942441764405e+07
/SS/T/PX-2PY0PZ5	6.0437011718750000e-01	9.8512183882222998e-11	7.0213755673074245e+07
/SS/T/PX-2PY0PZ6	1.5245819091796875e-01	3.5511743484963972e-10	9.0045056383898240e+06
/SS/T/PX-2PY0PZ7	8.5711669921875000e-01	8.3079584399049768e-10	2.5503712479196940e+07
/SS/T/PX-2PY1PZ5	5.2431106567382812e-02	1.6109656912606803e-10	1.9659693036708795e+06
/SS/T/PX-2PY1PZ6	1.4782142639160156e-01	4.0955299836340995e-10	2.0145061338009743e+06
/SS/T/PX-2PY1PZ7	3.8928222656250000e-01	1.1821939849357385e-10	4.2339705789413899e+07
/SS/T/PX-2PY2PZ5	1.1985182762145996e-02	1.5358965190522244e-10	3.1879141200048995e+05
/SS/T/PX-2PY2PZ6	2.0148575305938721e-02	1.1363411278425456e-10	2.2656718144421568e+06
/SS/T/PX-2PY2PZ7	8.9235305786132812e-02	1.8805555823762425e-10	4.8637224363715630e+06
/SS/T/PX0PY-1PZ5	5.0685882568359375e-01	8.6260350496717541e-10	3.3922374624578031e+06
/SS/T/PX0PY-1PZ6	5.6842041015625000e+00	2.8321227781489423e-10	2.2407333722931311e+07
/SS/T/PX0PY-1PZ7	3.8291992187500000e+01	4.3527269374112385e-10	1.6807667718219262e+07
/SS/T/PX0PY-2PZ5	3.9297485351562500e-01	2.5685326118569516e-10	2.1952410286641805e+06
/SS/T/PX0PY-2PZ6	6.9519042968750000e-01	9.0027368287568801e-11	3.2869292706159733e+07
/SS/T/PX0PY-2PZ7	6.0935363769531250e+00	3.2798245616076411e-10	1.6201552133133356e+07
/SS/T/PX0PY0PZ5	1.6934814453125000e+01	2.2365975930749344e-10	5.5234525293169849e+07
/SS/T/PX0PY0PZ6	1.8627929687500000e+01	1.1136088071386479e-10	3.0425265023823553e+08
/SS/T/PX0PY0PZ7	3.5083007812500000e+01	7.1873022832365185e-10	5.4640417511503004e+07
/SS/T/PX0PY1PZ5	7.8649902343750000e-01	2.0659592413684079e-10	2.1483412056346700e+07
/SS/T/PX0PY1PZ6	1.6994628906250000e+00	1.7249244110103228e-10	2.6233965735572544e+08
/SS/T/PX0PY1PZ7	2.5673828125000000e+01	7.7003858031167128e-11	7.8865688542905450e+08
/SS/T/PX0PY2PZ5	1.2672233581542969e-01	3.1756464493747719e-10	8.3590550612016600e+06
/SS/T/PX0PY2PZ6	3.7088012695312500e-01	2.4190729650513664e-10	7.6754950597258490e+06
/SS/T/PX0PY2PZ7	3.3040771484375000e+00	1.5633559126954155e-10	5.1024095632560194e+07
/SS/T/PX1PY-1PZ5	1.0138092041015625e+00	2.5992208325525508e-10	1.0439149480189102e+07
/SS/T/PX1PY-1PZ6	5.3431701660156250e-01	8.8841158221176473e-11	8.3629580279423341e+07
/SS/T/PX1PY-1PZ7	3.1765747070312500e+00	1.6590032369501569e-10	9.1267233643251941e+07
/SS/T/PX1PY-2PZ5	1.5586280822753906e-01	1.3937072875216206e-10	1.0809072282521836e+07
/SS/T/PX1PY-2PZ6	2.9095458984375000e-01	3.2273662589515276e-10	1.2867400216912937e+06
/SS/T/PX1PY-2PZ7	4.6841430664062500e-01	1.6619750737310542e-10	1.7582871819263898e+07
/SS/T/PX1PY0PZ5	2.9132080078125000e-01	1.8696933852766776e-10	3.6466371508617304e+07
/SS/T/PX1PY0PZ6	1.0055236816406250e+01	2.0660387663667345e-10	2.3080340450117800e+08
/SS/T/PX1PY0PZ7	2.9625488281250000e+01	1.0673310791126388e-10	3.4209713226024830e+08
/SS/T/PX1PY1PZ5	1.6246223449707031e-01	1.6081571228940449e-10	2.7435703922555361e+07
/SS/T/PX1PY1PZ6	1.3181991577148438e+00	3.7357975454787669e-10	3.9769354832992172e+06
/SS/T/PX1PY1PZ7	2.4188232421875000e+00	2.3882888315919365e-10	3.2512079912815936e+07
/SS/T/PX1PY2PZ5	1.7169952392578125e-02	2.9758549335587011e-10	4.4247708895464428e+06
/SS/T/PX1PY2PZ6	4.2200469970703125e-01	3.0008899107661842e-10	2.1913371675753496e+06
/SS/T/PX1PY2PZ7	1.0219116210937500e+00	1.6097645102252399e-10	8.6777711759988256e+06
/SS/T/PX2PY-1PZ5	2.6077842712402344e-01	2.1969991511247956e-10	2.1261504885314386e+06
/SS/T/PX2PY-1PZ6	1.2118911743164062e-01	1.4221570474778474e-10	8.1207206424964862e+06
/SS/T/PX2PY-1PZ7	1.4788331985473633e+00	2.6850218351852812e-10	9.3338852085002568e+06
/SS/T/PX2PY-2PZ5	2.3994207382202148e-02	2.0867284934619246e-10	2.0052512238940306e+05
/SS/T/PX2PY-2PZ6	1.6048908233642578e-02	3.5064551971572984e-10	2.3190276551823661e+05
/SS/T/PX2PY-2PZ7	9.8413467407226562e-02	3.0128389805547397e-10	2.3841833829188370e+06
/SS/T/PX2PY0PZ5	3.2385253906250000e-01	1.7195904493140890e-10	5.2978553987479936e+06
/SS/T/PX2PY0PZ6	2.1671752929687500e+00	1.6009014792185609e-10	4.3325302549652927e+07
/SS/T/PX2PY0PZ7	3.4298400878906250e+00	7.5078503447493641e-10	4.2242736330848746e+07
/SS/T/PX2PY1PZ5	4.6306610107421875e-02	3.5355867669081669e-10	4.9226371470107493e+05
/SS/T/PX2PY1PZ6	8.3980560302734375e-02	1.8380881568523867e-10	6.1274995552003691e+06
/SS/T/PX2PY1PZ7	2.2171020507812500e-01	1.4870451881119607e-10	1.3072503191629853e+07
/SS/T/PX2PY2PZ5	1.2196063995361328e-02	1.8950685681686923e-10	2.9966400409612636e+05
/SS/T/PX2PY2PZ6	6.0246467590332031e-02	6.3344380389769118e-10	7.4465000112463848e+05
/SS/T/PX2PY2PZ7	8.8195800781250000e-02	6.9347192827708528e-11	5.1867836439119661e+06
/SS/T5/PX-1PY-1PZ5	2.0107421875000000e+00	3.5430322236152417e-10	7.6660214942134647e+06
/SS/T5/PX-1PY-1PZ6	1.2700195312500000e+00	1.3417469045800209e-10	8.5470281442802534e+07
/SS/T5/PX-1PY-1PZ7	1.1477661132812500e+01	3.6276671701724441e-10	2.4336418225835677e+07
/SS/T5/PX-1PY-2PZ5	4.5552444458007812e-01	7.2590620369614051e-10	3.8355730242077709e+05
/SS/T5/PX-1PY-2PZ6	2.9357528686523438e-01	4.3702257723042630e-10	3.8233952490366627e+06
/SS/T5/PX-1PY-2PZ7	1.1946868896484375e+00	1.7895338930180276e-10	5.4429551005531646e+07
/SS/T5/PX-1PY0PZ5	8.0603027343750000e-01	1.8341767140491567e-10	1.1020597430906260e+08
/SS/T5/PX-1PY0PZ6	1.0783142089843750e+01	4.7723599763897844e-10	1.4091584513109623e+07
/SS/T5/PX-1PY0PZ7	2.2756347656250000e+01	1.2713254216086966e-10	2.2534376320584163e+08
/SS/T5/PX-1PY1PZ5	1.6510620117187500e+00	9.3858387274571999e-11	1.1642248190828752e+07
/SS/T5/PX-1PY1PZ6	4.8876953125000000e-01	1.7965467760073873e-10	6.1201328324879445e+07
/SS/T5/PX-1PY1PZ7	3.9731445312500000e+00	3.5937490797500176e-10	9.0338025213321120e+07
/SS/T5/PX-1PY2PZ5	3.6796569824218750e-01	1.8051673683373681e-10	4.8270539482679404e+05
/SS/T5/PX-1PY2PZ6	6.4623832702636719e-01	2.2073781458221342e-10	9.6469333714142349e+06
/SS/T5/PX-1PY2PZ7	4.7545051574707031e-01	5.2026758120005665e-10	8.3498853193393406e+06
/SS/T5/PX-2PY-1PZ5	4.1159439086914062e-01	5.7694713531736947e-10	1.0003018287426343e+06
/SS/T5/PX-2PY-1PZ6	5.4217529296875000e-01	2.6435472407809550e-10	3.8160978362214016e+06
/SS/T5/PX-2PY-1PZ7	8.8694763183593750e-01	2.2173629779864193e-10	1.4510553747483550e+07
/SS/T5/PX-2PY-2PZ5	7.6628684997558594e-02	7.4107748297161244e-11	8.9606390905683988e+05
/SS/T5/PX-2PY-2PZ6	6.8130016326904297e-02	1.2635166791139478e-10	2.1635734600558286e+06
/SS/T5/PX-2PY-2PZ7	2.0148849487304688e-01	1.9078186452355138e-10	4.9636254869219651e+06
/SS/T5/PX-2PY0PZ5	4.6966552734375000e-02	1.0493453889506897e-10	1.4411542415570028e+07
/SS/T5/PX-2PY0PZ6	6.1094665527343750e-01	2.8451784636418769e-10	2.6121969436902147e+07
/SS/T5/PX-2PY0PZ7	6.1125946044921875e-01	2.0832681244075744e-10	2.5887649919023592e+07
/SS/T5/PX-2PY1PZ5	1.4808654785156250e-01	7.7541478458349926e-11	2.7297920616691820e+07
/SS/T5/PX-2PY1PZ6	3.5279464721679688e-01	2.2594697975447387e-10	5.5648411480454598e+06
/SS/T5/PX-2PY1PZ7	3.5095214843750000e-01	4.3054157979537589e-10	1.1748097756570097e+07
/SS/T5/PX-2PY2PZ5	4.4837474822998047e-02	1.2340150291967557e-10	2.4390014759947471e+06
/SS/T5/PX-2PY2PZ6	6.4132690429687500e-02	2.4468126639206368e-10	5.0071675026931392e+05
/SS/T5/PX-2PY2PZ7	2.5415897369384766e-02	4.8946426047719557e-10	3.3279831631027143e+06
/SS/T5/PX0PY-1PZ5	7.0373535156250000e-01	1.4598337461072982e-10	1.9692596022167630e+07
/SS/T5/PX0PY-1PZ6	2.9687500000000000e+00	5.4568944814914195e-10	4.0834435874427192e+07
/SS/T5/PX0PY-1PZ7	3.6848632812500000e+01	7.7959093905622197e-11	1.8582063371824102e+09
/SS/T5/PX0PY-2PZ5	1.1456298828125000e-01	2.6392953171897986e-10	1.5396314214947561e+06
/SS/T5/PX0PY-2PZ6	3.2794189453125000e-01	1.7812182602455817e-10	4.0356200698958896e+07
/SS/T5/PX0PY-2PZ7	4.9378662109375000e+00	2.0705830601880112e-10	3.2261770885035146e+07
/SS/T5/PX0PY0PZ5	7.0029296875000000e+00	3.0823535014360396e-10	2.6836055109727010e+07
/SS/T5/PX0PY0PZ6	7.5144042968750000e+00	1.6129055069213734e-10	1.0829538288004717e+08
/SS/T5/PX0PY0PZ7	1.0305175781250000e+02	1.5485601495605427e-10	6.7914785718540502e+08
/SS/T5/PX0PY1PZ5	5.0085449218750000e-01	1.6175284702185220e-10	1.2243633359300753e+07
/SS/T5/PX0PY1PZ6	1.7910156250000000e+01	2.3776270552017198e-10	2.0323267325532142e+07
/SS/T5/PX0PY1PZ7	2.4898925781250000e+01	8.3157349497556489e-10	4.6490318326990366e+07
/SS/T5/PX0PY2PZ5	7.6446533203125000e-02	2.4591242429939781e-09	1.5385875706315026e+05
/SS/T5/PX0PY2PZ6	1.9331970214843750e+00	1.3263927791489012e-10	1.4389315438285944e+08
/SS/T5/PX0PY2PZ7	5.9826660156250000e-01	9.9950587419734175e-11	1.3596540157204632e+07
/SS/T5/PX1PY-1PZ5	5.6852722167968750e-01	1.6050080275183322e-10	9.0324375865854565e+06
/SS/T5/PX1PY-1PZ6	1.4572143554687500e+00	1.4376958062500369e-10	1.4815502263535662e+07
/SS/T5/PX1PY-1PZ7	1.0051818847656250e+01	1.1692897963316973e-10	2.8424674977305758e+08
/SS/T5/PX1PY-2PZ5	1.2816810607910156e-01	1.8109065802153458e-10	3.4680132713555461e+06
/SS/T5/PX1PY-2PZ6	3.8520050048828125e-01	2.4103765997368505e-10	2.1316551710439544e+07
/SS/T5/PX1PY-2PZ7	1.6228942871093750e+00	1.0101955013225783e-10	3.8978171398636259e+07
/SS/T5/PX1PY0PZ5	2.4334716796875000e+00	1.9961395474921139e-10	4.7445981637328938e+07
/SS/T5/PX1PY0PZ6	6.2745361328125000e+00	2.1614387956073404e-10	1.5934276987332132e+08
/SS/T5/PX1PY0PZ7	2.6093505859375000e+01	1.8267224566374991e-10	1.4607265513105246e+08
/SS/T5/PX1PY1PZ5	1.3068389892578125e+00	1.1876703428350189e-10	4.8651900230133664e+06
/SS/T5/PX1PY1PZ6	3.4432067871093750e+00	4.5889386193835966e-10	1.5565853542734081e+07
/SS/T5/PX1PY1PZ7	1.4628906250000000e+00	2.6823739570029449e-10	2.2026978787007540e+07
/SS/T5/PX1PY2PZ5	1.4800548553466797e-01	1.7222960561444303e-10	9.9042405436673283e+05
/SS/T5/PX1PY2PZ6	2.6303100585937500e-01	2.3330907080632614e-10	7.7607849143023938e+06
/SS/T5/PX1PY2PZ7	2.9064941406250000e-01	1.1298065881076838e-10	8.4393390998351246e+07
/SS/T5/PX2PY-1PZ5	1.3973712921142578e-01	1.3346741199230855e-10	3.7391892475301162e+06
/SS/T5/PX2PY-1PZ6	1.8449592590332031e-01	2.0217173790172455e-10	2.8376925042808536e+06
/SS/T5/PX2PY-1PZ7	7.5015258789062500e-01	4.0200211839478777e-10	4.7179626321302895e+06
/SS/T5/PX2PY-2PZ5	7.7197551727294922e-03	8.1995829281538616e-11	4.9645141636965523e+05
/SS/T5/PX2PY-2PZ6	6.0908317565917969e-02	2.8738703042400227e-10	2.5904363923267247e+06
/SS/T5/PX2PY-2PZ7	1.9940185546875000e-01	2.1192784361971093e-10	3.2261627008034154e+06
/SS/T5/PX2PY0PZ5	4.3194580078125000e-01	6.8285732560016434e-10	2.1121585661528041e+06
/SS/T5/PX2PY0PZ6	1.6312408447265625e-01	2.6784949452921458e-10	4.0973698311350038e+06
/SS/T5/PX2PY0PZ7	3.8986206054687500e+00	4.2000915826030647e-10	3.2838631505144890e+07
/SS/T5/PX2PY1PZ5	3.2803726196289062e-01	5.5606985770402522e-11	7.1608536322933249e+06
/SS/T5/PX2PY1PZ6	4.8538208007812500e-02	2.3388298178654522e-10	4.7325739118441511e+06
/SS/T5/PX2PY1PZ7	1.5432739257812500e-01	1.1437502489912338e-09	1.6719062577603408e+06
/SS/T5/PX2PY2PZ5	4.3359041213989258e-02	1.9144796666734954e-10	2.5822858754385411e+05
/SS/T5/PX2PY2PZ6	3.2218933105468750e-02	1.6202990520503023e-10	3.3643824962348193e+06
/SS/T5/PX2PY2PZ7	1.4592170715332031e-02	2.4364817706112891e-10	8.1322556585102472e+06
/SS/X/PX-1PY-1PZ5	1.0343246459960938e+00	1.9893775710628716e-10	6.2745370797785614e+06
/SS/X/PX-1PY-1PZ6	1.0221862792968750e+00	1.9685771508454826e-10	5.6616856856145255e+07
/SS/X/PX-1PY-1PZ7	6.7456054687500000e+00	1.2879555944497453e-10	8.8373874223638758e+07
/SS/X/PX-1PY-2PZ5	1.5136337280273438e-01	1.5336888023771667e-10	1.5200914299767364e+06
/SS/X/PX-1PY-2PZ6	1.6868400573730469e-01	3.5540032336072033e-10	1.1779234829459437e+06
/SS/X/PX-1PY-2PZ7	3.4040832519531250e-01	9.2477677124400310e-10	2.2961795041930832e+07
/SS/X/PX-1PY0PZ5	5.8397216796875000e+00	1.2404694935269091e-10	1.5584949791245809e+07
/SS/X/PX-1PY0PZ6	7.0087890625000000e+00	3.8213848281740931e-10	1.2132319644274896e+07
/SS/X/PX-1PY0PZ7	1.0683593750000000e+01	1.2191434973960547e-10	1.0345229269198546e+09
/SS/X/PX-1PY1PZ5	1.1920013427734375e+00	1.2958370549373200e-10	6.6476620247397041e+06
/SS/X/PX-1PY1PZ6	1.6573810577392578e-01	1.8650690118275209e-10	1.4646720203624636e+07
/SS/X/PX-1PY1PZ7	7.5603027343750000e+00	1.4434302683549087e-10	1.6062173423149943e+08
/SS/X/PX-1PY2PZ5	1.5079116821289062e-01	1.5924370724082186e-10	4.1108155968328798e+06
/SS/X/PX-1PY2PZ6	1.3178253173828125e-01	1.2196352333050478e-10	6.4544455912324740e+06
/SS/X/PX-1PY2PZ7	1.3115844726562500e+00	7.3870350353425526e-11	2.8989852740723096e+07
/SS/X/PX-2PY-1PZ5	4.0688514709472656e-02	1.5772305091277467e-10	4.1580723240610990e+06
/SS/X/PX-2PY-1PZ6	8.8627815246582031e-02	1.4146512956012210e-10	6.0921995832861271e+06
/SS/X/PX-2PY-1PZ7	1.5767517089843750e+00	1.0522175142561194e-10	9.1587261844387911e+06
/SS/X/PX-2PY-2PZ5	1.8373489379882812e-02	2.3160587551010956e-10	1.4388196794502251e+06
/SS/X/PX-2PY-2PZ6	1.1433303356170654e-02	1.5783722909689347e-10	1.5477918870354558e+06
/SS/X/PX-2PY-2PZ7	8.9416503906250000e-02	3.9448252932238038e-10	1.6737782390507027e+06
/SS/X/PX-2PY0PZ5	6.3655471801757812e-01	7.5724355433464671e-10	7.6402246571357350e+05
/SS/X/PX-2PY0PZ6	4.9429321289062500e-01	2.7245462520447401e-09	1.7673556650506998e+06
/SS/X/PX-2PY0PZ7	2.8646240234375000e+00	9.5864852939612079e-10	3.8081358090505391e+07
/SS/X/PX-2PY1PZ5	1.1071968078613281e-01	1.8865888678492775e-10	2.0329199522464701e+06
/SS/X/PX-2PY1PZ6	4.4670104980468750e-02	1.8371679094877405e-10	2.2850879071116797e+06
/SS/X/PX-2PY1PZ7	8.2473754882812500e-01	1.5121996269846052e-10	7.7689332288350714e+06
/SS/X/PX-2PY2PZ5	2.5636911392211914e-02	1.2708355882803324e-10	5.1534780632079020e+05
/SS/X/PX-2PY2PZ6	2.0853877067565918e-02	5.7279411637906877e-10	5.4678712424245710e+05
/SS/X/PX-2PY2PZ7	1.9346618652343750e-01	2.8530968260955299e-10	1.9504311062112499e+06
/SS/X/PX0PY-1PZ5	9.5091247558593750e-01	4.0796986906667663e-10	1.4985246874501655e+07
/SS/X/PX0PY-1PZ6	4.9786376953125000e-01	1.0818452254933532e-10	1.8408652235377073e+08
/SS/X/PX0PY-1PZ7	7.4542236328125000e+00	2.4186556169375879e-10	5.9555835028283872e+07
/SS/X/PX0PY-2PZ5	5.2382850646972656e-01	1.0406796779349959e-10	2.4606762112573598e+07
/SS/X/PX0PY-2PZ6	1.0459804534912109e-01	2.8240523556436815e-10	1.0375710698410872e+07
/SS/X/PX0PY-2PZ7	1.3460083007812500e+00	1.7373576270971007e-10	3.8868157685078144e+07
/SS/X/PX0PY0PZ5	1.5783203125000000e+01	4.0554480178187903e-10	1.6361591932508286e+07
/SS/X/PX0PY0PZ6	1.2161132812500000e+01	1.0358028984707411e-10	1.0977124461281967e+08
/SS/X/PX0PY0PZ7	1.1918750000000000e+02	1.9561891826691813e-10	2.9327006345475495e+08
/SS/X/PX0PY1PZ5	5.9501342773437500e+00	2.6542691916832233e-10	2.5520169824528106e+07
/SS/X/PX0PY1PZ6	2.4057617187500000e+00	1.0079520850073266e-10	1.0988739134632194e+08
/SS/X/PX0PY1PZ7	9.1979980468750000e+00	2.4825190006360665e-10	5.7184396574871071e+07
/SS/X/PX0PY2PZ5	6.1790466308593750e-01	3.2533512543706138e-10	5.8280442971504219e+06
/SS/X/PX0PY2PZ6	1.0197753906250000e+00	4.5363898169945541e-09	1.2866095876547544e+05
/SS/X/PX0PY2PZ7	8.1785583496093750e-01	1.8010489904349155e-10	2.2834332797283947e+07
/SS/X/PX1PY-1PZ5	5.0455474853515625e-01	1.5583263822735489e-10	2.4519276851924051e+07
/SS/X/PX1PY-1PZ6	5.2081298828125000e-01	1.2658137515499828e-10	3.3489725194503479e+07
/SS/X/PX1PY-1PZ7	8.3830566406250000e+00	3.4150252551484795e-10	1.0922835815239571e+07
/SS/X/PX1PY-2PZ5	9.5602035522460938e-02	1.9051674335256133e-10	7.8608571681868855e+05
/SS/X/PX1PY-2PZ6	7.7297210693359375e-02	1.9990118277589211e-10	7.2859463720226996e+06
/SS/X/PX1PY-2PZ7	9.7503662109375000e-01	1.5515484344095785e-10	1.0881349722896667e+08
/SS/X/PX1PY0PZ5	3.2599182128906250e+00	1.4283703527501754e-10	2.1820785318536192e+07
/SS/X/PX1PY0PZ6	1.9703979492187500e+00	3.9242797614910833e-10	1.6857692414212130e+07
/SS/X/PX1PY0PZ7	2.5594726562500000e+01	1.4889172801491425e-10	1.2033721458543660e+08
/SS/X/PX1PY1PZ5	4.5780944824218750e-01	3.9133894704247155e-10	1.6791981112013259e+06
/SS/X/PX1PY1PZ6	4.6729278564453125e-01	1.3489539086458901e-10	1.7564667317795031e+07
/SS/X/PX1PY1PZ7	3.9423828125000000e+00	8.4596158000155774e-10	6.2648599351590099e+06
/SS/X/PX1PY2PZ5	4.3712615966796875e-02	3.7098478065204822e-10	2.9633025647661457e+05
/SS/X/PX1PY2PZ6	1.9961929321289062e-01	3.5025140947052131e-10	2.7990511467526006e+06
/SS/X/PX1PY2PZ7	1.7419815063476562e-01	3.8916299374754436e-10	2.6023811407863004e+06
/SS/X/PX2PY-1PZ5	1.2331104278564453e-01	4.8151452351788282e-10	2.3474671265815350e+05
/SS/X/PX2PY-1PZ6	3.3838081359863281e-01	2.0322204590300819e-10	8.4867461919547785e+06
/SS/X/PX2PY-1PZ7	1.1630859375000000e+00	1.9039083278605442e-10	1.4606208654664952e+07
/SS/X/PX2PY-2PZ5	5.2498281002044678e-03	1.3002289531850882e-10	1.2228565413022530e+06
/SS/X/PX2PY-2PZ6	3.9508819580078125e-02	1.5611122885684067e-10	8.7950930439791316e+05
/SS/X/PX2PY-2PZ7	1.2268447875976562e-01	1.9815812156547751e-10	2.9887226526542916e+06
/SS/X/PX2PY0PZ5	7.2609710693359375e-01	1.2491556762367068e-10	1.1701321789209314e+07
/SS/X/PX2PY0PZ6	1.0485687255859375e+00	1.9593986126933695e-10	1.1798183726731855e+07
/SS/X/PX2PY0PZ7	1.4827880859375000e+00	1.1882838895325748e-10	1.3283581542455447e+08
/SS/X/PX2PY1PZ5	4.2884826660156250e-02	2.4525777597631016e-10	7.4291031079063844e+05
/SS/X/PX2PY1PZ6	1.3452148437500000e-01	1.2348533691618786e-10	6.4963428175499598e+06
/SS/X/PX2PY1PZ7	8.0053710937500000e-01	1.6024477610590970e-10	1.4774111183331201e+07
/SS/X/PX2PY2PZ5	1.5874385833740234e-02	1.3263240490357615e-10	5.4502851989266428e+05
/SS/X/PX2PY2PZ6	1.2136459350585938e-02	2.4437515868279313e-10	3.6475070126597921e+05
/SS/X/PX2PY2PZ7	2.5520324707031250e-02	3.4556407319933017e-10	3.8151043739942713e+06
/SS/X5/PX-1PY-1PZ5	4.7346496582031250e-01	1.6442996279593698e-10	3.6037513372431924e+06
/SS/X5/PX-1PY-1PZ6	1.1356811523437500e+00	1.4372441620888576e-10	1.5994384054984691e+07
/SS/X5/PX-1PY-1PZ7	8.2239990234375000e+00	9.4455517975558261e-11	1.5555651062869617e+08
/SS/X5/PX-1PY-2PZ5	2.0075607299804688e-01	1.8424377628507359e-10	4.4223520267301786e+05
/SS/X5/PX-1PY-2PZ6	7.5218200683593750e-02	1.0645422666362039e-10	1.9972222316534407e+07
/SS/X5/PX-1PY-2PZ7	8.1250000000000000e-01	1.6843215090467952e-10	5.8215460459103333e+06
/SS/X5/PX-1PY0PZ5	5.7711181640625000e+00	1.4359685780090200e-10	2.9186679727726322e+07
/SS/X5/PX-1PY0PZ6	4.1516113281250000e-01	3.3671093653620990e-10	8.5640303473352864e+07
/SS/X5/PX-1PY0PZ7	1.8319335937500000e+01	6.6700954451257017e-10	1.1819820647832559e+08
/SS/X5/PX-1PY1PZ5	2.1717071533203125e+00	1.2802495871232795e-10	5.0786322146596545e+06
/SS/X5/PX-1PY1PZ6	3.6480712890625000e-01	7.3425696246431576e-11	3.0667384686277711e+08
/SS/X5/PX-1PY1PZ7	4.6865234375000000e+00	4.1703258624010513e-10	5.1876214903018750e+07
/SS/X5/PX-1PY2PZ5	8.0916404724121094e-02	2.6626913972172377e-10	6.2478027666167426e+05
/SS/X5/PX-1PY2PZ6	4.0594100952148438e-02	1.7462018637073233e-10	4.1947925077129938e+06
/SS/X5/PX-1PY2PZ7	1.6974258422851562e-01	9.5677184855152283e-11	4.2761579231875509e+07
/SS/X5/PX-2PY-1PZ5	1.1024093627929688e-01	2.5776798632945393e-10	1.3287071283589795e+07
/SS/X5/PX-2PY-1PZ6	4.7751426696777344e-02	9.4749971019274108e-11	6.3774040637326082e+06
/SS/X5/PX-2PY-1PZ7	7.6409912109375000e-01	1.4403140607189401e-10	4.0027740980611593e+07
/SS/X5/PX-2PY-2PZ5	1.4344692230224609e-02	5.2045296820092724e-10	2.8662252838482719e+05
/SS/X5/PX-2PY-2PZ6	1.3939857482910156e-02	1.7719537989342749e-10	1.0751274705222161e+06
/SS/X5/PX-2PY-2PZ7	8.4042549133300781e-02	3.9530128029143665e-10	1.8391835519297174e+06
/SS/X5/PX-2PY0PZ5	6.5886688232421875e-01	3.9035176236695900e-10	5.6614351025046045e+06
/SS/X5/PX-2PY0PZ6	5.5136108398437500e-01	2.3714288020620788e-10	1.1268424861354394e+08
/SS/X5/PX-2PY0PZ7	8.6956787109375000e-01	4.4433608693319602e-10	1.1261057996504961e+07
/SS/X5/PX-2PY1PZ5	1.0898017883300781e-01	6.2430705773369896e-10	1.6870845261435539e+06
/SS/X5/PX-2PY1PZ6	4.8336029052734375e-02	2.7774961977185279e-10	8.8393380012386944e+06
/SS/X5/PX-2PY1PZ7	1.0977935791015625e+00	3.0856767696128993e-10	3.7720909673138313e+07
/SS/X5/PX-2PY2PZ5	7.3539018630981445e-03	3.2333518361337439e-10	3.3333284384796763e+05
/SS/X5/PX-2PY2PZ6	1.8880367279052734e-02	2.3347448454515318e-10	1.2996002471832414e+06
/SS/X5/PX-2PY2PZ7	6.1647415161132812e-02	1.7588725040085666e-10	5.9186593986397214e+07
/SS/X5/PX0PY-1PZ5	2.1812591552734375e+00	3.3717262625578331e-10	4.9409706965851700e+06
/SS/X5/PX0PY-1PZ6	8.7046203613281250e+00	1.7111558861423781e-10	6.1543504202796683e+07
/SS/X5/PX0PY-1PZ7	2.6371826171875000e+01	8.1144456207875760e-10	9.5955710595335826e+07
/SS/X5/PX0PY-2PZ5	7.7397155761718750e-01	1.9515059643033686e-10	2.5018633390105605e+08
/SS/X5/PX0PY-2PZ6	3.8064575195312500e-01	1.2190875382923889e-10	1.9472976853318408e+07
/SS/X5/PX0PY-2PZ7	4.6410522460937500e+00	1.5204035568266555e-10	4.4750030779109664e+07
/SS/X5/PX0PY0PZ5	1.4860168457031250e+01	5.2654806883028978e-10	1.8787233898077119e+07
/SS/X5/PX0PY0PZ6	2.7277770996093750e+01	1.3362803723649906e-10	7.4173032696073204e+07
/SS/X5/PX0PY0PZ7	1.4367138671875000e+02	2.4180570744831437e-10	2.4445893347708189e+08
/SS/X5/PX0PY1PZ5	6.6249389648437500e+00	1.4341552457357470e-10	3.6174731424636267e+07
/SS/X5/PX0PY1PZ6	2.2152709960937500e+00	7.9912275763480132e-11	4.7069714010294341e+07
/SS/X5/PX0PY1PZ7	1.1672363281250000e+01	1.2033318832016493e-10	3.6366934497803319e+08
/SS/X5/PX0PY2PZ5	5.1800918579101562e-01	1.7402708298215127e-10	1.8137563647720378e+07
/SS/X5/PX0PY2PZ6	7.8257083892822266e-02	3.3661211062528555e-10	4.7355988214131929e+07
/SS/X5/PX0PY2PZ7	3.7423706054687500e+00	3.5275390282601882e-10	1.0351899567869259e+07
/SS/X5/PX1PY-1PZ5	1.3759613037109375e-01	2.0581451374263301e-10	8.1505341430637799e+06
/SS/X5/PX1PY-1PZ6	4.2771911621093750e-01	6.4290908854444304e-11	5.1264577560999691e+07
/SS/X5/PX1PY-1PZ7	3.2521972656250000e+00	8.1819147042370014e-11	8.9048023868932322e+07
/SS/X5/PX1PY-2PZ5	1.2848663330078125e-01	9.6514625032328841e-11	2.4346149107017522e+06
/SS/X5/PX1PY-2PZ6	2.9771041870117188e-01	1.2945090210859151e-10	2.6443153636475308e+06
/SS/X5/PX1PY-2PZ7	3.7924194335937500e-01	1.3500933713356072e-10	7.2526178953299578e+06
/SS/X5/PX1PY0PZ5	4.8347473144531250e+00	6.6007414964706205e-10	8.1690742297001621e+06
/SS/X5/PX1PY0PZ6	3.8931884765625000e+00	1.1606505346759241e-10	4.8347322568221532e+07
/SS/X5/PX1PY0PZ7	1.2424011230468750e+01	1.7272185803517425e-10	1.6989453127119339e+08
/SS/X5/PX1PY1PZ5	6.6770935058593750e-01	3.1805118336963514e-10	8.5801414927098975e+06
/SS/X5/PX1PY1PZ6	1.7755889892578125e-01	9.6625230097528188e-10	2.7212260349232266e+06
/SS/X5/PX1PY1PZ7	1.8624973297119141e-01	2.0809715118701895e-10	4.6726449270790845e+07
/SS/X5/PX1PY2PZ5	1.2600469589233398e-01	1.0799494716800944e-10	9.4515209278687369e+06
/SS/X5/PX1PY2PZ6	5.6791305541992188e-02	1.4752650612717420e-10	4.4981174313748330e+06
/SS/X5/PX1PY2PZ7	2.6508808135986328e-01	1.6410868107700384e-10	3.7999810039275914e+07
/SS/X5/PX2PY-1PZ5	1.4966011047363281e-02	3.2723963968789374e-10	6.9303237288893051e+06
/SS/X5/PX2PY-1PZ6	1.1104393005371094e-01	1.5236299900067770e-10	3.1201442781585776e+06
/SS/X5/PX2PY-1PZ7	1.0716094970703125e+00	1.2154708412607314e-10	9.3321143768479750e+07
/SS/X5/PX2PY-2PZ5	1.9804954528808594e-02	1.4811423592077991e-10	4.0721521742966125e+05
/SS/X5/PX2PY-2PZ6	3.9817571640014648e-02	1.9217875727657071e-10	6.2976238130983673e+06
/SS/X5/PX2PY-2PZ7	1.3003921508789062e-01	5.3750279842976875e-10	2.5432329159081141e+06
/SS/X5/PX2PY0PZ5	5.4098510742187500e-01	1.9126405038298472e-10	4.0050185893082432e+06
/SS/X5/PX2PY0PZ6	6.1477661132812500e-01	1.4385745295042526e-10	1.0643445888612211e+07
/SS/X5/PX2PY0PZ7	4.7684478759765625e-01	6.6966306981032590e-11	3.8375331944448531e+08
/SS/X5/PX2PY1PZ5	9.5368623733520508e-03	1.2163712723475351e-09	2.1141135085403444e+06
/SS/X5/PX2PY1PZ6	1.2995910644531250e-01	3.1596678637220273e-10	2.2746010093451436e+06
/SS/X5/PX2PY1PZ7	4.5903778076171875e-01	1.4052961172926628e-10	8.7155545274493862e+06
/SS/X5/PX2PY2PZ5	1.0514974594116211e-02	1.2274432990582260e-10	1.4613429708349735e+06
/SS/X5/PX2PY2PZ6	1.4596939086914062e-02	1.1354165826913182e-09	2.4386146841393382e+05
/SS/X5/PX2PY2PZ7	1.4877414703369141e-01	2.9107130483078437e-10	5.3745105947679589e+06
/SS/Y/PX-1PY-1PZ5	6.0034179687500000e-01	8.3659032107246560e-10	8.2346288332959153e+06
/SS/Y/PX-1PY-1PZ6	7.6724243164062500e-01	2.8648210307634774e-10	6.3361914075359879e+06
/SS/Y/PX-1PY-1PZ7	9.8854980468750000e+00	1.3148489187803271e-10	2.3191930907916287e+08
/SS/Y/PX-1PY-2PZ5	1.4646720886230469e-01	1.9623511868925807e-10	5.1394929378205142e+05
/SS/Y/PX-1PY-2PZ6	2.1584701538085938e-01	2.1337071145922274e-10	1.1929514070345651e+07
/SS/Y/PX-1PY-2PZ7	1.7698974609375000e+00	3.0817478775668326e-09	1.4541002393775957e+06
/SS/Y/PX-1PY0PZ5	3.8989562988281250e+00	3.5363358094214245e-10	1.1722683965848256e+07
/SS/Y/PX-1PY0PZ6	7.2525634765625000e+00	8.3365949628378428e-11	5.8333310646415377e+08
/SS/Y/PX-1PY0PZ7	1.0916259765625000e+01	1.6947702815327169e-10	1.8792955176748615e+07
/SS/Y/PX-1PY1PZ5	6.2117385864257812e-01	3.5450427610281475e-10	9.4562069655650351e+06
/SS/Y/PX-1PY1PZ6	5.8709716796875000e-01	3.2174980276832085e-10	2.8524466885908623e+06
/SS/Y/PX-1PY1PZ7	2.4188232421875000e+00	2.5442598820611677e-10	3.5059073413283952e+07
/SS/Y/PX-1PY2PZ5	2.8725743293762207e-02	3.0031062041076780e-10	1.0347797036597212e+06
/SS/Y/PX-1PY2PZ6	2.2407293319702148e-02	3.8656978099835250e-10	1.9708492435777739e+06
/SS/Y/PX-1PY2PZ7	5.8207702636718750e-01	1.6591901659008535e-10	2.9674452640701644e+07
/SS/Y/PX-2PY-1PZ5	9.5848083496093750e-02	1.4603264179703673e-10	7.8091161820528097e+05
/SS/Y/PX-2PY-1PZ6	6.6368103027343750e-02	1.9600052268543822e-10	3.8901549057474933e+06
/SS/Y/PX-2PY-1PZ7	1.8483581542968750e+00	4.0906415475389317e-10	3.9916429375190479e+06
/SS/Y/PX-2PY-2PZ5	2.6371955871582031e-02	1.8211580476716095e-10	8.9585913459733216e+04
/SS/Y/PX-2PY-2PZ6	7.8091144561767578e-02	1.7002675612309706e-10	3.9280044446248235e+06
/SS/Y/PX-2PY-2PZ7	3.3020401000976562e-01	1.6358069845429345e-10	2.3394355392923243e+06
/SS/Y/PX-2PY0PZ5	5.1074218750000000e-01	1.3150200759154435e-10	6.5736418046567468e+06
/SS/Y/PX-2PY0PZ6	7.5825500488281250e-01	1.9288065572986747e-10	1.3262233663395774e+07
/SS/Y/PX-2PY0PZ7	1.5963745117187500e+00	3.3281008083398532e-10	2.5599368010013413e+07
/SS/Y/PX-2PY1PZ5	1.1461019515991211e-01	3.2013729385756322e-10	1.7888648692686455e+06
/SS/Y/PX-2PY1PZ6	2.6749134063720703e-02	2.1325444577484310e-10	3.8732254225450214e+06
/SS/Y/PX-2PY1PZ7	3.9477539062500000e-01	1.1719383940864181e-10	2.1818665526573882e+07
/SS/Y/PX-2PY2PZ5	9.6221864223480225e-03	1.5579368133826616e-10	6.1762366353330493e+07
/SS/Y/PX-2PY2PZ6	1.5964686870574951e-02	1.1028435654922969e-09	4.5743281181683147e+05
/SS/Y/PX-2PY2PZ7	2.6844978332519531e-02	2.7803455397361687e-10	1.7286071109549159e+06
/SS/Y/PX0PY-1PZ5	2.2264404296875000e+00	1.4898945047229043e-10	4.7144261439861484e+07
/SS/Y/PX0PY-1PZ6	4.4473266601562500e+00	6.9471302750435404e-10	4.3371325393677495e+07
/SS/Y/PX0PY-1PZ7	3.7734375000000000e+00	1.0072465625419519e-10	2.9810472006892502e+08
/SS/Y/PX0PY-2PZ5	3.1368017196655273e-02	1.2472474497967855e-10	4.1682828051540079e+06
/SS/Y/PX0PY-2PZ6	5.6123352050781250e-01	3.6641223588605510e-10	3.9227946405392215e+06
/SS/Y/PX0PY-2PZ7	5.0000000000000000e-01	2.0114916219281902e-10	2.7930255790118143e+07
/SS/Y/PX0PY0PZ5	2.0364990234375000e+00	2.3232934925881855e-10	2.2342921270966195e+07
/SS/Y/PX0PY0PZ6	3.8711547851562500e+00	1.4188615627230307e-10	6.1454593335216038e+07
/SS/Y/PX0PY0PZ7	5.5154296875000000e+01	1.0510437120868813e-10	6.7206063874116087e+08
/SS/Y/PX0PY1PZ5	4.6480102539062500e+00	5.5094148173929731e-10	7.3875095781670967e+06
/SS/Y/PX0PY1PZ6	1.7207031250000000e+00	1.1937570358545570e-10	7.5770475771918252e+07
/SS/Y/PX0PY1PZ7	8.2158203125000000e+00	1.1296835571685520e-09	6.3778874301283814e+07
/SS/Y/PX0PY2PZ5	6.7765808105468750e-01	1.4682680531189084e-10	1.1907668226468835e+06
/SS/Y/PX0PY2PZ6	5.5230712890625000e-01	7.7345974761187121e-11	8.2363109991126984e+07
/SS/Y/PX0PY2PZ7	4.0447998046875000e+00	1.6320531744709738e-10	1.3784585867623979e+08
/SS/Y/PX1PY-1PZ5	1.2706756591796875e-01	3.0365246421200143e-10	3.8800948305154792e+06
/SS/Y/PX1PY-1PZ6	2.3906097412109375e+00	2.4510971763372541e-10	3.3915212046129713e+06
/SS/Y/PX1PY-1PZ7	2.5092773437500000e+00	4.6911862979281755e-10	5.1802666623199424e+06
/SS/Y/PX1PY-2PZ5	2.1647834777832031e-01	2.1038387032909947e-10	4.0234449098830600e+06
/SS/Y/PX1PY-2PZ6	2.2776412963867188e-01	4.7602968822198615e-10	5.3818087990954537e+06
/SS/Y/PX1PY-2PZ7	5.9735107421875000e-01	1.8425183412115691e-10	7.2706590906413794e+07
/SS/Y/PX1PY0PZ5	1.5608825683593750e+00	8.2024350769614886e-11	1.0142734360663234e+08
/SS/Y/PX1PY0PZ6	7.3391113281250000e+00	3.1321840062266479e-10	1.0538641026205279e+08
/SS/Y/PX1PY0PZ7	5.6389160156250000e+00	3.1332131754006562e-10	1.9918990674244279e+08
/SS/Y/PX1PY1PZ5	1.4436187744140625e+00	1.6219113747237756e-10	3.7260726642907165e+07
/SS/Y/PX1PY1PZ6	8.1788635253906250e-01	2.6475728000508494e-10	1.1235426905243361e+07
/SS/Y/PX1PY1PZ7	1.9538574218750000e+00	1.3470848171291708e-10	4.2692014858808249e+07
/SS/Y/PX1PY2PZ5	1.8210029602050781e-01	1.3890083885440921e-10	4.1943256830823757e+06
/SS/Y/PX1PY2PZ6	2.1860885620117188e-01	1.2721374379564711e-10	1.1526082641472662e+07
/SS/Y/PX1PY2PZ7	2.8217697143554688e-01	1.9094946462176778e-10	8.0987004166819695e+06
/SS/Y/PX2PY-1PZ5	2.8262138366699219e-02	2.3519339361532392e-10	1.1924966231955008e+06
/SS/Y/PX2PY-1PZ6	1.4468765258789062e-01	8.6729960817935532e-10	9.8508816020480427e+05
/SS/Y/PX2PY-1PZ7	3.7030029296875000e-01	3.6160933280991550e-10	1.1699937529686837e+07
/SS/Y/PX2PY-2PZ5	3.0514717102050781e-02	2.3982221572341096e-10	5.4483148768876703e+05
/SS/Y/PX2PY-2PZ6	1.1234760284423828e-02	1.4235503939069956e-10	8.4656007917356433e+05
/SS/Y/PX2PY-2PZ7	1.0992813110351562e-01	1.9744703573567844e-10	2.4451464195054360e+06
/SS/Y/PX2PY0PZ5	1.9408416748046875e-01	1.9678195275084966e-10	3.9771239406258515e+06
/SS/Y/PX2PY0PZ6	1.4238204956054688e+00	1.5271278311463761e-10	2.4359895521456841e+07
/SS/Y/PX2PY0PZ7	3.4338378906250000e-01	3.3043865154391248e-10	3.8944955193229727e+07
/SS/Y/PX2PY1PZ5	9.5005035400390625e-02	4.4987475758972471e-10	1.6725987977547497e+06
/SS/Y/PX2PY1PZ6	8.2088470458984375e-02	2.1016276628223060e-10	1.3551974294272685e+07
/SS/Y/PX2PY1PZ7	2.6161193847656250e-01	1.6851261117517453e-10	3.4687262916668653e+07
/SS/Y/PX2PY2PZ5	2.5137901306152344e-02	5.1142205822558814e-10	2.6410558517325274e+05
/SS/Y/PX2PY2PZ6	1.5801548957824707e-02	1.5412840179036786e-10	1.0643354536894995e+06
/SS/Y/PX2PY2PZ7	6.6566467285156250e-02	1.7811888819336337e-10	2.2539799242096804e+06
/SS/Y5/PX-1PY-1PZ5	2.1681213378906250e+00	3.5832033605936778e-10	1.9855772430642065e+07
/SS/Y5/PX-1PY-1PZ6	4.8689651489257812e-01	1.0646542684788032e-10	5.1468319035270914e+07
/SS/Y5/PX-1PY-1PZ7	2.0360107421875000e+00	1.8097724502996553e-10	2.8918268596328992e+07
/SS/Y5/PX-1PY-2PZ5	1.2641334533691406e-01	3.6814643030993360e-10	6.7497508636336133e+05
/SS/Y5/PX-1PY-2PZ6	2.3423576354980469e-01	1.3924631209126677e-10	2.0544114242431438e+08
/SS/Y5/PX-1PY-2PZ7	3.3831024169921875e-01	3.0319656861503151e-10	1.6064574725335518e+07
/SS/Y5/PX-1PY0PZ5	1.1260040283203125e+01	1.4994976241316321e-10	4.4079384076527119e+07
/SS/Y5/PX-1PY0PZ6	1.3268432617187500e+01	3.4426559953979262e-10	2.7481127534280714e+07
/SS/Y5/PX-1PY0PZ7	5.7419433593750000e+00	1.4082392776681807e-10	4.8614396702155727e+08
/SS/Y5/PX-1PY1PZ5	1.4542236328125000e+00	4.8518668099216711e-10	4.1772135011001164e+06
/SS/Y5/PX-1PY1PZ6	2.4479980468750000e+00	3.7712195238430680e-10	1.3999366356387889e+07
/SS/Y5/PX-1PY1PZ7	1.9797363281250000e+00	1.5647615841764525e-10	1.1956637507325454e+08
/SS/Y5/PX-1PY2PZ5	1.8938302993774414e-02	5.1404442482179239e-10	1.3907988477769488e+05
/SS/Y5/PX-1PY2PZ6	1.1644363403320312e-01	5.8526123490521950e-10	6.1292957317673380e+05
/SS/Y5/PX-1PY2PZ7	3.6408996582031250e-01	1.2868146593137872e-10	1.1191390895348702e+07
/SS/Y5/PX-2PY-1PZ5	4.1072273254394531e-01	1.2513964363052874e-10	1.0671428688665982e+06
/SS/Y5/PX-2PY-1PZ6	1.4225006103515625e-01	7.3501694236814714e-11	1.0426137635049386e+07
/SS/Y5/PX-2PY-1PZ7	2.2749328613281250e-01	1.5760438519287856e-10	6.4983410972231487e+06
/SS/Y5/PX-2PY-2PZ5	3.4689426422119141e-02	2.3293694262367431e-10	2.2863249269852831e+05
/SS/Y5/PX-2PY-2PZ6	4.5218944549560547e-02	4.9087670186465602e-10	1.6904174199953692e+06
/SS/Y5/PX-2PY-2PZ7	7.2906494140625000e-02	2.5470302022637108e-10	3.8907065803987370e+06
/SS/Y5/PX-2PY0PZ5	1.6651992797851562e+00	1.2976046399832163e-10	1.2832870879736485e+10
/SS/Y5/PX-2PY0PZ6	1.3465118408203125e+00	2.4436205347916178e-10	8.0411688067414220e+06
/SS/Y5/PX-2PY0PZ7	2.1367187500000000e+00	2.1272014585871653e-10	5.1269185014882691e+07
/SS/Y5/PX-2PY1PZ5	1.7375564575195312e-01	5.6606483804004709e-10	1.1626822795884854e+06
/SS/Y5/PX-2PY1PZ6	2.6569366455078125e-01	1.3218972437616494e-10	2.2276290449270803e+07
/SS/Y5/PX-2PY1PZ7	2.4749755859375000e-01	1.6165053128593908e-10	1.5458256186123937e+07
/SS/Y5/PX-2PY2PZ5	1.4460802078247070e-02	2.0328056625776530e-10	2.8510724698776784e+06
/SS/Y5/PX-2PY2PZ6	1.9603490829467773e-02	9.0594939607218316e-11	1.6648166699220485e+06
/SS/Y5/PX-2PY2PZ7	1.0642051696777344e-01	2.0292343397564800e-10	5.4428118332579155e+06
/SS/Y5/PX0PY-1PZ5	1.5651855468750000e+00	9.5892254805618250e-11	5.3483173020071991e+07
/SS/Y5/PX0PY-1PZ6	7.4671211242675781e+00	6.9451869029827580e-10	9.8590895865039599e+08
/SS/Y5/PX0PY-1PZ7	1.9235351562500000e+01	2.4441215369417249e-10	2.7499054731074053e+08
/SS/Y5/PX0PY-2PZ5	4.7441101074218750e-01	1.0912175653026218e-10	3.5231454631121219e+06
/SS/Y5/PX0PY-2PZ6	5.4928731918334961e-01	5.6873538548640625e-10	2.8251886588308662e+06
/SS/Y5/PX0PY-2PZ7	1.0386962890625000e+00	1.4428455500417188e-10	9.9176035805613160e+07
/SS/Y5/PX0PY0PZ5	1.4650634765625000e+01	4.0230601868265964e-10	8.3046340280312151e+07
/SS/Y5/PX0PY0PZ6	5.4419677734375000e+01	1.4575800935160892e-10	2.2311419979121163e+08
/SS/Y5/PX0PY0PZ7	6.8145507812500000e+01	1.5193013216054750e-10	2.0494379990543669e+08
/SS/Y5/PX0PY1PZ5	1.0439147949218750e+01	3.6536771829591372e-10	2.5930688574055579e+07
/SS/Y5/PX0PY1PZ6	5.9456787109375000e+00	1.2136440948413432e-10	3.9639135618402547e+08
/SS/Y5/PX0PY1PZ7	6.1158447265625000e+00	3.6291855819199486e-10	1.3842442123260728e+08
/SS/Y5/PX0PY2PZ5	1.0644950866699219e+00	1.1016409995690680e-10	1.7336901792002544e+07
/SS/Y5/PX0PY2PZ6	9.0824890136718750e-01	4.9998292058957913e-10	4.7635377532511239e+05
/SS/Y5/PX0PY2PZ7	3.4648132324218750e-01	3.6666149980247559e-10	9.3400710793463066e+06
/SS/Y5/PX1PY-1PZ5	1.8789672851562500e-01	3.3527949694656922e-10	4.0792923296328699e+06
/SS/Y5/PX1PY-1PZ6	8.6431884765625000e-01	1.5154000254146169e-10	2.1725664527103990e+07
/SS/Y5/PX1PY-1PZ7	3.3101196289062500e+00	2.5538295053745653e-10	3.4693257770115688e+07
/SS/Y5/PX1PY-2PZ5	7.7133178710937500e-02	2.6118586987641752e-10	4.9211507867609113e+06
/SS/Y5/PX1PY-2PZ6	6.0111999511718750e-02	7.7205369517102053e-11	7.0448060455603018e+07
/SS/Y5/PX1PY-2PZ7	4.7756958007812500e-01	5.3607732872614782e-10	5.1264917690181024e+06
/SS/Y5/PX1PY0PZ5	4.3115234375000000e+00	2.0898991944455098e-10	4.0872933356935225e+07
/SS/Y5/PX1PY0PZ6	1.8768310546875000e+00	1.6777002113086568e-09	3.0568346204614807e+06
/SS/Y5/PX1PY0PZ7	8.2888183593750000e+00	2.2145898693279224e-10	2.2498743542138353e+08
/SS/Y5/PX1PY1PZ5	2.0588684082031250e+00	4.6340401514847951e-10	1.5551605709649895e+06
/SS/Y5/PX1PY1PZ6	9.8624420166015625e-01	1.5626941670219912e-10	2.1227559069985416e+07
/SS/Y5/PX1PY1PZ7	1.0806732177734375e+00	1.1753154954459380e-09	8.8126169811649211e+06
/SS/Y5/PX1PY2PZ5	2.2162437438964844e-01	2.4997052827858178e-10	1.1325416688012348e+06
/SS/Y5/PX1PY2PZ6	2.8156661987304688e-01	4.1328680771912849e-10	1.0538134126672230e+06
/SS/Y5/PX1PY2PZ7	5.5020141601562500e-01	1.9581067786581433e-10	1.2507550863292055e+07
/SS/Y5/PX2PY-1PZ5	1.2886047363281250e-02	5.5940780160720144e-10	4.8543710978817532e+05
/SS/Y5/PX2PY-1PZ6	6.6928863525390625e-02	3.2033817397735794e-10	1.5644485557874709e+06
/SS/Y5/PX2PY-1PZ7	4.4324493408203125e-01	5.7680083799312456e-11	1.5742654791631320e+07
/SS/Y5/PX2PY-2PZ5	1.1464595794677734e-02	3.2615059597268904e-10	2.5121373980958172e+05
/SS/Y5/PX2PY-2PZ6	1.2541294097900391e-02	1.0030090335613474e-10	1.9007073313134096e+06
/SS/Y5/PX2PY-2PZ7	5.9627532958984375e-02	1.6529300421317391e-10	2.6347458830140866e+06
/SS/Y5/PX2PY0PZ5	5.7449340820312500e-01	1.0968439203627756e-10	1.0482489142707543e+06
/SS/Y5/PX2PY0PZ6	3.5084533691406250e-01	1.5789401622134506e-10	6.5991689194513345e+06
/SS/Y5/PX2PY0PZ7	2.0818634033203125e+00	1.9176291102102773e-10	3.8214184435197979e+07
/SS/Y5/PX2PY1PZ5	1.0325622558593750e-01	2.5943694732136878e-10	2.0315807574221476e+06
/SS/Y5/PX2PY1PZ6	1.1749267578125000e-01	8.4945556457069634e-10	1.7686236512581110e+06
/SS/Y5/PX2PY1PZ7	4.4247436523437500e-01	8.2185282455768963e-11	2.2108616508948407e+08
/SS/Y5/PX2PY2PZ5	2.9935836791992188e-03	1.8314579202243852e-10	1.5907624567736725e+06
/SS/Y5/PX2PY2PZ6	4.3729305267333984e-02	1.0724180668806328e-10	9.7404135665080813e+05
/SS/Y5/PX2PY2PZ7	1.7218399047851562e-01	1.1129582317277273e-10	5.2649649328200733e+06
/SS/Z/PX-1PY-1PZ5	2.6404418945312500e+00	4.0882378341186751e-10	3.3454650716898918e+07
/SS/Z/PX-1PY-1PZ6	5.6667785644531250e+00	1.7541353758104448e-10	1.4964349254670788e+07
/SS/Z/PX-1PY-1PZ7	1.0125000000000000e+01	2.1487961743487024e-10	2.8316122744938102e+07
/SS/Z/PX-1PY-2PZ5	4.8336410522460938e-01	2.3179637300705945e-10	3.6379342810647353e+06
/SS/Z/PX-1PY-2PZ6	1.9488525390625000e-01	3.4393318164916459e-10	5.5195590556853227e+06
/SS/Z/PX-1PY-2PZ7	1.0270996093750000e+00	1.2967392980055366e-10	4.4354403472559340e+07
/SS/Z/PX-1PY0PZ5	1.3350830078125000e+00	2.6374531031164949e-10	4.9936020874152100e+06
/SS/Z/PX-1PY0PZ6	1.7747558593750000e+01	4.4522602446116922e-10	2.1948391849368732e+07
/SS/Z/PX-1PY0PZ7	2.9304687500000000e+01	1.6941262455000180e-10	3.2873311767154759e+08
/SS/Z/PX-1PY1PZ5	2.2718505859375000e+00	1.5741201941082523e-10	4.0557066142443093e+06
/SS/Z/PX-1PY1PZ6	6.7745361328125000e+00	1.8587322738183638e-10	2.4077780409797442e+08
/SS/Z/PX-1PY1PZ7	5.6992187500000000e+00	2.7682814510908850e-10	4.0653722318003438e+07
/SS/Z/PX-1PY2PZ5	3.6130905151367188e-01	5.1259761658629883e-10	2.0417298414055640e+06
/SS/Z/PX-1PY2PZ6	1.1912002563476562e+00	2.0975863960465823e-10	3.2723173928795564e+06
/SS/Z/PX-1PY2PZ7	9.2309570312500000e-01	1.1584284056255245e-09	3.2694280629908792e+06
/SS/Z/PX-2PY-1PZ5	7.0010375976562500e-01	2.3690255990960876e-10	7.9252915794730035e+05
/SS/Z/PX-2PY-1PZ6	5.7239246368408203e-01	1.9358699508163733e-10	1.5979485226117079e+06
/SS/Z/PX-2PY-1PZ7	2.3790283203125000e+00	1.4317232589822496e-10	2.5645931615342479e+07
/SS/Z/PX-2PY-2PZ5	6.9349765777587891e-02	1.5143019158986666e-10	1.5634443393391438e+06
/SS/Z/PX-2PY-2PZ6	2.8183937072753906e-02	3.2929239272430002e-10	1.2572883600472461e+06
/SS/Z/PX-2PY-2PZ7	2.7716064453125000e-01	1.4989457333368469e-10	3.3185082085266775e+06
/SS/Z/PX-2PY0PZ5	4.7175598144531250e-01	8.7248364462902777e-10	2.5078238433836992e+06
/SS/Z/PX-2PY0PZ6	2.8975982666015625e+00	4.4952621162697686e-10	3.4283973197934777e+06
/SS/Z/PX-2PY0PZ7	4.5737304687500000e+00	2.2952348092390981e-10	7.7991239717465052e+06
/SS/Z/PX-2PY1PZ5	4.2721939086914062e-01	1.5126699927091175e-10	3.1933220016701318e+07
/SS/Z/PX-2PY1PZ6	7.9546737670898438e-01	3.9192778887484462e-10	5.7322463896394353e+06
/SS/Z/PX-2PY1PZ7	9.0100097656250000e-01	2.8374763770144179e-10	1.8451611646767337e+07
/SS/Z/PX-2PY2PZ5	6.1893701553344727e-02	1.8385844525837945e-10	3.6587081947585806e+05
/SS/Z/PX-2PY2PZ6	1.2346553802490234e-01	2.1064508308772796e-10	1.3117740382312182e+06
/SS/Z/PX-2PY2PZ7	1.4704895019531250e-01	1.9279625064370690e-10	6.3116736101054400e+06
/SS/Z/PX0PY-1PZ5	5.5798339843750000e+00	9.3111901619488415e-11	1.0280070906769380e+08
/SS/Z/PX0PY-1PZ6	1.8341796875000000e+01	1.6948719737901729e-10	3.6932350536329731e+07
/SS/Z/PX0PY-1PZ7	1.2164062500000000e+01	2.4974002592968821e-10	8.0092092267032012e+07
/SS/Z/PX0PY-2PZ5	1.2688922882080078e-01	1.9197711583916073e-10	9.7268251529550999e+06
/SS/Z/PX0PY-2PZ6	2.3297424316406250e+00	1.7095372070664439e-10	6.4612604429162620e+06
/SS/Z/PX0PY-2PZ7	1.4394531250000000e+00	1.7190581351046852e-10	1.6028435052123312e+07
/SS/Z/PX0PY0PZ5	2.8421386718750000e+01	2.4032865629345394e-10	5.4345861154649258e+07
/SS/Z/PX0PY0PZ6	1.6894531250000000e+01	1.5245390161080366e-10	1.2928602740568399e+09
/SS/Z/PX0PY0PZ7	1.8483398437500000e+01	3.4747441723299191e-10	3.2581354073491263e+09
/SS/Z/PX0PY1PZ5	4.7021484375000000e-01	1.7679370400156051e-10	1.9043317050395835e+07
/SS/Z/PX0PY1PZ6	1.2677246093750000e+01	1.3395529633529099e-10	2.5406365230514094e+07
/SS/Z/PX0PY1PZ7	8.8437500000000000e+00	2.7273128568829035e-10	3.8139127285572581e+07
/SS/Z/PX0PY2PZ5	1.8984985351562500e-01	9.3798166355455539e-11	1.3562506151026404e+07
/SS/Z/PX0PY2PZ6	3.3680419921875000e+00	1.3448069438483597e-10	4.8437388236843243e+07
/SS/Z/PX0PY2PZ7	1.7803955078125000e+00	8.7997813923099581e-10	1.9298168939034682e+07
/SS/Z/PX1PY-1PZ5	5.8883666992187500e-01	1.5717517469681936e-10	6.8581469374418063e+06
/SS/Z/PX1PY-1PZ6	3.8073730468750000e+00	3.8129631422414092e-10	1.0897180312136902e+07
/SS/Z/PX1PY-1PZ7	1.1607421875000000e+01	2.0198490914565937e-10	1.3988322432313967e+08
/SS/Z/PX1PY-2PZ5	1.0168457031250000e-01	1.1294769070883294e-10	9.1943660483770426e+06
/SS/Z/PX1PY-2PZ6	4.7799682617187500e-01	7.0059742174693124e-10	1.4238766212291387e+06
/SS/Z/PX1PY-2PZ7	1.8728027343750000e+00	2.1500613973728670e-10	1.6269039044194149e+07
/SS/Z/PX1PY0PZ5	9.2087402343750000e+00	3.0945179146299424e-10	6.4358275916507700e+06
/SS/Z/PX1PY0PZ6	1.1687500000000000e+01	2.2816704406708993e-10	9.0013662350605130e+07
/SS/Z/PX1PY0PZ7	5.4406250000000000e+01	7.1057707970552501e-10	5.7782343024848513e+07
/SS/Z/PX1PY1PZ5	3.1311645507812500e+00	9.4577055797070318e-11	1.2575865517564276e+07
/SS/Z/PX1PY1PZ6	4.8437500000000000e-01	4.2392782321323966e-10	1.4112044707134785e+07
/SS/Z/PX1PY1PZ7	3.8613281250000000e+00	2.3988905692381491e-10	3.9165969998828597e+07
/SS/Z/PX1PY2PZ5	3.2335281372070312e-01	1.4805735400866690e-10	1.7057736320152204e+07
/SS/Z/PX1PY2PZ6	4.8803710937500000e-01	2.9795948417688416e-10	1.2621680711244782e+07
/SS/Z/PX1PY2PZ7	1.4808654785156250e-01	1.8467617478731092e-10	2.0410527428846866e+07
/SS/Z/PX2PY-1PZ5	1.7904663085937500e-01	1.3498731113875476e-10	2.0862206805701561e+06
/SS/Z/PX2PY-1PZ6	7.0593261718750000e-01	1.3831187818219563e-10	3.8178589585668561e+06
/SS/Z/PX2PY-1PZ7	1.5025634765625000e+00	1.5372664769070530e-10	7.9079086562404772e+06
/SS/Z/PX2PY-2PZ5	5.7425498962402344e-03	2.4735593626662905e-10	2.1338296367474231e+06
/SS/Z/PX2PY-2PZ6	1.7793560028076172e-01	1.1732921733431324e-10	2.0296665037032804e+06
/SS/Z/PX2PY-2PZ7	2.2949218750000000e-01	1.9422250819736517e-10	3.4307587450950858e+06
/SS/Z/PX2PY0PZ5	1.1514282226562500e-01	2.3785038074040202e-10	2.2812632614830863e+07
/SS/Z/PX2PY0PZ6	1.2261962890625000e+00	8.5177718591651387e-11	5.3203888536651999e+07
/SS/Z/PX2PY0PZ7	9.4873046875000000e+00	6.4092069725527360e-11	3.2193920015679486e+07
/SS/Z/PX2PY1PZ5	4.6497344970703125e-01	4.0650574117714354e-10	7.0492935043520120e+05
/SS/Z/PX2PY1PZ6	3.6305236816406250e-01	1.0979553533044241e-10	1.6801504930357359e+07
/SS/Z/PX2PY1PZ7	3.5644531250000000e-01	8.0321814258711852e-11	1.2798717497729521e+07
/SS/Z/PX2PY2PZ5	8.4778785705566406e-02	1.4189291653866215e-10	6.2070103676807065e+05
/SS/Z/PX2PY2PZ6	1.3600349426269531e-01	1.4027806219289783e-10	2.4679565907940652e+07
/SS/Z/PX2PY2PZ7	8.6448669433593750e-02	9.5059114288588670e-11	1.1638329165343707e+07
/SS/Z5/PX-1PY-1PZ5	1.0888671875000000e+00	2.5140389440033475e-10	1.2588952331942942e+07
/SS/Z5/PX-1PY-1PZ6	3.4884643554687500e-01	9.0049949492150125e-10	1.1012425564793840e+07
/SS/Z5/PX-1PY-1PZ7	5.9281616210937500e+00	1.7040815741028355e-10	5.8323667118865952e+07
/SS/Z5/PX-1PY-2PZ5	6.2868118286132812e-02	1.5147910147923143e-10	3.7285709372457168e+06
/SS/Z5/PX-1PY-2PZ6	7.8601837158203125e-02	2.0639642759959460e-10	9.3884625889067762e+06
/SS/Z5/PX-1PY-2PZ7	6.4535903930664062e-01	1.1107999824316595e-10	2.4792665875661232e+07
/SS/Z5/PX-1PY0PZ5	2.6302185058593750e+00	1.3224563232126063e-10	2.9147746600680739e+07
/SS/Z5/PX-1PY0PZ6	2.8637390136718750e+00	2.2100560070513674e-10	1.6249216831294818e+09
/SS/Z5/PX-1PY0PZ7	5.5617675781250000e+00	1.4384956556860196e-10	1.6542793925027600e+08
/SS/Z5/PX-1PY1PZ5	8.2600402832031250e-01	1.1104364683522193e-10	4.2558970344711114e+06
/SS/Z5/PX-1PY1PZ6	1.7821960449218750e+00	8.6764724971092467e-11	1.5792893717569929e+08
/SS/Z5/PX-1PY1PZ7	7.4357910156250000e+00	4.9244819834963058e-10	1.0064107704886030e+07
/SS/Z5/PX-1PY2PZ5	4.7008514404296875e-02	1.2844493425104732e-10	1.5285930063448364e+06
/SS/Z5/PX-1PY2PZ6	3.5298347473144531e-01	2.7521398497111521e-10	5.2064783719140533e+06
/SS/Z5/PX-1PY2PZ7	9.1554260253906250e-01	9.9458931665371194e-11	7.3257088683173090e+07
/SS/Z5/PX-2PY-1PZ5	9.9302291870117188e-02	1.4212139824083063e-10	1.0313450699202776e+07
/SS/Z5/PX-2PY-1PZ6	5.6768417358398438e-02	3.1709936573631600e-10	4.9954351393364156e+06
/SS/Z5/PX-2PY-1PZ7	1.0249671936035156e+00	1.3225623816888296e-10	8.7520165893040523e+07
/SS/Z5/PX-2PY-2PZ5	4.9642175436019897e-03	4.3424277245254551e-10	1.4547325142717743e+05
/SS/Z5/PX-2PY-2PZ6	1.1547088623046875e-02	2.9254410542353714e-10	3.1662720492809784e+05
/SS/Z5/PX-2PY-2PZ7	2.8159141540527344e-02	1.5096755261155839e-10	5.9850583021817673e+06
/SS/Z5/PX-2PY0PZ5	9.0818405151367188e-02	2.1107510858300305e-10	1.3062891598989917e+07
/SS/Z5/PX-2PY0PZ6	1.4782714843750000e-01	2.8310523164916831e-10	2.1062515281823728e+07
/SS/Z5/PX-2PY0PZ7	2.7440490722656250e+00	6.9270969047780027e-11	2.1205688462115508e+08
/SS/Z5/PX-2PY1PZ5	4.5270919799804688e-02	3.8548937634410639e-10	1.1924839126554998e+06
/SS/Z5/PX-2PY1PZ6	9.2977523803710938e-02	2.0146305929224132e-10	1.0053841112571310e+07
/SS/Z5/PX-2PY1PZ7	7.3974418640136719e-01	5.5054259507409163e-10	4.1345239317454416e+06
/SS/Z5/PX-2PY2PZ5	1.5139818191528320e-02	3.9251778000387466e-10	2.3611232151480294e+06
/SS/Z5/PX-2PY2PZ6	3.5408258438110352e-02	3.0060682917550736e-10	5.6549374880285060e+05
/SS/Z5/PX-2PY2PZ7	1.0846328735351562e-01	1.0629280993431343e-10	3.6129559130955808e+07
/SS/Z5/PX0PY-1PZ5	5.2574462890625000e+00	1.1115293636692070e-10	4.3652679966134220e+07
/SS/Z5/PX0PY-1PZ6	2.3455810546875000e+00	6.4920288272641315e-10	1.1145121617146010e+07
/SS/Z5/PX0PY-1PZ7	7.7668457031250000e+00	1.8207582645064424e-10	1.6586646007466936e+08
/SS/Z5/PX0PY-2PZ5	6.0792541503906250e-01	1.4536368819558113e-10	2.6037705150000588e+06
/SS/Z5/PX0PY-2PZ6	4.5513153076171875e-01	2.5830423866473212e-10	5.0131986691871239e+06
/SS/Z5/PX0PY-2PZ7	2.3328781127929688e+00	1.7121617838763339e-10	6.3507456394705713e+07
/SS/Z5/PX0PY0PZ5	8.4328613281250000e+00	1.4939712013824007e-10	1.0449196864663313e+08
/SS/Z5/PX0PY0PZ6	9.4572753906250000e+00	1.2631623253808580e-10	7.3588356544470817e+07
/SS/Z5/PX0PY0PZ7	3.5174316406250000e+01	1.2324334824717248e-10	1.3154947281082940e+08
/SS/Z5/PX0PY1PZ5	1.6443481445312500e+00	1.2086290041144721e-10	3.7301016697003171e+07
/SS/Z5/PX0PY1PZ6	7.0617675781250000e+00	2.1716437638500338e-10	8.1344181161127105e+07
/SS/Z5/PX0PY1PZ7	7.9921875000000000e+00	3.8707341737232789e-10	3.6789224325445540e+07
/SS/Z5/PX0PY2PZ5	4.9092864990234375e-01	5.3577868550192143e-10	1.3346076619827806e+06
/SS/Z5/PX0PY2PZ6	6.0419845581054688e-01	4.8531388789653534e-10	1.6430382095196456e+07
/SS/Z5/PX0PY2PZ7	1.0886840820312500e+00	7.8098821716204864e-11	2.1230792646020252e+08
/SS/Z5/PX1PY-1PZ5	1.6796875000000000e-01	1.7811695384121192e-10	1.0658513475915179e+07
/SS/Z5/PX1PY-1PZ6	6.3922119140625000e-01	5.2340876196409499e-10	3.8578395385282286e+06
/SS/Z5/PX1PY-1PZ7	8.5842132568359375e-01	9.3767830092017760e-11	1.8730217333350416e+07
/SS/Z5/PX1PY-2PZ5	1.1997985839843750e-01	2.8306711008892743e-10	3.4313765395563799e+06
/SS/Z5/PX1PY-2PZ6	1.0271072387695312e-01	1.3440503572985923e-10	8.6510666424633414e+06
/SS/Z5/PX1PY-2PZ7	1.7257308959960938e-01	1.1289422118967825e-10	5.1499478470344432e+07
/SS/Z5/PX1PY0PZ5	1.5418090820312500e+00	6.2446635517418016e-10	1.1079014449535822e+06
/SS/Z5/PX1PY0PZ6	3.4411621093750000e+00	2.7717188204614946e-10	3.8804877383000307e+07
/SS/Z5/PX1PY0PZ7	1.3988647460937500e+00	2.8231109119296663e-10	6.2158546205100015e+07
/SS/Z5/PX1PY1PZ5	1.3519287109375000e-01	5.3782632537117565e-10	5.3643857621319508e+06
/SS/Z5/PX1PY1PZ6	1.4775543212890625e+00	1.5549104356001455e-10	7.8212219224075183e+07
/SS/Z5/PX1PY1PZ7	6.4239501953125000e+00	2.4754725970285551e-10	5.0195046395545319e+07
/SS/Z5/PX1PY2PZ5	7.6045989990234375e-03	9.7240372149239215e-11	4.9469378715379322e+06
/SS/Z5/PX1PY2PZ6	2.0082950592041016e-01	3.3169579794080635e-10	4.6504835593985962e+06
/SS/Z5/PX1PY2PZ7	6.7572021484375000e-01	5.5629750218251394e-10	5.5532371004928611e+06
/SS/Z5/PX2PY-1PZ5	6.4588546752929688e-02	1.6331447359567255e-10	5.3817348294107690e+06
/SS/Z5/PX2PY-1PZ6	1.8555402755737305e-02	1.0365958143131371e-10	1.4659540113076774e+07
/SS/Z5/PX2PY-1PZ7	1.7440795898437500e-01	1.5243540885405383e-10	3.5052752984364010e+07
/SS/Z5/PX2PY-2PZ5	1.8243312835693359e-02	2.1112438760708855e-10	3.5069469580834697e+05
/SS/Z5/PX2PY-2PZ6	6.6175460815429688e-03	1.4992129122840942e-10	1.0532358786616521e+06
/SS/Z5/PX2PY-2PZ7	1.5406072139739990e-02	2.0010875002782163e-10	2.7689113083317629e+06
/SS/Z5/PX2PY0PZ5	1.7189025878906250e-01	2.7192450640691608e-10	7.1327879568616245e+06
/SS/Z5/PX2PY0PZ6	7.2511291503906250e-01	8.3905901809914534e-10	2.6291484822763344e+06
/SS/Z5/PX2PY0PZ7	1.2641601562500000e+00	2.1377735655230799e-10	3.6978380903535433e+07
/SS/Z5/PX2PY1PZ5	2.9052734375000000e-02	3.4026948519770644e-10	2.2310364575245348e+06
/SS/Z5/PX2PY1PZ6	2.6700973510742188e-01	9.5902847426389383e-11	7.7372545443596374e+06
/SS/Z5/PX2PY1PZ7	8.6570739746093750e-01	2.9381735525499753e-10	5.0190110609484814e+07
/SS/Z5/PX2PY2PZ5	4.8718452453613281e-03	5.7592358066190593e-10	7.4510335525650822e+05
/SS/Z5/PX2PY2PZ6	5.9595704078674316e-03	1.4966999123630274e-10	1.1201166040902145e+06
/SS/Z5/PX2PY2PZ7	7.7350616455078125e-02	2.7340011979940237e-10	4.1908305237758574e+06
